target,sector,n_layers,method,kind,init,seed,nominal_params,effective_circuit_params,n_bases,boundary_margin,nfev,seconds,included_fraction,train_rmse,train_linf,nested_rmse,nested_linf,shifted_rmse,shifted_linf,odd_energy,even_energy,train_objective,n_live_observables,optimizer_success,optimizer_message,optimizer_fun,max_raw_even_expectation,raw_even_expectation_l2,max_decoder_even_expectation,log_scale_odd_z,log_scale_odd_x,log_scale_even_x,log_scale_even_y,train_recovery,train_success,nested_recovery,nested_success,shifted_recovery,shifted_success
triangle,odd,1,zero,classical,n/a,,,,,,,,0.63671875,0.11834645469858371,0.1875,0.1185679148198624,0.18945312500000003,0.11878397420043624,0.18994140625000008,0.0,0.0,0.014005883339723926,,,,,,,,,,,,0.0,False,0.0,False,0.0,False
triangle,odd,1,analytic_truncation,classical,n/a,,,,,,,,0.63671875,0.0003919148459943011,0.0007773439519150882,0.00039230833883597134,0.0007821813484310824,0.0003924560514316886,0.0007816055290817137,0.04166500865049353,0.0,1.5401389659724167e-07,,,,,,,,,,,,0.9967002616340459,False,0.9967058660567926,False,0.9967125748040453,False
triangle,odd,1,ols_full,classical,n/a,,,,,,,,0.63671875,1.3831246220405298e-06,4.0095386426575175e-06,1.6545990721022358e-06,1.2943104611223832e-05,1.8528746691463645e-06,1.591795318034439e-05,0.040579870935136424,1.4281033852372337e-09,4.0771175735249287e-10,,,,,,,,,,,,1.0000002030297275,True,1.000000682014282,True,1.000000978434005,True
triangle,odd,1,ols_odd,classical,n/a,,,,,,,,0.63671875,1.8476110022881477e-06,4.179650705038451e-06,2.158905850557928e-06,1.3879161363888892e-05,2.388695757376414e-06,1.711010491797782e-05,0.04053861043585017,0.0,4.0879977077427785e-10,,,,,,,,,,,,0.9999962781812451,True,0.9999964286362849,True,0.9999964674721994,True
triangle,odd,1,ols_even,classical,n/a,,,,,,,,0.63671875,0.11753369200531716,0.19057448874812705,0.11778612630439966,0.19576585752405623,0.11803132333771942,0.19719436805902393,0.0,0.004104683636212964,0.01381416879744759,,,,,,,,,,,,0.006867737265878357,False,0.0065936890241612076,False,0.006336404761385158,False
triangle,odd,1,ridge_full,classical,n/a,,,,,,,,0.63671875,1.4071521847876198e-06,4.707394049896507e-06,1.735462899783449e-06,1.4325628578171212e-05,1.9690950221376376e-06,1.7504992828709653e-05,0.0405664597384573,1.0436437404080017e-09,4.07644685092163e-10,,,,,,,,,,,,1.0,True,1.0,True,1.0,True
triangle,odd,1,ridge_odd,classical,n/a,,,,,,,,0.63671875,1.8577224959762688e-06,4.835864224006503e-06,2.2155646363175006e-06,1.50937888577507e-05,2.4749389625373233e-06,1.8487787078691476e-05,0.04053111629705734,0.0,4.087622958426298e-10,,,,,,,,,,,,0.9999961927404608,True,0.9999959507699485,True,0.9999957414093157,True
triangle,odd,1,ridge_even,classical,n/a,,,,,,,,0.63671875,0.11753369200531862,0.19057442151166737,0.11778612627213168,0.19576575002298172,0.11803132328034129,0.19719424935811616,0.0,0.004104614971640801,0.013814168797447245,,,,,,,,,,,,0.006867737265866044,False,0.006593689296312846,False,0.00633640524443922,False
triangle,odd,1,spherical_full,classical_null,random,0.0,17.0,,,,846.0,,0.63671875,0.0010309166222089061,0.0030260127887739574,0.0010903612057052963,0.005881079968912767,0.0011364872022074182,0.006725139717382395,0.025290017486551897,4.688527951447982e-05,1.063042450974281e-06,,,,,,,,,,,,0.9913007811364436,False,0.9908184125632653,False,0.9904487375324365,False
triangle,odd,1,spherical_full,classical_null,random,1.0,17.0,,,,2448.0,,0.63671875,6.39438198665077e-06,3.660180372666577e-05,7.483131888317121e-06,6.651505119845136e-05,8.271546551040531e-06,7.550114789600659e-05,0.04036962741731166,1.3335275681512525e-08,4.445845285170772e-10,,,,,,,,,,,,0.9999578585677621,True,0.9999515235371527,True,0.9999469410242459,True
triangle,odd,1,spherical_full,classical_null,random,2.0,17.0,,,,3420.0,,0.63671875,2.057016059029611e-06,9.394915299776319e-06,2.558783747052129e-06,1.9521773480968285e-05,2.908823327154636e-06,2.277922371382579e-05,0.040560849236306366,1.8223683235482698e-09,4.098398256538527e-10,,,,,,,,,,,,0.9999945087362107,True,0.9999930560227904,True,0.99999208863073,True
triangle,odd,1,spherical_full,classical_null,random,3.0,17.0,,,,3870.0,,0.63671875,1.5495617599415945e-06,4.503052076110237e-06,1.8499190621171874e-06,1.3541385394638672e-05,2.0691835435576964e-06,1.6723424728304348e-05,0.04055476734560349,5.654614680991399e-10,4.079488207585229e-10,,,,,,,,,,,,0.9999987966579243,True,0.9999990346643287,True,0.9999991573763943,True
triangle,odd,1,spherical_full,classical_null,random,4.0,17.0,,,,4356.0,,0.63671875,2.3572249917142027e-06,7.009835434640399e-06,2.570803622919549e-06,1.5105036132001537e-05,2.7391927669863374e-06,1.8842789651085656e-05,0.040528446628848414,6.16757048541843e-10,4.1084098211761667e-10,,,,,,,,,,,,0.9999919720104337,True,0.9999929546458554,True,0.999993516713713,True
triangle,odd,1,spherical_full,classical_null,random,5.0,17.0,,,,3744.0,,0.63671875,1.0917836741278737e-05,4.1743180498148014e-05,1.1689938411465716e-05,6.07313264174153e-05,1.229292771284024e-05,6.582705844478814e-05,0.04071125082337227,6.179778898077287e-08,5.263122853208285e-10,,,,,,,,,,,,0.9999196359733368,True,0.9999160428752476,True,0.9999130858863551,True
triangle,odd,1,spherical_full,classical_null,random,6.0,17.0,,,,3240.0,,0.63671875,1.5561091686294963e-06,5.931152382593341e-06,1.9271278142031634e-06,1.506426327058108e-05,2.189481196218725e-06,1.8080200238995703e-05,0.04055547135627398,6.137269564710825e-10,4.0797619544470215e-10,,,,,,,,,,,,0.9999987413331869,True,0.9999983834773503,True,0.9999981446164855,True
triangle,odd,1,spherical_full,classical_null,random,7.0,17.0,,,,3456.0,,0.63671875,3.7312656791523337e-06,2.485581252514857e-05,4.459739803300457e-06,4.6181002725520504e-05,4.9812228831788594e-06,5.267912409215314e-05,0.04048150504831303,8.624056611270038e-09,4.1873748029211654e-10,,,,,,,,,,,,0.9999803615483491,True,0.9999770231534971,True,0.999974641547275,True
triangle,odd,1,spherical_full,classical_null,random,8.0,17.0,,,,4734.0,,0.63671875,1.549406958714069e-06,4.4532397652785605e-06,1.7715481937848263e-06,1.2823623061541944e-05,1.9406735205131054e-06,1.5661360069280095e-05,0.04057574444412338,7.844866131565087e-10,4.0815811420981147e-10,,,,,,,,,,,,0.9999987979659742,True,0.9999996956527215,True,1.0000002392744727,True
triangle,odd,1,spherical_full,classical_null,random,9.0,17.0,,,,4176.0,,0.63671875,1.50819727340513e-06,4.780233847589965e-06,1.816386157961351e-06,1.3773574213421513e-05,2.039811088888298e-06,1.704780881059409e-05,0.04055711635327941,8.268692245794289e-10,4.0784583081699293e-10,,,,,,,,,,,,0.999999146182365,True,0.9999993174844748,True,0.9999994046567349,True
triangle,odd,1,spherical_full,classical_null,random,10.0,17.0,,,,4734.0,,0.63671875,1.4027290197628858e-06,4.401081690502684e-06,1.6949088234955939e-06,1.3541349431045457e-05,1.90662128624531e-06,1.6580823935380407e-05,0.040571950351831136,1.022983468422464e-09,4.076871624510311e-10,,,,,,,,,,,,1.0000000373751594,True,1.0000003420374721,True,1.000000525952865,True
triangle,odd,1,spherical_full,classical_null,random,11.0,17.0,,,,3798.0,,0.63671875,1.5226162898019366e-06,5.813406834892509e-06,1.859574332429212e-06,1.550013972509423e-05,2.1008601086714504e-06,1.8696988038857665e-05,0.04055999442005302,6.72816517619625e-10,4.079183112946655e-10,,,,,,,,,,,,0.9999990243435833,True,0.999998953230733,True,0.9999988906982465,True
triangle,odd,1,spherical_full,classical_null,random,12.0,17.0,,,,4104.0,,0.63671875,1.515467997622798e-06,5.064541632654462e-06,1.7947307087653717e-06,1.2959126652722919e-05,1.9997102235939632e-06,1.560374487311056e-05,0.04057559304693227,7.444514904165028e-10,4.080525811656564e-10,,,,,,,,,,,,0.9999990847457069,True,0.999999500128879,True,0.9999997422572432,True
triangle,odd,1,spherical_full,classical_null,random,13.0,17.0,,,,3348.0,,0.63671875,1.9035300949270676e-06,7.129064438143873e-06,2.2364537440838304e-06,1.890397603701577e-05,2.4802943046260233e-06,2.2704209788809715e-05,0.04054494647244696,1.0990542837937686e-09,4.090729025373055e-10,,,,,,,,,,,,0.999995805672308,True,0.9999957745889508,True,0.9999956963238494,True
triangle,odd,1,spherical_full,classical_null,random,14.0,17.0,,,,4302.0,,0.63671875,1.794997136711745e-06,5.5017613287966505e-06,2.0077938334050347e-06,1.4160923815897952e-05,2.1700492319616322e-06,1.701824854991041e-05,0.04060531582466834,2.5237571868630843e-09,4.0927519820505863e-10,,,,,,,,,,,,0.9999967227614509,True,0.9999977031314065,True,0.9999983082099881,True
triangle,odd,1,spherical_full,classical_null,random,15.0,17.0,,,,4716.0,,0.63671875,7.972040859217801e-06,3.845608143612789e-05,8.988197421738575e-06,6.455961596407711e-05,9.745444202918256e-06,7.226750619762634e-05,0.04046495496488638,2.1250287916494047e-08,4.682031976127809e-10,,,,,,,,,,,,0.9999445275589428,True,0.9999388296514125,True,0.9999345325988235,True
triangle,odd,1,spherical_full,classical_null,random,16.0,17.0,,,,4122.0,,0.63671875,2.1894049993589626e-06,1.2112409880665753e-05,2.665182279998732e-06,2.338732256149112e-05,3.0021025526856083e-06,2.69655505223676e-05,0.04058609385126754,5.048378499557984e-09,4.106544832476784e-10,,,,,,,,,,,,0.999993390067174,True,0.9999921586460383,True,0.9999913033331131,True
triangle,odd,1,spherical_full,classical_null,random,17.0,17.0,,,,3438.0,,0.63671875,1.6649631250255317e-05,6.367076151017614e-05,1.837155999260788e-05,0.00011087427249276138,1.967199241757028e-05,0.00012529116426168718,0.04023198327112512,7.145472812140305e-08,6.795307680280109e-10,,,,,,,,,,,,0.9998712030677964,True,0.9998596893550669,True,0.9998509631372217,True
triangle,odd,1,spherical_full,classical_null,random,18.0,17.0,,,,4266.0,,0.63671875,1.7076165795895649e-06,5.8060369906853815e-06,1.9684691402114615e-06,1.4624196810669732e-05,2.164220791523947e-06,1.756812526323981e-05,0.040563943545259204,1.4785648879887815e-10,4.08555391314046e-10,,,,,,,,,,,,0.9999974611156021,True,0.9999980348001285,True,0.9999983572783671,True
triangle,odd,1,spherical_full,classical_null,random,19.0,17.0,,,,3528.0,,0.63671875,1.4978766785961352e-06,5.2608831511979925e-06,1.8102219091340188e-06,1.5424794127666397e-05,2.0363135453605915e-06,1.8765194035791355e-05,0.040558588331323676,9.4158538021273e-10,4.0782952727337277e-10,,,,,,,,,,,,0.9999992333900262,True,0.999999369474417,True,0.999999434101797,True
triangle,odd,1,spherical_odd,classical_null,random,0.0,9.0,,,,780.0,,0.63671875,1.9190515616533202e-06,5.4194056945677804e-06,2.3233030031585195e-06,1.6426093719268398e-05,2.6121956451873463e-06,2.0035323107209235e-05,0.04052263809060837,0.0,4.089091398023678e-10,,,,,,,,,,,,0.999995674517967,True,0.9999950420928921,True,0.9999945858750028,True
triangle,odd,1,spherical_odd,classical_null,random,1.0,9.0,,,,540.0,,0.63671875,0.00039868053934847164,0.0011401845772684438,0.0004319944841601834,0.002265657185178377,0.00045713398656009645,0.00259509241483058,0.02892880919436473,0.0,1.592354605471319e-07,,,,,,,,,,,,0.9966430924200024,False,0.996371148808253,False,0.9961680652626295,False
triangle,odd,1,spherical_odd,classical_null,random,2.0,9.0,,,,1120.0,,0.63671875,1.9465394637589153e-06,4.828820721530791e-06,2.270707424170458e-06,1.4672280851502073e-05,2.509232623818574e-06,1.792898669555898e-05,0.04054226400453657,0.0,4.092116559293366e-10,,,,,,,,,,,,0.9999954422488296,True,0.9999954856897025,True,0.9999954526984015,True
triangle,odd,1,spherical_odd,classical_null,random,3.0,9.0,,,,420.0,,0.63671875,1.8581033683872582e-06,4.7728181824246985e-06,2.1935091613030315e-06,1.4607883458417348e-05,2.438691105297007e-06,1.7874675699081077e-05,0.04053785448703749,0.0,4.0883109299798685e-10,,,,,,,,,,,,0.9999961895221393,True,0.9999961367882139,True,0.9999960465721829,True
triangle,odd,1,spherical_odd,classical_null,random,4.0,9.0,,,,1190.0,,0.63671875,2.5408726156589162e-06,8.514841594781108e-06,2.913526579711063e-06,1.8774805768284608e-05,3.1894339731887793e-06,2.211332565432711e-05,0.04054837759624319,0.0,4.119398096114373e-10,,,,,,,,,,,,0.9999904202122998,True,0.9999900640833134,True,0.999989726230417,True
triangle,odd,1,spherical_odd,classical_null,random,5.0,9.0,,,,1250.0,,0.63671875,1.863715680012449e-06,5.054642878449256e-06,2.2302620326211064e-06,1.5358871768872406e-05,2.495167278442351e-06,1.876702833700228e-05,0.04053020766238046,0.0,4.087755127597289e-10,,,,,,,,,,,,0.9999961420988484,True,0.999995826810516,True,0.9999955711115008,True
triangle,odd,1,spherical_odd,classical_null,random,6.0,9.0,,,,1290.0,,0.63671875,1.920535583848424e-06,5.592846757662695e-06,2.274950990166556e-06,1.546594274456914e-05,2.5326323787925285e-06,1.873429159773843e-05,0.04054066726427457,0.0,4.0909512957157367e-10,,,,,,,,,,,,0.9999956619781757,True,0.9999954498990072,True,0.9999952557009275,True
triangle,odd,1,spherical_odd,classical_null,random,7.0,9.0,,,,990.0,,0.63671875,1.9703501737253357e-06,7.5308675246410495e-06,2.4689973563166867e-06,1.9092042168739054e-05,2.8158185390399522e-06,2.285234386126267e-05,0.04051793381350208,0.0,4.090616179421203e-10,,,,,,,,,,,,0.9999952410514794,True,0.9999938132909357,True,0.9999928716179175,True
triangle,odd,1,spherical_odd,classical_null,random,8.0,9.0,,,,1310.0,,0.63671875,1.904126437426533e-06,5.0482425352771365e-06,2.2695550721646864e-06,1.5467845839611805e-05,2.5343426826934524e-06,1.8909441833608875e-05,0.040528368760559236,0.0,4.08909385095299e-10,,,,,,,,,,,,0.9999958006332927,True,0.9999954954087642,True,0.9999952413022489,True
triangle,odd,1,spherical_odd,classical_null,random,9.0,9.0,,,,1400.0,,0.63671875,1.9035463281857278e-06,5.8334860530140364e-06,2.3077660643734465e-06,1.6496754335737496e-05,2.596470843974972e-06,2.0005655167631975e-05,0.04052667433079533,0.0,4.0889023193150257e-10,,,,,,,,,,,,0.999995805535139,True,0.9999951731331169,True,0.9999947182587019,True
triangle,odd,1,spherical_odd,classical_null,random,10.0,9.0,,,,1130.0,,0.63671875,1.90927499760162e-06,4.486020454441686e-06,2.189817597622588e-06,1.319611311040303e-05,2.4003881382681747e-06,1.6420093095326216e-05,0.040537914315001165,0.0,4.090244741664784e-10,,,,,,,,,,,,0.9999957571286402,True,0.9999961679232618,True,0.9999963690365745,True
triangle,odd,1,spherical_odd,classical_null,random,11.0,9.0,,,,1050.0,,0.63671875,1.944882055384816e-06,5.7631808184355204e-06,2.3074049313014242e-06,1.5768931935777886e-05,2.5707882183363604e-06,1.908439620160185e-05,0.040535497503053214,0.0,4.0913754123988997e-10,,,,,,,,,,,,0.9999954562537111,True,0.9999951761789523,True,0.9999949344751702,True
triangle,odd,1,spherical_odd,classical_null,random,12.0,9.0,,,,1280.0,,0.63671875,1.925417825856641e-06,5.4096614156007305e-06,2.287021293203694e-06,1.557990416506394e-05,2.549253560640227e-06,1.893424706150837e-05,0.04053686712495402,0.0,4.0907590505366676e-10,,,,,,,,,,,,0.9999956207238764,True,0.999995348096764,True,0.9999951157707938,True
triangle,odd,1,spherical_odd,classical_null,random,13.0,9.0,,,,500.0,,0.63671875,2.516709969645745e-06,7.5238471731464696e-06,2.7389373451876847e-06,1.2876352539631375e-05,2.9138360399334743e-06,1.6523886303715374e-05,0.04051128983178255,0.0,4.1144672738913977e-10,,,,,,,,,,,,0.9999906243834629,True,0.9999915365878292,True,0.9999920464297857,True
triangle,odd,1,spherical_odd,classical_null,random,14.0,9.0,,,,1110.0,,0.63671875,2.014945791748954e-06,7.003669309446625e-06,2.4427287330628484e-06,1.773405160945818e-05,2.7473496682857746e-06,2.1239701219977203e-05,0.040533451972846295,0.0,4.093945262721498e-10,,,,,,,,,,,,0.9999948642244052,True,0.9999940348433497,True,0.9999934480425258,True
triangle,odd,1,spherical_odd,classical_null,random,15.0,9.0,,,,1150.0,,0.63671875,1.8847367587231091e-06,4.861300992919926e-06,2.2443846262358135e-06,1.5231070968485527e-05,2.5052021300622663e-06,1.8656340826206375e-05,0.040530501768661485,0.0,4.088572503362969e-10,,,,,,,,,,,,0.9999959644735135,True,0.9999957076990318,True,0.9999954866302564,True
triangle,odd,1,spherical_odd,classical_null,random,16.0,9.0,,,,1040.0,,0.63671875,1.8824962547654837e-06,5.3903757667173036e-06,2.2735107675081847e-06,1.6022220022116063e-05,2.5537774955007894e-06,1.952435473318026e-05,0.0405265578448201,0.0,4.0880937059740715e-10,,,,,,,,,,,,0.9999959834054755,True,0.9999954620460012,True,0.999995077684765,True
triangle,odd,1,spherical_odd,classical_null,random,17.0,9.0,,,,760.0,,0.63671875,1.8624999818321141e-06,4.6745311005624846e-06,2.2148318761233254e-06,1.4947095082429307e-05,2.470848704051765e-06,1.834604268044493e-05,0.04053072586925397,0.0,4.087761648748644e-10,,,,,,,,,,,,0.9999961523713371,True,0.9999959569501273,True,0.9999957758443169,True
triangle,odd,1,spherical_odd,classical_null,random,18.0,9.0,,,,1230.0,,0.63671875,2.0532695463671496e-06,5.032968650037217e-06,2.4095117513422152e-06,1.5643326890357745e-05,2.6706948583696277e-06,1.9279798366911294e-05,0.04051452677006634,0.0,4.09361183530702e-10,,,,,,,,,,,,0.9999945403937471,True,0.9999943149989717,True,0.9999940933827846,True
triangle,odd,1,spherical_odd,classical_null,random,19.0,9.0,,,,690.0,,0.63671875,2.029417384028621e-06,5.279380039663328e-06,2.2618766912324146e-06,1.2051321853584485e-05,2.441958825916409e-06,1.5299020215353565e-05,0.04053018400003643,0.0,4.0942037491896193e-10,,,,,,,,,,,,0.9999947419413643,True,0.9999955601690608,True,0.99999601906195,True
triangle,odd,1,spherical_sector,classical_null,random,0.0,18.0,,,,2128.0,,0.63671875,0.0004103094994038572,0.001359493252202748,0.0004382831255649154,0.002318031861792913,0.0004597343647476576,0.002596853016611722,0.03063743568987137,1.1253517471925914e-07,1.6866026078329437e-07,,,,,,,,,,,,0.9965448292455267,False,0.9963181097254484,False,0.9961461732413148,False
triangle,odd,1,spherical_sector,classical_null,random,1.0,18.0,,,,2318.0,,0.63671875,9.425266594103136e-05,0.00043645269628049543,9.763652638425793e-05,0.0005081971276100425,0.00010051613070041059,0.000525321603353196,0.039356359725342765,1.1253517471925913e-07,9.277129759596827e-09,,,,,,,,,,,,0.9992154676880768,True,0.9991911600423949,True,0.9991703538293464,True
triangle,odd,1,spherical_sector,classical_null,random,2.0,18.0,,,,3952.0,,0.63671875,3.4392036578943933e-05,0.0002014539767374035,3.643211070527442e-05,0.0002475529220761566,3.812020826914834e-05,0.0002593794503026395,0.040236812103071715,1.1253517471925913e-07,1.5851814264298821e-09,,,,,,,,,,,,0.9997212820892972,True,0.9997073647140046,True,0.9996956515996263,True
triangle,odd,1,spherical_sector,classical_null,random,3.0,18.0,,,,931.0,,0.63671875,0.00010530161538294866,0.0005165126192137118,0.0001106904211240377,0.000598586821113474,0.00011519779444205063,0.0006184481439932207,0.0386890870344773,1.1253517471925912e-07,1.147532219795497e-08,,,,,,,,,,,,0.9991221055265753,False,0.9990810620801381,False,0.9990467520789919,False
triangle,odd,1,spherical_sector,classical_null,random,4.0,18.0,,,,2451.0,,0.63671875,0.00019248361685605787,0.00036456569204990075,0.0001923170843928464,0.0003662978907121861,0.0001921669278502126,0.0003664317719303811,0.040151862670342486,1.1253517471925913e-07,3.745146251004486e-08,,,,,,,,,,,,0.9983854291444147,False,0.9983926139601809,False,0.9983987655987178,False
triangle,odd,1,spherical_sector,classical_null,random,5.0,18.0,,,,3534.0,,0.63671875,0.00011579607127411324,0.00039125034231040495,0.00011885632032460625,0.0004814698068911008,0.000121448022968846,0.0005038821022185433,0.03959600448657238,1.1253517471925913e-07,1.3804691292736983e-08,,,,,,,,,,,,0.9990334287622431,False,0.9990121900017356,False,0.998994132757393,False
triangle,odd,1,spherical_sector,classical_null,random,6.0,18.0,,,,2546.0,,0.63671875,0.0001713432496178622,0.000497400102774069,0.00017402083533910956,0.000560140666407527,0.00017647518493055947,0.0005957056751214052,0.03919579158797426,1.125351747192591e-07,2.9750468230840528e-08,,,,,,,,,,,,0.9985640624516506,False,0.9985469265065829,False,0.9985308709871199,False
triangle,odd,1,spherical_sector,classical_null,random,7.0,18.0,,,,3040.0,,0.63671875,0.0001282904725702729,0.0006406783158561455,0.00013264782064074834,0.0007353202473440873,0.00013641788886012733,0.0007579334882301322,0.03894538238610508,1.1253517471925916e-07,1.6847900301516744e-08,,,,,,,,,,,,0.9989278527237421,False,0.9988958709941489,False,0.9988681046954994,False
triangle,odd,1,spherical_sector,classical_null,random,8.0,18.0,,,,3287.0,,0.63671875,0.00016828483637277834,0.0007760744868404376,0.000172630178300633,0.0008795553599378475,0.00017643397058973644,0.0009032686609950352,0.038583089057585576,1.1253517471925908e-07,2.8705618168940387e-08,,,,,,,,,,,,0.9985899056390799,False,0.9985586554586839,False,0.9985312179617378,False
triangle,odd,1,spherical_sector,classical_null,random,9.0,18.0,,,,2641.0,,0.63671875,2.6457024996328e-05,9.279384558425613e-05,2.6843276034080508e-05,0.00010546225515502966,2.7180927280009936e-05,0.00010812515372331938,0.04096908256747972,1.1253517471925909e-07,1.109666122682869e-09,,,,,,,,,,,,0.9997883318877224,True,0.9997882379843015,True,0.9997877470393306,True
triangle,odd,1,spherical_sector,classical_null,random,10.0,18.0,,,,2603.0,,0.63671875,0.00013152730345802194,0.0004702962261338428,0.0001341195361252076,0.0005415499056685147,0.00013651782061357276,0.0005608135748888521,0.03996018514264701,1.125351747192591e-07,1.7699034531716806e-08,,,,,,,,,,,,0.9989005019308288,False,0.9988834583863341,False,0.9988672633916894,False
triangle,odd,1,spherical_sector,classical_null,random,11.0,18.0,,,,2774.0,,0.63671875,7.952377734169965e-05,0.00029838631224347184,8.085873282748651e-05,0.00030696250573034045,8.204707667709079e-05,0.0003075688232597115,0.03948826741002363,1.1253517471925913e-07,6.718914962144206e-09,,,,,,,,,,,,0.9993399248487665,True,0.9993326657706537,True,0.9993258407990007,True
triangle,odd,1,spherical_sector,classical_null,random,12.0,18.0,,,,2451.0,,0.63671875,2.0469712479577354e-05,7.815365546282038e-05,2.1612062302879248e-05,0.0001276891317860407,2.2529426362509907e-05,0.00014203400121198806,0.0403434331886768,1.125511299050111e-07,8.224445863946318e-10,,,,,,,,,,,,0.9998389238866349,True,0.999832358607565,True,0.999826907019105,True
triangle,odd,1,spherical_sector,classical_null,random,13.0,18.0,,,,988.0,,0.63671875,0.00011422206759297875,0.000459808028686004,0.00011807446996672593,0.0005574872985070201,0.00012146749367263704,0.0005836806384555693,0.03996209179933857,1.1253517471925916e-07,1.3446302768560138e-08,,,,,,,,,,,,0.9990467288851782,False,0.9990187842123452,False,0.9989939688377507,False
triangle,odd,1,spherical_sector,classical_null,random,14.0,18.0,,,,3211.0,,0.63671875,7.589586542862478e-05,0.00017203617845124725,7.667173186708664e-05,0.00022805864305504991,7.73031617584529e-05,0.00024264538753285964,0.04044061785154238,1.1253517471925912e-07,6.1645896930270924e-09,,,,,,,,,,,,0.9993705802246213,True,0.9993679793902973,True,0.9993657787922551,True
triangle,odd,1,spherical_sector,classical_null,random,15.0,18.0,,,,3078.0,,0.63671875,8.385266989140364e-05,0.00019611702228764655,8.478613646191522e-05,0.0002689245649447544,8.554546528458351e-05,0.0002880212630231721,0.04008007425396825,1.125351747192591e-07,7.432072115808142e-09,,,,,,,,,,,,0.9993033462792409,True,0.9992995416229775,True,0.9992963886222641,True
triangle,odd,1,spherical_sector,classical_null,random,16.0,18.0,,,,2546.0,,0.63671875,7.908645781853954e-05,0.00029670773194445665,8.112177379086176e-05,0.00038802315846131474,8.289848964880172e-05,0.0004134453656066406,0.03969461151512087,1.1253517471925913e-07,6.6516150507865895e-09,,,,,,,,,,,,0.9993436201408995,True,0.9993304472546755,True,0.9993186729374129,True
triangle,odd,1,spherical_sector,classical_null,random,17.0,18.0,,,,3572.0,,0.63671875,0.0001299437575631463,0.0005986921312702356,0.0001329069499273363,0.000649297376345899,0.00013558610967429326,0.0006607750750495661,0.039259734798239604,1.1253517471925909e-07,1.7277978602963885e-08,,,,,,,,,,,,0.9989138826842081,False,0.9988936854696765,False,0.998875107264492,False
triangle,odd,1,spherical_sector,classical_null,random,18.0,18.0,,,,2565.0,,0.63671875,7.827682762782111e-05,0.00034924343856220647,8.18603906423569e-05,0.00042212040764348646,8.489386660738042e-05,0.00044032631094314406,0.0398272179091373,1.1253517471925913e-07,6.52553504791874e-09,,,,,,,,,,,,0.9993504614089331,True,0.9993242176801418,True,0.9993018742905404,True
triangle,odd,1,spherical_sector,classical_null,random,19.0,18.0,,,,2185.0,,0.63671875,0.00020361565079016105,0.00045814761108444596,0.00020567462701669771,0.000522910946414365,0.00020757203999365557,0.0005372000730032508,0.041483632439371816,1.1253517471925916e-07,4.1874170696446275e-08,,,,,,,,,,,,0.9982913649299427,False,0.9982799549987782,False,0.9982690732928018,False
triangle,odd,1,generic,variational,random,0.0,16.0,12.0,3.0,0.4926583866408578,10268.0,5.235765500052366,0.63671875,6.216614013992264e-06,1.3446588851190322e-05,6.3573345079229085e-06,2.0619821677614336e-05,6.468242159720967e-06,2.2314681232649125e-05,0.040763215981907165,2.0272201318138005e-13,4.462784496200638e-10,16.0,True,CONVERGENCE: RELATIVE REDUCTION OF F <= FACTR*EPSMCH,4.462784496200638e-10,0.00010105911552919615,0.0001490051227091952,0.00010105911552919615,-0.750579414234066,-1.7604690633116569,-1.9328288508310907,-1.4629384544893878,0.9999593606836203,True,0.9999610186342074,True,0.9999621226537336,True
triangle,odd,1,generic,variational,random,1.0,16.0,12.0,3.0,0.14169220271736405,4114.0,2.3035250999964774,0.63671875,6.566366791154123e-05,0.0001329630557571626,6.564396758126474e-05,0.00013314269151508407,6.561797887724958e-05,0.00013320312840107984,0.041400447830854,1.6643841493998086e-09,4.725721778549552e-09,16.0,True,CONVERGENCE: RELATIVE REDUCTION OF F <= FACTR*EPSMCH,4.725721778549552e-09,0.03149263479802884,0.03777469234883581,0.03149263479802884,-1.4461704278543084,-1.2581709839748685,-2.815573102718181,-1.8288354956400579,0.9994570409403777,True,0.9994609887488313,True,0.9994641538185971,True
triangle,odd,1,generic,variational,random,2.0,16.0,12.0,3.0,0.3024128484749795,2312.0,1.245104999979958,0.63671875,7.524369983746971e-05,0.00012403477763461845,7.508498117924244e-05,0.00012474383482261042,7.493276231405923e-05,0.00012482216205189633,0.04028342297265519,1.0073799124046385e-09,6.06444860503159e-09,16.0,True,CONVERGENCE: RELATIVE REDUCTION OF F <= FACTR*EPSMCH,6.06444860503159e-09,0.006803062886674928,0.010566319177923828,0.006803062886674928,-1.2046615589720615,-2.536870095032845,-1.2653635004183206,-1.1093963491542018,0.9993760909376141,True,0.9993813622174783,True,0.9993857346722917,True
triangle,odd,1,generic,variational,random,3.0,16.0,12.0,3.0,0.14852525990257903,2839.0,1.3839399000280537,0.63671875,5.019194169049886e-05,0.0001542646757076889,5.0125950741150316e-05,0.0001544796376291742,5.005695114577993e-05,0.0001544745625839672,0.041333825998916864,1.205084401395643e-10,2.932569271856691e-09,16.0,True,CONVERGENCE: RELATIVE REDUCTION OF F <= FACTR*EPSMCH,2.932569271856691e-09,0.0028061022418034392,0.003091242851161114,0.0028061022418034392,-1.438883932449485,-1.3598708333247191,-1.2754731683506575,-1.1472905448998953,0.9995877749807267,True,0.9995918693838005,True,0.9995951587441131,True
triangle,odd,1,generic,variational,random,4.0,16.0,12.0,3.0,0.00347542958724234,5423.0,2.6382703999988735,0.63671875,0.00012998655999172518,0.00046558457703210765,0.00013684732862040357,0.000660500683943771,0.000142356026270852,0.000713866199575447,0.039281900386389325,8.66249682811442e-11,1.728932478321251e-08,16.0,True,CONVERGENCE: RELATIVE REDUCTION OF F <= FACTR*EPSMCH,1.728932478321251e-08,0.006306486952376868,0.006603989286196315,0.006306486952376868,0.1669372649540297,-5.0593397387233505,-2.6783412900414736,-1.4908656232957818,0.9989135210093475,False,0.9988604518889501,False,0.9988181128014791,False
triangle,odd,1,generic,variational,random,5.0,16.0,12.0,3.0,0.03981897150066405,2074.0,1.2110492999781854,0.63671875,0.00027619678514498715,0.0008165178904628867,0.0002847850764196101,0.0011595128664766419,0.0002917630761005842,0.0012519685702131467,0.038669167903750426,3.3772926570660526e-08,7.667135614119297e-08,16.0,True,CONVERGENCE: RELATIVE REDUCTION OF F <= FACTR*EPSMCH,7.667135614119297e-08,0.08051367166504317,0.09250832610392762,0.08051367166504317,-0.32451965412476746,-3.3964851920495494,-1.2466280246528767,-1.4595579035705806,0.9976780639438887,False,0.9976127288991267,False,0.9975602871763171,False
triangle,odd,1,generic,variational,random,6.0,16.0,12.0,3.0,0.4293308068245286,7820.0,6.234053399995901,0.63671875,0.00012425017805915427,0.00044348238515112826,0.00013092492653386895,0.0006351732116253173,0.00013625449582039054,0.0006880184829305136,0.0392133256085679,5.948258638912327e-10,1.583024000976548e-08,16.0,True,CONVERGENCE: RELATIVE REDUCTION OF F <= FACTR*EPSMCH,1.583024000976548e-08,0.01082014762559727,0.01639903841741689,0.01082014762559727,-0.9746014084025326,-3.7568501768206377,-2.107601557272758,-1.8745095073956095,0.9989619926780104,False,0.9989104020696733,False,0.9988694802661474,False
triangle,odd,1,generic,variational,random,7.0,16.0,12.0,3.0,0.28118696780315733,5780.0,4.746297800040338,0.63671875,7.170219252644831e-05,0.0001878084836383076,7.23657929461757e-05,0.00020029223991313572,7.296384974654684e-05,0.00020241849561880576,0.040655871959314166,7.22100385386192e-09,5.547763204903041e-09,16.0,True,CONVERGENCE: RELATIVE REDUCTION OF F <= FACTR*EPSMCH,5.547763204903041e-09,0.03206851059378633,0.03768728692642699,0.03206851059378633,-1.19842549307177,-2.277712093559727,-1.4575715253481363,-0.98467877853108,0.999406016206009,True,0.9994042961455833,True,0.999402310521182,True
triangle,odd,1,generic,variational,random,8.0,16.0,12.0,3.0,0.08242449097093729,4267.0,2.332074099977035,0.63671875,8.416443178623e-05,0.00023751562735453702,8.487028298336246e-05,0.0002375837574896643,8.541670787533944e-05,0.00023773329324794368,0.0397661153044262,6.673124400323601e-09,7.481312797674467e-09,16.0,True,CONVERGENCE: RELATIVE REDUCTION OF F <= FACTR*EPSMCH,7.481312797674467e-09,0.04075477278230374,0.04317810586618601,0.04075477278230374,-0.41772182106846384,-3.934310032999735,-1.4967730519379103,-0.9138746215181103,0.9993007119324617,True,0.9992988319221007,True,0.9992974726030333,True
triangle,odd,1,generic,variational,random,9.0,16.0,12.0,3.0,0.2080327122751151,5967.0,4.987944699998479,0.63671875,0.00011821049225529295,0.0003872598370453506,0.00012307946322012885,0.0005402343515276686,0.00012701757410323012,0.0005824757117552093,0.039458509091237375,1.5652004205234301e-09,1.4368305585803053e-08,16.0,True,CONVERGENCE: RELATIVE REDUCTION OF F <= FACTR*EPSMCH,1.4368305585803053e-08,0.1747819578880011,0.21541532321791096,0.1747819578880011,-0.8228685781143261,-8.0,-3.967199903653055,-3.60951596793115,0.9990130272242722,False,0.9989765715570962,False,0.998947243911482,False
triangle,odd,1,generic,variational,random,10.0,16.0,12.0,3.0,0.04326451764583006,2516.0,1.3221814000280574,0.63671875,0.00012444945394308657,0.00039851060205825517,0.00012960591509041035,0.000561595861227171,0.00013377603482668662,0.0006065257865909834,0.03941460313866257,7.272051897445104e-10,1.5881812625391102e-08,16.0,True,CONVERGENCE: RELATIVE REDUCTION OF F <= FACTR*EPSMCH,1.5881812625391102e-08,0.008288861535654984,0.011251639909709704,0.008288861535654984,-0.3835351507150176,-5.94567481474989,-1.4173553562974164,-2.9437277394956403,0.9989603088231465,False,0.9989215267550651,False,0.9988903458929862,False
triangle,odd,1,generic,variational,random,11.0,16.0,12.0,3.0,0.2115610105809984,4165.0,2.3489570999518037,0.63671875,9.923914263995287e-05,0.0003352599590222549,0.00010393394662066099,0.00048734848087844673,0.00010770603822285052,0.000529051958115978,0.03958422586319276,2.039593586742863e-09,1.0244249710940775e-08,16.0,True,CONVERGENCE: RELATIVE REDUCTION OF F <= FACTR*EPSMCH,1.0244249710940775e-08,0.018024776302690178,0.025818263320407774,0.018024776302690178,-1.0632957407627195,-4.3697370963573965,-2.643771385048446,-1.4238910273513568,0.9991733326194591,True,0.9991380469179731,False,0.9991098235536023,False
triangle,odd,1,generic,variational,random,12.0,16.0,12.0,3.0,0.22421400262410007,2737.0,1.9741799000184983,0.63671875,7.190498772874087e-05,0.00012222399210252283,7.193772054274381e-05,0.00012315494436195007,7.194289692291926e-05,0.00012321806363165683,0.04100304673018355,2.667191125720687e-11,5.580357727838931e-09,16.0,True,CONVERGENCE: RELATIVE REDUCTION OF F <= FACTR*EPSMCH,5.580357727838931e-09,0.0015753936479593615,0.0023132468244500505,0.0015753936479593615,-1.3493718175851248,-1.6899871914325857,-2.3071571459005376,-2.1898861112513353,0.9994043026133703,True,0.9994079065546034,True,0.9994109057020996,True
triangle,odd,1,generic,variational,random,13.0,16.0,12.0,3.0,0.34071813706343357,4879.0,2.644615299999714,0.63671875,0.00011515399325952721,0.0003783745411182482,0.00012049786261668333,0.0005528119635314077,0.0001247792941649477,0.0006008835305263971,0.039369864124281846,4.357422611453493e-09,1.3654140848432285e-08,16.0,True,CONVERGENCE: RELATIVE REDUCTION OF F <= FACTR*EPSMCH,1.3654140848432285e-08,0.04556591418383691,0.049731984700015365,0.04556591418383691,-0.3766783522234325,-4.0064335879782265,-1.4164839413275567,-2.4732111018751217,0.9990388542365481,False,0.9989983450562293,False,0.9989660875059836,False
triangle,odd,1,generic,variational,random,14.0,16.0,12.0,3.0,0.390165855566571,4777.0,1.9912850000546314,0.63671875,9.350684590684709e-05,0.0002614400693265462,9.665896205308782e-05,0.0003884556394873062,9.917390740859925e-05,0.00042376059080034834,0.03974384923143053,2.1495952855348654e-09,9.140968745257103e-09,16.0,True,CONVERGENCE: RELATIVE REDUCTION OF F <= FACTR*EPSMCH,9.140968745257103e-09,0.01844606262769328,0.028887903488702446,0.01844606262769328,-1.1227394130965203,-2.824632459225996,-2.020866792109148,-1.621225446364083,0.9992217697687269,True,0.9991994049258556,True,0.9991816537168218,True
triangle,odd,1,generic,variational,random,15.0,16.0,12.0,3.0,0.003354347099315369,14212.0,9.191333700029645,0.63671875,0.0003225192563951949,0.00125129365132981,0.0003392111325580379,0.0017166002842033679,0.0003526893302255444,0.0018420196094824648,0.03789637073360681,8.291519471290678e-09,1.0439763453596072e-07,16.0,True,CONVERGENCE: RELATIVE REDUCTION OF F <= FACTR*EPSMCH,1.0439763453596072e-07,0.382448478402913,0.38441313368114405,0.382448478402913,1.2412867295488548,-2.53312882206487,-2.468245225079642,-3.5090851288196463,0.9972866451882196,False,0.9971536936461262,False,0.9970473622255142,False
triangle,odd,1,generic,variational,random,16.0,16.0,12.0,3.0,0.2236956463149522,3604.0,1.7508421000093222,0.63671875,1.4935176953648625e-05,2.8710454190367107e-05,1.5091108401460031e-05,3.316401837794025e-05,1.5210054778053982e-05,3.713900594023989e-05,0.0409460159925109,4.596337380990934e-12,6.325196706078694e-10,16.0,True,CONVERGENCE: RELATIVE REDUCTION OF F <= FACTR*EPSMCH,6.325196706078694e-10,0.0011588388426637935,0.0014328198868703886,0.0011588388426637935,-1.3506350816001953,-1.73285882816516,-1.6466919705398764,-2.263804613757114,0.9998856899798569,True,0.999887357039131,True,0.9998885272247747,True
triangle,odd,1,generic,variational,random,17.0,16.0,12.0,3.0,0.12222403352542643,7922.0,4.249212299997453,0.63671875,0.0001231838944653338,0.0003528109676510238,0.00012711816949005986,0.0005044444928212766,0.00013032086850921665,0.0005462161726509929,0.03948819359603617,5.091481076655696e-09,1.5569153842521664e-08,16.0,True,CONVERGENCE: RELATIVE REDUCTION OF F <= FACTR*EPSMCH,1.5569153842521664e-08,0.00853038350875645,0.013556893654898105,0.00853038350875645,0.4553338379439187,-4.478196226993701,-0.7113463839677397,-1.179308907963624,0.9989710026333565,False,0.9989425086709356,False,0.9989194341906152,False
triangle,odd,1,generic,variational,random,18.0,16.0,12.0,3.0,0.3882270406762883,6341.0,3.008606899995357,0.63671875,0.00016429978703313397,0.000506071531776564,0.00017022997462476255,0.0007067211203619916,0.0001750608445426288,0.00076113198688188,0.03934625192529985,8.441978049626035e-10,2.738788254682815e-08,16.0,True,CONVERGENCE: RELATIVE REDUCTION OF F <= FACTR*EPSMCH,2.738788254682815e-08,0.019965195507142514,0.02098546385444173,0.019965195507142514,0.8654783266508915,-3.3517175779051094,-1.770681059342444,-1.3384090591136169,0.9986235787789558,False,0.9985788990364807,False,0.9985427780128237,False
triangle,odd,1,generic,variational,random,19.0,16.0,12.0,3.0,0.2891997096379002,3400.0,1.6519137000432238,0.63671875,4.264347919402571e-05,0.00014094507647000043,4.5929914842874057e-05,0.00024309355645724118,4.844879790477487e-05,0.0002725229530874118,0.039610861687770386,1.5885897841474745e-11,2.214574934807867e-09,16.0,True,CONVERGENCE: RELATIVE REDUCTION OF F <= FACTR*EPSMCH,2.214574934807867e-09,0.0013392805954710104,0.002105722607847886,0.0013392805954710104,-1.0934854043094167,-3.701236447638326,-0.815730067247036,-1.594282076450643,0.9996515584904972,True,0.9996272592050889,True,0.9996086974382913,True
triangle,odd,1,equivariant,variational,random,0.0,16.0,8.0,2.0,0.005957045997651789,2295.0,1.2182907999958843,0.63671875,4.2284645096736483e-05,0.00014895030258549324,4.606207027742719e-05,0.0002579874916059932,4.892724953378332e-05,0.0002889620809716775,0.04198684670397515,0.0,2.2078596779967126e-09,8.0,True,CONVERGENCE: RELATIVE REDUCTION OF F <= FACTR*EPSMCH,2.2078596779967126e-09,0.0,0.0,0.0,-1.5547583246862824,-0.27503086794120774,-1.3114777368132664,-1.183066838675863,0.9996545905911617,True,0.9996261445918385,True,0.9996046694575498,True
triangle,odd,1,equivariant,variational,random,1.0,16.0,8.0,2.0,0.0797729657103271,1683.0,0.594330899999477,0.63671875,4.4335359279864426e-05,8.460080405466204e-05,4.4815099691611964e-05,9.061701228738062e-05,4.51796927638777e-05,0.00010681564620931838,0.04170454369957732,0.0,2.382669519470434e-09,8.0,True,CONVERGENCE: NORM OF PROJECTED GRADIENT <= PGTOL,2.382669519470434e-09,0.0,0.0,0.0,-1.5121294931364833,-0.8907513726205708,-1.1205298281699945,-0.8502884468413431,0.9996372623275321,True,0.9996366616768334,True,0.999636219327133,True
triangle,odd,1,equivariant,variational,random,2.0,16.0,8.0,2.0,0.14088116016084629,4199.0,1.8887532000080682,0.63671875,4.107486877529972e-05,8.562255169146035e-05,4.2603966226136615e-05,0.00015662544235506282,4.380761506684945e-05,0.0001778529662875561,0.03983885679937675,0.0,2.0855334129018596e-09,8.0,True,CONVERGENCE: RELATIVE REDUCTION OF F <= FACTR*EPSMCH,2.0855334129018596e-09,0.0,0.0,0.0,-0.8473713253924234,-3.6986295453703097,-0.8862604821897861,-1.024799512929347,0.9996648130410783,True,0.9996553106159951,True,0.9996477705523864,True
triangle,odd,1,equivariant,variational,random,3.0,16.0,8.0,2.0,0.13894853471425106,2244.0,1.1901047000428662,0.63671875,2.392786282151122e-05,6.683980496688391e-05,2.5415200708688503e-05,0.00012014357633596817,2.6559323066666817e-05,0.00013543200285404122,0.04144432646735918,0.0,9.869858838786507e-10,8.0,True,CONVERGENCE: RELATIVE REDUCTION OF F <= FACTR*EPSMCH,9.869858838786507e-10,0.0,0.0,0.0,-1.4488633269101758,-1.2837651565474963,-1.2637876378012805,-1.0977002443086636,0.9998097029736044,True,0.9998002825262875,True,0.9997929801907056,True
triangle,odd,1,equivariant,variational,random,4.0,16.0,8.0,2.0,0.012633085040520964,2720.0,1.6261545000015758,0.63671875,0.00011627093806811738,0.0003672113353922757,0.00012134320649106059,0.0005283689067899777,0.00012543350633921805,0.000572810103391691,0.03943279009045297,0.0,1.3913258940144514e-08,8.0,True,CONVERGENCE: RELATIVE REDUCTION OF F <= FACTR*EPSMCH,1.3913258940144514e-08,0.0,0.0,0.0,-0.42856040353480884,-6.570771995493501,-1.3732791712410581,-0.4368177188189931,0.9990294162006375,False,0.9989912153344237,False,0.9989605798352409,False
triangle,odd,1,equivariant,variational,random,5.0,16.0,8.0,2.0,0.05547863054872426,8636.0,4.6829962999909185,0.63671875,0.00010677441953885246,0.0003334769389181369,0.00011126083175799993,0.00047662853260316274,0.00011488888772926571,0.0005156481738203822,0.03976222390949513,0.0,1.179839890695383e-08,8.0,True,CONVERGENCE: RELATIVE REDUCTION OF F <= FACTR*EPSMCH,1.179839890695383e-08,0.0,0.0,0.0,-0.493440708264602,-3.4973968549020467,-0.9492793898728479,-1.4330337106098963,0.9991096605262442,False,0.9990762511750634,False,0.9990493526977683,False
triangle,odd,1,equivariant,variational,random,6.0,16.0,8.0,2.0,0.09247547702758896,5202.0,2.706186399969738,0.63671875,0.00011954204160359165,0.0003711283431349355,0.00012449720174756868,0.0005311303990778726,0.00012850281580585265,0.0005751780524613226,0.039456972908655,0.0,1.4684869439841388e-08,8.0,True,CONVERGENCE: NORM OF PROJECTED GRADIENT <= PGTOL,1.4684869439841388e-08,0.0,0.0,0.0,-0.8457413040858035,-7.027464917572317,-1.2116572415595679,-0.9051039384980678,0.9990017758083836,False,0.9989646141967837,False,0.9989347399829509,False
triangle,odd,1,equivariant,variational,random,7.0,16.0,8.0,2.0,0.2949995618618634,1666.0,0.8769561999943107,0.63671875,6.63629111502124e-05,0.0001941978405339273,6.846112789205602e-05,0.00026466680114059504,7.018888162010242e-05,0.00028344548968980976,0.040437767695422774,0.0,4.808413653285213e-09,8.0,True,CONVERGENCE: RELATIVE REDUCTION OF F <= FACTR*EPSMCH,4.808413653285213e-09,0.0,0.0,0.0,-1.227698554673047,-2.216891043421049,-1.0073129556158185,-0.8261742013854281,0.9994511324274896,True,0.9994372285136103,True,0.9994256723774159,True
triangle,odd,1,equivariant,variational,random,8.0,16.0,8.0,2.0,0.26013450309908204,3213.0,1.5762079000123776,0.63671875,4.1243519981947675e-05,0.00011510959757315975,4.3684508657895024e-05,0.00020155658159046186,4.5584389863577954e-05,0.0002265967760670673,0.039720149490645354,0.0,2.098229435407771e-09,8.0,True,CONVERGENCE: RELATIVE REDUCTION OF F <= FACTR*EPSMCH,2.098229435407771e-09,0.0,0.0,0.0,-0.786625584321674,-3.9388277925381625,-1.163398633354262,-0.8474122135424532,0.9996633879606873,True,0.9996461972040794,True,0.9996328122698154,True
triangle,odd,1,equivariant,variational,random,9.0,16.0,8.0,2.0,0.13221049192876888,1819.0,0.9993100999854505,0.63671875,0.000260367798888646,0.0005367609887903975,0.0002598756130105452,0.0005393318757301625,0.00025939170839689717,0.0005394518397258408,0.041461550236592926,0.0,6.820600620048432e-08,8.0,True,CONVERGENCE: RELATIVE REDUCTION OF F <= FACTR*EPSMCH,6.820600620048432e-08,0.0,0.0,0.0,-1.4565214150360808,-1.1565935457446639,-0.793445437706346,-0.9305548682561543,0.9978118167842864,False,0.997822818011757,False,0.9978328147167889,False
triangle,odd,1,equivariant,variational,random,10.0,16.0,8.0,2.0,0.057011684407014984,2261.0,0.9594755999860354,0.63671875,0.00012073147340831093,0.0003718811045303472,0.00012564383574407452,0.0005317597003030305,0.00012961780205068653,0.00057579358214499,0.039448498584314054,0.0,1.4970573657184827e-08,8.0,True,CONVERGENCE: RELATIVE REDUCTION OF F <= FACTR*EPSMCH,1.4970573657184827e-08,0.0,0.0,0.0,-0.5175572108129961,-8.0,-1.2430684193435892,-1.2836218832392556,0.9989917252669425,False,0.9989549433614517,False,0.9989253531550063,False
triangle,odd,1,equivariant,variational,random,11.0,16.0,8.0,2.0,0.008732200994736705,2125.0,0.9447227999917232,0.63671875,4.71059092549091e-05,0.00011780755378512642,4.952390271536287e-05,0.00021425732615640292,5.1395294231890085e-05,0.00024191120416691692,0.041959724332984685,0.0,2.6385639300615774e-09,8.0,True,CONVERGENCE: NORM OF PROJECTED GRADIENT <= PGTOL,2.6385639300615774e-09,0.0,0.0,0.0,-1.5526546736296116,-0.46542234618372025,-1.0947746417687134,-0.8842224603506033,0.999613851546663,True,0.999596947122065,True,0.9995838915232498,True
triangle,odd,1,equivariant,variational,random,12.0,16.0,8.0,2.0,0.3143401320340168,3791.0,1.7864108000067063,0.63671875,6.714490618032524e-05,0.0001976183728324976,6.983875724920947e-05,0.00028955699042906846,7.201047222185058e-05,0.00031496988652418567,0.04003125699830028,0.0,4.908750995947681e-09,8.0,True,CONVERGENCE: RELATIVE REDUCTION OF F <= FACTR*EPSMCH,4.908750995947681e-09,0.0,0.0,0.0,-1.2366590960088515,-2.6917598415888664,-1.226735812814824,-0.5561526531884649,0.9994445246729081,True,0.9994256094383847,True,0.9994103368002791,True
triangle,odd,1,equivariant,variational,random,13.0,16.0,8.0,2.0,0.008750498109278082,3791.0,1.9919629000360146,0.63671875,4.7036856598695725e-05,0.00011402597306719997,4.9357786294899845e-05,0.00020915325580181388,5.1155076032051e-05,0.0002364607229743687,0.04195706555149599,0.0,2.632036534201225e-09,8.0,True,CONVERGENCE: RELATIVE REDUCTION OF F <= FACTR*EPSMCH,2.632036534201225e-09,0.0,0.0,0.0,-1.5529082777311598,-0.4626336749568826,-0.8239210015345015,-1.1234835575587951,0.9996144350324755,True,0.9995983481659492,True,0.9995859138682979,True
triangle,odd,1,equivariant,variational,random,14.0,16.0,8.0,2.0,0.005565189593271791,1292.0,0.6767546000191942,0.63671875,3.67455763257266e-05,0.00012578035269567023,4.0078519931048564e-05,0.00022409127387465477,4.259792863289569e-05,0.0002522746397942144,0.0419710050424238,0.0,1.7699474299340371e-09,8.0,True,CONVERGENCE: RELATIVE REDUCTION OF F <= FACTR*EPSMCH,1.7699474299340371e-09,0.0,0.0,0.0,-1.556846875598558,-0.1074266880006801,-1.02856310303791,-0.9714263715727395,0.9997013949897051,True,0.9996766105036088,True,0.9996579546407327,True
triangle,odd,1,equivariant,variational,random,15.0,16.0,8.0,2.0,0.3580406354858884,1751.0,0.9656257999595255,0.63671875,7.94502369039149e-05,0.0001652388721990125,7.940860287739152e-05,0.00016612965400514962,7.936400868982265e-05,0.00016609255256942734,0.03991642011071136,0.0,6.711504345195315e-09,8.0,True,CONVERGENCE: RELATIVE REDUCTION OF F <= FACTR*EPSMCH,6.711504345195315e-09,0.0,0.0,0.0,-1.1720603259111606,-1.6414872710494848,-0.9496280524434294,-0.9462555203305264,0.9993405462557398,True,0.9993448963237336,True,0.9993484289678474,True
triangle,odd,1,equivariant,variational,random,16.0,16.0,8.0,2.0,0.04834121313873441,6919.0,3.4060882999910973,0.63671875,5.236558527686788e-05,0.00015521744445631813,5.5029845904718916e-05,0.0002463752241440853,5.713474134740304e-05,0.00027213424436120515,0.039872595381222106,0.0,3.140880475201143e-09,8.0,True,CONVERGENCE: RELATIVE REDUCTION OF F <= FACTR*EPSMCH,3.140880475201143e-09,0.0,0.0,0.0,-0.3795892364419484,-3.5188122997601505,-1.0478677549297353,-0.7199374810630224,0.9995694079798979,True,0.9995505094007922,True,0.9995355723598343,True
triangle,odd,1,equivariant,variational,random,17.0,16.0,8.0,2.0,0.07360182641802182,4726.0,1.88187260000268,0.63671875,0.00012178278736369037,0.0003619394801741005,0.00012635107024982763,0.0005157513180935047,0.00013006115139377683,0.0005582273526053838,0.03946008651110537,0.0,1.5225648163180875e-08,8.0,True,CONVERGENCE: RELATIVE REDUCTION OF F <= FACTR*EPSMCH,1.5225648163180875e-08,0.0,0.0,0.0,-0.016515838650175443,-5.118561961345025,-0.5350939728614132,-0.8523579721000344,0.9989828418030614,False,0.9989489784690213,False,0.9989216206928149,False
triangle,odd,1,equivariant,variational,random,18.0,16.0,8.0,2.0,0.16797038460765412,2023.0,0.7894882999826223,0.63671875,0.0001807930066313279,0.0004920094837952624,0.0001827210339275588,0.0004936597128268813,0.00018431145767635357,0.000493261491880212,0.040616243869001145,0.0,3.309227368548539e-08,8.0,True,CONVERGENCE: RELATIVE REDUCTION OF F <= FACTR*EPSMCH,3.309227368548539e-08,0.0,0.0,0.0,-0.9860378319855183,-2.13380018626861,-0.7269504542294767,-0.873306424971772,0.9984842132546677,False,0.9984735480892668,False,0.9984648991024154,False
triangle,odd,1,equivariant,variational,random,19.0,16.0,8.0,2.0,0.07927205737287824,3264.0,1.0426715000066906,0.63671875,3.002487775043746e-05,0.0001060298936030879,3.30711502560311e-05,0.00019269049975631503,3.5359748646561815e-05,0.0002179524352472484,0.039684356032471606,0.0,1.2983368442534306e-09,8.0,True,CONVERGENCE: NORM OF PROJECTED GRADIENT <= PGTOL,1.2983368442534306e-09,0.0,0.0,0.0,-1.0886386279083415,-3.9772948432011392,-0.4997123611967085,-0.7995100160533926,0.999758184003818,True,0.9997357114184989,True,0.9997188913119054,True
triangle,odd,1,sector_mixed,variational,random,0.0,16.0,10.0,3.0,0.49476428919814475,5559.0,2.458801199973095,0.63671875,0.0001979901002787247,0.000521544208048369,0.00020335563322514526,0.0007359332763964554,0.00020773195616122068,0.0007943100140933024,0.03921287820132884,1.8474961945594672e-09,3.959220860886771e-08,16.0,True,CONVERGENCE: RELATIVE REDUCTION OF F <= FACTR*EPSMCH,3.959220860886771e-08,0.005788534108137498,0.01081696791247824,0.005788534108137498,-0.7461149622402875,-3.478289278219725,-3.7236963089402146,-0.739606105086432,0.9983389000877552,False,0.9982995136436137,False,0.9982677269931882,False
triangle,odd,1,sector_mixed,variational,random,1.0,16.0,10.0,3.0,0.09369205995919927,2805.0,1.329427599965129,0.63671875,5.011506905937393e-05,0.00012000685888649554,5.155771751395809e-05,0.00018229483522674839,5.2687187184727807e-05,0.0002070176502028953,0.041680228719884686,4.387369261039245e-09,2.928322477898358e-09,16.0,True,CONVERGENCE: RELATIVE REDUCTION OF F <= FACTR*EPSMCH,2.928322477898358e-09,0.3497583708639478,0.39493077160910717,0.3497583708639478,-1.4975767677833716,-0.8174024283845975,-8.0,-1.2596457063782538,0.999588424544293,True,0.9995797937077471,True,0.9995730153560081,True
triangle,odd,1,sector_mixed,variational,random,2.0,16.0,10.0,3.0,0.09839705977968105,3927.0,1.9754116999683902,0.63671875,0.00017891698965537324,0.0005528855968900404,0.0001851235027726572,0.0007491107660757279,0.00019022655665625022,0.0008008579062779575,0.039927072209076306,7.335811315376418e-12,3.2410559909505055e-08,16.0,True,CONVERGENCE: RELATIVE REDUCTION OF F <= FACTR*EPSMCH,3.2410559909505055e-08,3.810917769860905e-05,6.0720184387803415e-05,3.810917769860905e-05,-1.069681751717979,-2.6159118254022053,-1.024263140569911,-1.0265490065469753,0.9985000653500014,False,0.9984532854067875,False,0.9984151011639596,False
triangle,odd,1,sector_mixed,variational,random,3.0,16.0,10.0,3.0,0.1681399457332554,2992.0,1.4900938000064343,0.63671875,2.009864672436115e-05,5.790608208455783e-05,2.1411780573407108e-05,0.0001041612452173657,2.241803808447419e-05,0.00011729739664542715,0.041305387761353965,1.1856849130317827e-12,8.170094777760696e-10,16.0,True,CONVERGENCE: RELATIVE REDUCTION OF F <= FACTR*EPSMCH,8.170094777760696e-10,2.2015399705704826e-05,2.686172693581989e-05,2.2015399705704826e-05,-1.4158605150468875,-1.4333735982997275,-1.6300780268817467,-1.0976901562293433,0.9998420593431909,True,0.9998340478053662,True,0.9998278447729166,True
triangle,odd,1,sector_mixed,variational,random,4.0,16.0,10.0,3.0,0.043903338575719486,2822.0,0.9787672000238672,0.63671875,0.0001184112499871595,0.00037213613819081504,0.0001234054221853523,0.0005322304390206756,0.0001274399107613492,0.0005763371718801313,0.03944611162284186,3.1841763311928163e-12,1.441568523978184e-08,16.0,True,CONVERGENCE: NORM OF PROJECTED GRADIENT <= PGTOL,1.441568523978184e-08,0.00030049963224696406,0.0005853480846865431,0.00030049963224696406,-0.505732947311522,-7.999999947067729,-3.798907325509162,-0.4415819133847374,0.9990113308479893,False,0.998973822383875,False,0.9989436883505387,False
triangle,odd,1,sector_mixed,variational,random,5.0,16.0,10.0,3.0,0.00011876834340784903,10727.0,3.7288281999644823,0.63671875,0.00022938348252887514,0.0006759489810329034,0.00023825222339292866,0.0009815790143908598,0.0002454136433568001,0.0010647233436064663,0.03874146183604165,4.982906858674771e-11,5.300419667593347e-08,16.0,True,CONVERGENCE: RELATIVE REDUCTION OF F <= FACTR*EPSMCH,5.300419667593347e-08,9.013297142331219e-05,0.00018074382681327578,9.013297142331219e-05,1.5824782706193623,-3.5107026269118875,-1.1985436140804786,-2.091633140835403,0.9980736301596844,False,0.9980051920220767,False,0.9979504930219134,False
triangle,odd,1,sector_mixed,variational,random,6.0,16.0,10.0,3.0,0.6403917552456739,5083.0,2.1313923000125214,0.63671875,0.00012705025015946454,0.00041310345463452247,0.00013314983283598835,0.0006054877920674828,0.0001380383304144415,0.0006590611397089552,0.03904854152579832,1.4492143882529176e-10,1.6532251482289717e-08,16.0,True,CONVERGENCE: RELATIVE REDUCTION OF F <= FACTR*EPSMCH,1.6532251482289717e-08,0.0006110007911963313,0.0008303961631348395,0.0006110007911963313,-0.4375682831639158,-2.4492083778978704,-1.8606422881336826,-1.3452845820537576,0.9989383324390874,False,0.9988916369689153,False,0.9988544625486702,False
triangle,odd,1,sector_mixed,variational,random,7.0,16.0,10.0,3.0,0.30726367925548514,12291.0,7.628681800037157,0.63671875,0.0001363884348335708,0.0004250801392937653,0.0001416485430888396,0.0005934732248663865,0.00014593175444648269,0.0006395182634847396,0.039461834057089896,2.8314347175775524e-11,1.8996423497205232e-08,16.0,True,CONVERGENCE: RELATIVE REDUCTION OF F <= FACTR*EPSMCH,1.8996423497205232e-08,0.0002433479071328008,0.00041403325938311894,0.0002433479071328008,1.5919300854184073,-4.589963504713361,-1.9925940744345707,-1.5901075462918532,0.9988594260136161,False,0.998819957926047,False,0.9987880095196525,False
triangle,odd,1,sector_mixed,variational,random,8.0,16.0,10.0,3.0,0.05691091786991831,2822.0,1.2597674000426196,0.63671875,0.0003947122843286321,0.0018864009009096072,0.0004176310983551854,0.0024650602906876595,0.0004361932567799706,0.0026215838609474074,0.037192983470445556,1.7639829195420158e-07,1.561697189986143e-07,16.0,True,CONVERGENCE: RELATIVE REDUCTION OF F <= FACTR*EPSMCH,1.561697189986143e-07,0.11096461403570003,0.12642549575089454,0.11096461403570003,0.09534835240866149,-2.230952288927161,-2.2283163818670526,-1.855541565198321,0.996676623650097,False,0.9964922911600003,False,0.9963443607356814,False
triangle,odd,1,sector_mixed,variational,random,9.0,16.0,10.0,3.0,0.14407563326013628,1530.0,0.7286954000010155,0.63671875,0.00024098857997268452,0.0005049342830806096,0.0002405598363049629,0.0005075835627707283,0.00024013488425881073,0.0005076225049628,0.04140264464333569,5.514492183069494e-10,5.848952212919882e-08,16.0,True,CONVERGENCE: RELATIVE REDUCTION OF F <= FACTR*EPSMCH,5.848952212919882e-08,0.00020971135342500715,0.00027706395101552374,0.00020971135342500715,-1.443382515516251,-1.210909040583054,-0.8128984487527715,-0.9306040066906738,0.9979755686211207,False,0.9979857293648119,False,0.997994933752589,False
triangle,odd,1,sector_mixed,variational,random,10.0,16.0,10.0,3.0,0.03620508687999435,3043.0,1.2500884999753907,0.63671875,0.00012034739234851395,0.0003764611834142506,0.00012529916990023903,0.0005383239991381683,0.00012929846456480895,0.0005829435223919377,0.03942965291574784,4.774744561430224e-11,1.4877791374722107e-08,16.0,True,CONVERGENCE: RELATIVE REDUCTION OF F <= FACTR*EPSMCH,1.4877791374722107e-08,9.302374476537637e-05,0.00015222353292229738,9.302374476537637e-05,-0.29734753105804484,-6.258123783207124,-1.2429890008439404,-1.3045266296584335,0.9989949707011011,False,0.9989578503105134,False,0.9989280415882046,False
triangle,odd,1,sector_mixed,variational,random,11.0,16.0,10.0,3.0,0.19602141247621951,1632.0,0.8290032999939285,0.63671875,0.0001110172940372291,0.00035961864628172857,0.00011593165810789035,0.0005140752023350126,0.00011989182272511442,0.0005566755271407264,0.03948119865313257,1.4678194478793823e-10,1.271965156334773e-08,16.0,True,CONVERGENCE: RELATIVE REDUCTION OF F <= FACTR*EPSMCH,1.271965156334773e-08,0.00019641180496351074,0.00029829949981777086,0.00019641180496351074,-1.1254286949141457,-5.798645717682028,-1.4172554293486603,-0.8841324869091572,0.9990738087978758,False,0.999036856919676,False,0.9990072340705283,False
triangle,odd,1,sector_mixed,variational,random,12.0,16.0,10.0,3.0,0.07051165003050797,3961.0,1.7467317000264302,0.63671875,4.614207334030115e-05,0.0001513000967733047,4.939583431766723e-05,0.000251762360319957,5.19170293967686e-05,0.00028058990361828906,0.03963371134135847,9.582407741962125e-13,2.5254280455648973e-09,16.0,True,CONVERGENCE: RELATIVE REDUCTION OF F <= FACTR*EPSMCH,2.5254280455648973e-09,1.4467895902334433e-05,2.2736075478907305e-05,1.4467895902334433e-05,-0.7199033672237878,-3.997552247634847,-1.3188641026482175,-0.5546869791494461,0.9996219958326691,True,0.9995980272648037,True,0.9995794991477849,True
triangle,odd,1,sector_mixed,variational,random,13.0,16.0,10.0,3.0,0.0781160500759196,6528.0,2.805185600009281,0.63671875,0.0004164402160460274,0.0012469009895952898,0.00043288704554185703,0.0018338916344137202,0.0004462591338272374,0.001992678321787622,0.03720211987968744,1.684941289581804e-07,1.7379447642420012e-07,16.0,True,CONVERGENCE: RELATIVE REDUCTION OF F <= FACTR*EPSMCH,1.7379447642420012e-07,0.46187829250849244,0.4621838615367979,0.46187829250849244,0.24683057982739703,-2.0387328083816434,-1.9611504953043137,-1.6060093880784776,0.9964930255007205,False,0.9963636208488761,False,0.9962596182947846,False
triangle,odd,1,sector_mixed,variational,random,14.0,16.0,10.0,3.0,0.01847359645016322,8653.0,3.5389040000154637,0.63671875,0.0003497659796651875,0.0012995844048461214,0.0003687176559909096,0.0018715482769664227,0.00038387453567155646,0.002027061246019174,0.03709080230152461,3.245345784952584e-08,1.2270714887869818e-07,16.0,True,CONVERGENCE: RELATIVE REDUCTION OF F <= FACTR*EPSMCH,1.2270714887869818e-07,0.9353769178809488,0.9355582791190233,0.9353769178809488,0.20601565580194808,-1.9568872388199121,-1.3152267623444456,-3.1169856322252647,0.9970564139801134,False,0.9969048324312934,False,0.9967848207284387,False
triangle,odd,1,sector_mixed,variational,random,15.0,16.0,10.0,3.0,0.44611207982031786,8925.0,3.3797558000078425,0.63671875,4.7231456868221466e-05,0.00014394745101523054,5.165189919836847e-05,0.0002853489779402474,5.4972331429771975e-05,0.00032720044349010546,0.03877552088076756,2.5314038772178838e-12,2.6185657267276547e-09,16.0,True,CONVERGENCE: RELATIVE REDUCTION OF F <= FACTR*EPSMCH,2.6185657267276547e-09,0.00011976708391907092,0.00021121741095567987,0.00011976708391907092,-1.0378305151650478,-1.3024299880921246,-2.8535154097615583,-1.9894960191130506,0.999612790685935,True,0.9995789993692189,True,0.9995537772210479,True
triangle,odd,1,sector_mixed,variational,random,16.0,16.0,10.0,3.0,0.12449112255509032,1734.0,0.6946338000125252,0.63671875,6.891643171681704e-05,0.00012575333914532916,6.882450458017123e-05,0.00012677043838368873,6.872499457556974e-05,0.00012686010965119038,0.041495139623883605,2.83735568893063e-11,5.164425957101277e-09,16.0,True,CONVERGENCE: NORM OF PROJECTED GRADIENT <= PGTOL,5.164425957101277e-09,0.00020908175149459224,0.00025542696441436396,0.00020908175149459224,-1.4650015689743083,-1.166532738169713,-2.291920008172396,-0.7170425614448129,0.9994295555164185,True,0.9994341637552611,True,0.9994379965257011,True
triangle,odd,1,sector_mixed,variational,random,17.0,16.0,10.0,3.0,0.05729767790508633,5117.0,2.345071599993389,0.63671875,0.00011989073466260602,0.00037808394498739517,0.00012485389377916897,0.0005379798703380734,0.00012886662456746404,0.0005820154412954082,0.03945042017592648,6.647282490482297e-11,1.4768292460363397e-08,16.0,True,CONVERGENCE: RELATIVE REDUCTION OF F <= FACTR*EPSMCH,1.4768292460363397e-08,0.002410669818274532,0.0024526642989284595,0.002410669818274532,-0.03785723288731497,-7.901623967815947,-2.2323364655915947,-5.56715966219556,0.9989988293981515,False,0.9989616058175517,False,0.9989316771557046,False
triangle,odd,1,sector_mixed,variational,random,18.0,16.0,10.0,3.0,0.007914017155239872,3672.0,1.909849799994845,0.63671875,0.00017328378591506983,0.0005067415490470906,0.00017914389045601157,0.0007070797335210766,0.0001839293301710836,0.0007614743969931725,0.03934386816101589,1.5799378398376289e-10,3.042070914424985e-08,16.0,True,CONVERGENCE: RELATIVE REDUCTION OF F <= FACTR*EPSMCH,3.042070914424985e-08,0.0013875063662922129,0.0014804617392974945,0.0013875063662922129,1.1247755209997923,-3.6724137895021283,-1.392584857049881,-1.8015753189675994,0.9985476651765856,False,0.9985037181047884,False,0.9984681161512009,False
triangle,odd,1,sector_mixed,variational,random,19.0,16.0,10.0,3.0,0.1416473960447877,1734.0,0.6896194000146352,0.63671875,2.3236984476347732e-05,9.598107625888308e-05,2.6397515885296922e-05,0.00017389930854166957,2.872218814213017e-05,0.00019676621902256497,0.03973269856386967,3.51311666776597e-13,9.372844331962354e-10,16.0,True,CONVERGENCE: RELATIVE REDUCTION OF F <= FACTR*EPSMCH,9.372844331962354e-10,4.866385906378879e-06,7.752730329773223e-06,4.866385906378879e-06,-0.795386477667566,-3.865411983224245,-0.7306372538869161,-0.7996041461671471,0.9998155408042487,True,0.9997919975736819,True,0.9997747714976165,True
sawtooth,both,1,zero,classical,n/a,,,,,,,,0.63671875,0.2542034230144025,0.4375,0.25460107855890185,0.439453125,0.25499311094653787,0.43994140625,0.0,0.0,0.06461938027223926,,,,,,,,,,,,0.0,False,0.0,False,0.0,False
sawtooth,both,1,analytic_truncation,classical,n/a,,,,,,,,0.63671875,0.014416912376238909,0.04793586902909952,0.014520667214818574,0.048894565008462454,0.014622844542776242,0.048845335598662,0.12183781350686289,0.03869005256141791,0.00020784896774281127,,,,,,,,,,,,0.9435597502691754,False,0.9432925539752752,False,0.9430164576180161,False
sawtooth,both,1,ols_full,classical,n/a,,,,,,,,0.63671875,7.377099839066828e-05,0.0002562894482633915,8.785943510548279e-05,0.0007803766338790874,9.799690967506744e-05,0.0009515464752347658,0.10811256830990615,0.02972600930485628,6.820545979703608e-09,,,,,,,,,,,,1.0000000014765509,True,1.000000054746955,True,1.000000087778831,True
sawtooth,both,1,ols_odd,classical,n/a,,,,,,,,0.63671875,0.119291103100443,0.2604289843795918,0.11960802373301604,0.27617231090644656,0.11989891741461711,0.28014374443380385,0.9088415649539545,0.0,0.014230376367336171,,,,,,,,,,,,0.5308798837243285,False,0.5303970563143255,False,0.5299991955545835,False
sawtooth,both,1,ols_even,classical,n/a,,,,,,,,0.63671875,0.2265731332702895,0.3416186870529153,0.22695474531514184,0.35992381959505204,0.2273139644335825,0.36453793332413725,0.0,0.07779958553984076,0.05133538549791222,,,,,,,,,,,,0.10872517065883229,False,0.1086243569292378,False,0.10859034723825871,False
sawtooth,both,1,ridge_full,classical,n/a,,,,,,,,0.63671875,7.377137362602021e-05,0.0002561421234030803,8.787336892844491e-05,0.000779952246700466,9.801928406820242e-05,0.0009510396549159417,0.10810106369967533,0.02972643902879757,6.8204905939546e-09,,,,,,,,,,,,1.0,True,1.0,True,1.0,True
sawtooth,both,1,ridge_odd,classical,n/a,,,,,,,,0.63671875,0.11929110310829752,0.26042903132694745,0.11960801222001793,0.2761720925352153,0.11989889669615329,0.2801434593750762,0.9084667325992808,0.0,0.014230376365461796,,,,,,,,,,,,0.5308798836934209,False,0.530397101549692,False,0.5299992768369013,False
sawtooth,both,1,ridge_even,classical,n/a,,,,,,,,0.63671875,0.2265731332703019,0.3416187070381377,0.22695474502553645,0.3599238258641112,0.22731396391931716,0.36453793601823437,0.0,0.07779845974765917,0.05133538549790659,,,,,,,,,,,,0.10872517065878347,False,0.10862435806711744,False,0.10859034925581561,False
sawtooth,both,1,spherical_full,classical_null,random,0.0,17.0,,,,4104.0,,0.63671875,7.377417745280945e-05,0.0002573579228084544,8.790002446566625e-05,0.0007814116537955274,9.806071638008442e-05,0.0009525523208597231,0.10809950389348638,0.029726475789751988,6.820889055671002e-09,,,,,,,,,,,,0.9999999889669436,True,0.9999998952685493,True,0.9999998374534732,True
sawtooth,both,1,spherical_full,classical_null,random,1.0,17.0,,,,2394.0,,0.63671875,7.377515226749022e-05,0.0002552295473728927,8.787336464963159e-05,0.0007788775260786363,9.801698666376095e-05,0.0009499196998581372,0.10808756969858054,0.02972670066731668,6.82091579575034e-09,,,,,,,,,,,,0.9999999851310485,True,1.0000000000168119,True,1.0000000090131371,True
sawtooth,both,1,spherical_full,classical_null,random,2.0,17.0,,,,2376.0,,0.63671875,0.00012618679974383453,0.0007306189312349387,0.00015162960249959855,0.0012912646666140004,0.0001697115180792131,0.0014563876098260264,0.10536807893632892,0.029631561827028172,1.727310483722417e-08,,,,,,,,,,,,0.9997937453351885,True,0.9997494973452417,True,0.9997187382717203,True
sawtooth,both,1,spherical_full,classical_null,random,3.0,17.0,,,,1818.0,,0.63671875,0.00033513904022012,0.001324462842034857,0.00037925017493453103,0.002793933000752813,0.00041157930755316384,0.003234086776938039,0.09679654027989905,0.030705043077185936,1.1359319211323408e-07,,,,,,,,,,,,0.9989715184162626,False,0.9988551603607815,False,0.9987698467575824,False
sawtooth,both,1,spherical_full,classical_null,random,4.0,17.0,,,,4410.0,,0.63671875,7.37979147338169e-05,0.00025953649663001954,8.79916125893608e-05,0.0007837493891953984,9.81951631395609e-05,0.0009549342279604467,0.10812750324563977,0.029725228989523535,6.824659541411343e-09,,,,,,,,,,,,0.9999998955607595,True,0.9999995354124717,True,0.9999993099942796,True
sawtooth,both,1,spherical_full,classical_null,random,5.0,17.0,,,,4158.0,,0.63671875,7.377472069868854e-05,0.00025746422874495245,8.791271267613907e-05,0.0007828768202179925,9.808112461935897e-05,0.0009544333572731878,0.10813498253889181,0.029723868816210246,6.821297927720525e-09,,,,,,,,,,,,0.9999999868292714,True,0.999999845415692,True,0.999999757388223,True
sawtooth,both,1,spherical_full,classical_null,random,6.0,17.0,,,,4590.0,,0.63671875,7.441215430767237e-05,0.00027166382169174774,8.906740967865689e-05,0.0008059900234733131,9.956478886160023e-05,0.000979999600324244,0.10822294422351662,0.02970514939039063,6.916449644847915e-09,,,,,,,,,,,,0.9999974785284697,True,0.9999953085312436,True,0.9999939367024163,True
sawtooth,both,1,spherical_full,classical_null,random,7.0,17.0,,,,2448.0,,0.63671875,7.380948917501272e-05,0.0002536073081632062,8.772194536739519e-05,0.000774938158058347,9.774999573135775e-05,0.0009453109632419077,0.10810058096570203,0.029729231856091554,6.826138820494257e-09,,,,,,,,,,,,0.9999998500153415,True,1.0000005949536526,True,1.0000010564673298,True
sawtooth,both,1,spherical_full,classical_null,random,8.0,17.0,,,,5706.0,,0.63671875,7.377365030315051e-05,0.00025709709576854367,8.7913700412693e-05,0.0007807279468362016,9.808336804640954e-05,0.0009517535259099263,0.10809412487817764,0.029726677420610147,6.820759502039418e-09,,,,,,,,,,,,0.9999999910412771,True,0.9999998415348069,True,0.9999997485868489,True
sawtooth,both,1,spherical_full,classical_null,random,9.0,17.0,,,,5058.0,,0.63671875,7.377447132364075e-05,0.0002564654816800682,8.787177112186772e-05,0.0007810081271335534,9.801481176076856e-05,0.0009523188345094691,0.10812090621647677,0.029725008678242324,6.821131768029882e-09,,,,,,,,,,,,0.9999999878105621,True,1.0000000062778929,True,1.0000000175456791,True
sawtooth,both,1,spherical_full,classical_null,random,10.0,17.0,,,,4068.0,,0.63671875,7.395636208228018e-05,0.00024109422413420845,8.757155048311461e-05,0.0007545497190291073,9.741517921371796e-05,0.0009227054732900974,0.10807403100085158,0.029736629654923272,6.8476500990030774e-09,,,,,,,,,,,,0.9999992720705551,True,1.0000011858655629,True,1.000002370013681,True
sawtooth,both,1,spherical_full,classical_null,random,11.0,17.0,,,,4536.0,,0.63671875,7.377777078021463e-05,0.00025661885154409925,8.793389263366101e-05,0.0007812735414952643,9.811355440666446e-05,0.0009525979543191787,0.10809944494899675,0.02972541127854628,6.821408023573322e-09,,,,,,,,,,,,0.9999999748272027,True,0.9999997621981729,True,0.9999996301602443,True
sawtooth,both,1,spherical_full,classical_null,random,12.0,17.0,,,,4788.0,,0.63671875,7.38026513486045e-05,0.0002600850273856148,8.803232450442966e-05,0.0007849667869380128,9.825850044855698e-05,0.0009563417377151384,0.10808457232852196,0.029726999390092445,6.824947063269817e-09,,,,,,,,,,,,0.9999998769221837,True,0.9999993754525395,True,0.9999990615104483,True
sawtooth,both,1,spherical_full,classical_null,random,13.0,17.0,,,,2250.0,,0.63671875,7.377248567307523e-05,0.00025653888521792734,8.789041713007683e-05,0.000780449150999396,9.804633748386853e-05,0.000951565522135267,0.10809914041945652,0.029726545339889394,6.820636499977548e-09,,,,,,,,,,,,0.9999999956240956,True,0.9999999330164357,True,0.9999998938645092,True
sawtooth,both,1,spherical_full,classical_null,random,14.0,17.0,,,,4266.0,,0.63671875,7.378692405386193e-05,0.00025922473910833244,8.8116066205476e-05,0.000783923637044992,9.840366701439853e-05,0.0009552556158126113,0.10807601940800976,0.029724969218713756,6.822520047597623e-09,,,,,,,,,,,,0.9999999388090774,True,0.9999990464255998,True,0.9999984919954963,True
sawtooth,both,1,spherical_full,classical_null,random,15.0,17.0,,,,4536.0,,0.63671875,7.378138776870365e-05,0.0002544218668560916,8.787903341190253e-05,0.000777740735318222,9.802216184366806e-05,0.0009486887983199965,0.10809184825582403,0.02972623595103564,6.82187402314441e-09,,,,,,,,,,,,0.9999999605943556,True,0.9999999777438525,True,0.9999999887099612,True
sawtooth,both,1,spherical_full,classical_null,random,16.0,17.0,,,,4536.0,,0.63671875,7.377734038678267e-05,0.00025532064644451236,8.786041423050586e-05,0.0007782109012006155,9.79947648724763e-05,0.0009490421554420037,0.10809145608615897,0.02972759131179351,6.821286428526717e-09,,,,,,,,,,,,0.9999999765208006,True,1.000000050899905,True,1.0000000961932831,True
sawtooth,both,1,spherical_full,classical_null,random,17.0,17.0,,,,3906.0,,0.63671875,7.377345743241157e-05,0.00025419089275802165,8.779838164309911e-05,0.0007770243435204494,9.789635203500415e-05,0.0009478429577097214,0.1081071835791417,0.029727919659739598,6.820874053920655e-09,,,,,,,,,,,,0.9999999918002233,True,1.0000002946302347,True,1.0000004822848192,True
sawtooth,both,1,spherical_full,classical_null,random,18.0,17.0,,,,4122.0,,0.63671875,7.388763940374734e-05,0.0002556629978875957,8.794209511097153e-05,0.0007778443440144001,9.806055496408767e-05,0.0009484571373252759,0.10802356221942366,0.02973190374538076,6.83693791630624e-09,,,,,,,,,,,,0.9999995424942466,True,0.9999997299700718,True,0.9999998380867375,True
sawtooth,both,1,spherical_full,classical_null,random,19.0,17.0,,,,3312.0,,0.63671875,7.451558084863155e-05,0.00022990134399625273,8.725516947453817e-05,0.000736215475309776,9.655183615997437e-05,0.0009024053994998726,0.1082441500235114,0.02974246485813648,6.932437938025423e-09,,,,,,,,,,,,0.9999970715451038,True,1.0000024289484448,True,1.0000057570661667,True
sawtooth,both,1,spherical_odd,classical_null,random,0.0,9.0,,,,1140.0,,0.63671875,0.11929110311037103,0.26042873639539826,0.11960800905922887,0.27617171513943206,0.11989889082426944,0.2801430615707337,0.9084277166404352,0.0,0.014230376365566337,,,,,,,,,,,,0.5308798836852616,False,0.5303971139686511,False,0.5299992998733741,False
sawtooth,both,1,spherical_odd,classical_null,random,1.0,9.0,,,,1260.0,,0.63671875,0.11929110310749565,0.260429312697652,0.11960801370889107,0.2761723909420061,0.11989889953913731,0.2801437611302072,0.9084922439506817,0.0,0.014230376365525595,,,,,,,,,,,,0.5308798836965763,False,0.5303970956998064,False,0.5299992656833558,False
sawtooth,both,1,spherical_odd,classical_null,random,2.0,9.0,,,,1320.0,,0.63671875,0.11929110310867685,0.2604289023868905,0.1196080113221499,0.27617196895952617,0.11989889499472489,0.2801433372224374,0.9084594505440315,0.0,0.014230376365479478,,,,,,,,,,,,0.5308798836919282,False,0.5303971050774776,False,0.5299992835119156,False
sawtooth,both,1,spherical_odd,classical_null,random,3.0,9.0,,,,1450.0,,0.63671875,0.11929110310896096,0.2604291701717115,0.11960801302024789,0.2761722700738029,0.11989889822062022,0.28014364571662925,0.9084552755239935,0.0,0.014230376365505512,,,,,,,,,,,,0.5308798836908103,False,0.5303970984055332,False,0.5299992708561391,False
sawtooth,both,1,spherical_odd,classical_null,random,4.0,9.0,,,,1180.0,,0.63671875,0.1192911031092872,0.2604290547632377,0.11960801190214877,0.27617207725181275,0.11989889614522349,0.28014343513337386,0.9084473486309674,0.0,0.014230376365504078,,,,,,,,,,,,0.5308798836895265,False,0.530397102798622,False,0.5299992789982996,False
sawtooth,both,1,spherical_odd,classical_null,random,5.0,9.0,,,,1380.0,,0.63671875,0.11929110310829356,0.2604287332036965,0.11960801200976126,0.27617172842944476,0.11989889616189518,0.2801430788437025,0.9084777953918467,0.0,0.014230376365571482,,,,,,,,,,,,0.5308798836934365,False,0.5303971023758051,False,0.5299992789328933,False
sawtooth,both,1,spherical_odd,classical_null,random,6.0,9.0,,,,870.0,,0.63671875,0.11929110310734813,0.260428924348881,0.11960801182311372,0.2761720356168229,0.11989889589693054,0.2801434153990984,0.9084952345475071,0.0,0.014230376365520306,,,,,,,,,,,,0.5308798836971567,False,0.5303971031091562,False,0.5299992799723982,False
sawtooth,both,1,spherical_odd,classical_null,random,7.0,9.0,,,,560.0,,0.63671875,0.1193496629441351,0.26004003447843294,0.1196451554729563,0.27506545344973615,0.11991867473242811,0.27885766210231416,0.21290343411437235,0.0,0.014244344173912996,,,,,,,,,,,,0.5306494507806951,False,0.5302511631379282,False,0.5299216839882284,False
sawtooth,both,1,spherical_odd,classical_null,random,8.0,9.0,,,,1380.0,,0.63671875,0.11929110310897519,0.26042907890429423,0.11960801171161728,0.276172149910847,0.11989889579764752,0.280143518846293,0.9084522230323813,0.0,0.01423037636547838,,,,,,,,,,,,0.5308798836907543,False,0.5303971035472334,False,0.5299992803619036,False
sawtooth,both,1,spherical_odd,classical_null,random,9.0,9.0,,,,1040.0,,0.63671875,0.11929110310825028,0.26042879748976067,0.11960801216107597,0.2761718309715255,0.11989889645941681,0.2801431924041705,0.9084762145617193,0.0,0.014230376365545345,,,,,,,,,,,,0.5308798836936068,False,0.5303971017812791,False,0.5299992777656617,False
sawtooth,both,1,spherical_odd,classical_null,random,10.0,9.0,,,,1030.0,,0.63671875,0.11929110310880967,0.2604289630761156,0.11960801176444567,0.27617201877458675,0.11989889583564861,0.28014338427041335,0.9084550015700958,0.0,0.014230376365466675,,,,,,,,,,,,0.5308798836914056,False,0.5303971033396669,False,0.5299992802128183,False
sawtooth,both,1,spherical_odd,classical_null,random,11.0,9.0,,,,1090.0,,0.63671875,0.11929110310888104,0.2604289311508612,0.11960801103655981,0.2761719547200319,0.11989889450439713,0.2801433125298347,0.9084553887146146,0.0,0.014230376365487575,,,,,,,,,,,,0.5308798836911248,False,0.5303971061995808,False,0.5299992854355611,False
sawtooth,both,1,spherical_odd,classical_null,random,12.0,9.0,,,,1080.0,,0.63671875,0.11929110310955812,0.26042887897216654,0.1196080109944772,0.27617190288072807,0.11989889440101939,0.2801432607382731,0.9084387398592543,0.0,0.014230376365482626,,,,,,,,,,,,0.5308798836884604,False,0.5303971063649263,False,0.5299992858411308,False
sawtooth,both,1,spherical_odd,classical_null,random,13.0,9.0,,,,1500.0,,0.63671875,0.11929110310808339,0.2604288769060228,0.11960801163185966,0.276171970901303,0.11989889553303212,0.28014334607074626,0.9084735842544273,0.0,0.014230376365479223,,,,,,,,,,,,0.5308798836942635,False,0.5303971038606066,False,0.529999281400038,False
sawtooth,both,1,spherical_odd,classical_null,random,14.0,9.0,,,,1200.0,,0.63671875,0.11929110310705011,0.260429229217162,0.11960801427859902,0.2761723715200365,0.11989890051488207,0.2801437582917822,0.9085016679081426,0.0,0.014230376365513542,,,,,,,,,,,,0.5308798836983295,False,0.5303970934613844,False,0.5299992618553309,False
sawtooth,both,1,spherical_odd,classical_null,random,15.0,9.0,,,,1320.0,,0.63671875,0.11929110310829984,0.2604290676907321,0.11960801205185607,0.2761720778071613,0.11989889641909057,0.2801434325514867,0.9084728611714655,0.0,0.014230376365523635,,,,,,,,,,,,0.5308798836934119,False,0.5303971022104117,False,0.5299992779238689,False
sawtooth,both,1,spherical_odd,classical_null,random,16.0,9.0,,,,1240.0,,0.63671875,0.11929110310864618,0.26042838569674975,0.1196080098043129,0.27617136275735865,0.11989889197375474,0.2801427111422099,0.9084739540102674,0.0,0.014230376365617197,,,,,,,,,,,,0.5308798836920489,False,0.5303971110411643,False,0.5299992953637332,False
sawtooth,both,1,spherical_odd,classical_null,random,17.0,9.0,,,,980.0,,0.63671875,0.11929110311125386,0.2604291576149575,0.11960801557309259,0.276172192432954,0.11989890284886107,0.28014355515794354,0.9084685655731082,0.0,0.014230376366185458,,,,,,,,,,,,0.5308798836817877,False,0.5303970883752296,False,0.529999252698705,False
sawtooth,both,1,spherical_odd,classical_null,random,18.0,9.0,,,,1530.0,,0.63671875,0.1192911031101684,0.26042953990531925,0.11960801376144387,0.2761725890103851,0.11989889978879735,0.2801439512407378,0.9084316743812001,0.0,0.014230376365557573,,,,,,,,,,,,0.5308798836860591,False,0.5303970954933228,False,0.5299992647038937,False
sawtooth,both,1,spherical_odd,classical_null,random,19.0,9.0,,,,1010.0,,0.63671875,0.11929110310929567,0.26042908956803923,0.119608011328856,0.27617210612495274,0.11989889512124456,0.2801434612270145,0.9084488612868309,0.0,0.014230376365521224,,,,,,,,,,,,0.5308798836894932,False,0.5303971050511289,False,0.5299992830155558,False
sawtooth,both,1,spherical_sector,classical_null,random,0.0,18.0,,,,3800.0,,0.63671875,7.400127584863626e-05,0.0002559237275814308,8.860984139381407e-05,0.0007793751991267417,9.907407046756061e-05,0.0009503455135436711,0.10790781600425052,0.029729550654984453,6.852562493818306e-09,,,,,,,,,,,,0.9999990953349163,True,0.9999971063487068,True,0.9999958618803035,True
sawtooth,both,1,spherical_sector,classical_null,random,1.0,18.0,,,,4313.0,,0.63671875,7.37802769831297e-05,0.00026115788112746063,8.807471982886085e-05,0.0007877596672009601,9.834073470735726e-05,0.0009596344941250612,0.10811133182493654,0.02972316836592742,6.821874273615978e-09,,,,,,,,,,,,0.9999999649652961,True,0.9999992088783753,True,0.9999987388904311,True
sawtooth,both,1,spherical_sector,classical_null,random,2.0,18.0,,,,7562.0,,0.63671875,7.44030411074503e-05,0.0002753677313305225,8.888988821100966e-05,0.0008127366012014026,9.928339081899409e-05,0.0009876398986674029,0.10836903584051442,0.0297016271090938,6.916519155533022e-09,,,,,,,,,,,,0.999997514388906,True,0.9999960060253779,True,0.9999950406783334,True
sawtooth,both,1,spherical_sector,classical_null,random,3.0,18.0,,,,5301.0,,0.63671875,7.380505140104115e-05,0.0002610383138307304,8.821772535194782e-05,0.0007872946907114264,9.85570960248374e-05,0.0009590307615639504,0.1080523891207066,0.029724778778269012,6.824957291300083e-09,,,,,,,,,,,,0.9999998674779791,True,0.9999986469997766,True,0.9999978900654652,True
sawtooth,both,1,spherical_sector,classical_null,random,4.0,18.0,,,,8531.0,,0.63671875,7.385546403134718e-05,0.00026980387351238644,8.859296596157377e-05,0.0008030238870138096,9.913470943945e-05,0.000976757924222027,0.10810143807413161,0.029715718332350635,6.832801131350439e-09,,,,,,,,,,,,0.9999996691043144,True,0.999997172653448,True,0.9999956239825414,True
sawtooth,both,1,spherical_sector,classical_null,random,5.0,18.0,,,,8379.0,,0.63671875,7.86118595777091e-05,0.00020820663062992573,9.06235808343975e-05,0.000676637503577604,9.9494297505277e-05,0.0008344900733087135,0.10785007809964765,0.0297706232659317,7.556031479921248e-09,,,,,,,,,,,,0.9999809526911936,True,0.9999891942270583,True,0.9999942132528821,True
sawtooth,both,1,spherical_sector,classical_null,random,6.0,18.0,,,,8056.0,,0.63671875,7.385406645728172e-05,0.0002534909087597015,8.789943524416137e-05,0.0007766337779850363,9.801076733878361e-05,0.0009475434900236834,0.10813235696453051,0.029724456861814887,6.83299127054004e-09,,,,,,,,,,,,0.9999996746037674,True,0.9999998975836413,True,1.000000033412685,True
sawtooth,both,1,spherical_sector,classical_null,random,7.0,18.0,,,,4484.0,,0.63671875,7.406275539883895e-05,0.0002307696324986841,8.673819006979181e-05,0.0007428495021478687,9.599145889331622e-05,0.000910757777873139,0.10825508646537166,0.029742515729828483,6.865267759220249e-09,,,,,,,,,,,,0.9999988534129294,True,1.0000044601963103,True,1.000007955528534,True
sawtooth,both,1,spherical_sector,classical_null,random,8.0,18.0,,,,9291.0,,0.63671875,7.378604338097675e-05,0.00025182190913347613,8.777035325048711e-05,0.0007754904202122992,9.784293289896139e-05,0.0009465611153773867,0.10810329864573015,0.029726426237203365,6.822677446648719e-09,,,,,,,,,,,,0.9999999422745246,True,1.0000004047557294,True,1.0000006918578468,True
sawtooth,both,1,spherical_sector,classical_null,random,9.0,18.0,,,,9690.0,,0.63671875,7.378920406707127e-05,0.0002578520496997472,8.797081976250599e-05,0.0007814097934600306,9.816673385537168e-05,0.0009524138294929041,0.10808137936908807,0.029726600222281106,6.822926432765579e-09,,,,,,,,,,,,0.999999929837227,True,0.9999996171089276,True,0.9999994215275539,True
sawtooth,both,1,spherical_sector,classical_null,random,10.0,18.0,,,,6346.0,,0.63671875,7.431610491225099e-05,0.0002793722254213482,8.929678790718833e-05,0.0008207508766781002,9.999676243360751e-05,0.000996858849738047,0.10820163735207089,0.029709048898066616,6.9019903118300705e-09,,,,,,,,,,,,0.9999978564827727,True,0.9999944072883068,True,0.9999922419911953,True
sawtooth,both,1,spherical_sector,classical_null,random,11.0,18.0,,,,4674.0,,0.63671875,7.445523537471302e-05,0.0003042391133743494,9.063488994061466e-05,0.0008611132394424903,0.0001020698970108204,0.0010415087061230177,0.10816658698052758,0.029684929141144727,6.922097235920641e-09,,,,,,,,,,,,0.9999973090045012,True,0.9999891497927973,True,0.9999841087056004,True
sawtooth,both,1,spherical_sector,classical_null,random,12.0,18.0,,,,5472.0,,0.63671875,7.479295228193938e-05,0.00021586646218091365,8.718661742566753e-05,0.0006972887393240645,9.6269445705028e-05,0.0008592889409227977,0.10783484028312325,0.029775438883632845,6.9700885027160225e-09,,,,,,,,,,,,0.9999959800887093,True,1.0000026982941896,True,1.0000068649354987,True
sawtooth,both,1,spherical_sector,classical_null,random,13.0,18.0,,,,3914.0,,0.63671875,7.392525811874222e-05,0.0002510982467845979,8.752564343188519e-05,0.0007705896494291098,9.73596330453723e-05,0.0009404476469769829,0.10819603909468954,0.02972917383799217,6.8441959172494806e-09,,,,,,,,,,,,0.9999993944646297,True,1.0000013662375447,True,1.000002587931445,True
sawtooth,both,1,spherical_sector,classical_null,random,14.0,18.0,,,,6403.0,,0.63671875,7.380971182789238e-05,0.00025161710492238587,8.777836634652568e-05,0.0007710194976744966,9.784137867035534e-05,0.0009408187418801228,0.10802131368216301,0.02973317791640988,6.825418476102245e-09,,,,,,,,,,,,0.9999998491392026,True,1.0000003732717202,True,1.0000006979553695,True
sawtooth,both,1,spherical_sector,classical_null,random,15.0,18.0,,,,5263.0,,0.63671875,0.0005701163963749316,0.0017923642768685744,0.0006262337730309625,0.0035542221668432017,0.0006682714415484633,0.004140268104489642,0.09641722874492326,0.032421702450508114,3.2632109472749243e-07,,,,,,,,,,,,0.9980468826854942,False,0.9978847447082337,False,0.9977627966322892,False
sawtooth,both,1,spherical_sector,classical_null,random,16.0,18.0,,,,3287.0,,0.63671875,7.377887130490004e-05,0.0002560337586462458,8.792507938476484e-05,0.0007794348758337621,9.809876505741215e-05,0.0009504154581650992,0.10810069972126482,0.02972643401161911,6.821593188353841e-09,,,,,,,,,,,,0.9999999704966389,True,0.9999997968260379,True,0.9999996881815626,True
sawtooth,both,1,spherical_sector,classical_null,random,17.0,18.0,,,,2869.0,,0.63671875,0.00011855643987538312,0.00045975362620193083,0.00013656116164406304,0.001011695918029465,0.00014969607124866097,0.0011788630394997113,0.10400471492934453,0.02999451847841348,1.5395621770002913e-08,,,,,,,,,,,,0.99982377079589,True,0.9998087022923653,True,0.9997972625253653,True
sawtooth,both,1,spherical_sector,classical_null,random,18.0,18.0,,,,8303.0,,0.63671875,7.3902634149912e-05,0.00025903617907641063,8.803849367622903e-05,0.0007814597241945775,9.820731239328347e-05,0.0009520892804278924,0.10801835598870083,0.02973025790205244,6.839085473203272e-09,,,,,,,,,,,,0.9999994834899311,True,0.9999993512134365,True,0.9999992623305383,True
sawtooth,both,1,spherical_sector,classical_null,random,19.0,18.0,,,,4294.0,,0.63671875,7.38331482488478e-05,0.00026316316957530894,8.829046917368529e-05,0.0007899749368204256,9.865847690457198e-05,0.0009618815932308511,0.10804862165898725,0.029724880216221918,6.829068799088429e-09,,,,,,,,,,,,0.9999997569169028,True,0.9999983611842658,True,0.9999974923297574,True
sawtooth,both,1,generic,variational,random,0.0,16.0,12.0,3.0,0.1597992600608954,28067.0,15.706866799970157,0.63671875,0.0003350637463937024,0.0014135417749212564,0.00037924472230835255,0.0029172748143987404,0.00041161174345239864,0.0033682145402251784,0.11912331574304723,0.028646370527868323,1.1374541101009248e-07,16.0,True,CONVERGENCE: RELATIVE REDUCTION OF F <= FACTR*EPSMCH,1.1374541101009248e-07,0.29639775424542647,0.46658593943413923,0.29639775424542647,-0.41686994372778774,-1.6611620566298022,0.029503936872086436,-0.2619009164509433,0.9989718146974167,False,0.9988551817845271,False,0.9987697195056253,False
sawtooth,both,1,generic,variational,random,1.0,16.0,12.0,3.0,0.16999798354187745,4522.0,2.067271100007929,0.63671875,0.0028701269105726912,0.013661705302263183,0.0030160446994519727,0.018587549979172835,0.0031350899478580782,0.019922988223502858,0.10073067952705583,0.025566121949386334,8.238891450808306e-06,16.0,True,CONVERGENCE: RELATIVE REDUCTION OF F <= FACTR*EPSMCH,8.238891450808306e-06,0.16269849978908985,0.23544178284230272,0.16269849978908985,-0.5946599409855572,-8.0,0.5843237317083729,-0.7539344830447978,0.9889963429340412,False,0.9884950121612044,False,0.9880850170790595,False
sawtooth,both,1,generic,variational,random,2.0,16.0,12.0,3.0,0.012185197668232783,20162.0,11.382852300012019,0.63671875,0.00104597394570258,0.004476435184496141,0.0011195556365681798,0.00731600322154724,0.0011767334163231393,0.008122081065011666,0.11590275182770302,0.02727564917944872,1.095493279098695e-06,16.0,True,CONVERGENCE: RELATIVE REDUCTION OF F <= FACTR*EPSMCH,1.095493279098695e-06,0.14115122956059084,0.16495118952674165,0.14115122956059084,1.7663097142616724,-2.223053158442972,1.7494310687584114,-0.9984041885127163,0.9961743835644538,False,0.9959464489598108,False,0.995768007437023,False
sawtooth,both,1,generic,variational,random,3.0,16.0,12.0,3.0,0.5392992546824755,15011.0,6.9246468000346795,0.63671875,0.0028226850121283228,0.012631357825064748,0.002952058789242835,0.0171796409570239,0.0030580072196732954,0.018418297919839066,0.100277661566537,0.025974356957702498,7.968813197879112e-06,16.0,True,CONVERGENCE: RELATIVE REDUCTION OF F <= FACTR*EPSMCH,7.968813197879112e-06,0.29395157687734835,0.577026677145346,0.29395157687734835,1.7700598046517382,-8.0,0.15614642824234082,-2.7270087544417168,0.9891830267709648,False,0.9887464172313712,False,0.9883874267005318,False
sawtooth,both,1,generic,variational,random,4.0,16.0,12.0,3.0,0.20623603673252933,26605.0,13.634866600041278,0.63671875,0.0012869548032213719,0.005775908185490342,0.0013614890089953457,0.008946395431458476,0.0014201861828418267,0.009836206809431758,0.11000023622633673,0.0271887664530823,1.6576245555613542e-06,16.0,True,CONVERGENCE: RELATIVE REDUCTION OF F <= FACTR*EPSMCH,1.6576245555613542e-06,0.37278010566427666,0.5559911993300711,0.37278010566427666,-0.3379334581584446,-2.5327557290706992,-0.21513613355328462,-0.786055681727922,0.9952261240600516,False,0.9949958759934824,False,0.9948128977684496,False
sawtooth,both,1,generic,variational,random,5.0,16.0,12.0,3.0,0.3639051848440248,30481.0,16.858022599946707,0.63671875,0.0010656201613773678,0.004968519259314297,0.0011413828236606332,0.00811815384128034,0.001200241102883536,0.00900761376868442,0.11180121886890067,0.026921175984595713,1.1369335522824626e-06,16.0,True,CONVERGENCE: RELATIVE REDUCTION OF F <= FACTR*EPSMCH,1.1369335522824626e-06,0.3086265278680783,0.41502662456485334,0.3086265278680783,-0.689451052867104,-1.9900486671233208,2.4341423974246656,-2.4122948377765896,0.9960970757196278,False,0.9958606884308978,False,0.9956757824890765,False
sawtooth,both,1,generic,variational,random,6.0,16.0,12.0,3.0,0.2931543549445609,27115.0,13.209820999996737,0.63671875,0.00033709436115812074,0.0017023701940716007,0.0003785655802486463,0.0032697970809245636,0.00040923008486966605,0.0037337558443516494,0.11293174082125677,0.028447511040025204,1.1504640084321437e-07,16.0,True,CONVERGENCE: RELATIVE REDUCTION OF F <= FACTR*EPSMCH,1.1504640084321437e-07,0.09979322799527435,0.15235705683437661,0.09979322799527435,-0.2875536079648416,-1.7988532709778806,1.1103957547186292,1.9312443552528697,0.9989638242297505,False,0.9988578501806883,False,0.9987790631872444,False
sawtooth,both,1,generic,variational,random,7.0,16.0,12.0,3.0,0.20446165961344742,16507.0,7.0478982999920845,0.63671875,0.0012128059864255033,0.005819892693628037,0.0012908794184234022,0.008791926878379597,0.001352428996220043,0.009624880631594612,0.10931072222666537,0.02752496269294551,1.472266717558734e-06,16.0,True,CONVERGENCE: RELATIVE REDUCTION OF F <= FACTR*EPSMCH,1.472266717558734e-06,0.22498381429056402,0.37734968801726865,0.22498381429056402,-0.3637197884205589,-2.4875803371268077,0.29530934171866785,-0.8936034633494518,0.9955178996018554,False,0.9952733059622701,False,0.9950787215871032,False
sawtooth,both,1,generic,variational,random,8.0,16.0,12.0,3.0,0.18128039185617928,17102.0,9.136737600027118,0.63671875,0.001922240807062704,0.005931333906783576,0.0020017829875205815,0.008437486370076686,0.0020657382362053345,0.009130931287240851,0.10855681074859795,0.02942428228723224,3.6963895312674343e-06,16.0,True,CONVERGENCE: RELATIVE REDUCTION OF F <= FACTR*EPSMCH,3.6963895312674343e-06,0.0898505069210205,0.13267122352940128,0.0898505069210205,-0.6868943399656339,-2.4515291034452638,1.2443208760615525,3.716194108254222,0.9927262740829252,False,0.9924801166322056,False,0.9922802791560116,False
sawtooth,both,1,generic,variational,random,9.0,16.0,12.0,3.0,0.1322096443350238,27064.0,13.06631689995993,0.63671875,0.0013062465741571574,0.007206660152933253,0.0014148801566273115,0.011089360462652964,0.001499027572770975,0.01217198888036014,0.11217829110696889,0.026265451925268905,1.7076645499276328e-06,16.0,True,CONVERGENCE: RELATIVE REDUCTION OF F <= FACTR*EPSMCH,1.7076645499276328e-06,0.43708070555044265,0.44733566595444124,0.43708070555044265,-0.36407444346454326,-2.4742791364672843,1.951356544248118,-2.655458324777949,0.9951502109550234,False,0.994786098478826,False,0.9945035885957428,False
sawtooth,both,1,generic,variational,random,10.0,16.0,12.0,3.0,0.21451474154551642,15844.0,6.428370699984953,0.63671875,0.0008418211073587302,0.004410685433848371,0.0009235462679268412,0.007557686544687581,0.0009853753580861865,0.0084572647029868,0.11186955607147453,0.026708602876733916,7.100485583841608e-07,16.0,True,CONVERGENCE: RELATIVE REDUCTION OF F <= FACTR*EPSMCH,7.100485583841608e-07,0.2753979788397343,0.3988672166568512,0.2753979788397343,-0.3006841883879521,-2.240333563977155,0.07766505494593974,-0.27138243540386253,0.9969777248393729,False,0.9967165833365125,False,0.9965187400501497,False
sawtooth,both,1,generic,variational,random,11.0,16.0,12.0,3.0,0.07937235840483448,10472.0,6.042371199990157,0.63671875,0.002937987241574406,0.013474049935301824,0.003075635286314783,0.01819472606278133,0.0031884357897273715,0.01947238225109238,0.10019840207397947,0.02591914325867105,8.633030207107313e-06,16.0,True,CONVERGENCE: RELATIVE REDUCTION OF F <= FACTR*EPSMCH,8.633030207107313e-06,0.07481515239718041,0.12956256798979995,0.07481515239718041,0.04762675665349403,-6.046118585826251,1.7483437160128878,-1.9969102197384787,0.9887293125794031,False,0.9882608766206995,False,0.9878757315980353,False
sawtooth,both,1,generic,variational,random,12.0,16.0,12.0,3.0,0.30540930266302946,17119.0,8.030425200005993,0.63671875,0.0003418687424315984,0.00151154270544418,0.00038427910052924976,0.003076232841927262,0.0004155219738297778,0.0035445319092740624,0.11821880310640205,0.02853146224219935,1.183417397052486e-07,16.0,True,CONVERGENCE: RELATIVE REDUCTION OF F <= FACTR*EPSMCH,1.183417397052486e-07,0.21343186080843668,0.28019367634044284,0.21343186080843668,-0.7031060729592656,-1.5057141420677327,0.9961803151839357,-0.785056492039694,0.9989450370428062,False,0.9988354013640293,False,0.9987543789576694,False
sawtooth,both,1,generic,variational,random,13.0,16.0,12.0,3.0,0.3017970727004039,22814.0,11.764962300017942,0.63671875,0.0002325645923332013,0.0010736247806698573,0.00026618951480062494,0.002264763028324457,0.0002906958944048891,0.0026267298239223136,0.11610109887178159,0.02891719907760868,5.553647258660202e-08,16.0,True,CONVERGENCE: RELATIVE REDUCTION OF F <= FACTR*EPSMCH,5.553647258660202e-08,0.26921490455068103,0.42508791107113864,0.26921490455068103,-0.7670070564804796,-1.3067019857100526,0.12454863274867935,0.021092777519475227,0.9993751487963645,False,0.9992993835202418,False,0.9992440944661586,False
sawtooth,both,1,generic,variational,random,14.0,16.0,12.0,3.0,0.3272132175071648,26877.0,13.976239699986763,0.63671875,0.0007881942316863914,0.003925659097134826,0.00086430157707708,0.006847067229392878,0.0009219579232831908,0.007687707204612482,0.11093864240524937,0.02679212897015528,6.226274545774549e-07,16.0,True,CONVERGENCE: RELATIVE REDUCTION OF F <= FACTR*EPSMCH,6.226274545774549e-07,0.08731369120674692,0.14518113138001792,0.08731369120674692,-0.5772260297158845,-2.0960792884206363,2.0161702860963002,-1.2349353954367637,0.9971887465573271,False,0.9969493598276401,False,0.9967675382297826,False
sawtooth,both,1,generic,variational,random,15.0,16.0,12.0,3.0,0.14327321777429547,15504.0,6.97999510000227,0.63671875,0.0005810364163850133,0.0031604489415811843,0.0006490519131843013,0.00562557306682776,0.0006997489390364241,0.006340973570291286,0.11802746268838028,0.02729202330130697,3.390565120254355e-07,16.0,True,CONVERGENCE: RELATIVE REDUCTION OF F <= FACTR*EPSMCH,3.390565120254355e-07,0.27325883165937925,0.46526660533592845,0.27325883165937925,-0.3291321320496618,-1.823296119025224,0.09068643367790802,-1.5964951364067628,0.9980039124144551,False,0.9977950906561529,False,0.9976393046604248,False
sawtooth,both,1,generic,variational,random,16.0,16.0,12.0,3.0,0.16759694265265423,12784.0,5.153327599982731,0.63671875,0.002934322723033957,0.013851394237728187,0.003081146845770053,0.018736938835722028,0.003201249001858442,0.020060403935817317,0.10073255594723327,0.02558727443148437,8.611513041217204e-06,16.0,True,CONVERGENCE: RELATIVE REDUCTION OF F <= FACTR*EPSMCH,8.611513041217204e-06,0.15876583851996506,0.3039100427248675,0.15876583851996506,-0.6119440812390154,-7.2342335789388175,0.6321165793795407,-2.3297908825736338,0.9887437324572755,False,0.9882392213221025,False,0.9878254630265715,False
sawtooth,both,1,generic,variational,random,17.0,16.0,12.0,3.0,0.16859936742925885,19992.0,10.348126400029287,0.63671875,0.00197805479303166,0.00833769751255048,0.0020599553058935067,0.011921242403305055,0.0021263003347906594,0.01290758427083466,0.10783158666498234,0.026795331423347526,3.9140470334164064e-06,16.0,True,CONVERGENCE: RELATIVE REDUCTION OF F <= FACTR*EPSMCH,3.9140470334164064e-06,0.6908826133826378,0.7795446205724713,0.6908826133826378,-0.565898140750901,-3.0460868601516236,1.4530801027395277,-2.9416856647977347,0.9925066460874963,False,0.9922515535667668,False,0.9920426829818745,False
sawtooth,both,1,generic,variational,random,18.0,16.0,12.0,3.0,0.009835809434428966,15232.0,10.195007999951486,0.63671875,0.004305283062685339,0.02005193086881285,0.004479773073620476,0.023501745633515925,0.004627687694810495,0.024386780919913198,0.09436537042891499,0.026126664018370264,1.8536667170189724e-05,16.0,True,CONVERGENCE: RELATIVE REDUCTION OF F <= FACTR*EPSMCH,1.8536667170189724e-05,0.06507206724162722,0.0746121995918606,0.06507206724162722,0.4136899673402982,-8.0,5.520383278506691,-3.7574681438957853,0.9833490044875174,False,0.982743922063243,False,0.9822292835016987,False
sawtooth,both,1,generic,variational,random,19.0,16.0,12.0,3.0,0.5138585060709312,30702.0,16.666073900007177,0.63671875,0.0006472881805003284,0.003167851036085245,0.0007134403452483992,0.005594352136191305,0.0007631802257655469,0.006297846631721504,0.10651548207628314,0.02775555154796787,4.2032469895166824e-07,16.0,True,CONVERGENCE: RELATIVE REDUCTION OF F <= FACTR*EPSMCH,4.2032469895166824e-07,0.11232842421599283,0.14681646452551553,0.11232842421599283,-0.2468418724584432,-2.121748367208844,1.8134517686805978,-0.2923783751689865,0.9977432117693807,False,0.9975421040497565,False,0.9973904521371556,False
sawtooth,both,1,equivariant,variational,random,0.0,16.0,8.0,2.0,3.4957796651635675e-05,8500.0,5.559219999995548,0.63671875,0.11999449003370652,0.269218962337117,0.12030875959089843,0.2819351858276019,0.12060292987976563,0.28512143001379675,0.07574804805277585,0.0,0.014398678395929773,8.0,True,CONVERGENCE: RELATIVE REDUCTION OF F <= FACTR*EPSMCH,0.014398678395929773,0.0,0.0,0.0,3.3896134612022726,-1.00941391267178,-1.3114777368132664,-1.183066838675863,0.528112056637949,False,0.527643816625409,False,0.5272372260691893,False
sawtooth,both,1,equivariant,variational,random,1.0,16.0,8.0,2.0,0.03631201083260849,8636.0,9.283917499997187,0.63671875,0.1195677499578215,0.2608682125374428,0.11985691185042968,0.27462282293530255,0.12012582701444979,0.27809599109691974,0.10981521916974712,0.0,0.014296447928128316,8.0,True,CONVERGENCE: RELATIVE REDUCTION OF F <= FACTR*EPSMCH,0.014296447928128316,0.0,0.0,0.0,4.346422339271998,-1.5207764843118001,-1.1205298281699945,-0.8502884468413431,0.5297912785356291,False,0.5294191576735542,False,0.5291089877504523,False
sawtooth,both,1,equivariant,variational,random,2.0,16.0,8.0,2.0,0.5261944267444736,16439.0,13.002873000048567,0.63671875,0.11929110311635088,0.26042686466041026,0.11960801225650587,0.27617039956283035,0.11989889535325526,0.28014188868368856,0.9088942762063003,0.0,0.014230376371658622,8.0,True,CONVERGENCE: RELATIVE REDUCTION OF F <= FACTR*EPSMCH,0.014230376371658622,0.0,0.0,0.0,1.6162462122246175,1.8544217513071504,-0.8862604821897861,-1.024799512929347,0.5308798836617309,False,0.5303971014063285,False,0.5299992821053355,False
sawtooth,both,1,equivariant,variational,random,3.0,16.0,8.0,2.0,0.35672173185873457,6069.0,2.1362688000081107,0.63671875,0.11953878653096338,0.26026418749100744,0.11983434528529052,0.2743878118678643,0.12010814787329722,0.27795421041955415,0.13776333154377438,0.0,0.014289522862928545,8.0,True,CONVERGENCE: RELATIVE REDUCTION OF F <= FACTR*EPSMCH,0.014289522862928545,0.0,0.0,0.0,2.278645415728194,-1.0555409027056222,-1.2637876378012805,-1.0977002443086636,0.5299052495998914,False,0.5295078232699908,False,0.5291783462502072,False
sawtooth,both,1,equivariant,variational,random,4.0,16.0,8.0,2.0,0.001313910613700342,935.0,0.3762830999912694,0.63671875,0.11997387977271545,0.25631283273841843,0.12024613872342264,0.2690275038420595,0.12049890704233697,0.2722895722871198,0.0731507079950207,0.0,0.014393732559225061,8.0,True,CONVERGENCE: RELATIVE REDUCTION OF F <= FACTR*EPSMCH,0.014393732559225061,0.0,0.0,0.0,-0.7989519023577217,-0.43998157811494176,-1.3732791712410581,-0.4368177188189931,0.5281931580004149,False,0.5278898583481912,False,0.5276453266597115,False
sawtooth,both,1,equivariant,variational,random,5.0,16.0,8.0,2.0,0.6557983811571622,11305.0,4.738666900026146,0.63671875,0.11929119625806997,0.26047121024133973,0.11960716524455221,0.2761859485119364,0.11989732344842392,0.2801500840476354,0.8695260275401527,0.0,0.014230398199941643,8.0,True,CONVERGENCE: RELATIVE REDUCTION OF F <= FACTR*EPSMCH,0.014230398199941643,0.0,0.0,0.0,3.9470858144603893,2.003202463399245,-0.9492793898728479,-1.4330337106098963,0.530879517149132,False,0.5304004293749224,False,0.53000544897509,False
sawtooth,both,1,equivariant,variational,random,6.0,16.0,8.0,2.0,0.00942018315190385,5797.0,3.0745037000160664,0.63671875,0.11944184545468117,0.26068657829695335,0.1197378276147529,0.275274413062888,0.12001221766540857,0.2789554717905001,0.08048226921969813,0.0,0.014266355250442633,8.0,True,CONVERGENCE: RELATIVE REDUCTION OF F <= FACTR*EPSMCH,0.014266355250442633,0.0,0.0,0.0,-0.9239056363100466,1.5780471306458805,-1.2116572415595679,-0.9051039384980678,0.5302867126667014,False,0.5298870478782604,False,0.5295546979769625,False
sawtooth,both,1,equivariant,variational,random,7.0,16.0,8.0,2.0,0.4788524721271161,4811.0,2.3247572000254877,0.63671875,0.11929110311112197,0.2604287465599411,0.11960801136745755,0.2761715350442364,0.11989889503675058,0.2801428340909986,0.908557012566447,0.0,0.01423037636703846,8.0,True,CONVERGENCE: RELATIVE REDUCTION OF F <= FACTR*EPSMCH,0.01423037636703846,0.0,0.0,0.0,1.5208241297362601,2.0230062949082654,-1.0073129556158185,-0.8261742013854281,0.5308798836823068,False,0.5303971048994608,False,0.5299992833470412,False
sawtooth,both,1,equivariant,variational,random,8.0,16.0,8.0,2.0,0.003550527516344104,3553.0,1.5778870999929495,0.63671875,0.11944182348166092,0.260678288983482,0.11973777519363679,0.2752656064303849,0.1200121362119292,0.2789465349999051,0.0804856954323959,0.0,0.0142663500014812,8.0,True,CONVERGENCE: RELATIVE REDUCTION OF F <= FACTR*EPSMCH,0.0142663500014812,0.0,0.0,0.0,-0.9295980949303583,1.7169706012302683,-1.163398633354262,-0.8474122135424532,0.5302867991305205,False,0.5298872538444541,False,0.5295550175338393,False
sawtooth,both,1,equivariant,variational,random,9.0,16.0,8.0,2.0,0.5272983377075285,12903.0,7.0365072000422515,0.63671875,0.11929110310538578,0.2604288302186977,0.11960803210453823,0.2761723787627043,0.11989893238869982,0.28014386849970635,0.9091337462128516,0.0,0.014230376371437243,8.0,True,CONVERGENCE: RELATIVE REDUCTION OF F <= FACTR*EPSMCH,0.014230376371437243,0.0,0.0,0.0,1.9021114114309425,1.7043230295532434,-0.793445437706346,-0.9305548682561543,0.5308798837048787,False,0.5303970234220353,False,0.5299991368085222,False
sawtooth,both,1,equivariant,variational,random,10.0,16.0,8.0,2.0,0.0215801515212366,7871.0,7.982097600004636,0.63671875,0.11959035088477023,0.25430887877169567,0.11985511006812762,0.2676427694848066,0.12010064338658738,0.2710387514081516,0.1072808009844253,0.0,0.014301853097550473,8.0,True,CONVERGENCE: RELATIVE REDUCTION OF F <= FACTR*EPSMCH,0.014301853097550473,0.0,0.0,0.0,3.078323282369722,-1.34156977228753,-1.2430684193435892,-1.2836218832392556,0.5297023439040236,False,0.5294262370009342,False,0.5292077877222295,False
sawtooth,both,1,equivariant,variational,random,11.0,16.0,8.0,2.0,0.5773514642665946,15368.0,14.212445900018793,0.63671875,0.11938315788930863,0.25857351225412534,0.11967141557990317,0.2734330757071249,0.11993827290445619,0.27719020407517436,0.13217075251180754,0.0,0.014252339709331117,8.0,True,CONVERGENCE: RELATIVE REDUCTION OF F <= FACTR*EPSMCH,0.014252339709331117,0.0,0.0,0.0,4.2154115942118295,0.9978727650846178,-1.0947746417687134,-0.8842224603506033,0.5305176481950571,False,0.5301479853600707,False,0.5298447967798469,False
sawtooth,both,1,equivariant,variational,random,12.0,16.0,8.0,2.0,0.6589330802119567,8670.0,7.21843040001113,0.63671875,0.11929110314783659,0.2604328700975801,0.11960804899265948,0.27617668452858773,0.11989896511502326,0.2801482414059868,0.9092235495323294,0.0,0.014230376382463284,8.0,True,CONVERGENCE: RELATIVE REDUCTION OF F <= FACTR*EPSMCH,0.014230376382463284,0.0,0.0,0.0,1.9451431030581894,4.466483215624612,-1.226735812814824,-0.5561526531884649,0.5308798835378347,False,0.5303969570674381,False,0.529999008417178,False
sawtooth,both,1,equivariant,variational,random,13.0,16.0,8.0,2.0,0.0023988439799547123,10030.0,10.508018799999263,0.63671875,0.11954688209687539,0.25860222754511597,0.11983063108036582,0.2724217561128833,0.12009389932532379,0.2759200479361224,0.12061761909449115,0.0,0.014291458225260416,8.0,True,CONVERGENCE: RELATIVE REDUCTION OF F <= FACTR*EPSMCH,0.014291458225260416,0.0,0.0,0.0,2.7664371193846176,-1.6918869672319936,-0.8239210015345015,-1.1234835575587951,0.5298733935537365,False,0.5295224166382285,False,0.5292342459063383,False
sawtooth,both,1,equivariant,variational,random,14.0,16.0,8.0,2.0,0.03580461115711864,2057.0,1.6337783999624662,0.63671875,0.11989104852253984,0.25670280441862847,0.12016180900275324,0.26974295595088144,0.12041332499322156,0.2730862683074914,0.07442540563599795,0.0,0.01437386426008806,8.0,True,CONVERGENCE: RELATIVE REDUCTION OF F <= FACTR*EPSMCH,0.01437386426008806,0.0,0.0,0.0,-0.7890166721675934,-0.3378367361576618,-1.02856310303791,-0.9714263715727395,0.5285190989114452,False,0.5282211956578073,False,0.5279810806695563,False
sawtooth,both,1,equivariant,variational,random,15.0,16.0,8.0,2.0,1.8154589176200275e-05,9809.0,9.166940300026909,0.63671875,0.11999154441010673,0.2689654774249549,0.12030513885558981,0.28168260910318144,0.12059862254103873,0.2848701118082325,0.07536469563854495,0.0,0.01439797148356957,8.0,True,CONVERGENCE: RELATIVE REDUCTION OF F <= FACTR*EPSMCH,0.01439797148356957,0.0,0.0,0.0,3.790786461197492,-0.9927279616594378,-0.9496280524434294,-0.9462555203305264,0.528123647664737,False,0.5276580427450555,False,0.5272541245457304,False
sawtooth,both,1,equivariant,variational,random,16.0,16.0,8.0,2.0,0.040108166241855425,12920.0,11.560953399981372,0.63671875,0.11958546891436538,0.25405761132210225,0.11985000171674108,0.26752278788835765,0.12009517178275834,0.27095185436837865,0.10682296707895472,0.0,0.01430068544369832,8.0,True,CONVERGENCE: RELATIVE REDUCTION OF F <= FACTR*EPSMCH,0.01430068544369832,0.0,0.0,0.0,5.012389782426027,-1.302150862104339,-1.0478677549297353,-0.7199374810630224,0.5297215544541239,False,0.5294463080671199,False,0.5292292538234139,False
sawtooth,both,1,equivariant,variational,random,17.0,16.0,8.0,2.0,0.023113026227208455,9554.0,8.339937600016128,0.63671875,0.1195467042212029,0.2587190173447671,0.1198308732224406,0.27254795695189865,0.12009454515838999,0.2760481316351309,0.12042925563383583,0.0,0.01429141569444433,8.0,True,CONVERGENCE: RELATIVE REDUCTION OF F <= FACTR*EPSMCH,0.01429141569444433,0.0,0.0,0.0,0.9471060227863184,-1.6681666154361923,-0.5350939728614132,-0.8523579721000344,0.5298740934943823,False,0.5295214652452562,False,0.5292317121852611,False
sawtooth,both,1,equivariant,variational,random,18.0,16.0,8.0,2.0,0.03582957370751361,1819.0,1.5509136999608018,0.63671875,0.11989104854773568,0.25670339495101324,0.12016180904706925,0.2697436403955182,0.12041332523202944,0.2730869778009562,0.07442617545247758,0.0,0.014373864266137267,8.0,True,CONVERGENCE: RELATIVE REDUCTION OF F <= FACTR*EPSMCH,0.014373864266137267,0.0,0.0,0.0,-0.7890080489604969,-0.337775391256549,-0.7269504542294767,-0.873306424971772,0.5285190988122996,False,0.5282211954836867,False,0.5279810797326693,False
sawtooth,both,1,equivariant,variational,random,19.0,16.0,8.0,2.0,0.4903166814344011,6936.0,5.380509199982043,0.63671875,0.11929110311425847,0.26042925284853324,0.11960801276476178,0.27617255904744786,0.11989889774402444,0.28014398279722735,0.9085317317780423,0.0,0.014230376367533966,8.0,True,CONVERGENCE: RELATIVE REDUCTION OF F <= FACTR*EPSMCH,0.014230376367533966,0.0,0.0,0.0,2.543122473985022,1.6287300796878963,-0.4997123611967085,-0.7995100160533926,0.5308798836699645,False,0.5303970994093556,False,0.5299992727259113,False
sawtooth,both,1,sector_mixed,variational,random,0.0,16.0,10.0,3.0,0.005297931496863972,8245.0,3.5453747999854386,0.63671875,0.008832751537592434,0.03190678959555715,0.009121854126911196,0.03658587797230581,0.009373098369121221,0.03778424195487562,0.08674860183612587,0.02577261307642418,7.801862493699062e-05,16.0,True,CONVERGENCE: RELATIVE REDUCTION OF F <= FACTR*EPSMCH,7.801862493699062e-05,0.2417410484473374,0.24183307845335325,0.2417410484473374,-0.8881800821286551,-6.710359229891225,6.011234745679532,-3.270056316774937,0.9655334192314259,False,0.964504864290874,False,0.9636121706990929,False
sawtooth,both,1,sector_mixed,variational,random,1.0,16.0,10.0,3.0,0.24697907823554366,12801.0,6.3093704000348225,0.63671875,0.11458322916436611,0.19119902172214417,0.11467178109397824,0.21129251378760044,0.1147381135803496,0.21660333608259744,0.07813007998161435,0.003070301394410544,0.013129317217737453,16.0,True,CONVERGENCE: RELATIVE REDUCTION OF F <= FACTR*EPSMCH,0.013129317217737453,0.006553551300003745,0.01073930177826094,0.006553551300003745,-0.6019593501228798,0.14381963650480242,-8.0,4.384615935210237,0.5494053643429053,False,0.5497918953182716,False,0.5502459715933369,False
sawtooth,both,1,sector_mixed,variational,random,2.0,16.0,10.0,3.0,0.08672277346758617,10336.0,9.40802920004353,0.63671875,0.008681524926478352,0.028838042717475226,0.008960912211674546,0.033307026485911384,0.009203452511164462,0.03445381477798712,0.08704183183880997,0.02571906643917193,7.537000265804774e-05,16.0,True,CONVERGENCE: RELATIVE REDUCTION OF F <= FACTR*EPSMCH,7.537000265804774e-05,0.5994621647345786,0.5995513252012605,0.5994621647345786,-0.8083597041637189,-8.0,6.18834245714002,-4.630319949397197,0.9661284958395182,False,0.9651372162158616,False,0.9642777223848876,False
sawtooth,both,1,sector_mixed,variational,random,3.0,16.0,10.0,3.0,0.30377327338273064,31246.0,47.406635500025004,0.63671875,0.0016560357959550102,0.007201539503058463,0.0017543273870320039,0.010569021408664003,0.0018332502859201966,0.011512216660247931,0.10352051892333783,0.026506439211377193,2.743754827065691e-06,16.0,True,CONVERGENCE: RELATIVE REDUCTION OF F <= FACTR*EPSMCH,2.743754827065691e-06,0.6962267266172694,0.8355204523444375,0.6962267266172694,1.7964834640926013,-1.3134547104486343,0.4847343514542266,-3.4103812233000244,0.9937737906139122,False,0.9934523868148228,False,0.9931923718478277,False
sawtooth,both,1,sector_mixed,variational,random,4.0,16.0,10.0,3.0,0.21557384064627316,24633.0,20.718294699967373,0.63671875,0.0007123599664167024,0.003893867735842882,0.0007840272574146102,0.006068058565643131,0.0008384844108643705,0.00668124883079832,0.14108254611781298,0.02896614851155835,5.091572086994991e-07,16.0,True,CONVERGENCE: RELATIVE REDUCTION OF F <= FACTR*EPSMCH,5.091572086994991e-07,0.24943027996819467,0.4899877913882882,0.24943027996819467,1.6714848221186371,-1.0231676456404508,0.19225157921632527,-1.1350087709215955,0.9974871543376868,False,0.9972647631859946,False,0.9970950200650522,False
sawtooth,both,1,sector_mixed,variational,random,5.0,16.0,10.0,3.0,0.16593462946327286,13158.0,12.542588099953718,0.63671875,0.008621999539061165,0.030424985898482637,0.008889702346271983,0.03600130737623636,0.00912204736509767,0.0374287741202477,0.08697425477366451,0.025948068205311987,7.434000527480073e-05,16.0,True,CONVERGENCE: RELATIVE REDUCTION OF F <= FACTR*EPSMCH,7.434000527480073e-05,0.8267071475140386,0.8267981928154622,0.8267071475140386,-0.6776906544498644,-6.93258359892354,5.1465776057909025,-3.708478876217082,0.966362728197029,False,0.9654170047060086,False,0.9645970896411806,False
sawtooth,both,1,sector_mixed,variational,random,6.0,16.0,10.0,3.0,2.4530595228444696e-06,4930.0,3.065903700015042,0.63671875,0.03425803477148965,0.10656140953518867,0.034829027398306234,0.11885298730510135,0.0353431437292211,0.12186193579763838,0.1005803055572205,0.024515934351708284,0.001173614197366993,16.0,True,CONVERGENCE: RELATIVE REDUCTION OF F <= FACTR*EPSMCH,0.001173614197366993,0.9999455853692535,0.9999899692357506,0.9999455853692535,-1.229811327805783,5.44737916802538,3.655261627520396,-1.2559577685745582,0.8654849476353724,False,0.8634996011171745,False,0.8617269394428975,False
sawtooth,both,1,sector_mixed,variational,random,7.0,16.0,10.0,3.0,0.0865415105772005,12750.0,9.648647600028198,0.63671875,0.0022599461127923233,0.011235116236988585,0.002380152935683581,0.01549866481388018,0.002477876928977395,0.016661255581159384,0.10737248337685636,0.026109136728678792,5.1086912489261885e-06,16.0,True,CONVERGENCE: RELATIVE REDUCTION OF F <= FACTR*EPSMCH,5.1086912489261885e-06,0.14152680772414383,0.22176985117603626,0.14152680772414383,0.5202908050512768,-2.8514698867538892,0.9850760366421817,-4.3635751284013615,0.9913974039430212,False,0.9909934749159908,False,0.9906633837890431,False
sawtooth,both,1,sector_mixed,variational,random,8.0,16.0,10.0,3.0,0.09236913126740132,27183.0,17.40036530001089,0.63671875,0.0020166332043098124,0.009705798788556264,0.0021265062939924517,0.013813890848685617,0.0022151560830894123,0.014943163297612028,0.10986516072062334,0.026147485066491755,4.068169607182734e-06,16.0,True,CONVERGENCE: RELATIVE REDUCTION OF F <= FACTR*EPSMCH,4.068169607182734e-06,0.11844777905483819,0.16694528102056166,0.11844777905483819,1.0690493979830626,-2.6067751868095805,1.4394468607871405,-6.6469548165350885,0.9923548400663212,False,0.9919900701280221,False,0.9916940856522074,False
sawtooth,both,1,sector_mixed,variational,random,9.0,16.0,10.0,3.0,0.15254775380078223,6936.0,4.562069200037513,0.63671875,0.0019245149094076893,0.008852270498910797,0.0020418227739085124,0.012872665965571128,0.0021361179857233223,0.013988418665847324,0.11128459076244014,0.025950487401389773,3.705129987314125e-06,16.0,True,CONVERGENCE: RELATIVE REDUCTION OF F <= FACTR*EPSMCH,3.705129987314125e-06,0.24610629049161575,0.410569584113992,0.24610629049161575,-0.44255701194206465,-2.4660730289156234,0.17344920759582277,-2.243417035644071,0.9927173254918014,False,0.9923227975400271,False,0.9920041665441172,False
sawtooth,both,1,sector_mixed,variational,random,10.0,16.0,10.0,3.0,0.1818997657267818,9503.0,5.506358699989505,0.63671875,0.002019265295179626,0.009194275237690286,0.0021220405311725525,0.013197677800870389,0.002205110492711334,0.014301427979445391,0.1129834219662386,0.026185958480896207,4.078824026121334e-06,16.0,True,CONVERGENCE: RELATIVE REDUCTION OF F <= FACTR*EPSMCH,4.078824026121334e-06,0.5139910127474698,0.8150970856732503,0.5139910127474698,-0.48234808374154436,-2.21136448637809,-0.36848727100724593,-7.6530933749601555,0.9923444827906046,False,0.9920076164192513,False,0.9917334963380413,False
sawtooth,both,1,sector_mixed,variational,random,11.0,16.0,10.0,3.0,0.17840428042322598,11662.0,6.681358900037594,0.63671875,0.0031731255193293783,0.014869656146553889,0.003322388998350433,0.020157776176312647,0.0034446763408516297,0.02158114385187071,0.1012465736095293,0.02544042290271162,1.0069992431384458e-05,16.0,True,CONVERGENCE: RELATIVE REDUCTION OF F <= FACTR*EPSMCH,1.0069992431384458e-05,0.4074415202682412,0.6517944688842292,0.4074415202682412,2.9898057192950724,-5.658996235911675,-0.3368728504865661,-2.21656687233788,0.9878040436222515,False,0.9872913642063968,False,0.9868704531148249,False
sawtooth,both,1,sector_mixed,variational,random,12.0,16.0,10.0,3.0,0.18105892514064115,22933.0,14.584066200011875,0.63671875,0.002142454523786248,0.01105057202092491,0.0022612311171031512,0.015494748447980045,0.002356881968259972,0.016702592361006074,0.1076900444077896,0.026193305930814814,4.591450219995545e-06,16.0,True,CONVERGENCE: RELATIVE REDUCTION OF F <= FACTR*EPSMCH,4.591450219995545e-06,0.08316831303523065,0.15256785256355854,0.08316831303523065,-0.5895832682445088,-3.02676676179554,1.2663559775794775,-1.6495011486314572,0.9918597332629079,False,0.9914607269726833,False,0.9911380691191068,False
sawtooth,both,1,sector_mixed,variational,random,13.0,16.0,10.0,3.0,0.1495592590928807,24140.0,17.206806200032588,0.63671875,0.000745034046369374,0.0036797042296792815,0.0008145825395431773,0.00626226109059097,0.000867443618653318,0.007002613484156539,0.11573961835644146,0.027451947936863074,5.565076459124556e-07,16.0,True,CONVERGENCE: RELATIVE REDUCTION OF F <= FACTR*EPSMCH,5.565076459124556e-07,0.20053143995639489,0.3369869596280596,0.20053143995639489,1.5938006646775165,-1.9955724337664924,0.4046778349671268,-1.0353204061193209,0.997358581856114,False,0.9971447093675462,False,0.996981407803631,False
sawtooth,both,1,sector_mixed,variational,random,14.0,16.0,10.0,3.0,0.000960979033051923,11475.0,11.889839899959043,0.63671875,0.012939181239525487,0.046191342440722316,0.013463926418825016,0.05466599211480527,0.013918203108376994,0.056877895132178724,0.10190664318368836,0.02365505689336079,0.0001674236667662891,16.0,True,CONVERGENCE: RELATIVE REDUCTION OF F <= FACTR*EPSMCH,0.0001674236667662891,0.9979577676095711,0.9979603275319955,0.9979577676095711,-1.2182805016433238,2.6494015531273285,5.730867000558076,-5.2605870249643765,0.9493746212500803,False,0.9474445617078594,False,0.9457808946646593,False
sawtooth,both,1,sector_mixed,variational,random,15.0,16.0,10.0,3.0,0.014256147310960476,3213.0,2.006017300009262,0.63671875,0.010679399667926645,0.029978397777777777,0.01089042504835201,0.035241430491296744,0.011073713044649176,0.03658467256880504,0.08696317459264846,0.025593621476954688,0.00011405070283527245,16.0,True,CONVERGENCE: RELATIVE REDUCTION OF F <= FACTR*EPSMCH,0.00011405070283527245,0.35871493762813245,0.3587157895492791,0.35871493762813245,-0.9083426658802605,-6.5973929290842985,6.245314593577063,-3.72411304756573,0.9582668601407751,False,0.9575560267241917,False,0.9569403487176014,False
sawtooth,both,1,sector_mixed,variational,random,16.0,16.0,10.0,3.0,0.1459969028773649,27744.0,17.091998699994292,0.63671875,0.002017417400857463,0.010278358811889377,0.0021231236542917473,0.014334576141601163,0.0022084772108821814,0.01543631304722487,0.107573025797356,0.026588129570480346,4.07131458083616e-06,16.0,True,CONVERGENCE: RELATIVE REDUCTION OF F <= FACTR*EPSMCH,4.07131458083616e-06,0.12035511807637435,0.2300158661369548,0.12035511807637435,2.1379306990700297,-2.9025835647890115,0.9017447839120676,-1.736232680645786,0.9923517542534592,False,0.9920033607535447,False,0.9917202880877415,False
sawtooth,both,1,sector_mixed,variational,random,17.0,16.0,10.0,3.0,0.1575765106467194,17867.0,11.277054200007115,0.63671875,0.0007390354893250671,0.0028293995169010877,0.0007945776157456425,0.004647080261720837,0.0008375906974790883,0.0051728402712684085,0.1195058286013839,0.028446440692284757,5.476529771748781e-07,16.0,True,CONVERGENCE: RELATIVE REDUCTION OF F <= FACTR*EPSMCH,5.476529771748781e-07,0.4495727896032888,0.8196393414214612,0.4495727896032888,1.1985646467410036,-1.730537493916724,-0.39108992021419314,-1.5730190249679932,0.9973821861738533,False,0.9972233100978408,False,0.9970985262658953,False
sawtooth,both,1,sector_mixed,variational,random,18.0,16.0,10.0,3.0,0.17215871722827014,9622.0,5.973360700008925,0.63671875,0.002387471469450953,0.012001035691025397,0.002511809371288011,0.01648488361110456,0.0026129387089586487,0.017700855922344383,0.10585771940660717,0.026057312591464186,5.701339167762273e-06,16.0,True,CONVERGENCE: RELATIVE REDUCTION OF F <= FACTR*EPSMCH,5.701339167762273e-06,0.10861449906211074,0.13996880387022786,0.10861449906211074,-0.5929239761278092,-3.4271793387033846,1.6210267985166475,-5.598563183774441,0.9908955917544976,False,0.9904761876675503,False,0.990133511757768,False
sawtooth,both,1,sector_mixed,variational,random,19.0,16.0,10.0,3.0,0.1672489913238513,27880.0,15.667652599979192,0.63671875,0.002252145669198904,0.00967449040277657,0.0023463725313625167,0.013302511615366774,0.002423706955694747,0.014299098985836145,0.10715499280781868,0.02654410435476555,5.073497106263005e-06,16.0,True,CONVERGENCE: RELATIVE REDUCTION OF F <= FACTR*EPSMCH,5.073497106263005e-06,0.008845457013880658,0.01501147535829365,0.008845457013880658,-0.44910261949575675,-3.0093509372520146,3.5086365839338374,1.3810506832148957,0.9914280986830608,False,0.9911262004627687,False,0.9908759024881255,False
double_sawtooth,even,1,zero,classical,n/a,,,,,,,,0.63671875,0.11834645469858371,0.1875,0.11856791481986238,0.189453125,0.11878397420043624,0.18994140625,0.0,0.0,0.014005883339723926,,,,,,,,,,,,0.0,False,0.0,False,0.0,False
double_sawtooth,even,1,analytic_truncation,classical,n/a,,,,,,,,0.63671875,0.009931941559990099,0.022980617921345592,0.010006197850390386,0.02444886910232477,0.010076251744793435,0.024656506250997967,0.0,0.03869005256141791,9.864385005158419e-05,,,,,,,,,,,,0.9165623745562277,False,0.9161671874635403,False,0.9157847876382741,False
double_sawtooth,even,1,ols_full,classical,n/a,,,,,,,,0.63671875,6.261918797809368e-05,0.00019267514111837025,7.237781801870581e-05,0.0005366270191601297,7.952133113509877e-05,0.0006467576940756836,1.6442191979644963e-05,0.029648057650101266,4.217807701456642e-09,,,,,,,,,,,,1.0000000000795588,True,1.00000005427778,True,1.0000000892943706,True
double_sawtooth,even,1,ols_odd,classical,n/a,,,,,,,,0.63671875,0.11754689798834504,0.19063509914853255,0.1177997608065209,0.197114279434366,0.11804540279184374,0.19898306235953636,0.11039507783074277,0.0,0.013817274330633173,,,,,,,,,,,,0.006759644771838566,False,0.006482556849573419,False,0.006221935712520991,False
double_sawtooth,even,1,ols_even,classical,n/a,,,,,,,,0.63671875,6.820718558131539e-05,0.00017869448827659284,7.847941766820446e-05,0.0004939467681818743,8.601168604862489e-05,0.000594947424722797,0.0,0.029582157354395854,4.948041738467956e-09,,,,,,,,,,,,0.9999527578035576,True,0.9999485620432618,True,0.9999454126976953,True
double_sawtooth,even,1,ridge_full,classical,n/a,,,,,,,,0.63671875,6.261919738859865e-05,0.00019275760117046237,7.238424969305327e-05,0.0005367371328213189,7.953193077355352e-05,0.0006468744922388803,1.6413217461874063e-05,0.02964785089894539,4.217806522756353e-09,,,,,,,,,,,,1.0,True,1.0,True,1.0,True
double_sawtooth,even,1,ridge_odd,classical,n/a,,,,,,,,0.63671875,0.11754689798940224,0.19063345447247976,0.11779975949990228,0.19711120507014207,0.11804540043903347,0.19897957016736226,0.11034536441671682,0.0,0.013817274330384582,,,,,,,,,,,,0.006759644762900776,False,0.00648256787630677,False,0.006221955533264183,False
double_sawtooth,even,1,ridge_even,classical,n/a,,,,,,,,0.63671875,6.820719143901841e-05,0.0001788038779104717,7.848545747096358e-05,0.0004941178857478801,8.602166521275967e-05,0.0005951356834592025,0.0,0.02958199753866538,4.94804093938556e-09,,,,,,,,,,,,0.9999527577540351,True,0.9999485110725396,True,0.999945328630377,True
double_sawtooth,even,1,spherical_full,classical_null,random,0.0,17.0,,,,1764.0,,0.63671875,9.640943594385392e-05,0.00037444128458188897,0.00010983660588743527,0.0009030106916895486,0.0001196835848141541,0.0010684957149978136,0.0003665463173520245,0.029794801066903645,9.59639281285463e-09,,,,,,,,,,,,0.9997143291945846,True,0.9996839344402766,True,0.9996617510408803,True
double_sawtooth,even,1,spherical_full,classical_null,random,1.0,17.0,,,,2178.0,,0.63671875,6.26274517694396e-05,0.00019359945249944333,7.246365100540983e-05,0.0005372498812935833,7.965782621116327e-05,0.0006473023597187433,1.631240717827379e-05,0.029646411339207517,4.218824952597341e-09,,,,,,,,,,,,0.9999999302154787,True,0.999999329921458,True,0.9999989394210089,True
double_sawtooth,even,1,spherical_full,classical_null,random,2.0,17.0,,,,3042.0,,0.63671875,6.264259242261498e-05,0.00019569628296306485,7.262366329739322e-05,0.0005420801879383319,7.991168974736543e-05,0.0006528914133973607,1.62107932006205e-05,0.029641402654209628,4.220670519899963e-09,,,,,,,,,,,,0.9999998022127545,True,0.9999979795558264,True,0.999996800802341,True
double_sawtooth,even,1,spherical_full,classical_null,random,3.0,17.0,,,,3672.0,,0.63671875,6.267635291553257e-05,0.0002047438614161401,7.276611357688916e-05,0.0005553353354382784,8.012489645739412e-05,0.0006673098767532304,1.6959129256873615e-05,0.029639372009867698,4.224888526183634e-09,,,,,,,,,,,,0.9999995167934259,True,0.9999967773984217,True,0.999995004688346,True
double_sawtooth,even,1,spherical_full,classical_null,random,4.0,17.0,,,,2700.0,,0.63671875,6.263791848976053e-05,0.0001829074530575736,7.207271762574158e-05,0.0005221638520482574,7.900563198005857e-05,0.0006309891011867241,1.5825045031870548e-05,0.029654582070038623,4.2202129038805896e-09,,,,,,,,,,,,0.9999998417273073,True,1.000002629061753,True,1.000004433690799,True
double_sawtooth,even,1,spherical_full,classical_null,random,5.0,17.0,,,,1602.0,,0.63671875,0.00011106833985229611,0.00046876844389809325,0.00012636780764628853,0.0010724689623936856,0.00013758959303763877,0.0012588777533482087,0.00021946257967517426,0.029467276128378586,1.2633043504625685e-08,,,,,,,,,,,,0.999590399294558,True,0.9995444253661427,True,0.9995109057323044,True
double_sawtooth,even,1,spherical_full,classical_null,random,6.0,17.0,,,,1854.0,,0.63671875,0.00026899120264321796,0.0014210791293241265,0.0003118741146082422,0.00268357893130608,0.0003430282700315518,0.003061723675514022,0.0020827786457416177,0.029277598200204678,7.266987086790422e-08,,,,,,,,,,,,0.9982552814221811,False,0.9979789122529531,False,0.9977802318580512,False
double_sawtooth,even,1,spherical_full,classical_null,random,7.0,17.0,,,,1890.0,,0.63671875,6.262384000058612e-05,0.0001907547404078891,7.239242638194953e-05,0.0005328774477581233,7.954250340705377e-05,0.0006424593061215289,1.5208455055642587e-05,0.029646275601632417,4.218360176985892e-09,,,,,,,,,,,,0.9999999607502416,True,0.9999999309958033,True,0.9999999109331268,True
double_sawtooth,even,1,spherical_full,classical_null,random,8.0,17.0,,,,1998.0,,0.63671875,9.121628587819335e-05,0.00035541703775548994,0.0001039969546506101,0.0008680198476012091,0.00011337001112815645,0.0010287173029955854,0.000313705249978566,0.029774629096782787,8.621294152879909e-09,,,,,,,,,,,,0.9997582333345177,True,0.9997332160562897,True,0.9997149383821902,True
double_sawtooth,even,1,spherical_full,classical_null,random,9.0,17.0,,,,3168.0,,0.63671875,6.265047405379433e-05,0.00019051088355870327,7.214881316648615e-05,0.0005364014982679743,7.912302655739201e-05,0.0006471739287409184,1.9224292101826987e-05,0.029656306890256653,4.22183721098874e-09,,,,,,,,,,,,0.9999997355795485,True,1.00000198688107,True,1.000003444725474,True
double_sawtooth,even,1,spherical_full,classical_null,random,10.0,17.0,,,,1566.0,,0.63671875,6.26706069483414e-05,0.0001855029852629031,7.237862987468972e-05,0.0005230716555397197,7.949004033113268e-05,0.0006313037965083867,1.259335117294973e-05,0.029643351686958194,4.224164425654808e-09,,,,,,,,,,,,0.9999995653712148,True,1.0000000474264163,True,1.0000003528970072,True
double_sawtooth,even,1,spherical_full,classical_null,random,11.0,17.0,,,,3384.0,,0.63671875,6.26323845991716e-05,0.00019812125281734594,7.241224923902135e-05,0.0005436591876698538,7.956997755223723e-05,0.0006542215856253919,1.694351672828043e-05,0.02964939933003769,4.219479029046206e-09,,,,,,,,,,,,0.9999998885121496,True,0.9999997637079995,True,0.9999996794831099,True
double_sawtooth,even,1,spherical_full,classical_null,random,12.0,17.0,,,,1476.0,,0.63671875,0.00012088443954437386,0.0005073994233729673,0.0001369199723471935,0.0011529273482882296,0.00014871191109158978,0.001351802755935827,0.0002974387454943657,0.02946337851918812,1.4910655896604203e-08,,,,,,,,,,,,0.9995074116263741,True,0.999455374204043,True,0.9994172081600714,True
double_sawtooth,even,1,spherical_full,classical_null,random,13.0,17.0,,,,2016.0,,0.63671875,7.77624108183758e-05,0.00029495740255927605,8.89097931226366e-05,0.0007168320540334727,9.710060316069923e-05,0.0008491526115366743,2.964618520643494e-05,0.029563659579314446,6.342925593931058e-09,,,,,,,,,,,,0.9998719756307732,True,0.9998605386772812,True,0.9998519965045011,True
double_sawtooth,even,1,spherical_full,classical_null,random,14.0,17.0,,,,3564.0,,0.63671875,6.262698391478348e-05,0.0001919134688637969,7.244041471444751e-05,0.0005344636342185516,7.961962528330865e-05,0.000644157683264146,1.5119904944661846e-05,0.029645079819357607,4.218741111505571e-09,,,,,,,,,,,,0.9999999341708345,True,0.9999995260156975,True,0.9999992612364955,True
double_sawtooth,even,1,spherical_full,classical_null,random,15.0,17.0,,,,1800.0,,0.63671875,7.524511658526145e-05,0.00029758942645827235,8.642284968651114e-05,0.0007484793051114602,9.460451566870488e-05,0.0008906429473341526,0.00015990976598100645,0.02972561088337437,5.960682776423142e-09,,,,,,,,,,,,0.9998932574417869,True,0.9998815263333064,True,0.9998730242558159,True
double_sawtooth,even,1,spherical_full,classical_null,random,16.0,17.0,,,,1638.0,,0.63671875,6.951002844755638e-05,0.0002676133702138317,7.999157649697558e-05,0.000688663527277783,8.766662741793943e-05,0.0008218955947777995,0.00010543282507147679,0.02970542567870659,5.129752639817878e-09,,,,,,,,,,,,0.999941743256551,True,0.9999358007279489,True,0.9999314710006731,True
double_sawtooth,even,1,spherical_full,classical_null,random,17.0,17.0,,,,2988.0,,0.63671875,6.262552117029085e-05,0.00019139794335301663,7.234664596618164e-05,0.0005357909266438532,7.946569176555326e-05,0.0006460614770511242,1.654090446720336e-05,0.029647114488421937,4.2185924557794385e-09,,,,,,,,,,,,0.9999999465372285,True,1.0000003173429977,True,1.0000005580162523,True
double_sawtooth,even,1,spherical_full,classical_null,random,18.0,17.0,,,,3834.0,,0.63671875,6.264193835249412e-05,0.00019656469921830455,7.236767223624632e-05,0.0005435568689584058,7.949024852287365e-05,0.0006546067234344533,1.88698199388382e-05,0.029652506465514008,4.220726203412203e-09,,,,,,,,,,,,0.9999998077424207,True,1.000000139899427,True,1.0000003511431408,True
double_sawtooth,even,1,spherical_full,classical_null,random,19.0,17.0,,,,1890.0,,0.63671875,6.292191809767662e-05,0.00020907639915909715,7.279962631009997e-05,0.0005698742948947455,8.002250267098326e-05,0.0006850340147666056,2.8089256698115545e-05,0.02965600860314294,4.256008755689135e-09,,,,,,,,,,,,0.9999974407263023,True,0.9999964945798795,True,0.9999958672827397,True
double_sawtooth,even,1,spherical_odd,classical_null,random,0.0,9.0,,,,660.0,,0.63671875,0.1175468979892378,0.1906335910555233,0.11779975956734293,0.19711151227369872,0.11804540055300403,0.19897992605300216,0.11034998656288723,0.0,0.013817274330392143,,,,,,,,,,,,0.006759644764290974,False,0.006482567307165892,False,0.006221954573143795,False
double_sawtooth,even,1,spherical_odd,classical_null,random,1.0,9.0,,,,660.0,,0.63671875,0.11754689798947457,0.1906332115266688,0.11779975934441286,0.19711088073698482,0.11804540014937887,0.1989792237770711,0.11034393796225052,0.0,0.013817274330387319,,,,,,,,,,,,0.006759644762289272,False,0.0064825691885032075,False,0.006221957973397006,False
double_sawtooth,even,1,spherical_odd,classical_null,random,2.0,9.0,,,,1080.0,,0.63671875,0.11754689798951148,0.19063357075011064,0.11779975947146364,0.19711130667178778,0.11804540038603743,0.19897966612426846,0.11034364137774465,0.0,0.013817274330393032,,,,,,,,,,,,0.006759644761977185,False,0.006482568116304348,False,0.006221955979717889,False
double_sawtooth,even,1,spherical_odd,classical_null,random,3.0,9.0,,,,810.0,,0.63671875,0.11754689798934141,0.19063334382265526,0.11779975941784847,0.19711111564402295,0.11804540028139733,0.19897948908867968,0.11034772060397477,0.0,0.01381727433039384,,,,,,,,,,,,0.0067596447634150165,False,0.006482568568770088,False,0.006221956861235885,False
double_sawtooth,even,1,spherical_odd,classical_null,random,4.0,9.0,,,,1090.0,,0.63671875,0.11754689799284153,0.19063020697538094,0.11779975923215678,0.19710729561446086,0.11804540005042609,0.19897550096366703,0.11035161947912939,0.0,0.013817274331255685,,,,,,,,,,,,0.006759644733824187,False,0.006482570135847625,False,0.0062219588070033536,False
double_sawtooth,even,1,spherical_odd,classical_null,random,5.0,9.0,,,,810.0,,0.63671875,0.11754689798964384,0.1906331395318584,0.11779975916964461,0.19711077407781125,0.11804539981705911,0.19897910603559468,0.11034182301302708,0.0,0.013817274330405966,,,,,,,,,,,,0.006759644760858245,False,0.006482570663396434,False,0.006221960772953187,False
double_sawtooth,even,1,spherical_odd,classical_null,random,6.0,9.0,,,,1280.0,,0.63671875,0.1175468979908458,0.19063223225247972,0.11779975854031374,0.19710926235863366,0.11804539867628311,0.198977419521047,0.11032217954216575,0.0,0.013817274330492105,,,,,,,,,,,,0.006759644750696509,False,0.006482575974405737,False,0.00622197038317484,False
double_sawtooth,even,1,spherical_odd,classical_null,random,7.0,9.0,,,,1200.0,,0.63671875,0.11754689799250367,0.19063214655264737,0.11779975908991525,0.19710883339115345,0.1180453997537068,0.19897689142960845,0.11031193073413617,0.0,0.013817274330779372,,,,,,,,,,,,0.006759644736680492,False,0.006482571336243432,False,0.00622196130665107,False
double_sawtooth,even,1,spherical_odd,classical_null,random,8.0,9.0,,,,1360.0,,0.63671875,0.11754689798904916,0.19063416005085912,0.11779975986898564,0.19711225087265297,0.11804540109338962,0.19898071523195254,0.11035744988527404,0.0,0.013817274330422428,,,,,,,,,,,,0.006759644765885788,False,0.0064825647615617725,False,0.006221950020781751,False
double_sawtooth,even,1,spherical_odd,classical_null,random,9.0,9.0,,,,1210.0,,0.63671875,0.11754689798985403,0.1906334610241926,0.11779975947455901,0.1971110096744086,0.11804540041523398,0.1989793151010783,0.11033787383399253,0.0,0.013817274330415888,,,,,,,,,,,,0.006759644759081223,False,0.006482568090182087,False,0.00622195573375786,False
double_sawtooth,even,1,spherical_odd,classical_null,random,10.0,9.0,,,,1100.0,,0.63671875,0.11754689798975956,0.19063355564694112,0.11779975984101068,0.19711125764442314,0.1180454011218498,0.19897960939998657,0.11034416769749647,0.0,0.013817274330456616,,,,,,,,,,,,0.006759644759879863,False,0.006482564997646252,False,0.0062219497810251075,False
double_sawtooth,even,1,spherical_odd,classical_null,random,11.0,9.0,,,,550.0,,0.63671875,0.11755268359036397,0.18846882101379692,0.11780370793539131,0.189625627685052,0.11804788926375887,0.19050856199754218,0.025617549368899116,0.0,0.013818633675471722,,,,,,,,,,,,0.006710731900570787,False,0.006449246488824572,False,0.006200988965562023,False
double_sawtooth,even,1,spherical_odd,classical_null,random,12.0,9.0,,,,450.0,,0.63671875,0.11756334859096244,0.19169419190437392,0.1178141303452845,0.19488494266506012,0.11805807532662704,0.1956694179111972,0.002022404438446138,0.0,0.013821140952144196,,,,,,,,,,,,0.006620567419910496,False,0.0063612903453056134,False,0.0061151786734329515,False
double_sawtooth,even,1,spherical_odd,classical_null,random,13.0,9.0,,,,600.0,,0.63671875,0.11754689798992093,0.19063263080866888,0.11779975903624365,0.19711000791701833,0.11804539958707212,0.1989782681406983,0.11033614793653668,0.0,0.013817274330414358,,,,,,,,,,,,0.006759644758515594,False,0.006482571789185367,False,0.006221962710429017,False
double_sawtooth,even,1,spherical_odd,classical_null,random,14.0,9.0,,,,1440.0,,0.63671875,0.11754689798966468,0.1906330769295304,0.11779975938632745,0.19711065052304996,0.11804540024069721,0.19897896523304714,0.11034044271560643,0.0,0.013817274330397063,,,,,,,,,,,,0.006759644760682021,False,0.006482568834780305,False,0.00622195720410531,False
double_sawtooth,even,1,spherical_odd,classical_null,random,15.0,9.0,,,,1150.0,,0.63671875,0.11754689798933389,0.19063391326691503,0.11779975979773477,0.19711191941809475,0.11804540100015973,0.1989803581186051,0.11035298508044462,0.0,0.013817274330444718,,,,,,,,,,,,0.006759644763478607,False,0.006482565362857585,False,0.006221950806176924,False
double_sawtooth,even,1,spherical_odd,classical_null,random,16.0,9.0,,,,920.0,,0.63671875,0.11754689798970727,0.19063350596603507,0.11779975962701557,0.19711115484034428,0.11804540070643675,0.19897948795850107,0.11033993943348311,0.0,0.013817274330402043,,,,,,,,,,,,0.006759644760321947,False,0.006482566803580301,False,0.00622195328058286,False
double_sawtooth,even,1,spherical_odd,classical_null,random,17.0,9.0,,,,1430.0,,0.63671875,0.11754689798994195,0.19063294897089395,0.1177997590828798,0.1971103609801744,0.11804539967310419,0.19897862845518283,0.11033482895360236,0.0,0.013817274330406106,,,,,,,,,,,,0.006759644758337961,False,0.006482571395616487,False,0.006221961985670375,False
double_sawtooth,even,1,spherical_odd,classical_null,random,18.0,9.0,,,,800.0,,0.63671875,0.11754689798992389,0.19063319497241454,0.11779975956392047,0.19711070261058045,0.11804540059900515,0.19897899649363096,0.11033705112236136,0.0,0.013817274330424083,,,,,,,,,,,,0.006759644758490603,False,0.006482567336048474,False,0.006221954185617273,False
double_sawtooth,even,1,spherical_odd,classical_null,random,19.0,9.0,,,,700.0,,0.63671875,0.11754689798956797,0.1906332758466983,0.11779975938621276,0.19711091331345804,0.11804540023349358,0.19897924561674235,0.11034164038782675,0.0,0.0138172743303863,,,,,,,,,,,,0.006759644761499667,False,0.006482568835748157,False,0.00622195726479071,False
double_sawtooth,even,1,spherical_sector,classical_null,random,0.0,18.0,,,,1615.0,,0.63671875,8.47508200347515e-05,0.00018396163356215744,9.336447078557236e-05,0.0005019422564080944,9.989539047874772e-05,0.000604700937509639,2.9752060885791236e-07,0.02959280092585695,7.478632481027493e-09,,,,,,,,,,,,0.9998128939381077,True,0.9998229450428082,True,0.9998284524208543,True
double_sawtooth,even,1,spherical_sector,classical_null,random,1.0,18.0,,,,912.0,,0.63671875,0.0011325589008657332,0.00286746386381595,0.001196690137103279,0.005396414360689827,0.0012460112901687508,0.006119076492221515,1.1253517471925913e-07,0.024721236235906587,1.2829368774179086e-06,,,,,,,,,,,,0.9909544723592741,False,0.9905118287415537,False,0.9901732459452082,False
double_sawtooth,even,1,spherical_sector,classical_null,random,2.0,18.0,,,,988.0,,0.63671875,0.00012481687782706606,0.0004842829734318377,0.0001314902351615478,0.0006081367534714333,0.00013697340165028704,0.0006956015954016348,1.1253517471925909e-07,0.029718768410196824,1.5876441799950453e-08,,,,,,,,,,,,0.9994741658471344,True,0.9995011964992765,True,0.9995160967038939,True
double_sawtooth,even,1,spherical_sector,classical_null,random,3.0,18.0,,,,1349.0,,0.63671875,0.00010412697223060776,0.0003107164428046705,0.00011225596393151294,0.0006657841688531008,0.00011855655675832858,0.0007773040381096052,1.280096817228629e-07,0.029547480280865117,1.1137902428819228e-08,,,,,,,,,,,,0.9996490832862653,True,0.9996635171466248,True,0.9996712454459276,True
double_sawtooth,even,1,spherical_sector,classical_null,random,4.0,18.0,,,,1216.0,,0.63671875,0.0001764834568924048,0.0005527708552296659,0.00018477147556528574,0.0009401556747081208,0.00019155930082004682,0.001062942603158451,1.1253517471925913e-07,0.02943159347271173,3.144072761677217e-08,,,,,,,,,,,,0.999037364158667,False,0.9990515488193399,False,0.9990562495564235,False
double_sawtooth,even,1,spherical_sector,classical_null,random,5.0,18.0,,,,1444.0,,0.63671875,9.308125832106903e-05,0.0003559261785394674,0.00010290798710195921,0.0007314132252940753,0.00011038897600060437,0.0008481946009449848,1.1253517471925913e-07,0.02952469030336152,8.959368679018945e-09,,,,,,,,,,,,0.9997424664088429,True,0.9997424060024709,True,0.9997400514703826,True
double_sawtooth,even,1,spherical_sector,classical_null,random,6.0,18.0,,,,1083.0,,0.63671875,0.0001145129865090196,0.0003038929321821926,0.0001197447337564103,0.0004440757198575229,0.000123961023122843,0.0005315899990698814,1.1253517471925912e-07,0.02970934205590773,1.341031862512573e-08,,,,,,,,,,,,0.9995612774230686,True,0.9996003183931456,True,0.9996257166833877,True
double_sawtooth,even,1,spherical_sector,classical_null,random,7.0,18.0,,,,1349.0,,0.63671875,0.00017127430552022076,0.0003505086577366423,0.00017578241903416455,0.0005806136642752258,0.00017941849647754585,0.0006785764364601876,1.1253517471925912e-07,0.029591341131729086,2.9630802268102963e-08,,,,,,,,,,,,0.9990814035774946,False,0.9991274086976649,False,0.99915852714697,True
double_sawtooth,even,1,spherical_sector,classical_null,random,8.0,18.0,,,,1805.0,,0.63671875,8.478632295170602e-05,0.00037319526985102325,9.489656279187469e-05,0.0007353622708980156,0.00010251911433395437,0.000848806225916543,1.125351747192591e-07,0.029545521602742444,7.484176901050163e-09,,,,,,,,,,,,0.9998125937879071,True,0.999810015508682,True,0.999806349424496,True
double_sawtooth,even,1,spherical_sector,classical_null,random,9.0,18.0,,,,1482.0,,0.63671875,0.00017012973591590033,0.0005904668106227334,0.00017507935703280983,0.0006363742668242037,0.00017926454593393963,0.0006759791958635408,1.1253517471925913e-07,0.029739826125562786,2.9241526429421364e-08,,,,,,,,,,,,0.9990910800442702,False,0.9991333419341166,False,0.9991598240701572,True
double_sawtooth,even,1,spherical_sector,classical_null,random,10.0,18.0,,,,4636.0,,0.63671875,6.296959837033886e-05,0.0001748800116262994,7.221416023160373e-05,0.0004972090408500995,7.902733470303795e-05,0.0006043696510783791,1.4169736161396622e-05,0.029654900656533034,4.261861022848726e-09,,,,,,,,,,,,0.999997037625807,True,1.0000014354082438,True,1.0000042508608848,True
double_sawtooth,even,1,spherical_sector,classical_null,random,11.0,18.0,,,,1349.0,,0.63671875,0.00010023114269455714,0.00039348192852808883,0.0001084933519671299,0.0007571440649630501,0.00011490134501041812,0.0008700678679270935,1.1253517471925914e-07,0.029590670000776895,1.034218979121619e-08,,,,,,,,,,,,0.9996820195663543,True,0.9996952703439503,True,0.9997020379898124,True
double_sawtooth,even,1,spherical_sector,classical_null,random,12.0,18.0,,,,1482.0,,0.63671875,0.00015886766818902078,0.00043385771798223893,0.0001638560646108747,0.000717120928993481,0.00016806554341788628,0.0008079819974247116,1.1253517471925912e-07,0.029716242901452646,2.553609955018308e-08,,,,,,,,,,,,0.9991862922740661,True,0.999228056834906,True,0.9992541676541201,True
double_sawtooth,even,1,spherical_sector,classical_null,random,13.0,18.0,,,,969.0,,0.63671875,0.0001832782725549768,0.0004622575670478815,0.00018914854021225808,0.0007250218559186616,0.00019396758847497702,0.0008280663221700013,1.1253517471925913e-07,0.029481641118121297,3.388574272726932e-08,,,,,,,,,,,,0.9989799191524766,False,0.9990146101717308,False,0.9990359614559203,False
double_sawtooth,even,1,spherical_sector,classical_null,random,14.0,18.0,,,,1121.0,,0.63671875,0.00015152606287143074,0.00036647168876156877,0.00015729183481187742,0.000652143188620613,0.00016183650839890875,0.0007610151768849271,1.1253517471925913e-07,0.029536495522962735,2.325551380989816e-08,,,,,,,,,,,,0.999248359971537,True,0.9992834532685725,True,0.9993066428176429,True
double_sawtooth,even,1,spherical_sector,classical_null,random,15.0,18.0,,,,1349.0,,0.63671875,0.00020269454959544718,0.0005195205083932397,0.00020606263340300316,0.0005741830895496514,0.00020876347448752698,0.0006586637315857125,1.1253517471925909e-07,0.029569980934183563,4.1380781370394774e-08,,,,,,,,,,,,0.9988157692755455,False,0.9988718698243999,False,0.9989113167018602,False
double_sawtooth,even,1,spherical_sector,classical_null,random,16.0,18.0,,,,1444.0,,0.63671875,0.00010107518270369816,0.00038017363982452423,0.00011095436444788486,0.0006284672276288261,0.00011857641182827717,0.000737253703591817,1.125351747192591e-07,0.029509457841985155,1.0511288262357563e-08,,,,,,,,,,,,0.9996748838490725,True,0.9996745015228065,True,0.9996710781811684,True
double_sawtooth,even,1,spherical_sector,classical_null,random,17.0,18.0,,,,1330.0,,0.63671875,0.00019984012319024057,0.0004386728869683054,0.0002033438827251851,0.000669460401737626,0.00020616537312915652,0.0007654771992418596,1.1253517471925913e-07,0.02959818923720667,4.0232057854414344e-08,,,,,,,,,,,,0.9988399012830435,False,0.9988948137334633,False,0.9989332038470141,False
double_sawtooth,even,1,spherical_sector,classical_null,random,18.0,18.0,,,,1102.0,,0.63671875,0.00015225354077060346,0.00040979186978620796,0.00015831044568725302,0.0006984063565565191,0.000163194581310864,0.0008007317544136694,1.1253517471925912e-07,0.029510462864202214,2.347624643117958e-08,,,,,,,,,,,,0.9992422096983734,True,0.9992748570719862,True,0.9992952020249819,True
double_sawtooth,even,1,spherical_sector,classical_null,random,19.0,18.0,,,,665.0,,0.63671875,0.0020921567211678706,0.0075192897488408905,0.0022534677029054126,0.012360844155457101,0.002377295450558209,0.013721423624701523,1.6827987279990047e-07,0.021982320072015928,4.377339570811414e-06,,,,,,,,,,,,0.9828418015430455,False,0.9815935382312095,False,0.9806429862619228,False
double_sawtooth,even,1,generic,variational,random,0.0,16.0,12.0,3.0,0.07058314303229651,13056.0,6.673942699970212,0.63671875,0.00021349621839154495,0.0008818825155636201,0.00023894097518841007,0.0015953334213782144,0.000257826785615183,0.001807193885045133,2.194091016962153e-08,0.028596289438239015,4.5866598381281744e-08,16.0,True,CONVERGENCE: RELATIVE REDUCTION OF F <= FACTR*EPSMCH,4.5866598381281744e-08,0.8838792951090924,0.9744445772818822,0.8838792951090924,-8.0,-7.8718858496855875,1.491823098289756,-2.432327085011932,0.9987244493690651,False,0.998594404998282,False,0.9984979934075542,False
double_sawtooth,even,1,generic,variational,random,1.0,16.0,12.0,3.0,0.01724096188160895,11611.0,6.3716826000018045,0.63671875,0.00016017850678590786,0.0006249248305368049,0.00018108002067838993,0.0012072752933500186,0.00019646762852604252,0.001382465736209565,1.2272246522065221e-08,0.0289183060203064,2.5946337219088656e-08,16.0,True,CONVERGENCE: RELATIVE REDUCTION OF F <= FACTR*EPSMCH,2.5946337219088656e-08,0.8080702750935091,1.009876310635559,0.8080702750935091,-8.0,-8.0,0.07185108148195841,-2.2500401762492603,0.9991752101292293,True,0.9990827015123497,False,0.9990149004071234,False
double_sawtooth,even,1,generic,variational,random,2.0,16.0,12.0,3.0,0.19587254459207704,5270.0,2.1653177999542095,0.63671875,0.0005754227210499446,0.001977177960783505,0.0006258701505891695,0.003483863752158589,0.0006641823027885226,0.003916785555422075,5.4002445087984167e-08,0.026776083363568032,3.313790692741825e-07,16.0,True,CONVERGENCE: RELATIVE REDUCTION OF F <= FACTR*EPSMCH,3.313790692741825e-07,0.7476911303727138,1.1370340308739613,0.7476911303727138,-7.80655738900551,-6.503799347104329,0.4435259840922787,-3.274919979427026,0.9956646356495925,False,0.9953290567312295,False,0.9950747388990986,False
double_sawtooth,even,1,generic,variational,random,3.0,16.0,12.0,3.0,0.15976101153592026,6698.0,3.1923197000287473,0.63671875,9.298000571090998e-05,0.00022950474649177655,0.00010159736569399403,0.0005611362983951318,0.00010816474875438246,0.0006666143144067604,9.760989803412142e-09,0.029542791358126305,8.940709473192015e-09,16.0,True,CONVERGENCE: RELATIVE REDUCTION OF F <= FACTR*EPSMCH,8.940709473192015e-09,0.6230342064683557,0.9941620361746937,0.6230342064683557,-8.0,-8.0,-0.3324505100398338,-1.8295474858803,0.9997433224227668,True,0.9997534665159067,True,0.9997587889936268,True
double_sawtooth,even,1,generic,variational,random,4.0,16.0,12.0,3.0,0.19308568692880002,5780.0,2.829192499979399,0.63671875,8.647677643758173e-05,0.00026057669696955,9.636047747002704e-05,0.0005983802941389449,0.00010378507905641214,0.000705467420696243,4.3373667573425445e-09,0.02952773570181178,7.773510263427275e-09,16.0,True,CONVERGENCE: RELATIVE REDUCTION OF F <= FACTR*EPSMCH,7.773510263427275e-09,0.5983376083541669,0.9604742579314363,0.5983376083541669,-8.0,-7.903831534125807,-0.6737866352886754,-0.141775235293742,0.9997983022874775,True,0.999797661332359,True,0.9997956845774334,True
double_sawtooth,even,1,generic,variational,random,5.0,16.0,12.0,3.0,0.16332543228867857,3655.0,1.5248463999596424,0.63671875,0.00044998342787405107,0.0017003994394814426,0.0004930604208981471,0.0029532671522238263,0.0005255530940986329,0.003315758760249282,9.690490824559534e-09,0.027312977901304786,2.0275821523719925e-07,16.0,True,CONVERGENCE: RELATIVE REDUCTION OF F <= FACTR*EPSMCH,2.0275821523719925e-07,0.6181713469223136,1.1045478216394853,0.6181713469223136,-8.0,-7.549466543238523,-0.7248685271733155,-2.5884608903354698,0.9967251296101103,False,0.9964498562166783,False,0.9962425908011778,False
double_sawtooth,even,1,generic,variational,random,6.0,16.0,12.0,3.0,0.23738212892865596,15538.0,6.475437699991744,0.63671875,0.0004993265120987894,0.001801604221576547,0.0005461656861087585,0.0031387867136464243,0.0005816453250986207,0.003523773930142915,6.162839605643788e-07,0.027243802392095676,2.49599409871503e-07,16.0,True,CONVERGENCE: RELATIVE REDUCTION OF F <= FACTR*EPSMCH,2.49599409871503e-07,0.04643942946135901,0.05290053918309937,0.04643942946135901,-5.851929006305233,-6.082202009544869,3.1406032053790645,-0.0675857941769489,0.9963079713059713,False,0.9960016936154807,False,0.9957700538857306,False
double_sawtooth,even,1,generic,variational,random,7.0,16.0,12.0,3.0,0.18721063009556138,20111.0,7.916151600016747,0.63671875,0.0014511867673559615,0.005333840399905143,0.0015267871797900153,0.007461101897675709,0.0015877246768773682,0.008039671989272995,1.786109461208557e-07,0.026512726084465674,2.1062081627959997e-06,16.0,True,CONVERGENCE: RELATIVE REDUCTION OF F <= FACTR*EPSMCH,2.1062081627959997e-06,0.7106858006889546,0.8782283009802074,0.7106858006889546,-5.712194083080334,-6.421465523349504,2.8745499744914373,-3.3598533085573132,0.9882607157260019,False,0.9877260946206261,False,0.9872945551382345,False
double_sawtooth,even,1,generic,variational,random,8.0,16.0,12.0,3.0,0.16157831721393956,5933.0,2.325505400018301,0.63671875,0.0005816675166300311,0.0021618114230877172,0.000633771868581686,0.0036943612404569393,0.0006732972416251474,0.004134990165043734,3.2055863046388105e-07,0.026731426146116014,3.38604417369595e-07,16.0,True,CONVERGENCE: RELATIVE REDUCTION OF F <= FACTR*EPSMCH,3.38604417369595e-07,0.5149583462312742,0.8427117576902462,0.5149583462312742,-6.0866255829222675,-6.28045492445489,0.3755350183916116,-2.944551394700333,0.995611840645494,False,0.9952623730516469,False,0.9949979520606084,False
double_sawtooth,even,1,generic,variational,random,9.0,16.0,12.0,3.0,0.12951981178502026,6613.0,2.563867899996694,0.63671875,0.00015209953235263576,0.000509974430035004,0.00017093322190577006,0.0010596286171417058,0.0001848728605326527,0.0012260028252717714,1.2046378711993289e-08,0.028979850259078097,2.342406636494506e-08,16.0,True,CONVERGENCE: RELATIVE REDUCTION OF F <= FACTR*EPSMCH,2.342406636494506e-08,0.7433549422518089,1.1664222482656508,0.7433549422518089,-8.0,-7.594285952762676,-0.5362328014443623,-2.15060695985685,0.9992435117225876,True,0.9991683317359016,True,0.9991125780320859,False
double_sawtooth,even,1,generic,variational,random,10.0,16.0,12.0,3.0,0.05919919626608339,7871.0,3.5616350999916904,0.63671875,0.0011119172464880657,0.003294238868478655,0.0011522870437315552,0.004842766022264633,0.001184903494326908,0.005279321135931686,6.91282465116844e-07,0.02695119735313783,1.2366294819239576e-06,16.0,True,CONVERGENCE: RELATIVE REDUCTION OF F <= FACTR*EPSMCH,1.2366294819239576e-06,0.2653406115817071,0.34782221022536797,0.2653406115817071,-5.816637574221683,-8.0,1.834787097690078,-2.198711238849571,0.991128981870994,False,0.9908865525236075,False,0.9906880354061032,False
double_sawtooth,even,1,generic,variational,random,11.0,16.0,12.0,3.0,0.11753513579039565,13226.0,5.033970899996348,0.63671875,8.278721726742587e-05,0.00021479517659925285,8.960026084577258e-05,0.0005067176605497437,9.486067448901394e-05,0.0006009691713170784,5.914014086201429e-09,0.0296543987444879,7.150267389468996e-09,16.0,True,CONVERGENCE: RELATIVE REDUCTION OF F <= FACTR*EPSMCH,7.150267389468996e-09,0.4811772427382295,0.7753816110714395,0.4811772427382295,-8.0,-7.415675538380063,-0.45481341637325146,0.11697357787985065,0.9998294947082721,True,0.999854711725667,True,0.9998708663010215,True
double_sawtooth,even,1,generic,variational,random,12.0,16.0,12.0,3.0,0.03840896962459395,7599.0,2.7581239999854006,0.63671875,0.00014096191202541411,0.0005421487852066142,0.00016150756658379035,0.0010830064890083035,0.00017648657884797252,0.0012470162978536758,1.1706335445460229e-08,0.02899121492607762,2.0160172908184724e-08,16.0,True,CONVERGENCE: RELATIVE REDUCTION OF F <= FACTR*EPSMCH,2.0160172908184724e-08,0.961591030375406,1.5186909235975175,0.961591030375406,-8.0,-8.0,-1.1523742251626226,-0.8713756396187439,0.9993376718441295,True,0.9992478761311765,True,0.9991832264553826,True
double_sawtooth,even,1,generic,variational,random,13.0,16.0,12.0,3.0,0.5552899614834944,5474.0,2.1212461999966763,0.63671875,0.00015698190796248023,0.0006319361019800906,0.00017188839896476265,0.0011020886548810949,0.000183328137290503,0.0012438362806218572,2.2683903128314558e-06,0.029430635449754945,2.4937648465941292e-08,16.0,True,CONVERGENCE: RELATIVE REDUCTION OF F <= FACTR*EPSMCH,2.4937648465941292e-08,0.4447100385165056,0.615999716270975,0.4447100385165056,-2.7932318171331705,-3.394605490531223,0.29482347747878973,-1.471480635766504,0.9992022349446648,True,0.9991602708659735,True,0.9991255912202412,False
double_sawtooth,even,1,generic,variational,random,14.0,16.0,12.0,3.0,0.029564155507824652,12410.0,10.144024199980777,0.63671875,0.0005417186449451172,0.0020775992987610847,0.000590136426772222,0.0034806745279849227,0.0006269269420993074,0.003884699698068428,2.851138577257077e-08,0.0269968020571828,2.937290585868596e-07,16.0,True,CONVERGENCE: RELATIVE REDUCTION OF F <= FACTR*EPSMCH,2.937290585868596e-07,0.45142968677782447,0.5618462377692134,0.45142968677782447,-6.739635398371541,-8.0,1.4008848248253034,-2.5847041932882737,0.9959495780169246,False,0.9956306185171045,False,0.9953885886588623,False
double_sawtooth,even,1,generic,variational,random,15.0,16.0,12.0,3.0,0.2015384310246584,9673.0,5.966450800013263,0.63671875,0.00056080259704572,0.0020776524957109854,0.0005878012083903734,0.0031097069786054365,0.0006090482176678034,0.003409592913766274,3.658537697749834e-07,0.02768525807444175,3.147764090925064e-07,16.0,True,CONVERGENCE: RELATIVE REDUCTION OF F <= FACTR*EPSMCH,3.147764090925064e-07,0.47093760390137457,0.4972168379273874,0.47093760390137457,-8.0,-4.561098412357252,1.835670621175292,-2.167291457368972,0.99578823769498,False,0.9956503257446313,False,0.9955392041210106,False
double_sawtooth,even,1,generic,variational,random,16.0,16.0,12.0,3.0,0.1344488168871032,15283.0,11.173193500027992,0.63671875,0.00083835516504894,0.0018020030508065776,0.0008595948924371915,0.002953080544084191,0.0008764027951701236,0.0032922338924343264,1.0544941463279939e-07,0.027197232942891027,7.031113561481583e-07,16.0,True,CONVERGENCE: RELATIVE REDUCTION OF F <= FACTR*EPSMCH,7.031113561481583e-07,0.1900013669368882,0.2468032937879033,0.1900013669368882,-8.0,-6.323046730385398,5.643811927422475,-1.6169903641070016,0.9934417415162996,False,0.993356621646772,False,0.9932869330821983,False
double_sawtooth,even,1,generic,variational,random,17.0,16.0,12.0,3.0,0.13650629964363115,11339.0,6.048338800028432,0.63671875,0.0001472526739185744,0.0005987715116872461,0.00016788902600103854,0.0011644372662110158,0.000182982935359785,0.0013351434536555407,1.1060676601424266e-08,0.028955413330092276,2.1972904220077692e-08,16.0,True,CONVERGENCE: RELATIVE REDUCTION OF F <= FACTR*EPSMCH,2.1972904220077692e-08,0.7849316510481104,1.1542495560526789,0.7849316510481104,-8.0,-8.0,-0.4487209850693824,-2.2107556582352075,0.9992844882297622,True,0.9991940221217759,True,0.9991284992995356,False
double_sawtooth,even,1,generic,variational,random,18.0,16.0,12.0,3.0,0.1735299760643363,17901.0,7.631859299959615,0.63671875,0.00038841174094162345,0.0014252932017133624,0.00041988865873604,0.002474891060888218,0.0004438345449171376,0.002780790216547896,3.942608543050425e-07,0.02783103011262354,1.511419947450376e-07,16.0,True,CONVERGENCE: RELATIVE REDUCTION OF F <= FACTR*EPSMCH,1.511419947450376e-07,0.01620911224788321,0.02441684603553291,0.01620911224788321,-6.178530716428336,-7.122794008812603,2.9210825258004176,3.0531704038092986,0.9972456714632852,False,0.9970673627319875,False,0.9969310111131645,False
double_sawtooth,even,1,generic,variational,random,19.0,16.0,12.0,3.0,0.16899123195965438,14110.0,7.827815000026021,0.63671875,0.0004913682421785174,0.0018191833422538939,0.0005372867846372707,0.003146232413558825,0.000571998727237904,0.0035296499859032993,3.5926192869315554e-08,0.02714948406733601,2.417142446215415e-07,16.0,True,CONVERGENCE: RELATIVE REDUCTION OF F <= FACTR*EPSMCH,2.417142446215415e-07,0.6624347308972228,0.8371373474991153,0.6624347308972228,-8.0,-7.663422377632265,0.14038311492426597,-2.8215225095485295,0.9963752524343398,False,0.9960766238801816,False,0.9958513195711277,False
double_sawtooth,even,1,equivariant,variational,random,0.0,16.0,8.0,2.0,0.02048884047766175,3978.0,1.6186528999824077,0.63671875,0.1175591628084701,0.18952146124493038,0.1178100729458455,0.19176175609230658,0.11805416683178574,0.1922780746306279,0.006658105950751216,0.0,0.013820156826809442,8.0,True,CONVERGENCE: RELATIVE REDUCTION OF F <= FACTR*EPSMCH,0.013820156826809442,0.0,0.0,0.0,-0.11014265485163215,-1.2793840545963096,-1.3114777368132664,-1.183066838675863,0.006655955032043654,False,0.0063955312944745345,False,0.006148104946170283,False
double_sawtooth,even,1,equivariant,variational,random,1.0,16.0,8.0,2.0,0.061190725873234486,20638.0,9.255577399977483,0.63671875,0.11765226055937722,0.1904472870008756,0.1178995002091313,0.1935400505399224,0.11814048858706838,0.19431609332558303,0.0004331387790664898,0.0,0.013842054419062976,8.0,True,CONVERGENCE: RELATIVE REDUCTION OF F <= FACTR*EPSMCH,0.013842054419062976,0.0,0.0,0.0,4.309747547827068,-2.7295038452285167,-1.1205298281699945,-0.8502884468413431,0.005868884250033258,False,0.005640842380424372,False,0.0054209059161075,False
double_sawtooth,even,1,equivariant,variational,random,2.0,16.0,8.0,2.0,0.41768891479779,7599.0,4.312943099997938,0.63671875,0.11756831878041656,0.19181762003742697,0.11781951602444875,0.19569331866547598,0.11806385193834398,0.19668515682314264,0.0005752225275424485,0.0,0.013822309586605873,8.0,True,CONVERGENCE: RELATIVE REDUCTION OF F <= FACTR*EPSMCH,0.013822309586605873,0.0,0.0,0.0,-2.0305276830163796,2.4596249561354058,-0.8862604821897861,-1.024799512929347,0.006578548242623487,False,0.006315839861744463,False,0.006066514852547317,False
double_sawtooth,even,1,equivariant,variational,random,3.0,16.0,8.0,2.0,0.46709577906627364,14127.0,7.533502199978102,0.63671875,0.11754689801593682,0.1906288852563227,0.11779975643902157,0.19710134855272446,0.11804539512948109,0.19896816000467596,0.11015683057904005,0.0,0.013817274334737357,8.0,True,CONVERGENCE: RELATIVE REDUCTION OF F <= FACTR*EPSMCH,0.013817274334737357,0.0,0.0,0.0,0.3998770425099134,0.8211785580828245,-1.2637876378012805,-1.0977002443086636,0.006759644538571053,False,0.006482593707497929,False,0.006222000262444318,False
double_sawtooth,even,1,equivariant,variational,random,4.0,16.0,8.0,2.0,0.0027228795288058993,1700.0,0.6812756999861449,0.63671875,0.11767732355661896,0.18892941925742576,0.11792341325745569,0.19186001867790065,0.11816338742965057,0.19260266316021182,0.0003864341365816653,0.0,0.01384795248331353,8.0,True,CONVERGENCE: RELATIVE REDUCTION OF F <= FACTR*EPSMCH,0.01384795248331353,0.0,0.0,0.0,1.431581384794608,-3.1687729082684175,-1.3732791712410581,-0.4368177188189931,0.005656995642130561,False,0.005439036892830677,False,0.005227999550142087,False
double_sawtooth,even,1,equivariant,variational,random,5.0,16.0,8.0,2.0,0.9521987126435935,8296.0,4.01201880001463,0.63671875,0.11756525341869144,0.19133934233144395,0.11781636970326279,0.19474958494603814,0.11806064921022286,0.1956048567172935,0.0009004455211281097,0.0,0.013821588820405593,8.0,True,CONVERGENCE: RELATIVE REDUCTION OF F <= FACTR*EPSMCH,0.013821588820405593,0.0,0.0,0.0,0.7451008961365573,4.757443212742225,-0.9492793898728479,-1.4330337106098963,0.006604463548059179,False,0.006342392096844158,False,0.0060934955456021815,False
double_sawtooth,even,1,equivariant,variational,random,6.0,16.0,8.0,2.0,0.6041413771862864,6766.0,3.1118938999716192,0.63671875,0.11754689799135087,0.1906328235634546,0.11779975825863968,0.19710985605113268,0.11804539808453525,0.1989780085796419,0.11031885494212375,0.0,0.013817274330577596,8.0,True,CONVERGENCE: RELATIVE REDUCTION OF F <= FACTR*EPSMCH,0.013817274330577596,0.0,0.0,0.0,0.6978433875939403,1.2903600648127098,-1.2116572415595679,-0.9051039384980678,0.006759644746426541,False,0.006482578351491672,False,0.006221975368227192,False
double_sawtooth,even,1,equivariant,variational,random,7.0,16.0,8.0,2.0,0.013279110690498586,4964.0,2.017976799979806,0.63671875,0.11755919718400877,0.1895573340818799,0.11781006294874935,0.19181235589328577,0.11805411501192128,0.19233280667283545,0.006551618874959328,0.0,0.013820164908064845,8.0,True,CONVERGENCE: RELATIVE REDUCTION OF F <= FACTR*EPSMCH,0.013820164908064845,0.0,0.0,0.0,-0.181702917893403,-1.291931538438992,-1.0073129556158185,-0.8261742013854281,0.006655664412970304,False,0.006395615661337174,False,0.006148541491454219,False
double_sawtooth,even,1,equivariant,variational,random,8.0,16.0,8.0,2.0,0.002149585938203691,15266.0,6.2393545000231825,0.63671875,0.11759478260052036,0.19480240752375408,0.11785108148713923,0.20075260978421752,0.11810017006012902,0.20233653737866486,0.009321388788656532,0.0,0.013828532988077534,8.0,True,CONVERGENCE: RELATIVE REDUCTION OF F <= FACTR*EPSMCH,0.013828532988077534,0.0,0.0,0.0,4.041915652087133,-2.3163473553427076,-1.163398633354262,-0.8474122135424532,0.006354816741259201,False,0.006049454601991663,False,0.00576056066001146,False
double_sawtooth,even,1,equivariant,variational,random,9.0,16.0,8.0,2.0,0.0004142389984214123,9554.0,4.010931700002402,0.63671875,0.1176161635155677,0.18766859633544852,0.11786877921162087,0.18996285282867884,0.11811486453235447,0.19066214303166049,0.0021550129438440107,0.0,0.013833561941670888,8.0,True,CONVERGENCE: RELATIVE REDUCTION OF F <= FACTR*EPSMCH,0.013833561941670888,0.0,0.0,0.0,3.1519951269214896,-2.514699955686679,-0.793445437706346,-0.9305548682561543,0.006174057341999485,False,0.005900101082947682,False,0.005636770244551968,False
double_sawtooth,even,1,equivariant,variational,random,10.0,16.0,8.0,2.0,0.4538833305166651,5049.0,2.249447699985467,0.63671875,0.11772608932908189,0.19515327532943022,0.11797490773467266,0.19903690962640955,0.118217498349204,0.200026115166979,0.0014595784048950342,0.0,0.013859432123314756,8.0,True,CONVERGENCE: RELATIVE REDUCTION OF F <= FACTR*EPSMCH,0.013859432123314756,0.0,0.0,0.0,1.3633180254043402,-7.998832951741693,-1.2430684193435892,-1.2836218832392556,0.0052447180705054814,False,0.005004467951966869,False,0.004772153766119069,False
double_sawtooth,even,1,equivariant,variational,random,11.0,16.0,8.0,2.0,0.5191653720095389,11016.0,4.586617799999658,0.63671875,0.11754689830093844,0.1906139676268885,0.11779976249030505,0.19708698154127235,0.11804540642796477,0.19895422181698302,0.11042429931268759,0.0,0.013817274404414158,8.0,True,CONVERGENCE: RELATIVE REDUCTION OF F <= FACTR*EPSMCH,0.013817274404414158,0.0,0.0,0.0,1.3071740149843827,0.5243471226618613,-1.0947746417687134,-0.8842224603506033,0.006759642129098801,False,0.0064825426398885,False,0.0062219050808027514,False
double_sawtooth,even,1,equivariant,variational,random,12.0,16.0,8.0,2.0,0.005435924543138904,6919.0,2.5996968999970704,0.63671875,0.11755913032618655,0.1894761701522502,0.11781005781341242,0.19169657839874166,0.11805416880179645,0.19220754235662818,0.006730493727898102,0.0,0.01382014919035425,8.0,True,CONVERGENCE: RELATIVE REDUCTION OF F <= FACTR*EPSMCH,0.01382014919035425,0.0,0.0,0.0,1.4391394075847652,-1.2916365950085624,-1.226735812814824,-0.5561526531884649,0.006656229645082872,False,0.006395658999148387,False,0.006148088350239478,False
double_sawtooth,even,1,equivariant,variational,random,13.0,16.0,8.0,2.0,0.09017369194956681,9860.0,3.786956900032237,0.63671875,0.11756519291815339,0.19141432818202897,0.11781634911868674,0.19482940885548564,0.11806066493298613,0.1956854344200986,0.0009254189853167164,0.0,0.013821574595136813,8.0,True,CONVERGENCE: RELATIVE REDUCTION OF F <= FACTR*EPSMCH,0.013821574595136813,0.0,0.0,0.0,-2.1877048126463903,3.5699387332292467,-0.8239210015345015,-1.1234835575587951,0.006604975034162037,False,0.006342565812898634,False,0.006093363092570339,False
double_sawtooth,even,1,equivariant,variational,random,14.0,16.0,8.0,2.0,0.05309642580427787,5321.0,2.1404229999752715,0.63671875,0.11772623380709879,0.19503772623269416,0.11797505826914496,0.198900322457223,0.11821766032278659,0.19988417406195966,0.001439790083888872,0.0,0.013859466140801592,8.0,True,CONVERGENCE: RELATIVE REDUCTION OF F <= FACTR*EPSMCH,0.013859466140801592,0.0,0.0,0.0,2.748414687540189,-7.351744674077046,-1.02856310303791,-0.9714263715727395,0.005243496618594616,False,0.005003197570952668,False,0.0047707892545684385,False
double_sawtooth,even,1,equivariant,variational,random,15.0,16.0,8.0,2.0,0.09459323233791794,2074.0,0.7486405999516137,0.63671875,0.11756098810729149,0.1899866825845632,0.11781188465711369,0.19258946105598448,0.11805597200831419,0.19321182131527354,0.003941089381602843,0.0,0.013820585964173624,8.0,True,CONVERGENCE: RELATIVE REDUCTION OF F <= FACTR*EPSMCH,0.013820585964173624,0.0,0.0,0.0,-1.3271542308134798,-1.371113020953076,-0.9496280524434294,-0.9462555203305264,0.006640523516708976,False,0.006380242015128132,False,0.00613289762541685,False
double_sawtooth,even,1,equivariant,variational,random,16.0,16.0,8.0,2.0,0.1042105429689475,3706.0,1.27386400004616,0.63671875,0.11756192071604123,0.19019169858789117,0.11781199043180167,0.19288812433087785,0.1180552682156249,0.193535683173995,0.0036635565269603617,0.0,0.013820805239080329,8.0,True,CONVERGENCE: RELATIVE REDUCTION OF F <= FACTR*EPSMCH,0.013820805239080329,0.0,0.0,0.0,1.6905439089026684,-1.3768809363883425,-1.0478677549297353,-0.7199374810630224,0.00663263901798784,False,0.006379349368059743,False,0.006138826575301431,False
double_sawtooth,even,1,equivariant,variational,random,17.0,16.0,8.0,2.0,1.8079457129172027e-06,11645.0,4.0656127000111155,0.63671875,0.11766239304887377,0.18993857324578803,0.11790907815001588,0.19319585262190728,0.11814955562052444,0.1940264873595396,0.0005019198485476141,0.0,0.013844438743006856,8.0,True,CONVERGENCE: RELATIVE REDUCTION OF F <= FACTR*EPSMCH,0.013844438743006856,0.0,0.0,0.0,4.392788798755278,-2.7476990092879547,-0.5350939728614132,-0.8523579721000344,0.005783221746330899,False,0.005560012826444667,False,0.005344522646175099,False
double_sawtooth,even,1,equivariant,variational,random,18.0,16.0,8.0,2.0,0.5383149908526248,5440.0,2.124558099952992,0.63671875,0.11754689799282746,0.1906317794200158,0.11779975777107322,0.19710810736810458,0.11804539725851337,0.19897605595842535,0.110294649825472,0.0,0.013817274330682682,8.0,True,CONVERGENCE: RELATIVE REDUCTION OF F <= FACTR*EPSMCH,0.013817274330682682,0.0,0.0,0.0,0.5439159636764945,0.5707117914612405,-0.7269504542294767,-0.873306424971772,0.006759644733943156,False,0.006482582466131752,False,0.0062219823268705255,False
double_sawtooth,even,1,equivariant,variational,random,19.0,16.0,8.0,2.0,0.7493887039041309,10302.0,3.872972800047137,0.63671875,0.1175651128761041,0.19129392174392104,0.11781620144549132,0.1946767857855039,0.11806045566647114,0.19552425883038732,0.0009452349723153091,0.0,0.01382155577502345,8.0,True,CONVERGENCE: RELATIVE REDUCTION OF F <= FACTR*EPSMCH,0.01382155577502345,0.0,0.0,0.0,-0.8864254336798452,4.818058279028225,-0.4997123611967085,-0.7995100160533926,0.00660565172890178,False,0.006343812047205628,False,0.006095126013241127,False
double_sawtooth,even,1,sector_mixed,variational,random,0.0,16.0,10.0,3.0,0.18837145511405362,1683.0,0.5524632000015117,0.63671875,0.0005302378317083342,0.0019051189608937091,0.0005808645317364515,0.0033373392496491294,0.0006191123772258014,0.0037497185792825516,5.206316800695668e-09,0.026928940565279932,2.8142144763247166e-07,16.0,True,CONVERGENCE: RELATIVE REDUCTION OF F <= FACTR*EPSMCH,2.8142144763247166e-07,0.5475330452776639,1.0503094742289258,0.5475330452776639,-7.130863802972511,-7.999999574374377,-0.6071582482150891,-2.8046247229871106,0.9960466395738833,False,0.9957088653082802,False,0.995454420777055,False
double_sawtooth,even,1,sector_mixed,variational,random,1.0,16.0,10.0,3.0,0.06253948787842767,9418.0,3.3124329000129364,0.63671875,0.00016040468061444147,0.0005483508989503061,0.00018064235886549972,0.00111200796884256,0.0001955992577425344,0.0012828687374640824,1.148279589318586e-08,0.028916938989655482,2.6018831067745485e-08,16.0,True,CONVERGENCE: RELATIVE REDUCTION OF F <= FACTR*EPSMCH,2.6018831067745485e-08,0.9374605121215723,1.4621851980451679,0.9374605121215723,-8.0,-8.0,-1.1276372039234719,0.04779370418639409,0.9991732980012739,True,0.9990863950002878,False,0.9990222158097056,False
double_sawtooth,even,1,sector_mixed,variational,random,2.0,16.0,10.0,3.0,0.018330759104587258,5967.0,2.7404112000367604,0.63671875,0.0003588745514067202,0.0015026416518193753,0.00039013654678283534,0.0024860429964308206,0.0004139108644511373,0.0027732535570706707,6.034853640066741e-08,0.027926741748803132,1.2907021166834807e-07,16.0,True,CONVERGENCE: RELATIVE REDUCTION OF F <= FACTR*EPSMCH,1.2907021166834807e-07,0.4286430052456343,0.46506325693804146,0.4286430052456343,-8.0,-6.513442480850617,1.411601682091865,-1.967657430970354,0.9974953859691579,False,0.9973184448766899,False,0.9971830967124383,False
double_sawtooth,even,1,sector_mixed,variational,random,3.0,16.0,10.0,3.0,0.15105937305870243,5729.0,2.218460200005211,0.63671875,0.00031475521431355253,0.0012358244333617319,0.0003444660651132384,0.002161226371941688,0.00036686980211004004,0.0024324499991253135,3.111969563697552e-08,0.02806258035688298,9.935147105233618e-08,16.0,True,CONVERGENCE: RELATIVE REDUCTION OF F <= FACTR*EPSMCH,9.935147105233618e-08,0.5943502230263463,0.9159966775497022,0.5943502230263463,-8.0,-6.6535360182447345,-0.6788666586276725,-1.0162086427933588,0.9978683814584082,False,0.9977038643220466,False,0.997579384007519,False
double_sawtooth,even,1,sector_mixed,variational,random,4.0,16.0,10.0,3.0,0.15986859285315214,7514.0,2.9989949999726377,0.63671875,0.0004467215433331208,0.0017150272336781958,0.00048462478952137597,0.0028206726175143415,0.000513645076939895,0.003138919947686336,3.816509091916772e-08,0.027788859178781714,1.9983802625136408e-07,16.0,True,CONVERGENCE: RELATIVE REDUCTION OF F <= FACTR*EPSMCH,1.9983802625136408e-07,0.819958997617661,1.2260976526078116,0.819958997617661,-8.0,-7.999987197232357,-1.0032961937006355,8.0,0.9967527063667069,False,0.9965210456643829,False,0.9963429073262468,False
double_sawtooth,even,1,sector_mixed,variational,random,5.0,16.0,10.0,3.0,0.0203729977405277,20842.0,7.006421400001273,0.63671875,0.002168548207872918,0.007605453850744542,0.0022573019163786793,0.010064134639683225,0.002330474899236969,0.010726853398440594,2.341853433408589e-08,0.02583478710534905,4.702859677974082e-06,16.0,True,CONVERGENCE: RELATIVE REDUCTION OF F <= FACTR*EPSMCH,4.702859677974082e-06,0.9796270022594723,1.157586694386174,0.9796270022594723,-8.0,-8.0,1.4340151439299946,-7.6037868585824535,0.9821959695375025,False,0.981561180778951,False,0.9810374159094238,False
double_sawtooth,even,1,sector_mixed,variational,random,6.0,16.0,10.0,3.0,0.1088733212721047,9588.0,3.461001400020905,0.63671875,0.002197848606223816,0.00758206165750816,0.0022874464865464492,0.010071059677575794,0.0023613491576089402,0.010741335482150893,4.202705367224208e-09,0.02581437484215701,4.830796639670419e-06,16.0,True,CONVERGENCE: RELATIVE REDUCTION OF F <= FACTR*EPSMCH,4.830796639670419e-06,0.24086602941087953,0.24770189234005643,0.24086602941087953,-8.0,-8.0,2.0379959661912905,-6.391553249034503,0.9819482569212626,False,0.9813067866256634,False,0.9807773223713755,False
double_sawtooth,even,1,sector_mixed,variational,random,7.0,16.0,10.0,3.0,0.10563210028854564,18377.0,7.0266069999779575,0.63671875,0.0021925010346664263,0.00764000988088212,0.0022828304809557223,0.010127219940430754,0.0023572984789802637,0.010797079471254467,2.1808175801770655e-08,0.02580817821290395,4.8073188690135604e-06,16.0,True,CONVERGENCE: RELATIVE REDUCTION OF F <= FACTR*EPSMCH,4.8073188690135604e-06,0.8943678997114544,0.9157287044677013,0.8943678997114544,-7.998643005943594,-8.0,0.8922651480358548,-6.846454041643674,0.9819934665776348,False,0.9813457417285987,False,0.9808114464407972,False
double_sawtooth,even,1,sector_mixed,variational,random,8.0,16.0,10.0,3.0,0.3332554362231879,13056.0,4.586110699980054,0.63671875,0.002190116532232113,0.007595492351732458,0.002279065194119965,0.010069938257159017,0.0023524228062361003,0.010736841272208364,3.7651684403445985e-08,0.025820488544870453,4.796868630018383e-06,16.0,True,CONVERGENCE: RELATIVE REDUCTION OF F <= FACTR*EPSMCH,4.796868630018383e-06,0.26435347882957005,0.30913881681234723,0.26435347882957005,-8.0,-7.921510456378036,1.063253303218575,-8.0,0.9820136257348366,False,0.9813775174995297,False,0.9808525204954066,False
double_sawtooth,even,1,sector_mixed,variational,random,9.0,16.0,10.0,3.0,0.22972210637611912,5083.0,1.7459566000034101,0.63671875,0.002162832267178755,0.00780939807670078,0.0022506764809811144,0.010319815969867335,0.0023230361833582714,0.010995080317990485,1.0676920369787816e-06,0.02583020546340786,4.678101728681149e-06,16.0,True,CONVERGENCE: RELATIVE REDUCTION OF F <= FACTR*EPSMCH,4.678101728681149e-06,0.04323462547128059,0.06624832100963987,0.04323462547128059,-5.074605611384742,-6.265719898594691,1.9188534933435937,-5.432337163715571,0.9822442934751728,False,0.9816170937350406,False,0.9811000817687334,False
double_sawtooth,even,1,sector_mixed,variational,random,10.0,16.0,10.0,3.0,0.05940412611006507,10251.0,3.488855700008571,0.63671875,0.0004976904597805783,0.001778048072002908,0.0005435382921209826,0.003142320669741655,0.0005782524957454252,0.0035348895287218296,2.576545908687233e-07,0.027161334433625,2.479674096774856e-07,16.0,True,CONVERGENCE: RELATIVE REDUCTION OF F <= FACTR*EPSMCH,2.479674096774856e-07,0.634315047469131,0.7613695411036618,0.634315047469131,-5.528428349014035,-7.971021416465243,0.47413601286395085,-2.7764600939579136,0.9963218028858425,False,0.9960238665529336,False,0.9957986360456593,False
double_sawtooth,even,1,sector_mixed,variational,random,11.0,16.0,10.0,3.0,0.3688740989519401,5746.0,2.25041079998482,0.63671875,0.00043490234745888575,0.0015354269281100397,0.00047650308978507974,0.002758644558891521,0.0005078663534521635,0.0031129690963027923,3.027999561496427e-08,0.02739437100157961,1.8941399583806513e-07,16.0,True,CONVERGENCE: RELATIVE REDUCTION OF F <= FACTR*EPSMCH,1.8941399583806513e-07,0.31457490512636055,0.5617343680247548,0.31457490512636055,-6.768195527703853,-6.5079998968416835,-0.04860038973907937,-1.870394793540899,0.9968526286918848,False,0.9965895858000084,False,0.9963915889372904,False
double_sawtooth,even,1,sector_mixed,variational,random,12.0,16.0,10.0,3.0,0.0377534132469759,11220.0,4.048528799961787,0.63671875,0.00015711136562812322,0.0006465498192847474,0.00017785764771932833,0.001220299997170271,0.00019313469798740688,0.0013934288067363187,1.2049292997483659e-08,0.028920637421330133,2.497318770424005e-08,16.0,True,CONVERGENCE: RELATIVE REDUCTION OF F <= FACTR*EPSMCH,2.497318770424005e-08,0.8576575655439684,1.2336335234189515,0.8576575655439684,-8.0,-8.0,-0.48685580089762137,-2.3097878369828835,0.9992011404784167,True,0.9991098955587712,False,0.9990429779623935,False
double_sawtooth,even,1,sector_mixed,variational,random,13.0,16.0,10.0,3.0,0.47570113388979696,8007.0,2.7665514000109397,0.63671875,0.00040851263053075845,0.0014820288901479517,0.0004479700621896092,0.002609479765908723,0.0004776872775265936,0.0029377351692752574,4.9929388923038154e-08,0.027520501366280935,1.6715777481611666e-07,16.0,True,CONVERGENCE: RELATIVE REDUCTION OF F <= FACTR*EPSMCH,1.6715777481611666e-07,0.26312299665748146,0.38391740377508177,0.26312299665748146,-6.618679525424317,-4.448051602656767,0.5132715897784443,-1.6692148243565101,0.9970757337071755,False,0.9968303799249699,False,0.9966458260605905,False
double_sawtooth,even,1,sector_mixed,variational,random,14.0,16.0,10.0,3.0,0.3888143924772287,9962.0,3.2806858999538235,0.63671875,0.0002939239026569495,0.0010721254714902428,0.0003243123633575749,0.0019679474362532257,0.00034705131731918674,0.002231592296545737,5.909445104743753e-09,0.028108169898780476,8.667234231117417e-08,16.0,True,CONVERGENCE: RELATIVE REDUCTION OF F <= FACTR*EPSMCH,8.667234231117417e-08,0.2633756860276768,0.43262690660985753,0.2633756860276768,-8.0,-7.704707805971158,0.13529771134490243,-0.9009424199680994,0.9980444943783886,False,0.9978739441694356,False,0.9977463405629091,False
double_sawtooth,even,1,sector_mixed,variational,random,15.0,16.0,10.0,3.0,0.3252513152247263,4080.0,1.288749800005462,0.63671875,0.000550541618263548,0.0020042448745573316,0.0005953076007671221,0.003333569463092434,0.0006295822135056482,0.0037161100289388183,5.5785901683408164e-08,0.02718024549615506,3.033678764530668e-07,16.0,True,CONVERGENCE: RELATIVE REDUCTION OF F <= FACTR*EPSMCH,3.033678764530668e-07,0.30217381940996946,0.3803113632978096,0.30217381940996946,-7.994194822760765,-7.004440052557675,0.8319072334034636,-2.0030176050214394,0.9958749864780128,False,0.9955869782720251,False,0.995366219896956,False
double_sawtooth,even,1,sector_mixed,variational,random,16.0,16.0,10.0,3.0,0.22911644190986713,7786.0,2.65578979998827,0.63671875,0.0002879135777959084,0.0010794596061718675,0.0003150186890280331,0.0019262654747508878,0.00033544518192074775,0.002176007915673961,5.28826600420872e-08,0.02824340177371904,8.317666282580439e-08,16.0,True,CONVERGENCE: RELATIVE REDUCTION OF F <= FACTR*EPSMCH,8.317666282580439e-08,0.2209834223067069,0.24101178779367577,0.2209834223067069,-8.0,-7.1140752332791495,2.315794804592555,-1.1755173986677956,0.9980953071106236,False,0.9979523747590522,False,0.9978441139501264,False
double_sawtooth,even,1,sector_mixed,variational,random,17.0,16.0,10.0,3.0,0.19101238109503926,14705.0,4.9786357000120915,0.63671875,0.002197755083636909,0.007691282898494717,0.0022870788619610443,0.010169100058106312,0.0023607657285398343,0.010836755383724944,4.02437483622783e-08,0.025815939291890785,4.830385567447234e-06,16.0,True,CONVERGENCE: RELATIVE REDUCTION OF F <= FACTR*EPSMCH,4.830385567447234e-06,0.11206682151339176,0.12463844400894104,0.11206682151339176,-8.0,-8.0,2.0484031283557664,-8.0,0.9819490475837104,False,0.9813098890598535,False,0.9807822373438732,False
double_sawtooth,even,1,sector_mixed,variational,random,18.0,16.0,10.0,3.0,0.08444549297793469,17017.0,7.311160499986727,0.63671875,0.002197281822488111,0.0077333786700726215,0.002286543992659454,0.010211711002300505,0.0023601843815970955,0.010879319189514125,4.325001664082408e-08,0.02581666543233529,4.828305574523499e-06,16.0,True,CONVERGENCE: RELATIVE REDUCTION OF F <= FACTR*EPSMCH,4.828305574523499e-06,0.16688503712491204,0.17427416915608887,0.16688503712491204,-8.0,-8.0,2.426277744287112,-8.0,0.9819530486473113,False,0.9813144028950928,False,0.9807871347759458,False
double_sawtooth,even,1,sector_mixed,variational,random,19.0,16.0,10.0,3.0,0.05657854276015695,6324.0,2.3513055000221357,0.63671875,0.00032934550992705787,0.0010009180503527115,0.00035738072881598073,0.0019053357435565577,0.00037865587166684183,0.0021717066259260287,3.11491652606278e-08,0.028086614171174803,1.0874933136231718e-07,16.0,True,CONVERGENCE: RELATIVE REDUCTION OF F <= FACTR*EPSMCH,1.0874933136231718e-07,0.6916425121595584,1.0086374371866376,0.6916425121595584,-8.0,-7.958230644833188,-0.41538926782123786,-2.3818596493592152,0.9977450315894114,False,0.9975948757075342,False,0.9974800948037499,False
triangle,odd,2,zero,classical,n/a,,,,,,,,0.63671875,0.11834645469858371,0.1875,0.1185679148198624,0.18945312500000003,0.11878397420043624,0.18994140625000008,0.0,0.0,0.014005883339723926,,,,,,,,,,,,0.0,False,0.0,False,0.0,False
triangle,odd,2,analytic_truncation,classical,n/a,,,,,,,,0.63671875,0.0003919148459943011,0.0007773439519150882,0.00039230833883597134,0.0007821813484310824,0.0003924560514316886,0.0007816055290817137,0.04166500865049353,0.0,1.5401389659724167e-07,,,,,,,,,,,,0.9967002616340459,False,0.9967058660567926,False,0.9967125748040453,False
triangle,odd,2,ols_full,classical,n/a,,,,,,,,0.63671875,1.3831246220405298e-06,4.0095386426575175e-06,1.6545990721022358e-06,1.2943104611223832e-05,1.8528746691463645e-06,1.591795318034439e-05,0.040579870935136424,1.4281033852372337e-09,4.0771175735249287e-10,,,,,,,,,,,,1.0000002030297275,True,1.000000682014282,True,1.000000978434005,True
triangle,odd,2,ols_odd,classical,n/a,,,,,,,,0.63671875,1.8476110022881477e-06,4.179650705038451e-06,2.158905850557928e-06,1.3879161363888892e-05,2.388695757376414e-06,1.711010491797782e-05,0.04053861043585017,0.0,4.0879977077427785e-10,,,,,,,,,,,,0.9999962781812451,True,0.9999964286362849,True,0.9999964674721994,True
triangle,odd,2,ols_even,classical,n/a,,,,,,,,0.63671875,0.11753369200531716,0.19057448874812705,0.11778612630439966,0.19576585752405623,0.11803132333771942,0.19719436805902393,0.0,0.004104683636212964,0.01381416879744759,,,,,,,,,,,,0.006867737265878357,False,0.0065936890241612076,False,0.006336404761385158,False
triangle,odd,2,ridge_full,classical,n/a,,,,,,,,0.63671875,1.4071521847876198e-06,4.707394049896507e-06,1.735462899783449e-06,1.4325628578171212e-05,1.9690950221376376e-06,1.7504992828709653e-05,0.0405664597384573,1.0436437404080017e-09,4.07644685092163e-10,,,,,,,,,,,,1.0,True,1.0,True,1.0,True
triangle,odd,2,ridge_odd,classical,n/a,,,,,,,,0.63671875,1.8577224959762688e-06,4.835864224006503e-06,2.2155646363175006e-06,1.50937888577507e-05,2.4749389625373233e-06,1.8487787078691476e-05,0.04053111629705734,0.0,4.087622958426298e-10,,,,,,,,,,,,0.9999961927404608,True,0.9999959507699485,True,0.9999957414093157,True
triangle,odd,2,ridge_even,classical,n/a,,,,,,,,0.63671875,0.11753369200531862,0.19057442151166737,0.11778612627213168,0.19576575002298172,0.11803132328034129,0.19719424935811616,0.0,0.004104614971640801,0.013814168797447245,,,,,,,,,,,,0.006867737265866044,False,0.006593689296312846,False,0.00633640524443922,False
triangle,odd,2,spherical_full,classical_null,random,0.0,17.0,,,,846.0,,0.63671875,0.0010309166222089061,0.0030260127887739574,0.0010903612057052963,0.005881079968912767,0.0011364872022074182,0.006725139717382395,0.025290017486551897,4.688527951447982e-05,1.063042450974281e-06,,,,,,,,,,,,0.9913007811364436,False,0.9908184125632653,False,0.9904487375324365,False
triangle,odd,2,spherical_full,classical_null,random,1.0,17.0,,,,2448.0,,0.63671875,6.39438198665077e-06,3.660180372666577e-05,7.483131888317121e-06,6.651505119845136e-05,8.271546551040531e-06,7.550114789600659e-05,0.04036962741731166,1.3335275681512525e-08,4.445845285170772e-10,,,,,,,,,,,,0.9999578585677621,True,0.9999515235371527,True,0.9999469410242459,True
triangle,odd,2,spherical_full,classical_null,random,2.0,17.0,,,,3420.0,,0.63671875,2.057016059029611e-06,9.394915299776319e-06,2.558783747052129e-06,1.9521773480968285e-05,2.908823327154636e-06,2.277922371382579e-05,0.040560849236306366,1.8223683235482698e-09,4.098398256538527e-10,,,,,,,,,,,,0.9999945087362107,True,0.9999930560227904,True,0.99999208863073,True
triangle,odd,2,spherical_full,classical_null,random,3.0,17.0,,,,3870.0,,0.63671875,1.5495617599415945e-06,4.503052076110237e-06,1.8499190621171874e-06,1.3541385394638672e-05,2.0691835435576964e-06,1.6723424728304348e-05,0.04055476734560349,5.654614680991399e-10,4.079488207585229e-10,,,,,,,,,,,,0.9999987966579243,True,0.9999990346643287,True,0.9999991573763943,True
triangle,odd,2,spherical_full,classical_null,random,4.0,17.0,,,,4356.0,,0.63671875,2.3572249917142027e-06,7.009835434640399e-06,2.570803622919549e-06,1.5105036132001537e-05,2.7391927669863374e-06,1.8842789651085656e-05,0.040528446628848414,6.16757048541843e-10,4.1084098211761667e-10,,,,,,,,,,,,0.9999919720104337,True,0.9999929546458554,True,0.999993516713713,True
triangle,odd,2,spherical_full,classical_null,random,5.0,17.0,,,,3744.0,,0.63671875,1.0917836741278737e-05,4.1743180498148014e-05,1.1689938411465716e-05,6.07313264174153e-05,1.229292771284024e-05,6.582705844478814e-05,0.04071125082337227,6.179778898077287e-08,5.263122853208285e-10,,,,,,,,,,,,0.9999196359733368,True,0.9999160428752476,True,0.9999130858863551,True
triangle,odd,2,spherical_full,classical_null,random,6.0,17.0,,,,3240.0,,0.63671875,1.5561091686294963e-06,5.931152382593341e-06,1.9271278142031634e-06,1.506426327058108e-05,2.189481196218725e-06,1.8080200238995703e-05,0.04055547135627398,6.137269564710825e-10,4.0797619544470215e-10,,,,,,,,,,,,0.9999987413331869,True,0.9999983834773503,True,0.9999981446164855,True
triangle,odd,2,spherical_full,classical_null,random,7.0,17.0,,,,3456.0,,0.63671875,3.7312656791523337e-06,2.485581252514857e-05,4.459739803300457e-06,4.6181002725520504e-05,4.9812228831788594e-06,5.267912409215314e-05,0.04048150504831303,8.624056611270038e-09,4.1873748029211654e-10,,,,,,,,,,,,0.9999803615483491,True,0.9999770231534971,True,0.999974641547275,True
triangle,odd,2,spherical_full,classical_null,random,8.0,17.0,,,,4734.0,,0.63671875,1.549406958714069e-06,4.4532397652785605e-06,1.7715481937848263e-06,1.2823623061541944e-05,1.9406735205131054e-06,1.5661360069280095e-05,0.04057574444412338,7.844866131565087e-10,4.0815811420981147e-10,,,,,,,,,,,,0.9999987979659742,True,0.9999996956527215,True,1.0000002392744727,True
triangle,odd,2,spherical_full,classical_null,random,9.0,17.0,,,,4176.0,,0.63671875,1.50819727340513e-06,4.780233847589965e-06,1.816386157961351e-06,1.3773574213421513e-05,2.039811088888298e-06,1.704780881059409e-05,0.04055711635327941,8.268692245794289e-10,4.0784583081699293e-10,,,,,,,,,,,,0.999999146182365,True,0.9999993174844748,True,0.9999994046567349,True
triangle,odd,2,spherical_full,classical_null,random,10.0,17.0,,,,4734.0,,0.63671875,1.4027290197628858e-06,4.401081690502684e-06,1.6949088234955939e-06,1.3541349431045457e-05,1.90662128624531e-06,1.6580823935380407e-05,0.040571950351831136,1.022983468422464e-09,4.076871624510311e-10,,,,,,,,,,,,1.0000000373751594,True,1.0000003420374721,True,1.000000525952865,True
triangle,odd,2,spherical_full,classical_null,random,11.0,17.0,,,,3798.0,,0.63671875,1.5226162898019366e-06,5.813406834892509e-06,1.859574332429212e-06,1.550013972509423e-05,2.1008601086714504e-06,1.8696988038857665e-05,0.04055999442005302,6.72816517619625e-10,4.079183112946655e-10,,,,,,,,,,,,0.9999990243435833,True,0.999998953230733,True,0.9999988906982465,True
triangle,odd,2,spherical_full,classical_null,random,12.0,17.0,,,,4104.0,,0.63671875,1.515467997622798e-06,5.064541632654462e-06,1.7947307087653717e-06,1.2959126652722919e-05,1.9997102235939632e-06,1.560374487311056e-05,0.04057559304693227,7.444514904165028e-10,4.080525811656564e-10,,,,,,,,,,,,0.9999990847457069,True,0.999999500128879,True,0.9999997422572432,True
triangle,odd,2,spherical_full,classical_null,random,13.0,17.0,,,,3348.0,,0.63671875,1.9035300949270676e-06,7.129064438143873e-06,2.2364537440838304e-06,1.890397603701577e-05,2.4802943046260233e-06,2.2704209788809715e-05,0.04054494647244696,1.0990542837937686e-09,4.090729025373055e-10,,,,,,,,,,,,0.999995805672308,True,0.9999957745889508,True,0.9999956963238494,True
triangle,odd,2,spherical_full,classical_null,random,14.0,17.0,,,,4302.0,,0.63671875,1.794997136711745e-06,5.5017613287966505e-06,2.0077938334050347e-06,1.4160923815897952e-05,2.1700492319616322e-06,1.701824854991041e-05,0.04060531582466834,2.5237571868630843e-09,4.0927519820505863e-10,,,,,,,,,,,,0.9999967227614509,True,0.9999977031314065,True,0.9999983082099881,True
triangle,odd,2,spherical_full,classical_null,random,15.0,17.0,,,,4716.0,,0.63671875,7.972040859217801e-06,3.845608143612789e-05,8.988197421738575e-06,6.455961596407711e-05,9.745444202918256e-06,7.226750619762634e-05,0.04046495496488638,2.1250287916494047e-08,4.682031976127809e-10,,,,,,,,,,,,0.9999445275589428,True,0.9999388296514125,True,0.9999345325988235,True
triangle,odd,2,spherical_full,classical_null,random,16.0,17.0,,,,4122.0,,0.63671875,2.1894049993589626e-06,1.2112409880665753e-05,2.665182279998732e-06,2.338732256149112e-05,3.0021025526856083e-06,2.69655505223676e-05,0.04058609385126754,5.048378499557984e-09,4.106544832476784e-10,,,,,,,,,,,,0.999993390067174,True,0.9999921586460383,True,0.9999913033331131,True
triangle,odd,2,spherical_full,classical_null,random,17.0,17.0,,,,3438.0,,0.63671875,1.6649631250255317e-05,6.367076151017614e-05,1.837155999260788e-05,0.00011087427249276138,1.967199241757028e-05,0.00012529116426168718,0.04023198327112512,7.145472812140305e-08,6.795307680280109e-10,,,,,,,,,,,,0.9998712030677964,True,0.9998596893550669,True,0.9998509631372217,True
triangle,odd,2,spherical_full,classical_null,random,18.0,17.0,,,,4266.0,,0.63671875,1.7076165795895649e-06,5.8060369906853815e-06,1.9684691402114615e-06,1.4624196810669732e-05,2.164220791523947e-06,1.756812526323981e-05,0.040563943545259204,1.4785648879887815e-10,4.08555391314046e-10,,,,,,,,,,,,0.9999974611156021,True,0.9999980348001285,True,0.9999983572783671,True
triangle,odd,2,spherical_full,classical_null,random,19.0,17.0,,,,3528.0,,0.63671875,1.4978766785961352e-06,5.2608831511979925e-06,1.8102219091340188e-06,1.5424794127666397e-05,2.0363135453605915e-06,1.8765194035791355e-05,0.040558588331323676,9.4158538021273e-10,4.0782952727337277e-10,,,,,,,,,,,,0.9999992333900262,True,0.999999369474417,True,0.999999434101797,True
triangle,odd,2,spherical_odd,classical_null,random,0.0,9.0,,,,780.0,,0.63671875,1.9190515616533202e-06,5.4194056945677804e-06,2.3233030031585195e-06,1.6426093719268398e-05,2.6121956451873463e-06,2.0035323107209235e-05,0.04052263809060837,0.0,4.089091398023678e-10,,,,,,,,,,,,0.999995674517967,True,0.9999950420928921,True,0.9999945858750028,True
triangle,odd,2,spherical_odd,classical_null,random,1.0,9.0,,,,540.0,,0.63671875,0.00039868053934847164,0.0011401845772684438,0.0004319944841601834,0.002265657185178377,0.00045713398656009645,0.00259509241483058,0.02892880919436473,0.0,1.592354605471319e-07,,,,,,,,,,,,0.9966430924200024,False,0.996371148808253,False,0.9961680652626295,False
triangle,odd,2,spherical_odd,classical_null,random,2.0,9.0,,,,1120.0,,0.63671875,1.9465394637589153e-06,4.828820721530791e-06,2.270707424170458e-06,1.4672280851502073e-05,2.509232623818574e-06,1.792898669555898e-05,0.04054226400453657,0.0,4.092116559293366e-10,,,,,,,,,,,,0.9999954422488296,True,0.9999954856897025,True,0.9999954526984015,True
triangle,odd,2,spherical_odd,classical_null,random,3.0,9.0,,,,420.0,,0.63671875,1.8581033683872582e-06,4.7728181824246985e-06,2.1935091613030315e-06,1.4607883458417348e-05,2.438691105297007e-06,1.7874675699081077e-05,0.04053785448703749,0.0,4.0883109299798685e-10,,,,,,,,,,,,0.9999961895221393,True,0.9999961367882139,True,0.9999960465721829,True
triangle,odd,2,spherical_odd,classical_null,random,4.0,9.0,,,,1190.0,,0.63671875,2.5408726156589162e-06,8.514841594781108e-06,2.913526579711063e-06,1.8774805768284608e-05,3.1894339731887793e-06,2.211332565432711e-05,0.04054837759624319,0.0,4.119398096114373e-10,,,,,,,,,,,,0.9999904202122998,True,0.9999900640833134,True,0.999989726230417,True
triangle,odd,2,spherical_odd,classical_null,random,5.0,9.0,,,,1250.0,,0.63671875,1.863715680012449e-06,5.054642878449256e-06,2.2302620326211064e-06,1.5358871768872406e-05,2.495167278442351e-06,1.876702833700228e-05,0.04053020766238046,0.0,4.087755127597289e-10,,,,,,,,,,,,0.9999961420988484,True,0.999995826810516,True,0.9999955711115008,True
triangle,odd,2,spherical_odd,classical_null,random,6.0,9.0,,,,1290.0,,0.63671875,1.920535583848424e-06,5.592846757662695e-06,2.274950990166556e-06,1.546594274456914e-05,2.5326323787925285e-06,1.873429159773843e-05,0.04054066726427457,0.0,4.0909512957157367e-10,,,,,,,,,,,,0.9999956619781757,True,0.9999954498990072,True,0.9999952557009275,True
triangle,odd,2,spherical_odd,classical_null,random,7.0,9.0,,,,990.0,,0.63671875,1.9703501737253357e-06,7.5308675246410495e-06,2.4689973563166867e-06,1.9092042168739054e-05,2.8158185390399522e-06,2.285234386126267e-05,0.04051793381350208,0.0,4.090616179421203e-10,,,,,,,,,,,,0.9999952410514794,True,0.9999938132909357,True,0.9999928716179175,True
triangle,odd,2,spherical_odd,classical_null,random,8.0,9.0,,,,1310.0,,0.63671875,1.904126437426533e-06,5.0482425352771365e-06,2.2695550721646864e-06,1.5467845839611805e-05,2.5343426826934524e-06,1.8909441833608875e-05,0.040528368760559236,0.0,4.08909385095299e-10,,,,,,,,,,,,0.9999958006332927,True,0.9999954954087642,True,0.9999952413022489,True
triangle,odd,2,spherical_odd,classical_null,random,9.0,9.0,,,,1400.0,,0.63671875,1.9035463281857278e-06,5.8334860530140364e-06,2.3077660643734465e-06,1.6496754335737496e-05,2.596470843974972e-06,2.0005655167631975e-05,0.04052667433079533,0.0,4.0889023193150257e-10,,,,,,,,,,,,0.999995805535139,True,0.9999951731331169,True,0.9999947182587019,True
triangle,odd,2,spherical_odd,classical_null,random,10.0,9.0,,,,1130.0,,0.63671875,1.90927499760162e-06,4.486020454441686e-06,2.189817597622588e-06,1.319611311040303e-05,2.4003881382681747e-06,1.6420093095326216e-05,0.040537914315001165,0.0,4.090244741664784e-10,,,,,,,,,,,,0.9999957571286402,True,0.9999961679232618,True,0.9999963690365745,True
triangle,odd,2,spherical_odd,classical_null,random,11.0,9.0,,,,1050.0,,0.63671875,1.944882055384816e-06,5.7631808184355204e-06,2.3074049313014242e-06,1.5768931935777886e-05,2.5707882183363604e-06,1.908439620160185e-05,0.040535497503053214,0.0,4.0913754123988997e-10,,,,,,,,,,,,0.9999954562537111,True,0.9999951761789523,True,0.9999949344751702,True
triangle,odd,2,spherical_odd,classical_null,random,12.0,9.0,,,,1280.0,,0.63671875,1.925417825856641e-06,5.4096614156007305e-06,2.287021293203694e-06,1.557990416506394e-05,2.549253560640227e-06,1.893424706150837e-05,0.04053686712495402,0.0,4.0907590505366676e-10,,,,,,,,,,,,0.9999956207238764,True,0.999995348096764,True,0.9999951157707938,True
triangle,odd,2,spherical_odd,classical_null,random,13.0,9.0,,,,500.0,,0.63671875,2.516709969645745e-06,7.5238471731464696e-06,2.7389373451876847e-06,1.2876352539631375e-05,2.9138360399334743e-06,1.6523886303715374e-05,0.04051128983178255,0.0,4.1144672738913977e-10,,,,,,,,,,,,0.9999906243834629,True,0.9999915365878292,True,0.9999920464297857,True
triangle,odd,2,spherical_odd,classical_null,random,14.0,9.0,,,,1110.0,,0.63671875,2.014945791748954e-06,7.003669309446625e-06,2.4427287330628484e-06,1.773405160945818e-05,2.7473496682857746e-06,2.1239701219977203e-05,0.040533451972846295,0.0,4.093945262721498e-10,,,,,,,,,,,,0.9999948642244052,True,0.9999940348433497,True,0.9999934480425258,True
triangle,odd,2,spherical_odd,classical_null,random,15.0,9.0,,,,1150.0,,0.63671875,1.8847367587231091e-06,4.861300992919926e-06,2.2443846262358135e-06,1.5231070968485527e-05,2.5052021300622663e-06,1.8656340826206375e-05,0.040530501768661485,0.0,4.088572503362969e-10,,,,,,,,,,,,0.9999959644735135,True,0.9999957076990318,True,0.9999954866302564,True
triangle,odd,2,spherical_odd,classical_null,random,16.0,9.0,,,,1040.0,,0.63671875,1.8824962547654837e-06,5.3903757667173036e-06,2.2735107675081847e-06,1.6022220022116063e-05,2.5537774955007894e-06,1.952435473318026e-05,0.0405265578448201,0.0,4.0880937059740715e-10,,,,,,,,,,,,0.9999959834054755,True,0.9999954620460012,True,0.999995077684765,True
triangle,odd,2,spherical_odd,classical_null,random,17.0,9.0,,,,760.0,,0.63671875,1.8624999818321141e-06,4.6745311005624846e-06,2.2148318761233254e-06,1.4947095082429307e-05,2.470848704051765e-06,1.834604268044493e-05,0.04053072586925397,0.0,4.087761648748644e-10,,,,,,,,,,,,0.9999961523713371,True,0.9999959569501273,True,0.9999957758443169,True
triangle,odd,2,spherical_odd,classical_null,random,18.0,9.0,,,,1230.0,,0.63671875,2.0532695463671496e-06,5.032968650037217e-06,2.4095117513422152e-06,1.5643326890357745e-05,2.6706948583696277e-06,1.9279798366911294e-05,0.04051452677006634,0.0,4.09361183530702e-10,,,,,,,,,,,,0.9999945403937471,True,0.9999943149989717,True,0.9999940933827846,True
triangle,odd,2,spherical_odd,classical_null,random,19.0,9.0,,,,690.0,,0.63671875,2.029417384028621e-06,5.279380039663328e-06,2.2618766912324146e-06,1.2051321853584485e-05,2.441958825916409e-06,1.5299020215353565e-05,0.04053018400003643,0.0,4.0942037491896193e-10,,,,,,,,,,,,0.9999947419413643,True,0.9999955601690608,True,0.99999601906195,True
triangle,odd,2,spherical_sector,classical_null,random,0.0,18.0,,,,2128.0,,0.63671875,0.0004103094994038572,0.001359493252202748,0.0004382831255649154,0.002318031861792913,0.0004597343647476576,0.002596853016611722,0.03063743568987137,1.1253517471925914e-07,1.6866026078329437e-07,,,,,,,,,,,,0.9965448292455267,False,0.9963181097254484,False,0.9961461732413148,False
triangle,odd,2,spherical_sector,classical_null,random,1.0,18.0,,,,2318.0,,0.63671875,9.425266594103136e-05,0.00043645269628049543,9.763652638425793e-05,0.0005081971276100425,0.00010051613070041059,0.000525321603353196,0.039356359725342765,1.1253517471925913e-07,9.277129759596827e-09,,,,,,,,,,,,0.9992154676880768,True,0.9991911600423949,True,0.9991703538293464,True
triangle,odd,2,spherical_sector,classical_null,random,2.0,18.0,,,,3952.0,,0.63671875,3.4392036578943933e-05,0.0002014539767374035,3.643211070527442e-05,0.0002475529220761566,3.812020826914834e-05,0.0002593794503026395,0.040236812103071715,1.1253517471925913e-07,1.5851814264298821e-09,,,,,,,,,,,,0.9997212820892972,True,0.9997073647140046,True,0.9996956515996263,True
triangle,odd,2,spherical_sector,classical_null,random,3.0,18.0,,,,931.0,,0.63671875,0.00010530161538294866,0.0005165126192137118,0.0001106904211240377,0.000598586821113474,0.00011519779444205063,0.0006184481439932207,0.0386890870344773,1.1253517471925912e-07,1.147532219795497e-08,,,,,,,,,,,,0.9991221055265753,False,0.9990810620801381,False,0.9990467520789919,False
triangle,odd,2,spherical_sector,classical_null,random,4.0,18.0,,,,2451.0,,0.63671875,0.00019248361685605787,0.00036456569204990075,0.0001923170843928464,0.0003662978907121861,0.0001921669278502126,0.0003664317719303811,0.040151862670342486,1.1253517471925913e-07,3.745146251004486e-08,,,,,,,,,,,,0.9983854291444147,False,0.9983926139601809,False,0.9983987655987178,False
triangle,odd,2,spherical_sector,classical_null,random,5.0,18.0,,,,3534.0,,0.63671875,0.00011579607127411324,0.00039125034231040495,0.00011885632032460625,0.0004814698068911008,0.000121448022968846,0.0005038821022185433,0.03959600448657238,1.1253517471925913e-07,1.3804691292736983e-08,,,,,,,,,,,,0.9990334287622431,False,0.9990121900017356,False,0.998994132757393,False
triangle,odd,2,spherical_sector,classical_null,random,6.0,18.0,,,,2546.0,,0.63671875,0.0001713432496178622,0.000497400102774069,0.00017402083533910956,0.000560140666407527,0.00017647518493055947,0.0005957056751214052,0.03919579158797426,1.125351747192591e-07,2.9750468230840528e-08,,,,,,,,,,,,0.9985640624516506,False,0.9985469265065829,False,0.9985308709871199,False
triangle,odd,2,spherical_sector,classical_null,random,7.0,18.0,,,,3040.0,,0.63671875,0.0001282904725702729,0.0006406783158561455,0.00013264782064074834,0.0007353202473440873,0.00013641788886012733,0.0007579334882301322,0.03894538238610508,1.1253517471925916e-07,1.6847900301516744e-08,,,,,,,,,,,,0.9989278527237421,False,0.9988958709941489,False,0.9988681046954994,False
triangle,odd,2,spherical_sector,classical_null,random,8.0,18.0,,,,3287.0,,0.63671875,0.00016828483637277834,0.0007760744868404376,0.000172630178300633,0.0008795553599378475,0.00017643397058973644,0.0009032686609950352,0.038583089057585576,1.1253517471925908e-07,2.8705618168940387e-08,,,,,,,,,,,,0.9985899056390799,False,0.9985586554586839,False,0.9985312179617378,False
triangle,odd,2,spherical_sector,classical_null,random,9.0,18.0,,,,2641.0,,0.63671875,2.6457024996328e-05,9.279384558425613e-05,2.6843276034080508e-05,0.00010546225515502966,2.7180927280009936e-05,0.00010812515372331938,0.04096908256747972,1.1253517471925909e-07,1.109666122682869e-09,,,,,,,,,,,,0.9997883318877224,True,0.9997882379843015,True,0.9997877470393306,True
triangle,odd,2,spherical_sector,classical_null,random,10.0,18.0,,,,2603.0,,0.63671875,0.00013152730345802194,0.0004702962261338428,0.0001341195361252076,0.0005415499056685147,0.00013651782061357276,0.0005608135748888521,0.03996018514264701,1.125351747192591e-07,1.7699034531716806e-08,,,,,,,,,,,,0.9989005019308288,False,0.9988834583863341,False,0.9988672633916894,False
triangle,odd,2,spherical_sector,classical_null,random,11.0,18.0,,,,2774.0,,0.63671875,7.952377734169965e-05,0.00029838631224347184,8.085873282748651e-05,0.00030696250573034045,8.204707667709079e-05,0.0003075688232597115,0.03948826741002363,1.1253517471925913e-07,6.718914962144206e-09,,,,,,,,,,,,0.9993399248487665,True,0.9993326657706537,True,0.9993258407990007,True
triangle,odd,2,spherical_sector,classical_null,random,12.0,18.0,,,,2451.0,,0.63671875,2.0469712479577354e-05,7.815365546282038e-05,2.1612062302879248e-05,0.0001276891317860407,2.2529426362509907e-05,0.00014203400121198806,0.0403434331886768,1.125511299050111e-07,8.224445863946318e-10,,,,,,,,,,,,0.9998389238866349,True,0.999832358607565,True,0.999826907019105,True
triangle,odd,2,spherical_sector,classical_null,random,13.0,18.0,,,,988.0,,0.63671875,0.00011422206759297875,0.000459808028686004,0.00011807446996672593,0.0005574872985070201,0.00012146749367263704,0.0005836806384555693,0.03996209179933857,1.1253517471925916e-07,1.3446302768560138e-08,,,,,,,,,,,,0.9990467288851782,False,0.9990187842123452,False,0.9989939688377507,False
triangle,odd,2,spherical_sector,classical_null,random,14.0,18.0,,,,3211.0,,0.63671875,7.589586542862478e-05,0.00017203617845124725,7.667173186708664e-05,0.00022805864305504991,7.73031617584529e-05,0.00024264538753285964,0.04044061785154238,1.1253517471925912e-07,6.1645896930270924e-09,,,,,,,,,,,,0.9993705802246213,True,0.9993679793902973,True,0.9993657787922551,True
triangle,odd,2,spherical_sector,classical_null,random,15.0,18.0,,,,3078.0,,0.63671875,8.385266989140364e-05,0.00019611702228764655,8.478613646191522e-05,0.0002689245649447544,8.554546528458351e-05,0.0002880212630231721,0.04008007425396825,1.125351747192591e-07,7.432072115808142e-09,,,,,,,,,,,,0.9993033462792409,True,0.9992995416229775,True,0.9992963886222641,True
triangle,odd,2,spherical_sector,classical_null,random,16.0,18.0,,,,2546.0,,0.63671875,7.908645781853954e-05,0.00029670773194445665,8.112177379086176e-05,0.00038802315846131474,8.289848964880172e-05,0.0004134453656066406,0.03969461151512087,1.1253517471925913e-07,6.6516150507865895e-09,,,,,,,,,,,,0.9993436201408995,True,0.9993304472546755,True,0.9993186729374129,True
triangle,odd,2,spherical_sector,classical_null,random,17.0,18.0,,,,3572.0,,0.63671875,0.0001299437575631463,0.0005986921312702356,0.0001329069499273363,0.000649297376345899,0.00013558610967429326,0.0006607750750495661,0.039259734798239604,1.1253517471925909e-07,1.7277978602963885e-08,,,,,,,,,,,,0.9989138826842081,False,0.9988936854696765,False,0.998875107264492,False
triangle,odd,2,spherical_sector,classical_null,random,18.0,18.0,,,,2565.0,,0.63671875,7.827682762782111e-05,0.00034924343856220647,8.18603906423569e-05,0.00042212040764348646,8.489386660738042e-05,0.00044032631094314406,0.0398272179091373,1.1253517471925913e-07,6.52553504791874e-09,,,,,,,,,,,,0.9993504614089331,True,0.9993242176801418,True,0.9993018742905404,True
triangle,odd,2,spherical_sector,classical_null,random,19.0,18.0,,,,2185.0,,0.63671875,0.00020361565079016105,0.00045814761108444596,0.00020567462701669771,0.000522910946414365,0.00020757203999365557,0.0005372000730032508,0.041483632439371816,1.1253517471925916e-07,4.1874170696446275e-08,,,,,,,,,,,,0.9982913649299427,False,0.9982799549987782,False,0.9982690732928018,False
triangle,odd,2,generic,variational,random,0.0,23.0,19.0,3.0,0.17335825769171387,15576.0,8.38924449996557,0.63671875,0.0001509280602559574,0.0004957295612193213,0.00015642876777345336,0.000671153475376246,0.00016089940970791654,0.0007192535393621413,0.03934228817186686,1.1077660922193955e-08,2.3172702365121188e-08,16.0,True,CONVERGENCE: RELATIVE REDUCTION OF F <= FACTR*EPSMCH,2.3172702365121188e-08,0.39858802143824,0.5731603896911415,0.39858802143824,-0.2520930903709693,-4.252902755091767,-2.77084139982434,-4.673805005800815,0.9987365681017404,False,0.9986952999100364,False,0.9986620000685732,False
triangle,odd,2,generic,variational,random,1.0,23.0,19.0,3.0,0.19128034352440682,6144.0,3.575216300028842,0.63671875,0.00014456339859456803,0.00037623936474468975,0.00014657498893419493,0.0003971418196455079,0.00014823522500736664,0.00042634665706198227,0.04026198083260048,6.136029428481029e-09,2.1301196082898254e-08,16.0,True,CONVERGENCE: RELATIVE REDUCTION OF F <= FACTR*EPSMCH,2.1301196082898254e-08,0.10808400954420644,0.11461380799153947,0.10808400954420644,-0.8946383873924911,-2.5375843021654974,-3.2221164027850806,-1.6048962812660537,0.9987903486510185,False,0.9987784077481459,False,0.9987686170994047,False
triangle,odd,2,generic,variational,random,2.0,23.0,19.0,3.0,0.031153210899957595,5952.0,2.690295199980028,0.63671875,4.971247633192364e-05,0.00016612385271208563,5.338792320905275e-05,0.0002794452905275635,5.620875436083676e-05,0.00031140019335360036,0.04193436501953404,3.0801578403858913e-11,2.8906739535554244e-09,16.0,True,CONVERGENCE: RELATIVE REDUCTION OF F <= FACTR*EPSMCH,2.8906739535554244e-09,0.0028149871434463535,0.0039563038020087125,0.0028149871434463535,-1.5413707157214465,-0.6129936236348481,-3.6913899700427275,-1.1016174126395686,0.9995918263995948,True,0.9995643575546634,True,0.9995433680439173,True
triangle,odd,2,generic,variational,random,3.0,23.0,19.0,3.0,0.0630358086119045,5904.0,2.865939299983438,0.63671875,0.0001024292389521887,0.00040844350324426015,0.00010585332548982868,0.0005584655797721827,0.00010864548644524144,0.0006002404997373645,0.03943952654516179,4.0278786205307205e-08,1.088614466056405e-08,16.0,True,CONVERGENCE: RELATIVE REDUCTION OF F <= FACTR*EPSMCH,1.088614466056405e-08,0.016768818579165796,0.02259769363930752,0.016768818579165796,-0.7166469450922391,-3.6069782257016954,-0.7797792729931773,-1.0470476359592655,0.999146376727528,False,0.99912185866868,False,0.9991019145422875,False
triangle,odd,2,generic,variational,random,4.0,23.0,19.0,3.0,0.11720134452630859,4056.0,2.306801999977324,0.63671875,8.24023162302193e-05,0.00015213614673997844,8.233366704509642e-05,0.00015283896226699067,8.224782373957995e-05,0.0001527665898563707,0.04152107419743146,1.7554625642830468e-09,7.205352479634003e-09,16.0,True,CONVERGENCE: RELATIVE REDUCTION OF F <= FACTR*EPSMCH,7.205352479634003e-09,0.010731482059613561,0.015542188803012173,0.010731482059613561,-1.4730164189635415,-1.0849282248789134,-1.3899807705021832,-1.1631338459752782,0.9993156015758609,True,0.9993202260156949,True,0.9993241507529175,True
triangle,odd,2,generic,variational,random,5.0,23.0,19.0,3.0,0.008278986806307342,9288.0,4.95433730003424,0.63671875,0.0001256454434583626,0.0004702585474568588,0.00013061285626448843,0.0006321506072651251,0.00013464594883118563,0.0006766004863310859,0.039456570930999316,8.272873129290394e-09,1.6181343253887324e-08,16.0,True,CONVERGENCE: RELATIVE REDUCTION OF F <= FACTR*EPSMCH,1.6181343253887324e-08,0.008996977766536778,0.0148787495890129,0.008996977766536778,0.4926126327567348,-5.3966364184193125,-0.8855384427756221,-1.021422714353005,0.9989502028699184,False,0.9989130341041292,False,0.9988830222752065,False
triangle,odd,2,generic,variational,random,6.0,23.0,19.0,3.0,0.15790154734362505,5544.0,3.1862306999973953,0.63671875,0.00011820759950010618,0.0004532943726202332,0.00012293170684744256,0.0006135220387196716,0.00012682597385153016,0.0006570514077389178,0.03951774236142121,3.300869297614234e-08,1.4368214333278641e-08,16.0,True,CONVERGENCE: RELATIVE REDUCTION OF F <= FACTR*EPSMCH,1.4368214333278641e-08,0.2314789706438301,0.342015317583409,0.2314789706438301,-0.99849221596201,-6.857175881780995,-3.260279857304906,-2.7260657483670006,0.999013051667671,False,0.9989778177503486,False,0.9989488569525444,False
triangle,odd,2,generic,variational,random,7.0,23.0,19.0,3.0,0.5266990778126445,5304.0,2.8230469999834895,0.63671875,6.352132326905438e-05,0.00018697755027355378,6.557642883552076e-05,0.000302859591609167,6.720456849556309e-05,0.000336660984207815,0.03963346447361826,3.7796124529092336e-07,4.431296934200345e-09,16.0,True,CONVERGENCE: RELATIVE REDUCTION OF F <= FACTR*EPSMCH,4.431296934200345e-09,0.21266244954616947,0.3672950364783467,0.21266244954616947,-0.870553785688513,-1.7902017646975812,-1.925140844159698,-1.870181158652089,0.99947514346927,True,0.9994615583779288,True,0.9994507966638926,True
triangle,odd,2,generic,variational,random,8.0,23.0,19.0,3.0,0.29541769439910737,7104.0,3.9062246999819763,0.63671875,1.8976590965924192e-05,3.41020755679558e-05,1.9019855866408173e-05,3.41020755679558e-05,1.905512074504108e-05,3.4087682345571024e-05,0.040564442639543154,1.5329351324543487e-11,7.657554312367206e-10,16.0,True,CONVERGENCE: RELATIVE REDUCTION OF F <= FACTR*EPSMCH,7.657554312367206e-10,0.0013304382693645085,0.0018113931662453232,0.0013304382693645085,-1.2578785508609218,-1.297416552306846,-1.561829248930069,-1.858567813099722,0.9998515405659519,True,0.9998542215574426,True,0.9998561564463595,True
triangle,odd,2,generic,variational,random,9.0,23.0,19.0,3.0,0.1798208515664632,9528.0,5.00018450000789,0.63671875,9.580091795873043e-05,0.00019747182765677412,9.596297583956207e-05,0.00019885864916375368,9.608237704465402e-05,0.00019894432216369107,0.04121750969813251,7.171365447539398e-08,9.589991695853267e-09,16.0,True,CONVERGENCE: RELATIVE REDUCTION OF F <= FACTR*EPSMCH,9.589991695853267e-09,0.10398680037987426,0.11169156016758897,0.10398680037987426,-1.4027374652285076,-1.5208322368023288,-1.546644080791374,-1.8324964721274213,0.9992023851632919,True,0.9992052749489708,True,0.9992076806420384,True
triangle,odd,2,generic,variational,random,10.0,23.0,19.0,3.0,0.0778542738291037,8232.0,4.0901083999779075,0.63671875,0.00010912182297408336,0.000258677721105334,0.00010980654039443165,0.000258677721105334,0.00011032970536221915,0.0002587614339105426,0.04002984344494772,1.2872239137340004e-07,1.2307871970860577e-08,16.0,True,CONVERGENCE: RELATIVE REDUCTION OF F <= FACTR*EPSMCH,1.2307871970860577e-08,0.20941918085143305,0.31592204823373526,0.20941918085143305,-0.5654084886584465,-2.949677814117998,-2.4961537126872613,-2.481223452759156,0.9990898252776732,False,0.9990885168259552,False,0.9990877354676416,False
triangle,odd,2,generic,variational,random,11.0,23.0,19.0,3.0,0.39964507413003636,5520.0,3.7227231999859214,0.63671875,0.0001119976117411888,0.000395080257557634,0.00011691746458899095,0.0005602926844522904,0.00012088401138010651,0.0006054497517487267,0.03947539611716107,8.891314584884837e-09,1.2938219085814827e-08,16.0,True,CONVERGENCE: RELATIVE REDUCTION OF F <= FACTR*EPSMCH,1.2938219085814827e-08,0.024466930054511046,0.04260304296636142,0.024466930054511046,-0.9603267698136281,-7.145677755925428,-2.06440267747947,-1.2089060368809454,0.9990655252429297,False,0.9990285425210301,False,0.9989988810489229,False
triangle,odd,2,generic,variational,random,12.0,23.0,19.0,3.0,0.44513344791032916,3024.0,2.076905899972189,0.63671875,9.08782166010204e-05,0.00022376913952590685,9.100627307615274e-05,0.00022528692695988548,9.107651871096857e-05,0.00022544749266874622,0.04032299467706891,4.712732841372051e-09,8.662080246479996e-09,16.0,True,CONVERGENCE: RELATIVE REDUCTION OF F <= FACTR*EPSMCH,8.662080246479996e-09,0.02933932984657729,0.0428100267345398,0.02933932984657729,-1.0217151883309488,-1.796668010989661,-1.3320874678963057,-3.005188717635894,0.9992439813387108,True,0.9992470803169966,True,0.999249823880227,True
triangle,odd,2,generic,variational,random,13.0,23.0,19.0,3.0,0.36150591675430876,13656.0,11.934330299962312,0.63671875,5.029377811098869e-05,0.00010383015031913134,5.118769141616698e-05,0.00015666275384515482,5.18847953244567e-05,0.0001766818310348639,0.03989853756870744,5.474078345649138e-10,2.9284494978385175e-09,16.0,True,CONVERGENCE: RELATIVE REDUCTION OF F <= FACTR*EPSMCH,2.9284494978385175e-09,0.005669837264829312,0.00647437470868815,0.005669837264829312,1.0289410490423947,-3.1694573384977685,-1.3371203389854112,-1.271212126267672,0.999586914476442,True,0.9995829145479378,True,0.9995797705194652,True
triangle,odd,2,generic,variational,random,14.0,23.0,19.0,3.0,0.49149847282820913,7296.0,5.611729800002649,0.63671875,9.117107868735027e-05,0.0003393113860659658,9.692875809711242e-05,0.0005164135367226319,0.00010147116834757688,0.0005654963948129033,0.039296812095884086,1.4486917784643292e-08,8.705133854843033e-09,16.0,True,CONVERGENCE: RELATIVE REDUCTION OF F <= FACTR*EPSMCH,8.705133854843033e-09,0.030120337120709495,0.04964676418845719,0.030120337120709495,-0.329115059707743,-3.3812591957592764,-1.8581121546138875,-1.8290582394462487,0.999241506692814,True,0.9991971294367955,True,0.9991623135740373,True
triangle,odd,2,generic,variational,random,15.0,23.0,19.0,3.0,0.6425288683138195,7824.0,4.922857799974736,0.63671875,0.00015925273858542164,0.00039642452826929575,0.0001636931325821116,0.0005812615250092301,0.000167308709672623,0.0006319409633375184,0.039310299612354355,2.3240602028975458e-07,2.5754540067140388e-08,16.0,True,CONVERGENCE: RELATIVE REDUCTION OF F <= FACTR*EPSMCH,2.5754540067140388e-08,0.17783673590727997,0.23275529253845886,0.17783673590727997,-0.45596560257701146,-2.518627641418112,-1.3127855616048132,-1.6530429311821986,0.9986662256708397,False,0.9986340314703509,False,0.9986080415589571,False
triangle,odd,2,generic,variational,random,16.0,23.0,19.0,3.0,0.22720155241954354,3888.0,2.1098477999912575,0.63671875,0.00013368825357420685,0.0003897413782608869,0.00013637369781855879,0.0004982017693888827,0.00013862501064506845,0.0005255767807305911,0.04093189379892696,1.4189524151579803e-07,1.8281869500663115e-08,16.0,True,CONVERGENCE: RELATIVE REDUCTION OF F <= FACTR*EPSMCH,1.8281869500663115e-08,0.14190952713243743,0.16213412130580304,0.14190952713243743,-1.0948384484659994,-1.778593427739209,-1.44008235008156,-2.0697604626217765,0.9988822421881443,False,0.9988644465424374,False,0.9988495234147491,False
triangle,odd,2,generic,variational,random,17.0,23.0,19.0,3.0,0.5069728318653365,11712.0,6.796938300016336,0.63671875,0.00014784266603212794,0.00035458490072529103,0.00015096001830843268,0.00048659078332588535,0.0001535310140444197,0.000522927114438132,0.039583038513782476,2.5194267912429102e-09,2.2253284309819412e-08,16.0,True,CONVERGENCE: RELATIVE REDUCTION OF F <= FACTR*EPSMCH,2.2253284309819412e-08,0.014213435616783295,0.01752183030637282,0.014213435616783295,0.44178710505639013,-3.0315189559279494,-1.288711502994805,-1.1432162132470018,0.9987626392748719,False,0.9987414239354092,False,0.998724032997357,False
triangle,odd,2,generic,variational,random,18.0,23.0,19.0,3.0,0.2571930691087214,8160.0,3.9626676000189036,0.63671875,0.00014452870625559456,0.0004608995662725712,0.0001502481976357461,0.0006453260655607529,0.00015487913089913893,0.0006959518028488709,0.039313717017083805,4.02771508474207e-09,2.1281684142363925e-08,16.0,True,CONVERGENCE: RELATIVE REDUCTION OF F <= FACTR*EPSMCH,2.1281684142363925e-08,0.049778399733017606,0.0690426776978627,0.049778399733017606,-0.3388610253087926,-4.521737783087053,-2.6570746333235378,-3.276026977638967,0.9987906417966945,False,0.9987474275080683,False,0.9987126834932505,False
triangle,odd,2,generic,variational,random,19.0,23.0,19.0,3.0,0.38361541791173426,6696.0,4.844579300028272,0.63671875,8.937120445520352e-05,0.0003539513095263125,9.429153329863412e-05,0.0005117649311597028,9.819521008388606e-05,0.0005557364287344102,0.03938530707062284,4.696289361293507e-09,8.381065303442913e-09,16.0,True,CONVERGENCE: RELATIVE REDUCTION OF F <= FACTR*EPSMCH,8.381065303442913e-09,0.030652044923733954,0.03706583906627235,0.030652044923733954,-0.8482997022407429,-3.576971199104843,-1.6386136777629878,-4.248348502214642,0.9992567153920325,True,0.9992193720764148,True,0.9991898931578368,True
triangle,odd,2,equivariant,variational,random,0.0,23.0,13.0,2.0,0.1537300686323263,9984.0,7.799066699983086,0.63671875,0.00012328654819574464,0.0003760798068824234,0.0001281962591090386,0.000537538092431511,0.00013217021358323959,0.0005819739897250376,0.03944429456464091,0.0,1.559401591166807e-08,8.0,True,CONVERGENCE: RELATIVE REDUCTION OF F <= FACTR*EPSMCH,1.559401591166807e-08,0.0,0.0,0.0,-1.1140499802943016,-7.402495613680626,-0.6583841323625785,-1.1662986683716534,0.9989701352229111,False,0.9989334159463085,False,0.9989038649545817,False
triangle,odd,2,equivariant,variational,random,1.0,23.0,13.0,2.0,0.055780015444915176,2904.0,1.8722456999821588,0.63671875,0.00011405906125069001,0.00035084196980711413,0.00011875983123002187,0.000504298292229699,0.0001225581635532758,0.0005466442540258687,0.03948430622707976,0.0,1.3404312515659453e-08,8.0,True,CONVERGENCE: NORM OF PROJECTED GRADIENT <= PGTOL,1.3404312515659453e-08,0.0,0.0,0.0,-0.6194941496209677,-6.343443772266455,-1.0689007263248427,-0.6764840464004482,0.9990481062672122,False,0.999013003801211,False,0.9989847867240149,False
triangle,odd,2,equivariant,variational,random,2.0,23.0,13.0,2.0,0.08560526122721568,4488.0,3.3416756999795325,0.63671875,0.00014834070673453237,0.0003809841482461662,0.00015218781781209175,0.0005328128339540106,0.00015534062542358368,0.0005730720651254684,0.040126854356135014,0.0,2.2406233818061886e-08,8.0,True,CONVERGENCE: RELATIVE REDUCTION OF F <= FACTR*EPSMCH,2.2406233818061886e-08,0.0,0.0,0.0,-0.5714330184605366,-2.636866511423537,-0.9529912282548285,-0.9173572479661685,0.998758430896805,False,0.9987310685413978,False,0.9987087982707032,False
triangle,odd,2,equivariant,variational,random,3.0,23.0,13.0,2.0,0.21097426887461523,3480.0,2.57803639996564,0.63671875,0.00011879688305015278,0.0003717235703020183,0.0001238010708149022,0.0005319419450376117,0.00012784474006417846,0.0005760731280708697,0.03944629347511773,0.0,1.4507162357182856e-08,8.0,True,CONVERGENCE: RELATIVE REDUCTION OF F <= FACTR*EPSMCH,1.4507162357182856e-08,0.0,0.0,0.0,-0.9362156914114333,-7.999999995359636,-0.613544787196797,-0.8637236193280888,0.999008072299609,False,0.9989704854404761,False,0.9989402801802315,False
triangle,odd,2,equivariant,variational,random,4.0,23.0,13.0,2.0,0.07422377622609855,7272.0,5.9741917999926955,0.63671875,4.7635950412078086e-05,0.00013185583690891733,5.0096662181577884e-05,0.00021960185513159036,5.203463923260415e-05,0.0002449130803230948,0.03971998567191153,0.0,2.6663836283810776e-09,8.0,True,CONVERGENCE: RELATIVE REDUCTION OF F <= FACTR*EPSMCH,2.6663836283810776e-09,0.0,0.0,0.0,-0.7994610130118615,-4.20765709707917,-1.1680036701646639,-0.9049527269377521,0.9996093727689859,True,0.9995921164066845,True,0.9995785090160244,True
triangle,odd,2,equivariant,variational,random,5.0,23.0,13.0,2.0,0.14670328793906773,3456.0,2.4372234999900684,0.63671875,0.00011934147261238917,0.00037165478664194507,0.00012432970799775497,0.0005322364222087594,0.0001283605462173481,0.0005764597573311991,0.03944674506632856,0.0,1.463685453595692e-08,8.0,True,CONVERGENCE: RELATIVE REDUCTION OF F <= FACTR*EPSMCH,1.463685453595692e-08,0.0,0.0,0.0,-1.0412313736362,-7.883371990197816,-0.8616553824116776,-1.0157714929813222,0.999003470589833,False,0.9989660268572129,False,0.9989359377198336,False
triangle,odd,2,equivariant,variational,random,6.0,23.0,13.0,2.0,0.025973117142032875,5904.0,4.772624899982475,0.63671875,4.7740734787119815e-05,0.0001162394722496185,5.009213495049773e-05,0.0002126747231295245,5.1913056361065394e-05,0.00024034880371706646,0.04196922188864665,0.0,2.6988699769005788e-09,8.0,True,CONVERGENCE: RELATIVE REDUCTION OF F <= FACTR*EPSMCH,2.6988699769005788e-09,0.0,0.0,0.0,-1.5332610729854228,-0.5536066189754347,-0.654072560922011,-1.2264607852056022,0.999608487354875,True,0.9995921545898419,True,0.9995795325959129,True
triangle,odd,2,equivariant,variational,random,7.0,23.0,13.0,2.0,0.43685071712764056,2736.0,1.45856520003872,0.63671875,4.808329671508994e-05,0.00010367605401868235,4.811901697683174e-05,0.00010412240587426291,4.8139300511058266e-05,0.0001040138594788978,0.039836357120495415,0.0,2.710366994196333e-09,8.0,True,CONVERGENCE: RELATIVE REDUCTION OF F <= FACTR*EPSMCH,2.710366994196333e-09,0.0,0.0,0.0,-1.0420009468346116,-2.0287391950885048,-1.0587727827686704,-1.3168616203609258,0.9996055927518893,True,0.9996087960805634,True,0.9996113030298828,True
triangle,odd,2,equivariant,variational,random,8.0,23.0,13.0,2.0,0.40770312497684313,6000.0,3.486533200019039,0.63671875,6.836571142678868e-05,0.0001848607020905335,7.176051291879914e-05,0.0003112202119690266,7.441820626059909e-05,0.00034724172950534316,0.039478518938483455,0.0,5.068655688275779e-09,8.0,True,CONVERGENCE: RELATIVE REDUCTION OF F <= FACTR*EPSMCH,5.068655688275779e-09,0.0,0.0,0.0,-1.0966051815426368,-2.6189719983248874,-0.9354724332447506,-1.409861990611912,0.9994342090300335,True,0.9994094011428993,True,0.9993900666083708,True
triangle,odd,2,equivariant,variational,random,9.0,23.0,13.0,2.0,0.19991561646053801,8160.0,4.669295999978203,0.63671875,2.622323349170868e-05,0.00010904154902408036,2.961574782968543e-05,0.00019230550265977864,3.212643591196315e-05,0.0002165836800530896,0.039712939588458604,0.0,1.084787370645258e-09,8.0,True,CONVERGENCE: RELATIVE REDUCTION OF F <= FACTR*EPSMCH,1.084787370645258e-09,0.0,0.0,0.0,-1.0652734658926521,-3.894858098815766,-0.9535115176047154,-1.3806676007432936,0.9997903073950164,True,0.9997648546568582,True,0.9997461118722228,True
triangle,odd,2,equivariant,variational,random,10.0,23.0,13.0,2.0,0.15062793143848408,8256.0,9.189739599998575,0.63671875,9.753294316240923e-05,0.0002098385446721307,9.811285671803642e-05,0.00022179124030169417,9.866169755635524e-05,0.000222946186802353,0.04036399274401641,0.0,9.916314929361914e-09,8.0,True,CONVERGENCE: RELATIVE REDUCTION OF F <= FACTR*EPSMCH,9.916314929361914e-09,0.0,0.0,0.0,-0.5563308055608582,-2.875965706039031,-1.2782385326590342,-1.1901565081092103,0.9991877497793904,True,0.9991871426207628,True,0.9991859659007405,True
triangle,odd,2,equivariant,variational,random,11.0,23.0,13.0,2.0,0.06298910074836472,5904.0,5.607133699988481,0.63671875,0.00012128907599292232,0.0003712922267397889,0.00012613496139206803,0.0005298977433160768,0.000130058567472938,0.0005736026097243885,0.03945309417386853,0.0,1.510557089695557e-08,8.0,True,CONVERGENCE: RELATIVE REDUCTION OF F <= FACTR*EPSMCH,1.510557089695557e-08,0.0,0.0,0.0,-0.4961506308939226,-7.878914767510646,-1.378595875932849,-0.9012545343126175,0.9989870135988485,False,0.9989508011545369,False,0.9989216424462853,False
triangle,odd,2,equivariant,variational,random,12.0,23.0,13.0,2.0,0.10666076969925287,2208.0,1.0599400000064634,0.63671875,5.061195755190717e-05,0.00010127520629762791,5.0781575127967515e-05,0.00010133834968377789,5.089742291620241e-05,0.00010142012200773862,0.04157651610607248,0.0,2.977335408296778e-09,8.0,True,CONVERGENCE: NORM OF PROJECTED GRADIENT <= PGTOL,2.977335408296778e-09,0.0,0.0,0.0,-1.4842863460511813,-1.0388365155241541,-1.0861006666051407,-1.1243430088739639,0.9995842259022472,True,0.9995863397767036,True,0.9995880829941316,True
triangle,odd,2,equivariant,variational,random,13.0,23.0,13.0,2.0,0.1494312703166396,1680.0,1.1287046000361443,0.63671875,2.572847278490402e-05,6.898463496482488e-05,2.7277397568861062e-05,0.00012654089454924855,2.846833129117291e-05,0.000143095150833078,0.04151079167082184,0.0,1.0770622285517652e-09,8.0,True,CONVERGENCE: RELATIVE REDUCTION OF F <= FACTR*EPSMCH,1.0770622285517652e-09,0.0,0.0,0.0,-1.4359057530438428,-0.8458848988956239,-1.0560727195982191,-0.6656806423761472,0.9997944880575541,True,0.9997845765562523,True,0.9997769086635174,True
triangle,odd,2,equivariant,variational,random,14.0,23.0,13.0,2.0,0.2740674807628235,2472.0,1.3783736999612302,0.63671875,1.9088197271513602e-05,5.491864338033614e-05,2.0341891453801254e-05,9.874611273286149e-05,2.1302729428795902e-05,0.00011119157420014236,0.04127962130396352,0.0,7.771554881158546e-10,8.0,True,CONVERGENCE: NORM OF PROJECTED GRADIENT <= PGTOL,7.771554881158546e-10,0.0,0.0,0.0,-1.279931390724575,-0.7027757475884813,-0.9471684667990926,-1.060099629321395,0.9998505975074301,True,0.9998430713660933,True,0.9998372343151684,True
triangle,odd,2,equivariant,variational,random,15.0,23.0,13.0,2.0,0.37931028044892035,2400.0,1.6780553999706171,0.63671875,0.00011966024156555131,0.00037269086138388974,0.00012465003139410915,0.0005332305374541324,0.00012868334290926225,0.0005774415721049864,0.039446707324356914,0.0,1.4713040484769662e-08,8.0,True,CONVERGENCE: NORM OF PROJECTED GRADIENT <= PGTOL,1.4713040484769662e-08,0.0,0.0,0.0,-0.9599914128222284,-8.0,-1.0444352708723346,-1.3811019710502472,0.9990007770343377,False,0.99896332521499,False,0.9989332201643282,False
triangle,odd,2,equivariant,variational,random,16.0,23.0,13.0,2.0,0.2205947348541355,4992.0,5.664138099993579,0.63671875,3.737466807021084e-05,6.61464729525274e-05,3.858724411680283e-05,0.0001295523111286001,3.954474387023585e-05,0.00014832119712160363,0.039902589164647645,0.0,1.795891705004914e-09,8.0,True,CONVERGENCE: RELATIVE REDUCTION OF F <= FACTR*EPSMCH,1.795891705004914e-09,0.0,0.0,0.0,-1.0285013857286796,-3.470315024780082,-0.7521353600910331,-1.376665018605589,0.9996960792476649,True,0.9996891880853639,True,0.999683658742629,True
triangle,odd,2,equivariant,variational,random,17.0,23.0,13.0,2.0,0.6283089957288841,6384.0,6.074707399995532,0.63671875,3.5056395632255734e-05,0.00010375349639887843,3.835000443403498e-05,0.00021053209041771437,4.0822388645253095e-05,0.00024224638166370216,0.03922390037565666,0.0,1.6211898784818055e-09,8.0,True,CONVERGENCE: RELATIVE REDUCTION OF F <= FACTR*EPSMCH,1.6211898784818055e-09,0.0,0.0,0.0,-0.3099800094039913,-1.9455010765689706,-0.7258671549674313,-0.7346443864060426,0.9997156683431617,True,0.9996911889905467,True,0.9996729025277133,True
triangle,odd,2,equivariant,variational,random,18.0,23.0,13.0,2.0,0.29534758349216583,12216.0,12.36434550001286,0.63671875,0.00010833078852900992,0.0002798389056123361,0.00011139635082105918,0.000389648818552496,0.00011389249207724925,0.00042473761988534586,0.03964498289252954,0.0,1.2132009572242364e-08,8.0,True,CONVERGENCE: RELATIVE REDUCTION OF F <= FACTR*EPSMCH,1.2132009572242364e-08,0.0,0.0,0.0,-0.5682145217034354,-4.179275767407116,-0.9958568903628986,-1.192104124512491,0.9990965094141155,False,0.9990751081926059,False,0.9990577411371715,False
triangle,odd,2,equivariant,variational,random,19.0,23.0,13.0,2.0,0.04570603425552522,3336.0,3.5283183000283316,0.63671875,2.544767494999031e-05,8.474666252497598e-05,2.7931915821284833e-05,0.00015821057743861666,2.9803860504741273e-05,0.00017986988437973528,0.03975661032119922,0.0,1.0451502635723565e-09,8.0,True,CONVERGENCE: RELATIVE REDUCTION OF F <= FACTR*EPSMCH,1.0451502635723565e-09,0.0,0.0,0.0,-0.8582140715820907,-4.106673679877351,-0.696030539919487,-0.9757457209762326,0.999796860762122,True,0.9997790562784127,True,0.9997656651320382,True
triangle,odd,2,sector_mixed,variational,random,0.0,23.0,15.0,3.0,0.5375860620440873,14472.0,13.828799000009894,0.63671875,0.00012925743119327027,0.0003926471119663766,0.00013434898074911398,0.0005612889536302235,0.00013847104797518818,0.0006076763363179749,0.03939136666467294,1.2569800713722985e-12,1.7101397185342296e-08,16.0,True,CONVERGENCE: RELATIVE REDUCTION OF F <= FACTR*EPSMCH,1.7101397185342296e-08,9.751986915197842e-06,1.6878147304339902e-05,9.751986915197842e-06,0.367158366843921,-4.758757376596743,-0.7894198622419358,-1.1681910416173018,0.9989196820512632,False,0.9988815232255221,False,0.9988508195931537,False
triangle,odd,2,sector_mixed,variational,random,1.0,23.0,15.0,3.0,0.4503397596353639,2976.0,2.678028700000141,0.63671875,0.00012681959112749861,0.0004303154028526268,0.00013332008626914434,0.00062500432898277,0.0001385220561494493,0.0006786770710672241,0.03921359022637933,4.7975117342665945e-11,1.6475344596489473e-08,16.0,True,CONVERGENCE: RELATIVE REDUCTION OF F <= FACTR*EPSMCH,1.6475344596489473e-08,0.00021166462979892403,0.00027453142909297963,0.00021166462979892403,-0.9770923410087801,-3.648443972782978,-2.0448161048194606,-0.6939755145489183,0.9989402814774015,False,0.9988902010330178,False,0.9988503901663713,False
triangle,odd,2,sector_mixed,variational,random,2.0,23.0,15.0,3.0,0.6520014500888551,5376.0,5.193105200014543,0.63671875,4.823695574508562e-05,9.309401475232626e-05,4.987326899584029e-05,0.00017662433326223748,5.115148835736264e-05,0.00020085971828995297,0.03980354980151022,5.542784906444328e-13,2.724839397573994e-09,16.0,True,CONVERGENCE: RELATIVE REDUCTION OF F <= FACTR*EPSMCH,2.724839397573994e-09,2.9980072347606998e-05,3.4949594221004643e-05,2.9980072347606998e-05,-0.5610476037961452,-1.4058454769783273,-2.311874452839012,-0.9200381503993923,0.999604294353408,True,0.9995940005290114,True,0.9995859440721548,True
triangle,odd,2,sector_mixed,variational,random,3.0,23.0,15.0,3.0,0.004918426190690939,9864.0,8.49202410003636,0.63671875,0.00011917420930583877,0.0003017810807739163,0.00012165402520295697,0.0003684046459452861,0.0001236878884580639,0.0004021572700669829,0.03954751007002797,1.9417163227229154e-12,1.4597967264391564e-08,16.0,True,CONVERGENCE: RELATIVE REDUCTION OF F <= FACTR*EPSMCH,1.4597967264391564e-08,1.9373032393176536e-05,2.7527767414265224e-05,1.9373032393176536e-05,2.1983817158859456,-3.6812713425996044,-1.247722540365849,-1.210071496155316,0.9990048839426519,False,0.998988593855739,False,0.9989752758144812,False
triangle,odd,2,sector_mixed,variational,random,4.0,23.0,15.0,3.0,0.12678742618958028,2304.0,3.8234215999837033,0.63671875,6.127635159711804e-05,0.00011710945998322057,6.119309305037374e-05,0.00011720547710584658,6.110445615140898e-05,0.00011728827580363005,0.041467771637077815,2.0387535084567513e-11,4.169468981628284e-09,16.0,True,CONVERGENCE: RELATIVE REDUCTION OF F <= FACTR*EPSMCH,4.169468981628284e-09,7.920262064753553e-05,9.993297090499471e-05,7.920262064753553e-05,-1.4626657665150185,-1.1089780176319233,-1.4854161695322325,-0.9049862330716358,0.9994941131829885,True,0.9994985279067516,True,0.9995021521898304,True
triangle,odd,2,sector_mixed,variational,random,5.0,23.0,15.0,3.0,0.05608245427213132,8736.0,9.164387800032273,0.63671875,0.0001348638263977323,0.00041045484993235126,0.00013986609809464717,0.0005772869541630643,0.00014393095951358855,0.0006230662265521991,0.039427612204019045,8.580637239206632e-11,1.858252779353593e-08,16.0,True,CONVERGENCE: RELATIVE REDUCTION OF F <= FACTR*EPSMCH,1.858252779353593e-08,8.67397757137125e-05,0.00014907526594531262,8.67397757137125e-05,1.3967752836136034,-5.862140257016158,-0.8491890611169968,-1.0123059764973394,0.9988723087532614,False,0.9988349912602058,False,0.9988048537792785,False
triangle,odd,2,sector_mixed,variational,random,6.0,23.0,15.0,3.0,0.5169672289076694,1800.0,1.0183884000289254,0.63671875,5.445807170206046e-05,0.00020065035204416826,5.832150753612398e-05,0.00030836829534949817,6.134356303339147e-05,0.0003388733778695585,0.03964922959882506,5.889868702588231e-12,3.3621738695539075e-09,16.0,True,CONVERGENCE: RELATIVE REDUCTION OF F <= FACTR*EPSMCH,3.3621738695539075e-09,0.0006650545334757616,0.000830544139142595,0.0006650545334757616,-0.7891884009479005,-3.791271806890879,-3.738024357692248,-1.2834393712333534,0.9995517267463476,True,0.9995227471700342,True,0.9995001392007269,True
triangle,odd,2,sector_mixed,variational,random,7.0,23.0,15.0,3.0,0.4247098411296446,2256.0,1.1072128000087105,0.63671875,4.735285212926365e-05,0.0001328286272918311,4.9966352084694186e-05,0.00022563562373323354,5.2012292842434705e-05,0.0002529278787057887,0.03945659271081758,1.5391478833329267e-11,2.6368585320379995e-09,16.0,True,CONVERGENCE: RELATIVE REDUCTION OF F <= FACTR*EPSMCH,2.6368585320379995e-09,0.00028903161523985367,0.0004831395941231235,0.00028903161523985367,-1.067716094088695,-1.7861243516377698,-2.9289397793554866,-1.2937220240779241,0.9996117649120343,True,0.9995932154561571,True,0.9995786971454481,True
triangle,odd,2,sector_mixed,variational,random,8.0,23.0,15.0,3.0,0.27670097883352895,3312.0,2.663185000012163,0.63671875,2.6613301214831395e-05,7.72312664065189e-05,2.703242234075484e-05,8.628922849046594e-05,2.7412252075088072e-05,8.773647969936849e-05,0.04056294498254189,4.1800899532891954e-13,1.1138972513809452e-09,16.0,True,CONVERGENCE: RELATIVE REDUCTION OF F <= FACTR*EPSMCH,1.1138972513809452e-09,1.3340594438849199e-05,1.5327517075542696e-05,1.3340594438849199e-05,-1.2841076431808076,-1.4361423615663145,-1.643690877712272,-1.407594158767511,0.9997870113743446,True,0.9997866427038623,True,0.9997857995659328,True
triangle,odd,2,sector_mixed,variational,random,9.0,23.0,15.0,3.0,0.20599970188906225,4896.0,6.204248299996834,0.63671875,0.0002369550088379482,0.0007846130252427141,0.0002456109740119327,0.0010726963913895715,0.0002526611007417108,0.001150196257085484,0.039021984171499324,3.3965132851138597e-09,5.653789608907224e-08,16.0,True,CONVERGENCE: RELATIVE REDUCTION OF F <= FACTR*EPSMCH,5.653789608907224e-08,0.03044507285896806,0.03761120324079741,0.03044507285896806,0.6325060610354065,-2.9175949187892054,-3.26945351130175,-2.174098676559609,0.9980096517637478,False,0.9979431275222428,False,0.9978894782463296,False
triangle,odd,2,sector_mixed,variational,random,10.0,23.0,15.0,3.0,0.09987857428357227,7416.0,8.055322100000922,0.63671875,0.00012279279364043255,0.00038337127586163255,0.00012700678027078303,0.0005220585657190746,0.0001304583997980598,0.0005593802081418908,0.039977991899991044,1.2858108253631765e-09,1.547785010187987e-08,16.0,True,CONVERGENCE: RELATIVE REDUCTION OF F <= FACTR*EPSMCH,1.547785010187987e-08,0.010637931692978744,0.019649951339487545,0.010637931692978744,1.7200748003012634,-2.9556606212586565,-3.881207597969761,-1.5988421697456168,0.9989743073836017,False,0.998943448139677,False,0.9989182763444522,False
triangle,odd,2,sector_mixed,variational,random,11.0,23.0,15.0,3.0,0.04331670702148227,6072.0,7.667414000025019,0.63671875,0.00012019620745163355,0.0003821171489769848,0.00012514510154585642,0.0005422025365959537,0.00012914671085071245,0.0005862939696788805,0.03944754423248999,1.2039650385083433e-10,1.4841603729284994e-08,16.0,True,CONVERGENCE: NORM OF PROJECTED GRADIENT <= PGTOL,1.4841603729284994e-08,0.00033083099084865036,0.0006376417135668642,0.00033083099084865036,-0.3832886162951026,-8.0,-1.8971616476618558,-0.8747866724709922,0.9989962481934846,False,0.9989591497397032,False,0.9989293191698885,False
triangle,odd,2,sector_mixed,variational,random,12.0,23.0,15.0,3.0,0.004831112672359916,17544.0,15.241098599974066,0.63671875,0.00014959476470929832,0.000578134795302776,0.00015864572832847867,0.0008246234316768852,0.00016582871042843998,0.0008925524056193346,0.03888787955120407,4.716034645245169e-09,2.2767472471102715e-08,16.0,True,CONVERGENCE: RELATIVE REDUCTION OF F <= FACTR*EPSMCH,2.2767472471102715e-08,0.05107533254662547,0.05370077058151382,0.05107533254662547,1.7781887746856537,-3.6004361855091402,-3.234551695019787,-1.739211114160632,0.9987478342727741,False,0.9986766018245701,False,0.9986205013523648,False
triangle,odd,2,sector_mixed,variational,random,13.0,23.0,15.0,3.0,0.07479999552030603,4080.0,2.627553300000727,0.63671875,3.088459880585541e-05,9.201049907944792e-05,3.318160203802518e-05,0.00016936317162102865,3.493067955434681e-05,0.00019162252112728262,0.04174982080940742,1.7301048848989621e-12,1.3713566515100206e-09,16.0,True,CONVERGENCE: RELATIVE REDUCTION OF F <= FACTR*EPSMCH,1.3713566515100206e-09,1.9961969317068405e-05,2.2906532111692013e-05,1.9961969317068405e-05,-1.5137530271863546,-0.8710726286677826,-1.3387594805885186,-0.6994767302132927,0.9997509194746023,True,0.9997347798562053,True,0.9997225035517546,True
triangle,odd,2,sector_mixed,variational,random,14.0,23.0,15.0,3.0,0.33829118671893044,1872.0,1.2801768999779597,0.63671875,1.253616680576398e-05,4.290521993630114e-05,1.3167808768213768e-05,6.140984273189654e-05,1.3673479522192534e-05,6.613668267813066e-05,0.040824034850828084,6.738463534168777e-13,5.65395826696958e-10,16.0,True,CONVERGENCE: RELATIVE REDUCTION OF F <= FACTR*EPSMCH,5.65395826696958e-10,1.493677900702473e-05,1.9778080326558345e-05,1.493677900702473e-05,-1.1922408671567313,-1.123186124355045,-1.5223565142486675,-1.0604677057022558,0.9999059612983247,True,0.9999035783565732,True,0.9999014633193836,True
triangle,odd,2,sector_mixed,variational,random,15.0,23.0,15.0,3.0,0.15257098950602377,3624.0,2.1738317999988794,0.63671875,4.938122992676933e-05,8.921910217057905e-05,5.068103506832054e-05,0.00016203116529042716,5.170013207203859e-05,0.00018256454319326432,0.04148529990628154,4.551958155607709e-11,2.8533588685984697e-09,16.0,True,CONVERGENCE: RELATIVE REDUCTION OF F <= FACTR*EPSMCH,2.8533588685984697e-09,0.005471741087022355,0.006998157952669741,0.005471741087022355,-1.4324673338860832,-1.1882747688254087,-5.410883952981498,-1.3841712823905858,0.9995946253879092,True,0.9995871877424575,True,0.9995813251594317,True
triangle,odd,2,sector_mixed,variational,random,16.0,23.0,15.0,3.0,0.3233222482659791,3960.0,2.4730311000021175,0.63671875,4.0000756211575635e-05,8.50901265914486e-05,4.0034008205140075e-05,8.517447851809357e-05,4.0050806847197505e-05,8.521560908496956e-05,0.040728693741377664,2.7268597521648656e-11,2.0073474351843694e-09,16.0,True,CONVERGENCE: RELATIVE REDUCTION OF F <= FACTR*EPSMCH,2.0073474351843694e-09,0.00014835773302570806,0.00022753217211978323,0.00014835773302570806,-1.1429900951323322,-2.035433778344856,-1.9781564347591896,-1.37922112941094,0.9996738891501847,True,0.9996769859203267,True,0.9996793983079232,True
triangle,odd,2,sector_mixed,variational,random,17.0,23.0,15.0,3.0,0.6627484220359603,7032.0,4.2318794000311755,0.63671875,4.050544653071987e-05,6.541928673031716e-05,4.177591909165496e-05,0.0001366403974369379,4.2763230641942215e-05,0.00016227954451053517,0.0393067395329871,8.11099508310268e-12,2.0337585940639875e-09,16.0,True,CONVERGENCE: RELATIVE REDUCTION OF F <= FACTR*EPSMCH,2.0337585940639875e-09,7.614089353078043e-05,0.00010307099927031896,7.614089353078043e-05,-0.5354095324928158,-1.828023525896083,-1.2212339810587323,-0.7373546113249723,0.9996696245837359,True,0.9996622944552229,True,0.9996565629988852,True
triangle,odd,2,sector_mixed,variational,random,18.0,23.0,15.0,3.0,0.03619958943433543,4368.0,2.9127635000040755,0.63671875,0.00014463538756699884,0.0004082268735378092,0.0001492180279357271,0.0005721150920703078,0.00015296384756113707,0.0006171731436613592,0.03941251691210895,1.9839208359357093e-11,2.1313520505975446e-08,16.0,True,CONVERGENCE: RELATIVE REDUCTION OF F <= FACTR*EPSMCH,2.1313520505975446e-08,0.0007345959905195684,0.0008430594262675427,0.0007345959905195684,-0.926732181113056,-5.368786846808758,-2.7366381186879454,-1.0451627696963879,0.9987897403537224,False,0.9987561160709081,False,0.9987288078492613,False
triangle,odd,2,sector_mixed,variational,random,19.0,23.0,15.0,3.0,0.05047990611457376,8688.0,4.319714299985208,0.63671875,2.5019029831856693e-05,6.942351516298073e-05,2.699047376610685e-05,0.00013756414660412442,2.8490254751052078e-05,0.00015780544352386738,0.0397896395240763,5.2513195088016456e-14,1.0238482489686232e-09,16.0,True,CONVERGENCE: RELATIVE REDUCTION OF F <= FACTR*EPSMCH,1.0238482489686232e-09,2.122801830152511e-06,3.980571334284282e-06,2.122801830152511e-06,-0.6296477165538843,-4.090873026911245,-0.8703983408986642,-0.9748257391555191,0.9998004827566797,True,0.9997869965026849,True,0.9997767240946525,True
sawtooth,both,2,zero,classical,n/a,,,,,,,,0.63671875,0.2542034230144025,0.4375,0.25460107855890185,0.439453125,0.25499311094653787,0.43994140625,0.0,0.0,0.06461938027223926,,,,,,,,,,,,0.0,False,0.0,False,0.0,False
sawtooth,both,2,analytic_truncation,classical,n/a,,,,,,,,0.63671875,0.014416912376238909,0.04793586902909952,0.014520667214818574,0.048894565008462454,0.014622844542776242,0.048845335598662,0.12183781350686289,0.03869005256141791,0.00020784896774281127,,,,,,,,,,,,0.9435597502691754,False,0.9432925539752752,False,0.9430164576180161,False
sawtooth,both,2,ols_full,classical,n/a,,,,,,,,0.63671875,7.377099839066828e-05,0.0002562894482633915,8.785943510548279e-05,0.0007803766338790874,9.799690967506744e-05,0.0009515464752347658,0.10811256830990615,0.02972600930485628,6.820545979703608e-09,,,,,,,,,,,,1.0000000014765509,True,1.000000054746955,True,1.000000087778831,True
sawtooth,both,2,ols_odd,classical,n/a,,,,,,,,0.63671875,0.119291103100443,0.2604289843795918,0.11960802373301604,0.27617231090644656,0.11989891741461711,0.28014374443380385,0.9088415649539545,0.0,0.014230376367336171,,,,,,,,,,,,0.5308798837243285,False,0.5303970563143255,False,0.5299991955545835,False
sawtooth,both,2,ols_even,classical,n/a,,,,,,,,0.63671875,0.2265731332702895,0.3416186870529153,0.22695474531514184,0.35992381959505204,0.2273139644335825,0.36453793332413725,0.0,0.07779958553984076,0.05133538549791222,,,,,,,,,,,,0.10872517065883229,False,0.1086243569292378,False,0.10859034723825871,False
sawtooth,both,2,ridge_full,classical,n/a,,,,,,,,0.63671875,7.377137362602021e-05,0.0002561421234030803,8.787336892844491e-05,0.000779952246700466,9.801928406820242e-05,0.0009510396549159417,0.10810106369967533,0.02972643902879757,6.8204905939546e-09,,,,,,,,,,,,1.0,True,1.0,True,1.0,True
sawtooth,both,2,ridge_odd,classical,n/a,,,,,,,,0.63671875,0.11929110310829752,0.26042903132694745,0.11960801222001793,0.2761720925352153,0.11989889669615329,0.2801434593750762,0.9084667325992808,0.0,0.014230376365461796,,,,,,,,,,,,0.5308798836934209,False,0.530397101549692,False,0.5299992768369013,False
sawtooth,both,2,ridge_even,classical,n/a,,,,,,,,0.63671875,0.2265731332703019,0.3416187070381377,0.22695474502553645,0.3599238258641112,0.22731396391931716,0.36453793601823437,0.0,0.07779845974765917,0.05133538549790659,,,,,,,,,,,,0.10872517065878347,False,0.10862435806711744,False,0.10859034925581561,False
sawtooth,both,2,spherical_full,classical_null,random,0.0,17.0,,,,4104.0,,0.63671875,7.377417745280945e-05,0.0002573579228084544,8.790002446566625e-05,0.0007814116537955274,9.806071638008442e-05,0.0009525523208597231,0.10809950389348638,0.029726475789751988,6.820889055671002e-09,,,,,,,,,,,,0.9999999889669436,True,0.9999998952685493,True,0.9999998374534732,True
sawtooth,both,2,spherical_full,classical_null,random,1.0,17.0,,,,2394.0,,0.63671875,7.377515226749022e-05,0.0002552295473728927,8.787336464963159e-05,0.0007788775260786363,9.801698666376095e-05,0.0009499196998581372,0.10808756969858054,0.02972670066731668,6.82091579575034e-09,,,,,,,,,,,,0.9999999851310485,True,1.0000000000168119,True,1.0000000090131371,True
sawtooth,both,2,spherical_full,classical_null,random,2.0,17.0,,,,2376.0,,0.63671875,0.00012618679974383453,0.0007306189312349387,0.00015162960249959855,0.0012912646666140004,0.0001697115180792131,0.0014563876098260264,0.10536807893632892,0.029631561827028172,1.727310483722417e-08,,,,,,,,,,,,0.9997937453351885,True,0.9997494973452417,True,0.9997187382717203,True
sawtooth,both,2,spherical_full,classical_null,random,3.0,17.0,,,,1818.0,,0.63671875,0.00033513904022012,0.001324462842034857,0.00037925017493453103,0.002793933000752813,0.00041157930755316384,0.003234086776938039,0.09679654027989905,0.030705043077185936,1.1359319211323408e-07,,,,,,,,,,,,0.9989715184162626,False,0.9988551603607815,False,0.9987698467575824,False
sawtooth,both,2,spherical_full,classical_null,random,4.0,17.0,,,,4410.0,,0.63671875,7.37979147338169e-05,0.00025953649663001954,8.79916125893608e-05,0.0007837493891953984,9.81951631395609e-05,0.0009549342279604467,0.10812750324563977,0.029725228989523535,6.824659541411343e-09,,,,,,,,,,,,0.9999998955607595,True,0.9999995354124717,True,0.9999993099942796,True
sawtooth,both,2,spherical_full,classical_null,random,5.0,17.0,,,,4158.0,,0.63671875,7.377472069868854e-05,0.00025746422874495245,8.791271267613907e-05,0.0007828768202179925,9.808112461935897e-05,0.0009544333572731878,0.10813498253889181,0.029723868816210246,6.821297927720525e-09,,,,,,,,,,,,0.9999999868292714,True,0.999999845415692,True,0.999999757388223,True
sawtooth,both,2,spherical_full,classical_null,random,6.0,17.0,,,,4590.0,,0.63671875,7.441215430767237e-05,0.00027166382169174774,8.906740967865689e-05,0.0008059900234733131,9.956478886160023e-05,0.000979999600324244,0.10822294422351662,0.02970514939039063,6.916449644847915e-09,,,,,,,,,,,,0.9999974785284697,True,0.9999953085312436,True,0.9999939367024163,True
sawtooth,both,2,spherical_full,classical_null,random,7.0,17.0,,,,2448.0,,0.63671875,7.380948917501272e-05,0.0002536073081632062,8.772194536739519e-05,0.000774938158058347,9.774999573135775e-05,0.0009453109632419077,0.10810058096570203,0.029729231856091554,6.826138820494257e-09,,,,,,,,,,,,0.9999998500153415,True,1.0000005949536526,True,1.0000010564673298,True
sawtooth,both,2,spherical_full,classical_null,random,8.0,17.0,,,,5706.0,,0.63671875,7.377365030315051e-05,0.00025709709576854367,8.7913700412693e-05,0.0007807279468362016,9.808336804640954e-05,0.0009517535259099263,0.10809412487817764,0.029726677420610147,6.820759502039418e-09,,,,,,,,,,,,0.9999999910412771,True,0.9999998415348069,True,0.9999997485868489,True
sawtooth,both,2,spherical_full,classical_null,random,9.0,17.0,,,,5058.0,,0.63671875,7.377447132364075e-05,0.0002564654816800682,8.787177112186772e-05,0.0007810081271335534,9.801481176076856e-05,0.0009523188345094691,0.10812090621647677,0.029725008678242324,6.821131768029882e-09,,,,,,,,,,,,0.9999999878105621,True,1.0000000062778929,True,1.0000000175456791,True
sawtooth,both,2,spherical_full,classical_null,random,10.0,17.0,,,,4068.0,,0.63671875,7.395636208228018e-05,0.00024109422413420845,8.757155048311461e-05,0.0007545497190291073,9.741517921371796e-05,0.0009227054732900974,0.10807403100085158,0.029736629654923272,6.8476500990030774e-09,,,,,,,,,,,,0.9999992720705551,True,1.0000011858655629,True,1.000002370013681,True
sawtooth,both,2,spherical_full,classical_null,random,11.0,17.0,,,,4536.0,,0.63671875,7.377777078021463e-05,0.00025661885154409925,8.793389263366101e-05,0.0007812735414952643,9.811355440666446e-05,0.0009525979543191787,0.10809944494899675,0.02972541127854628,6.821408023573322e-09,,,,,,,,,,,,0.9999999748272027,True,0.9999997621981729,True,0.9999996301602443,True
sawtooth,both,2,spherical_full,classical_null,random,12.0,17.0,,,,4788.0,,0.63671875,7.38026513486045e-05,0.0002600850273856148,8.803232450442966e-05,0.0007849667869380128,9.825850044855698e-05,0.0009563417377151384,0.10808457232852196,0.029726999390092445,6.824947063269817e-09,,,,,,,,,,,,0.9999998769221837,True,0.9999993754525395,True,0.9999990615104483,True
sawtooth,both,2,spherical_full,classical_null,random,13.0,17.0,,,,2250.0,,0.63671875,7.377248567307523e-05,0.00025653888521792734,8.789041713007683e-05,0.000780449150999396,9.804633748386853e-05,0.000951565522135267,0.10809914041945652,0.029726545339889394,6.820636499977548e-09,,,,,,,,,,,,0.9999999956240956,True,0.9999999330164357,True,0.9999998938645092,True
sawtooth,both,2,spherical_full,classical_null,random,14.0,17.0,,,,4266.0,,0.63671875,7.378692405386193e-05,0.00025922473910833244,8.8116066205476e-05,0.000783923637044992,9.840366701439853e-05,0.0009552556158126113,0.10807601940800976,0.029724969218713756,6.822520047597623e-09,,,,,,,,,,,,0.9999999388090774,True,0.9999990464255998,True,0.9999984919954963,True
sawtooth,both,2,spherical_full,classical_null,random,15.0,17.0,,,,4536.0,,0.63671875,7.378138776870365e-05,0.0002544218668560916,8.787903341190253e-05,0.000777740735318222,9.802216184366806e-05,0.0009486887983199965,0.10809184825582403,0.02972623595103564,6.82187402314441e-09,,,,,,,,,,,,0.9999999605943556,True,0.9999999777438525,True,0.9999999887099612,True
sawtooth,both,2,spherical_full,classical_null,random,16.0,17.0,,,,4536.0,,0.63671875,7.377734038678267e-05,0.00025532064644451236,8.786041423050586e-05,0.0007782109012006155,9.79947648724763e-05,0.0009490421554420037,0.10809145608615897,0.02972759131179351,6.821286428526717e-09,,,,,,,,,,,,0.9999999765208006,True,1.000000050899905,True,1.0000000961932831,True
sawtooth,both,2,spherical_full,classical_null,random,17.0,17.0,,,,3906.0,,0.63671875,7.377345743241157e-05,0.00025419089275802165,8.779838164309911e-05,0.0007770243435204494,9.789635203500415e-05,0.0009478429577097214,0.1081071835791417,0.029727919659739598,6.820874053920655e-09,,,,,,,,,,,,0.9999999918002233,True,1.0000002946302347,True,1.0000004822848192,True
sawtooth,both,2,spherical_full,classical_null,random,18.0,17.0,,,,4122.0,,0.63671875,7.388763940374734e-05,0.0002556629978875957,8.794209511097153e-05,0.0007778443440144001,9.806055496408767e-05,0.0009484571373252759,0.10802356221942366,0.02973190374538076,6.83693791630624e-09,,,,,,,,,,,,0.9999995424942466,True,0.9999997299700718,True,0.9999998380867375,True
sawtooth,both,2,spherical_full,classical_null,random,19.0,17.0,,,,3312.0,,0.63671875,7.451558084863155e-05,0.00022990134399625273,8.725516947453817e-05,0.000736215475309776,9.655183615997437e-05,0.0009024053994998726,0.1082441500235114,0.02974246485813648,6.932437938025423e-09,,,,,,,,,,,,0.9999970715451038,True,1.0000024289484448,True,1.0000057570661667,True
sawtooth,both,2,spherical_odd,classical_null,random,0.0,9.0,,,,1140.0,,0.63671875,0.11929110311037103,0.26042873639539826,0.11960800905922887,0.27617171513943206,0.11989889082426944,0.2801430615707337,0.9084277166404352,0.0,0.014230376365566337,,,,,,,,,,,,0.5308798836852616,False,0.5303971139686511,False,0.5299992998733741,False
sawtooth,both,2,spherical_odd,classical_null,random,1.0,9.0,,,,1260.0,,0.63671875,0.11929110310749565,0.260429312697652,0.11960801370889107,0.2761723909420061,0.11989889953913731,0.2801437611302072,0.9084922439506817,0.0,0.014230376365525595,,,,,,,,,,,,0.5308798836965763,False,0.5303970956998064,False,0.5299992656833558,False
sawtooth,both,2,spherical_odd,classical_null,random,2.0,9.0,,,,1320.0,,0.63671875,0.11929110310867685,0.2604289023868905,0.1196080113221499,0.27617196895952617,0.11989889499472489,0.2801433372224374,0.9084594505440315,0.0,0.014230376365479478,,,,,,,,,,,,0.5308798836919282,False,0.5303971050774776,False,0.5299992835119156,False
sawtooth,both,2,spherical_odd,classical_null,random,3.0,9.0,,,,1450.0,,0.63671875,0.11929110310896096,0.2604291701717115,0.11960801302024789,0.2761722700738029,0.11989889822062022,0.28014364571662925,0.9084552755239935,0.0,0.014230376365505512,,,,,,,,,,,,0.5308798836908103,False,0.5303970984055332,False,0.5299992708561391,False
sawtooth,both,2,spherical_odd,classical_null,random,4.0,9.0,,,,1180.0,,0.63671875,0.1192911031092872,0.2604290547632377,0.11960801190214877,0.27617207725181275,0.11989889614522349,0.28014343513337386,0.9084473486309674,0.0,0.014230376365504078,,,,,,,,,,,,0.5308798836895265,False,0.530397102798622,False,0.5299992789982996,False
sawtooth,both,2,spherical_odd,classical_null,random,5.0,9.0,,,,1380.0,,0.63671875,0.11929110310829356,0.2604287332036965,0.11960801200976126,0.27617172842944476,0.11989889616189518,0.2801430788437025,0.9084777953918467,0.0,0.014230376365571482,,,,,,,,,,,,0.5308798836934365,False,0.5303971023758051,False,0.5299992789328933,False
sawtooth,both,2,spherical_odd,classical_null,random,6.0,9.0,,,,870.0,,0.63671875,0.11929110310734813,0.260428924348881,0.11960801182311372,0.2761720356168229,0.11989889589693054,0.2801434153990984,0.9084952345475071,0.0,0.014230376365520306,,,,,,,,,,,,0.5308798836971567,False,0.5303971031091562,False,0.5299992799723982,False
sawtooth,both,2,spherical_odd,classical_null,random,7.0,9.0,,,,560.0,,0.63671875,0.1193496629441351,0.26004003447843294,0.1196451554729563,0.27506545344973615,0.11991867473242811,0.27885766210231416,0.21290343411437235,0.0,0.014244344173912996,,,,,,,,,,,,0.5306494507806951,False,0.5302511631379282,False,0.5299216839882284,False
sawtooth,both,2,spherical_odd,classical_null,random,8.0,9.0,,,,1380.0,,0.63671875,0.11929110310897519,0.26042907890429423,0.11960801171161728,0.276172149910847,0.11989889579764752,0.280143518846293,0.9084522230323813,0.0,0.01423037636547838,,,,,,,,,,,,0.5308798836907543,False,0.5303971035472334,False,0.5299992803619036,False
sawtooth,both,2,spherical_odd,classical_null,random,9.0,9.0,,,,1040.0,,0.63671875,0.11929110310825028,0.26042879748976067,0.11960801216107597,0.2761718309715255,0.11989889645941681,0.2801431924041705,0.9084762145617193,0.0,0.014230376365545345,,,,,,,,,,,,0.5308798836936068,False,0.5303971017812791,False,0.5299992777656617,False
sawtooth,both,2,spherical_odd,classical_null,random,10.0,9.0,,,,1030.0,,0.63671875,0.11929110310880967,0.2604289630761156,0.11960801176444567,0.27617201877458675,0.11989889583564861,0.28014338427041335,0.9084550015700958,0.0,0.014230376365466675,,,,,,,,,,,,0.5308798836914056,False,0.5303971033396669,False,0.5299992802128183,False
sawtooth,both,2,spherical_odd,classical_null,random,11.0,9.0,,,,1090.0,,0.63671875,0.11929110310888104,0.2604289311508612,0.11960801103655981,0.2761719547200319,0.11989889450439713,0.2801433125298347,0.9084553887146146,0.0,0.014230376365487575,,,,,,,,,,,,0.5308798836911248,False,0.5303971061995808,False,0.5299992854355611,False
sawtooth,both,2,spherical_odd,classical_null,random,12.0,9.0,,,,1080.0,,0.63671875,0.11929110310955812,0.26042887897216654,0.1196080109944772,0.27617190288072807,0.11989889440101939,0.2801432607382731,0.9084387398592543,0.0,0.014230376365482626,,,,,,,,,,,,0.5308798836884604,False,0.5303971063649263,False,0.5299992858411308,False
sawtooth,both,2,spherical_odd,classical_null,random,13.0,9.0,,,,1500.0,,0.63671875,0.11929110310808339,0.2604288769060228,0.11960801163185966,0.276171970901303,0.11989889553303212,0.28014334607074626,0.9084735842544273,0.0,0.014230376365479223,,,,,,,,,,,,0.5308798836942635,False,0.5303971038606066,False,0.529999281400038,False
sawtooth,both,2,spherical_odd,classical_null,random,14.0,9.0,,,,1200.0,,0.63671875,0.11929110310705011,0.260429229217162,0.11960801427859902,0.2761723715200365,0.11989890051488207,0.2801437582917822,0.9085016679081426,0.0,0.014230376365513542,,,,,,,,,,,,0.5308798836983295,False,0.5303970934613844,False,0.5299992618553309,False
sawtooth,both,2,spherical_odd,classical_null,random,15.0,9.0,,,,1320.0,,0.63671875,0.11929110310829984,0.2604290676907321,0.11960801205185607,0.2761720778071613,0.11989889641909057,0.2801434325514867,0.9084728611714655,0.0,0.014230376365523635,,,,,,,,,,,,0.5308798836934119,False,0.5303971022104117,False,0.5299992779238689,False
sawtooth,both,2,spherical_odd,classical_null,random,16.0,9.0,,,,1240.0,,0.63671875,0.11929110310864618,0.26042838569674975,0.1196080098043129,0.27617136275735865,0.11989889197375474,0.2801427111422099,0.9084739540102674,0.0,0.014230376365617197,,,,,,,,,,,,0.5308798836920489,False,0.5303971110411643,False,0.5299992953637332,False
sawtooth,both,2,spherical_odd,classical_null,random,17.0,9.0,,,,980.0,,0.63671875,0.11929110311125386,0.2604291576149575,0.11960801557309259,0.276172192432954,0.11989890284886107,0.28014355515794354,0.9084685655731082,0.0,0.014230376366185458,,,,,,,,,,,,0.5308798836817877,False,0.5303970883752296,False,0.529999252698705,False
sawtooth,both,2,spherical_odd,classical_null,random,18.0,9.0,,,,1530.0,,0.63671875,0.1192911031101684,0.26042953990531925,0.11960801376144387,0.2761725890103851,0.11989889978879735,0.2801439512407378,0.9084316743812001,0.0,0.014230376365557573,,,,,,,,,,,,0.5308798836860591,False,0.5303970954933228,False,0.5299992647038937,False
sawtooth,both,2,spherical_odd,classical_null,random,19.0,9.0,,,,1010.0,,0.63671875,0.11929110310929567,0.26042908956803923,0.119608011328856,0.27617210612495274,0.11989889512124456,0.2801434612270145,0.9084488612868309,0.0,0.014230376365521224,,,,,,,,,,,,0.5308798836894932,False,0.5303971050511289,False,0.5299992830155558,False
sawtooth,both,2,spherical_sector,classical_null,random,0.0,18.0,,,,3800.0,,0.63671875,7.400127584863626e-05,0.0002559237275814308,8.860984139381407e-05,0.0007793751991267417,9.907407046756061e-05,0.0009503455135436711,0.10790781600425052,0.029729550654984453,6.852562493818306e-09,,,,,,,,,,,,0.9999990953349163,True,0.9999971063487068,True,0.9999958618803035,True
sawtooth,both,2,spherical_sector,classical_null,random,1.0,18.0,,,,4313.0,,0.63671875,7.37802769831297e-05,0.00026115788112746063,8.807471982886085e-05,0.0007877596672009601,9.834073470735726e-05,0.0009596344941250612,0.10811133182493654,0.02972316836592742,6.821874273615978e-09,,,,,,,,,,,,0.9999999649652961,True,0.9999992088783753,True,0.9999987388904311,True
sawtooth,both,2,spherical_sector,classical_null,random,2.0,18.0,,,,7562.0,,0.63671875,7.44030411074503e-05,0.0002753677313305225,8.888988821100966e-05,0.0008127366012014026,9.928339081899409e-05,0.0009876398986674029,0.10836903584051442,0.0297016271090938,6.916519155533022e-09,,,,,,,,,,,,0.999997514388906,True,0.9999960060253779,True,0.9999950406783334,True
sawtooth,both,2,spherical_sector,classical_null,random,3.0,18.0,,,,5301.0,,0.63671875,7.380505140104115e-05,0.0002610383138307304,8.821772535194782e-05,0.0007872946907114264,9.85570960248374e-05,0.0009590307615639504,0.1080523891207066,0.029724778778269012,6.824957291300083e-09,,,,,,,,,,,,0.9999998674779791,True,0.9999986469997766,True,0.9999978900654652,True
sawtooth,both,2,spherical_sector,classical_null,random,4.0,18.0,,,,8531.0,,0.63671875,7.385546403134718e-05,0.00026980387351238644,8.859296596157377e-05,0.0008030238870138096,9.913470943945e-05,0.000976757924222027,0.10810143807413161,0.029715718332350635,6.832801131350439e-09,,,,,,,,,,,,0.9999996691043144,True,0.999997172653448,True,0.9999956239825414,True
sawtooth,both,2,spherical_sector,classical_null,random,5.0,18.0,,,,8379.0,,0.63671875,7.86118595777091e-05,0.00020820663062992573,9.06235808343975e-05,0.000676637503577604,9.9494297505277e-05,0.0008344900733087135,0.10785007809964765,0.0297706232659317,7.556031479921248e-09,,,,,,,,,,,,0.9999809526911936,True,0.9999891942270583,True,0.9999942132528821,True
sawtooth,both,2,spherical_sector,classical_null,random,6.0,18.0,,,,8056.0,,0.63671875,7.385406645728172e-05,0.0002534909087597015,8.789943524416137e-05,0.0007766337779850363,9.801076733878361e-05,0.0009475434900236834,0.10813235696453051,0.029724456861814887,6.83299127054004e-09,,,,,,,,,,,,0.9999996746037674,True,0.9999998975836413,True,1.000000033412685,True
sawtooth,both,2,spherical_sector,classical_null,random,7.0,18.0,,,,4484.0,,0.63671875,7.406275539883895e-05,0.0002307696324986841,8.673819006979181e-05,0.0007428495021478687,9.599145889331622e-05,0.000910757777873139,0.10825508646537166,0.029742515729828483,6.865267759220249e-09,,,,,,,,,,,,0.9999988534129294,True,1.0000044601963103,True,1.000007955528534,True
sawtooth,both,2,spherical_sector,classical_null,random,8.0,18.0,,,,9291.0,,0.63671875,7.378604338097675e-05,0.00025182190913347613,8.777035325048711e-05,0.0007754904202122992,9.784293289896139e-05,0.0009465611153773867,0.10810329864573015,0.029726426237203365,6.822677446648719e-09,,,,,,,,,,,,0.9999999422745246,True,1.0000004047557294,True,1.0000006918578468,True
sawtooth,both,2,spherical_sector,classical_null,random,9.0,18.0,,,,9690.0,,0.63671875,7.378920406707127e-05,0.0002578520496997472,8.797081976250599e-05,0.0007814097934600306,9.816673385537168e-05,0.0009524138294929041,0.10808137936908807,0.029726600222281106,6.822926432765579e-09,,,,,,,,,,,,0.999999929837227,True,0.9999996171089276,True,0.9999994215275539,True
sawtooth,both,2,spherical_sector,classical_null,random,10.0,18.0,,,,6346.0,,0.63671875,7.431610491225099e-05,0.0002793722254213482,8.929678790718833e-05,0.0008207508766781002,9.999676243360751e-05,0.000996858849738047,0.10820163735207089,0.029709048898066616,6.9019903118300705e-09,,,,,,,,,,,,0.9999978564827727,True,0.9999944072883068,True,0.9999922419911953,True
sawtooth,both,2,spherical_sector,classical_null,random,11.0,18.0,,,,4674.0,,0.63671875,7.445523537471302e-05,0.0003042391133743494,9.063488994061466e-05,0.0008611132394424903,0.0001020698970108204,0.0010415087061230177,0.10816658698052758,0.029684929141144727,6.922097235920641e-09,,,,,,,,,,,,0.9999973090045012,True,0.9999891497927973,True,0.9999841087056004,True
sawtooth,both,2,spherical_sector,classical_null,random,12.0,18.0,,,,5472.0,,0.63671875,7.479295228193938e-05,0.00021586646218091365,8.718661742566753e-05,0.0006972887393240645,9.6269445705028e-05,0.0008592889409227977,0.10783484028312325,0.029775438883632845,6.9700885027160225e-09,,,,,,,,,,,,0.9999959800887093,True,1.0000026982941896,True,1.0000068649354987,True
sawtooth,both,2,spherical_sector,classical_null,random,13.0,18.0,,,,3914.0,,0.63671875,7.392525811874222e-05,0.0002510982467845979,8.752564343188519e-05,0.0007705896494291098,9.73596330453723e-05,0.0009404476469769829,0.10819603909468954,0.02972917383799217,6.8441959172494806e-09,,,,,,,,,,,,0.9999993944646297,True,1.0000013662375447,True,1.000002587931445,True
sawtooth,both,2,spherical_sector,classical_null,random,14.0,18.0,,,,6403.0,,0.63671875,7.380971182789238e-05,0.00025161710492238587,8.777836634652568e-05,0.0007710194976744966,9.784137867035534e-05,0.0009408187418801228,0.10802131368216301,0.02973317791640988,6.825418476102245e-09,,,,,,,,,,,,0.9999998491392026,True,1.0000003732717202,True,1.0000006979553695,True
sawtooth,both,2,spherical_sector,classical_null,random,15.0,18.0,,,,5263.0,,0.63671875,0.0005701163963749316,0.0017923642768685744,0.0006262337730309625,0.0035542221668432017,0.0006682714415484633,0.004140268104489642,0.09641722874492326,0.032421702450508114,3.2632109472749243e-07,,,,,,,,,,,,0.9980468826854942,False,0.9978847447082337,False,0.9977627966322892,False
sawtooth,both,2,spherical_sector,classical_null,random,16.0,18.0,,,,3287.0,,0.63671875,7.377887130490004e-05,0.0002560337586462458,8.792507938476484e-05,0.0007794348758337621,9.809876505741215e-05,0.0009504154581650992,0.10810069972126482,0.02972643401161911,6.821593188353841e-09,,,,,,,,,,,,0.9999999704966389,True,0.9999997968260379,True,0.9999996881815626,True
sawtooth,both,2,spherical_sector,classical_null,random,17.0,18.0,,,,2869.0,,0.63671875,0.00011855643987538312,0.00045975362620193083,0.00013656116164406304,0.001011695918029465,0.00014969607124866097,0.0011788630394997113,0.10400471492934453,0.02999451847841348,1.5395621770002913e-08,,,,,,,,,,,,0.99982377079589,True,0.9998087022923653,True,0.9997972625253653,True
sawtooth,both,2,spherical_sector,classical_null,random,18.0,18.0,,,,8303.0,,0.63671875,7.3902634149912e-05,0.00025903617907641063,8.803849367622903e-05,0.0007814597241945775,9.820731239328347e-05,0.0009520892804278924,0.10801835598870083,0.02973025790205244,6.839085473203272e-09,,,,,,,,,,,,0.9999994834899311,True,0.9999993512134365,True,0.9999992623305383,True
sawtooth,both,2,spherical_sector,classical_null,random,19.0,18.0,,,,4294.0,,0.63671875,7.38331482488478e-05,0.00026316316957530894,8.829046917368529e-05,0.0007899749368204256,9.865847690457198e-05,0.0009618815932308511,0.10804862165898725,0.029724880216221918,6.829068799088429e-09,,,,,,,,,,,,0.9999997569169028,True,0.9999983611842658,True,0.9999974923297574,True
sawtooth,both,2,generic,variational,random,0.0,23.0,19.0,3.0,0.21005158448821382,75120.0,71.80923029995756,0.63671875,0.00045572583504770013,0.0023581601886856207,0.0005075584057934805,0.004352370784660109,0.0005461491431673118,0.004935532199051407,0.11575607869618273,0.02785333954679993,2.0912213091235343e-07,16.0,True,CONVERGENCE: RELATIVE REDUCTION OF F <= FACTR*EPSMCH,2.0912213091235343e-07,0.2637101959362018,0.4874184952043439,0.2637101959362018,0.8584309504171772,-1.7827068098951273,0.13194169567840036,-1.5649969329973419,0.9984970094636513,False,0.998351028440541,False,0.9982419047139107,False
sawtooth,both,2,generic,variational,random,1.0,23.0,19.0,3.0,0.17916786246584915,26280.0,16.137233200017363,0.63671875,0.0006283138311308993,0.003281504975124361,0.0006947578482268619,0.0058507571305325135,0.0007445812535603174,0.006593612835848139,0.1141014053950038,0.02723053183820665,3.9619158976272024e-07,16.0,True,CONVERGENCE: RELATIVE REDUCTION OF F <= FACTR*EPSMCH,3.9619158976272024e-07,0.6439575439895879,0.7268432881829001,0.6439575439895879,-0.452609310369001,-1.983465917484165,1.2170092517327185,-2.7785680067153327,0.9978178758207691,False,0.9976155088737128,False,0.9974634193021329,False
sawtooth,both,2,generic,variational,random,2.0,23.0,19.0,3.0,0.22705685442444834,52584.0,37.232048899983056,0.63671875,0.0001805637714141749,0.0004955711683354846,0.00020300868672525855,0.001322776859601027,0.0002195870289719269,0.0015831942325549853,0.11717815673553389,0.029287270823566042,3.406792982290141e-08,16.0,True,CONVERGENCE: RELATIVE REDUCTION OF F <= FACTR*EPSMCH,3.406792982290141e-08,0.2511861862609059,0.40809838970785445,0.2511861862609059,-0.30450057794374946,-1.5839530634277024,0.19397659908209242,0.0225879852169284,0.9995797719900111,False,0.9995476253669792,False,0.9995230675329572,False
sawtooth,both,2,generic,variational,random,3.0,23.0,19.0,3.0,0.19552798539108895,43464.0,41.08957630000077,0.63671875,0.000455809064072001,0.0020792910712590373,0.0005104342969237426,0.003867922426342041,0.0005509736726816344,0.0043962205861441395,0.11447691170766461,0.028546256043017366,2.0919213456770035e-07,16.0,True,CONVERGENCE: RELATIVE REDUCTION OF F <= FACTR*EPSMCH,2.0919213456770035e-07,0.2682439322512231,0.35911425948936415,0.2682439322512231,0.12873502600508313,-1.8549064223167335,0.7856570724446712,-0.8838733912900991,0.9984966819574994,False,0.9983397288652276,False,0.998222977203448,False
sawtooth,both,2,generic,variational,random,4.0,23.0,19.0,3.0,0.28171435330169625,49344.0,35.72176509996643,0.63671875,0.00044701366593860397,0.0016343240877720877,0.0004926241770545116,0.0032222731991757847,0.0005267976568032923,0.0036961162193915875,0.11169898496577042,0.028781103342517076,2.012260184189527e-07,16.0,True,CONVERGENCE: RELATIVE REDUCTION OF F <= FACTR*EPSMCH,2.012260184189527e-07,0.4547261475283824,0.5301443785105866,0.4547261475283824,-0.4198646095363209,-1.8712912719824193,0.8837085537861636,-1.3488084722591536,0.9985312918429521,False,0.9984097060589687,False,0.9983178241293761,False
sawtooth,both,2,generic,variational,random,5.0,23.0,19.0,3.0,0.3503887166531382,19392.0,24.662784500047565,0.63671875,0.00026529009506316904,0.000923917563010912,0.00029858833392075506,0.002048200381436216,0.0003231458366086184,0.002391993562264716,0.11486295808803242,0.029132660804475304,7.181879072755033e-08,16.0,True,CONVERGENCE: RELATIVE REDUCTION OF F <= FACTR*EPSMCH,7.181879072755033e-08,0.43528741225693357,0.6617705093309209,0.43528741225693357,-0.623006280342343,-1.5447741863032842,-0.021066331683914884,-1.3438328231335324,0.9992463739661995,False,0.9991720863173483,False,0.9991167874160616,False
sawtooth,both,2,generic,variational,random,6.0,23.0,19.0,3.0,0.16892189681657743,65520.0,81.13804459996754,0.63671875,0.000807164013406997,0.004518949154221685,0.0008933880732348549,0.007464681446378296,0.0009586289700760338,0.008305476143650903,0.11191948247326401,0.026842530528231844,6.529013646693057e-07,16.0,True,CONVERGENCE: RELATIVE REDUCTION OF F <= FACTR*EPSMCH,6.529013646693057e-07,0.13844552225544893,0.2841891791249166,0.13844552225544893,1.5087574639681725,-2.244822196082162,0.8012501280916121,-1.8272115878005606,0.9971141004796336,False,0.996835076970937,False,0.9966236710154175,False
sawtooth,both,2,generic,variational,random,7.0,23.0,19.0,3.0,0.08099509899036139,58848.0,37.48257500003092,0.63671875,0.0003970781563142848,0.001396743751724494,0.0004315784242034223,0.002942849670371117,0.0004577213748803557,0.0034068825879714493,0.12207028465877397,0.02823783249723031,1.5917414339351164e-07,16.0,True,CONVERGENCE: RELATIVE REDUCTION OF F <= FACTR*EPSMCH,1.5917414339351164e-07,0.36442849134155175,0.4558153218694188,0.36442849134155175,0.8271386717834708,-1.636138404251507,0.6876690411112543,-1.6945656078303093,0.9987277880381102,False,0.9986495590473649,False,0.9985888229998228,False
sawtooth,both,2,generic,variational,random,8.0,23.0,19.0,3.0,0.24168224437543762,21960.0,10.632188000017777,0.63671875,0.000535430836800334,0.002628677285317682,0.0005929000909979504,0.004939003105009165,0.0006357814191475258,0.005613662284989274,0.11621224857543554,0.027542845804321942,2.881237319405035e-07,16.0,True,CONVERGENCE: RELATIVE REDUCTION OF F <= FACTR*EPSMCH,2.881237319405035e-07,0.32709145328095873,0.566449602857917,0.32709145328095873,0.6317637509223972,-1.7754543684963782,-0.08347520680287783,-1.5647008593424152,0.9981833703379608,False,0.9980157150522209,False,0.9978902609243201,False
sawtooth,both,2,generic,variational,random,9.0,23.0,19.0,3.0,0.1977168856717657,20112.0,9.734815799980424,0.63671875,0.0004671139147963437,0.002370081820008252,0.0005221352799904621,0.004355907046616703,0.0005630187761943846,0.004936577546549303,0.11698819427478363,0.027803874088392813,2.1964333007999764e-07,16.0,True,CONVERGENCE: RELATIVE REDUCTION OF F <= FACTR*EPSMCH,2.1964333007999764e-07,0.29590696153732676,0.38396258271725575,0.29590696153732676,0.9179511160850812,-1.754705755517663,1.0150111248639777,-1.8199627934096454,0.9984521973778709,False,0.998293754892844,False,0.9981757220623853,False
sawtooth,both,2,generic,variational,random,10.0,23.0,19.0,3.0,0.15965880206232452,18312.0,7.975486399955116,0.63671875,0.0007160244397043325,0.0036976501886991087,0.0007897847132973942,0.006507983225062408,0.0008452003261525376,0.007316587367736327,0.11908177482543836,0.02695330054171145,5.141513490075748e-07,16.0,True,CONVERGENCE: RELATIVE REDUCTION OF F <= FACTR*EPSMCH,5.141513490075748e-07,0.2745111181905333,0.47371426061395366,0.2745111181905333,-0.3007868756419449,-1.8002664766664789,0.42304452716025426,-2.3204991534966926,0.9974727346378842,False,0.9972421417433135,False,0.9970686723027459,False
sawtooth,both,2,generic,variational,random,11.0,23.0,19.0,3.0,0.38780984749932845,47616.0,23.18479590001516,0.63671875,0.0007680822341575158,0.0036308993902712805,0.0008370597125495299,0.006384015753820749,0.0008895262676988672,0.007177758501017539,0.11389019341391736,0.026996151606715812,5.913591818786072e-07,16.0,True,CONVERGENCE: RELATIVE REDUCTION OF F <= FACTR*EPSMCH,5.913591818786072e-07,0.3719191807752841,0.5930885487674504,0.3719191807752841,1.1621157179436432,-1.7841282338914248,-0.2212762652852909,-1.7451955119161717,0.9972678872534207,False,0.9970563949989869,False,0.9968947735381316,False
sawtooth,both,2,generic,variational,random,12.0,23.0,19.0,3.0,0.3943254840984274,53424.0,24.47429030004423,0.63671875,0.0005574117765972368,0.002752719209469734,0.0006171866346633293,0.004885425720218439,0.0006621743756967392,0.0055063804505071645,0.11229135799473003,0.027592130846077777,3.1210672357769593e-07,16.0,True,CONVERGENCE: RELATIVE REDUCTION OF F <= FACTR*EPSMCH,3.1210672357769593e-07,0.19547305380699062,0.2694173936818929,0.19547305380699062,-0.6413986006768544,-1.700202416036135,1.6791203387949099,-1.6368803293126148,0.9980968753553605,False,0.997920291541102,False,0.9977867165352262,False
sawtooth,both,2,generic,variational,random,13.0,23.0,19.0,3.0,0.22751092502914327,18384.0,9.278526599984616,0.63671875,0.0007539596976547494,0.0036244387429901215,0.0008262494223297166,0.006200606847102552,0.0008810141185747225,0.006939891516090424,0.10108962161816074,0.02723866108452622,5.697385085146681e-07,16.0,True,CONVERGENCE: RELATIVE REDUCTION OF F <= FACTR*EPSMCH,5.697385085146681e-07,0.15889764552093988,0.22682560756313505,0.15889764552093988,-0.8608214895822375,-1.7524569349556551,1.7708010380632948,-1.6712929609394247,0.9973234594246003,False,0.9970988693775236,False,0.9969281682538503,False
sawtooth,both,2,generic,variational,random,14.0,23.0,19.0,3.0,0.27744527826739307,36024.0,17.39382240001578,0.63671875,0.0003797429679208831,0.0015705382809705348,0.0004297929228509848,0.0030187443703294514,0.00046657761356576084,0.003450389807262144,0.12604205722509368,0.028423209893649774,1.457493743565483e-07,16.0,True,CONVERGENCE: RELATIVE REDUCTION OF F <= FACTR*EPSMCH,1.457493743565483e-07,0.259623825015633,0.36663529880997453,0.259623825015633,0.845351074618347,-1.2745917207443487,0.8160365696298142,-1.3798377570609146,0.998796001992214,False,0.9986565744057668,False,0.9985540783579089,False
sawtooth,both,2,generic,variational,random,15.0,23.0,19.0,3.0,0.30336039239484225,57048.0,28.2436091999989,0.63671875,0.00019818585433211886,0.0006565333504309212,0.00022435829136243054,0.0015774534130756912,0.0002435705460382979,0.0018639403049531822,0.11748229963269934,0.029225121691770117,4.0744707070596525e-08,16.0,True,CONVERGENCE: RELATIVE REDUCTION OF F <= FACTR*EPSMCH,4.0744707070596525e-08,0.23274582799021054,0.37409701430794384,0.23274582799021054,-0.6367597723290498,-1.474588361324169,0.27174104416415557,0.150955186489453,0.9995104291061557,False,0.99946374129259,False,0.9994289758150274,False
sawtooth,both,2,generic,variational,random,16.0,23.0,19.0,3.0,0.14012598060760584,46872.0,21.51379470003303,0.63671875,0.00035521674857417546,0.0013537242950414918,0.0003999905925211668,0.0027771153060978104,0.0004329484030191111,0.0032042984849470213,0.12520752720581416,0.028429750349445563,1.2771531124316158e-07,16.0,True,CONVERGENCE: RELATIVE REDUCTION OF F <= FACTR*EPSMCH,1.2771531124316158e-07,0.2479019086419057,0.3288695937184556,0.2479019086419057,0.6847954375175173,-1.4709396387908555,0.9645502318057059,-1.281599342227584,0.9988925126480478,False,0.9987736698244803,False,0.998686011893103,False
sawtooth,both,2,generic,variational,random,17.0,23.0,19.0,3.0,0.38675111712015264,82104.0,39.01984600001015,0.63671875,0.0011241735075674902,0.005927850132177059,0.0012301076459298706,0.00979020221322252,0.0013106697699337042,0.010886810937085434,0.104545882675458,0.02650042209348943,1.2650765381642833e-06,16.0,False,STOP: TOTAL NO. OF ITERATIONS REACHED LIMIT,1.2650765381642833e-06,0.023559295757280115,0.03292935206217526,0.023559295757280115,1.0926407956750503,-2.8501627953599242,2.5448889033877666,2.957151449086806,0.99586666834366,False,0.9955120824628774,False,0.995242550658954,False
sawtooth,both,2,generic,variational,random,18.0,23.0,19.0,3.0,0.34311848181368265,18720.0,8.646434399997815,0.63671875,0.0004027623420549419,0.002016683744459735,0.00044898545184905654,0.00378846052661852,0.00048334135805085603,0.004309385671049992,0.11479182922347261,0.028079755763121723,1.6364622002744798e-07,16.0,True,CONVERGENCE: RELATIVE REDUCTION OF F <= FACTR*EPSMCH,1.6364622002744798e-07,0.639081467608722,0.801107670817189,0.639081467608722,0.1544878144555315,-1.6275601201150987,0.391977408775769,-2.42721337507571,0.9987054207712291,False,0.9985811656308714,False,0.9984883111264737,False
sawtooth,both,2,generic,variational,random,19.0,23.0,19.0,3.0,0.35058404915200225,40032.0,18.705111399991438,0.63671875,0.0015250612125254624,0.005668007734467795,0.0016158502694927723,0.008735816425694876,0.0016872064326252433,0.009575021920479598,0.11098529309366231,0.030981379211772166,2.327231368672688e-06,16.0,True,CONVERGENCE: RELATIVE REDUCTION OF F <= FACTR*EPSMCH,2.327231368672688e-06,0.27056519989688643,0.4108480570391422,0.27056519989688643,-0.6345521753377397,-1.9453309425202132,0.16027911162832537,5.267835967244409,0.9942891755073474,False,0.9939964729946966,False,0.9937653285585372,False
sawtooth,both,2,equivariant,variational,random,0.0,23.0,13.0,2.0,0.582836782872712,22368.0,9.099294400017243,0.63671875,0.11929110311008352,0.2604289495722516,0.11960803634948837,0.27617257302555887,0.11989894010945547,0.2801440811367256,0.9092565053233366,0.0,0.014230376373785632,8.0,True,CONVERGENCE: RELATIVE REDUCTION OF F <= FACTR*EPSMCH,0.014230376373785632,0.0,0.0,0.0,2.2322433603459033,1.8293647606410701,-0.6583841323625785,-1.1662986683716534,0.530879883686393,False,0.5303970067433326,False,0.5299991065185876,False
sawtooth,both,2,equivariant,variational,random,1.0,23.0,13.0,2.0,0.8167023138343508,22224.0,8.82470659998944,0.63671875,0.11929110310371185,0.26042868220201953,0.11960801835072475,0.2761719940950799,0.11989890750323963,0.2801434270646344,0.9087184469124088,0.0,0.01423037636688488,8.0,True,CONVERGENCE: RELATIVE REDUCTION OF F <= FACTR*EPSMCH,0.01423037636688488,0.0,0.0,0.0,2.5658321235977506,3.2040014970331208,-1.0689007263248427,-0.6764840464004482,0.5308798837114656,False,0.5303970774617205,False,0.5299992344387278,False
sawtooth,both,2,equivariant,variational,random,2.0,23.0,13.0,2.0,0.009463000184358306,21648.0,9.84864350000862,0.63671875,0.11954699706816291,0.25867590626328285,0.11983085619372766,0.2725012250413127,0.12009424954414924,0.27600070426599477,0.11970891344398327,0.0,0.014291485705104487,8.0,True,CONVERGENCE: RELATIVE REDUCTION OF F <= FACTR*EPSMCH,0.014291485705104487,0.0,0.0,0.0,1.7678924411024255,-1.6677789082613552,-0.9529912282548285,-0.9173572479661685,0.5298729411418012,False,0.5295215321522481,False,0.5292328719339201,False
sawtooth,both,2,equivariant,variational,random,3.0,23.0,13.0,2.0,0.7125971764894444,11928.0,5.515160999959335,0.63671875,0.11929110313349718,0.2604253878402801,0.11960802810516978,0.2761689581618919,0.11989892310783774,0.28014046274914717,0.9094454970317525,0.0,0.014230376381261633,8.0,True,CONVERGENCE: RELATIVE REDUCTION OF F <= FACTR*EPSMCH,0.014230376381261633,0.0,0.0,0.0,2.4995154562495085,2.2020425679257456,-0.613544787196797,-0.8637236193280888,0.5308798835942603,False,0.5303970391358308,False,0.5299991732190392,False
sawtooth,both,2,equivariant,variational,random,4.0,23.0,13.0,2.0,0.5930585013788359,11760.0,4.638598399993498,0.63671875,0.11929110312159444,0.2604284794396908,0.11960800426684019,0.2761714914787979,0.11989888197978067,0.2801428446213794,0.9083009717340795,0.0,0.014230376366976596,8.0,True,CONVERGENCE: RELATIVE REDUCTION OF F <= FACTR*EPSMCH,0.014230376366976596,0.0,0.0,0.0,2.2326251756350244,1.853744858115962,-1.1680036701646639,-0.9049527269377521,0.5308798836410975,False,0.5303971327982778,False,0.529999334571919,False
sawtooth,both,2,equivariant,variational,random,5.0,23.0,13.0,2.0,0.003243740926299088,9744.0,4.980716300022323,0.63671875,0.11954631712451323,0.25876960504364127,0.11983080586013732,0.272607036221248,0.12009476538319451,0.27610908554444114,0.12102578272259297,0.0,0.014291323148292515,8.0,True,CONVERGENCE: RELATIVE REDUCTION OF F <= FACTR*EPSMCH,0.014291323148292515,0.0,0.0,0.0,1.5862579120533524,-1.6969764921589903,-0.8616553824116776,-1.0157714929813222,0.5298756167195832,False,0.5295217299164083,False,0.5292308482031298,False
sawtooth,both,2,equivariant,variational,random,6.0,23.0,13.0,2.0,0.0016575866883128398,22584.0,11.420743099995889,0.63671875,0.11954643092555735,0.2587320129905606,0.11983075826464269,0.2725683300023245,0.12009456512985388,0.27607023277436193,0.12092948869057311,0.0,0.01429135035633394,8.0,True,CONVERGENCE: RELATIVE REDUCTION OF F <= FACTR*EPSMCH,0.01429135035633394,0.0,0.0,0.0,2.004277429523913,-1.6993576215143047,-0.654072560922011,-1.2264607852056022,0.5298751689125549,False,0.5295219169224014,False,0.5292316338335605,False
sawtooth,both,2,equivariant,variational,random,7.0,23.0,13.0,2.0,0.6659787630391001,19440.0,9.08225360000506,0.63671875,0.1195005115736335,0.2598662670646946,0.11979267695595644,0.2740876501345188,0.12006349736025072,0.2776802461597232,0.10065819627661,0.0,0.01428037327294208,8.0,True,CONVERGENCE: RELATIVE REDUCTION OF F <= FACTR*EPSMCH,0.01428037327294208,0.0,0.0,0.0,2.901602526721684,0.004542191792381876,-1.0587727827686704,-1.3168616203609258,0.5300558615299938,False,0.5296715410201287,False,0.529353518368098,False
sawtooth,both,2,equivariant,variational,random,8.0,23.0,13.0,2.0,0.7354790253345898,11520.0,4.859736899961717,0.63671875,0.11929110312827286,0.2604292407153964,0.11960804195325997,0.2761726617017761,0.11989895048689518,0.2801441218543407,0.9093351009809478,0.0,0.014230376378911242,8.0,True,CONVERGENCE: RELATIVE REDUCTION OF F <= FACTR*EPSMCH,0.014230376378911242,0.0,0.0,0.0,2.495061783216546,2.284950214739444,-0.9354724332447506,-1.409861990611912,0.530879883614818,False,0.5303969847257259,False,0.5299990658059962,False
sawtooth,both,2,equivariant,variational,random,9.0,23.0,13.0,2.0,0.8998813255613737,32424.0,13.933635600027628,0.63671875,0.1193571752454119,0.262610744685548,0.11966083110602416,0.27747987345373604,0.11994249032636418,0.2812246586578781,0.20970552566980147,0.0,0.014246137379619224,8.0,True,CONVERGENCE: RELATIVE REDUCTION OF F <= FACTR*EPSMCH,0.014246137379619224,0.0,0.0,0.0,5.421547976316877,2.649607280916253,-0.9535115176047154,-1.3806676007432936,0.5306198898804684,False,0.5301895724905739,False,0.5298282510634094,False
sawtooth,both,2,equivariant,variational,random,10.0,23.0,13.0,2.0,0.6720013873793548,19896.0,8.600376499991398,0.63671875,0.11929110311846503,0.26042943040432154,0.11960803494712706,0.276173096009696,0.11989893779282418,0.2801446141551698,0.9093228036871479,0.0,0.014230376376448294,8.0,True,CONVERGENCE: RELATIVE REDUCTION OF F <= FACTR*EPSMCH,0.014230376376448294,0.0,0.0,0.0,1.9842709497688475,3.066363696304205,-1.2782385326590342,-1.1901565081092103,0.5308798836534118,False,0.530397012253307,False,0.5299991156071553,False
sawtooth,both,2,equivariant,variational,random,11.0,23.0,13.0,2.0,0.7729022567303738,10896.0,4.6925113999750465,0.63671875,0.11929110326226892,0.2604262182976412,0.1196080351562067,0.27616963553409296,0.11989893633218462,0.2801411026486642,0.9088706812274753,0.0,0.01423037640623612,8.0,True,CONVERGENCE: RELATIVE REDUCTION OF F <= FACTR*EPSMCH,0.01423037640623612,0.0,0.0,0.0,3.2274687444175476,2.4372680788528385,-1.378595875932849,-0.9012545343126175,0.5308798830875435,False,0.5303970114318187,False,0.529999121337511,False
sawtooth,both,2,equivariant,variational,random,12.0,23.0,13.0,2.0,0.5208979127848937,11208.0,4.838110100012273,0.63671875,0.11929110310540812,0.26043113206076884,0.11960803324323861,0.27617454517938717,0.11989893581670232,0.28014599847213123,0.9089265137500322,0.0,0.014230376369370247,8.0,True,CONVERGENCE: RELATIVE REDUCTION OF F <= FACTR*EPSMCH,0.014230376369370247,0.0,0.0,0.0,1.605144920769627,4.111163438589865,-1.0861006666051407,-1.1243430088739639,0.5308798837047907,False,0.5303970189480028,False,0.5299991233598423,False
sawtooth,both,2,equivariant,variational,random,13.0,23.0,13.0,2.0,0.9051881023693641,21360.0,9.340318400005344,0.63671875,0.11929110438039643,0.2604337235881459,0.119607904463406,0.2761741056790442,0.11989870434118918,0.2801448067485767,0.9042433967837464,0.0,0.014230376626728606,8.0,True,CONVERGENCE: RELATIVE REDUCTION OF F <= FACTR*EPSMCH,0.014230376626728606,0.0,0.0,0.0,3.2225611989412304,5.574299305072812,-1.0560727195982191,-0.6656806423761472,0.5308798786877127,False,0.530397524932879,False,0.5300000314805582,False
sawtooth,both,2,equivariant,variational,random,14.0,23.0,13.0,2.0,0.050687396364794024,6864.0,2.7505703999777324,0.63671875,0.12006606274244591,0.2763806633854312,0.12040506730074817,0.2896592780914091,0.12072316842677458,0.2929551450255927,0.10466265646968399,0.0,0.014415860469099524,8.0,True,CONVERGENCE: RELATIVE REDUCTION OF F <= FACTR*EPSMCH,0.014415860469099524,0.0,0.0,0.0,2.735762634702199,-1.8409322873484242,-0.9471684667990926,-1.060099629321395,0.5278304180795309,False,0.527265416967215,False,0.5267655082882594,False
sawtooth,both,2,equivariant,variational,random,15.0,23.0,13.0,2.0,0.6891448869123022,26232.0,12.042410299996845,0.63671875,0.11929110310483018,0.26042917083698885,0.11960801924348213,0.2761721950990477,0.1198989094735236,0.2801435540721343,0.9086732774382184,0.0,0.0142303763667,8.0,True,CONVERGENCE: RELATIVE REDUCTION OF F <= FACTR*EPSMCH,0.0142303763667,0.0,0.0,0.0,2.0375926248331924,4.022041464973044,-1.0444352708723346,-1.3811019710502472,0.5308798837070648,False,0.530397073954015,False,0.5299992267089438,False
sawtooth,both,2,equivariant,variational,random,16.0,23.0,13.0,2.0,0.013092680301281412,9672.0,4.291572699963581,0.63671875,0.11955068288025772,0.2589901061829879,0.1198345176664,0.2727367288940696,0.12009807630607013,0.2762155591649584,0.11647816454515253,0.0,0.014292366941917592,8.0,True,CONVERGENCE: RELATIVE REDUCTION OF F <= FACTR*EPSMCH,0.014292366941917592,0.0,0.0,0.0,2.8325383385514162,-1.6211984679656275,-0.7521353600910331,-1.376665018605589,0.5298584374738072,False,0.5295071459726798,False,0.5292178588479642,False
sawtooth,both,2,equivariant,variational,random,17.0,23.0,13.0,2.0,0.6473512473866664,9288.0,3.897662300034426,0.63671875,0.11929110920345326,0.26043956909535504,0.11960822342226889,0.27619278090993465,0.11989927687827946,0.28016658855393617,0.9146786740315821,0.0,0.01423037788177695,8.0,True,CONVERGENCE: RELATIVE REDUCTION OF F <= FACTR*EPSMCH,0.01423037788177695,0.0,0.0,0.0,3.1534632172451684,1.99993498038975,-0.7258671549674313,-0.7346443864060426,0.5308798597089873,False,0.530396271721429,False,0.5299977853129818,False
sawtooth,both,2,equivariant,variational,random,18.0,23.0,13.0,2.0,0.8031075438159714,14976.0,6.669140699959826,0.63671875,0.11929110310432411,0.26042823147797295,0.1196080143436383,0.27617141317703275,0.11989890004712407,0.2801428119459825,0.9086216947970358,0.0,0.014230376366063434,8.0,True,CONVERGENCE: RELATIVE REDUCTION OF F <= FACTR*EPSMCH,0.014230376366063434,0.0,0.0,0.0,2.494233266048752,2.811689050458878,-0.9958568903628986,-1.192104124512491,0.5308798837090563,False,0.5303970932058406,False,0.5299992636904309,False
sawtooth,both,2,equivariant,variational,random,19.0,23.0,13.0,2.0,0.9144758492481879,28248.0,12.414775999961421,0.63671875,0.11929110330567143,0.2604271000421098,0.11960807978576754,0.2761715914628253,0.11989901716494113,0.2801433223732541,0.9106998093705503,0.0,0.014230376434882465,8.0,True,CONVERGENCE: RELATIVE REDUCTION OF F <= FACTR*EPSMCH,0.014230376434882465,0.0,0.0,0.0,3.549136215943057,3.4146860817475733,-0.696030539919487,-0.9757457209762326,0.5308798829167547,False,0.5303968360791851,False,0.5299988042158436,False
sawtooth,both,2,sector_mixed,variational,random,0.0,23.0,15.0,3.0,0.11437392624736686,28800.0,13.122207799984608,0.63671875,0.002015068796765807,0.009267118644884054,0.00211985283969995,0.01329961476294661,0.0022044984740646947,0.014410378394188628,0.11097354831930431,0.026180509943597937,4.061873796281826e-06,16.0,True,CONVERGENCE: RELATIVE REDUCTION OF F <= FACTR*EPSMCH,4.061873796281826e-06,0.3461987272241464,0.5938857211656823,0.3461987272241464,0.3331643926925014,-2.4810534687653063,-0.16274665212418343,-8.0,0.9923609960089037,False,0.992016212010474,False,0.9917358973989745,False
sawtooth,both,2,sector_mixed,variational,random,1.0,23.0,15.0,3.0,0.10567833480543831,5880.0,2.6560629999730736,0.63671875,0.002882663982586109,0.014148536872133133,0.0030305373850252853,0.01904479448305063,0.0031515118269450637,0.02036740038978435,0.10163761061891671,0.025669012401081704,8.311024702729407e-06,16.0,True,CONVERGENCE: RELATIVE REDUCTION OF F <= FACTR*EPSMCH,8.311024702729407e-06,0.2442437319476566,0.3323069779497907,0.2442437319476566,1.7225473137169982,-4.637177925338082,0.7217791134991458,-3.1051827825637317,0.9889470095645092,False,0.9884380693964371,False,0.9880205910480212,False
sawtooth,both,2,sector_mixed,variational,random,2.0,23.0,15.0,3.0,0.5301852967430649,53376.0,25.422771300014574,0.63671875,0.0008080994647796271,0.0037360549278345756,0.0008702413340101958,0.006198740580569184,0.000918240839060849,0.006903282450304804,0.10664078810255229,0.02746096246042113,6.543657624827494e-07,16.0,True,CONVERGENCE: RELATIVE REDUCTION OF F <= FACTR*EPSMCH,6.543657624827494e-07,0.14306525840204048,0.261363114855957,0.14306525840204048,1.4694573625875427,-1.950506479298347,1.012924033887769,-1.4156997454722091,0.9971104194791421,False,0.9969260221115137,False,0.9967821210300952,False
sawtooth,both,2,sector_mixed,variational,random,3.0,23.0,15.0,3.0,0.030170371940871354,12144.0,4.914327199978288,0.63671875,0.008768131397639814,0.02992603415789552,0.009041887252704505,0.034762226852607936,0.009279204829043186,0.0360073878935141,0.0868852251220385,0.025827951413627426,7.688125533804248e-05,16.0,True,CONVERGENCE: RELATIVE REDUCTION OF F <= FACTR*EPSMCH,7.688125533804248e-05,0.1802155991867993,0.1802307461619335,0.1802155991867993,-0.8574057860814899,-6.518630961688028,5.202177200705012,-1.6403192059741363,0.9657876994365708,False,0.9648190596747521,False,0.9639805322060394,False
sawtooth,both,2,sector_mixed,variational,random,4.0,23.0,15.0,3.0,0.20199716185935013,35136.0,16.628304599958938,0.63671875,0.0010465656361097616,0.005323838027665451,0.0011392046069056308,0.008514887890157363,0.001211047311823824,0.009421521901232355,0.11292261262661145,0.026603373687534296,1.0966948905489715e-06,16.0,True,CONVERGENCE: RELATIVE REDUCTION OF F <= FACTR*EPSMCH,1.0966948905489715e-06,0.5608709809174137,0.9695978685661492,0.5608709809174137,1.5213970588693784,-2.1486971246074327,-0.33300497060875306,-3.1148033202169954,0.9961720552631188,False,0.9958692467952991,False,0.9956333877576997,False
sawtooth,both,2,sector_mixed,variational,random,5.0,23.0,15.0,3.0,0.35510041360757116,79752.0,37.249622599978466,0.63671875,0.0002952292233756247,0.000656689618805606,0.0002950307700373356,0.000656689618805606,0.0002949453784914811,0.0006576671977805981,0.11256283623052513,0.03023610323764527,8.858828372965621e-08,16.0,True,CONVERGENCE: RELATIVE REDUCTION OF F <= FACTR*EPSMCH,8.858828372965621e-08,0.20035938093307032,0.4000927452185481,0.20035938093307032,1.1079300697954027,-1.5379699601740795,0.42593092162664214,-0.502571558609913,0.9991285635174024,False,0.9991860642320926,False,0.9992274229639382,False
sawtooth,both,2,sector_mixed,variational,random,6.0,23.0,15.0,3.0,0.16043473477137227,81600.0,37.98390210000798,0.63671875,0.0005239051196601564,0.0018679227097908035,0.0005616981538999892,0.003425161020090828,0.0005906402242538228,0.0038880734689935026,0.11789437522462942,0.028717140686012537,2.759426895652292e-07,16.0,True,CONVERGENCE: RELATIVE REDUCTION OF F <= FACTR*EPSMCH,2.759426895652292e-07,0.5046457283680464,0.8739449729656927,0.5046457283680464,0.7465860211645845,-1.7397867251109465,-0.5004291654053608,-1.298728758796582,0.9982287240267798,False,0.9981383096228038,False,0.9980673580767184,False
sawtooth,both,2,sector_mixed,variational,random,7.0,23.0,15.0,3.0,0.062485173968738206,25200.0,11.16289219999453,0.63671875,0.0034188795651056126,0.016005208417543493,0.003616277536958857,0.0217144919882859,0.0037750301899922454,0.02323160912267974,0.08696103116639976,0.02629617163504823,1.1689870052724758e-05,16.0,True,CONVERGENCE: RELATIVE REDUCTION OF F <= FACTR*EPSMCH,1.1689870052724758e-05,0.452703651595608,0.453223590211789,0.452703651595608,0.17476027305346492,-2.1996587425176823,3.0424711161617886,-2.4860739238829863,0.9868370016254221,False,0.9861366557959272,False,0.9855744146270454,False
sawtooth,both,2,sector_mixed,variational,random,8.0,23.0,15.0,3.0,0.17265140701331272,39840.0,17.518137399980333,0.63671875,0.0004838406441343467,0.0026528407978527735,0.0005439188933378748,0.004820143700925095,0.0005883877771867931,0.005452218143365328,0.11655218824258837,0.027684196026802183,2.355441327590334e-07,16.0,True,CONVERGENCE: RELATIVE REDUCTION OF F <= FACTR*EPSMCH,2.355441327590334e-07,0.43197207003222926,0.7666012026215969,0.43197207003222926,0.6523103906624136,-1.827673345391082,-0.36235821289430153,-1.957807117119062,0.9983863777097212,False,0.9982081655681911,False,0.9980761948379614,False
sawtooth,both,2,sector_mixed,variational,random,9.0,23.0,15.0,3.0,0.1926160921708,23712.0,10.761458399996627,0.63671875,0.004642550665076484,0.01679443464892766,0.004882489519449624,0.021644772268109125,0.005079188104038097,0.0229314490421344,0.08690698768308144,0.025973964625599578,2.1554405487325192e-05,16.0,True,CONVERGENCE: RELATIVE REDUCTION OF F <= FACTR*EPSMCH,2.1554405487325192e-05,0.5867332701812309,0.5868377153564879,0.5867332701812309,0.25655984317384045,-2.29410259526012,4.029140850448947,-2.9217452412524842,0.9820218567099417,False,0.9811616212724901,False,0.9804579649318399,False
sawtooth,both,2,sector_mixed,variational,random,10.0,23.0,15.0,3.0,0.21563104272153089,3696.0,1.6914829000015743,0.63671875,0.012602513253689841,0.04167318266920525,0.01290611915090777,0.04832787369781619,0.013171763089453834,0.04999565173752005,0.086972075826375,0.02556049738041298,0.00015882446563516019,16.0,True,CONVERGENCE: RELATIVE REDUCTION OF F <= FACTR*EPSMCH,0.00015882446563516019,0.7304218838255758,0.7304250572894893,0.7304218838255758,-0.6079062485637124,-3.5088527533444442,5.237098314940309,-1.4627986947545124,0.950699409536933,False,0.9496362250736202,False,0.9487093151927076,False
sawtooth,both,2,sector_mixed,variational,random,11.0,23.0,15.0,3.0,0.11881790844510476,57840.0,28.545001499995124,0.63671875,0.0005439179152150127,0.00271165827254638,0.0006001850013483539,0.004794079140421903,0.0006425477812943824,0.005398261388603887,0.1182401803684651,0.02785357946713623,2.973076360902017e-07,16.0,True,CONVERGENCE: RELATIVE REDUCTION OF F <= FACTR*EPSMCH,2.973076360902017e-07,0.062168013189959404,0.11298455181917992,0.062168013189959404,1.5418346208296552,-1.8040801952517747,1.5763753488717522,-0.05543085632695916,0.9981499736903839,False,0.9979870921352098,False,0.9978637152497735,False
sawtooth,both,2,sector_mixed,variational,random,12.0,23.0,15.0,3.0,0.18503234483042996,36696.0,1054.9525486000348,0.63671875,0.002454327010377988,0.01123276549007568,0.002561588960664122,0.015285949728861103,0.002649557117067276,0.016387525323042273,0.10356267891912767,0.02652707175382291,6.025021971377681e-06,16.0,True,CONVERGENCE: RELATIVE REDUCTION OF F <= FACTR*EPSMCH,6.025021971377681e-06,0.7426160006359054,1.066189812416692,0.7426160006359054,2.1448206530416374,-3.290082211503729,-0.9173224248389142,-0.4722983598151801,0.9906325152480947,False,0.990280600215265,False,0.9899898510545752,False
sawtooth,both,2,sector_mixed,variational,random,13.0,23.0,15.0,3.0,0.14064029937687106,19968.0,12.736553599999752,0.63671875,0.00035870026991629113,0.001423805814470741,0.0004060464835437155,0.0023735019391047385,0.00044088890690345317,0.002645118952284864,0.12577306939454902,0.028749242179313444,1.3021110675375873e-07,16.0,True,CONVERGENCE: RELATIVE REDUCTION OF F <= FACTR*EPSMCH,1.3021110675375873e-07,0.4903793865699796,0.8194583509847028,0.4903793865699796,0.04108577767584981,-1.4515167085078953,-0.4805285309623824,-1.2438639334268229,0.9988788049940232,False,0.9987498758094782,False,0.9986548598460685,False
sawtooth,both,2,sector_mixed,variational,random,14.0,23.0,15.0,3.0,0.498160977320243,12816.0,8.79302009998355,0.63671875,0.0030323356073531224,0.014496180364515221,0.00318037765713364,0.01941087655042162,0.0033018180631634677,0.020736824647992536,0.10028797396962817,0.025729302353828348,9.196319408384866e-06,16.0,True,CONVERGENCE: RELATIVE REDUCTION OF F <= FACTR*EPSMCH,9.196319408384866e-06,0.0038341393500467705,0.00399367567589112,0.0038341393500467705,0.5450875797561214,-6.594343238592088,6.0437096816905145,-3.651867117403593,0.9883580518265962,False,0.9878493365957304,False,0.9874309122305983,False
sawtooth,both,2,sector_mixed,variational,random,15.0,23.0,15.0,3.0,0.02907010825256129,32424.0,15.975540000014007,0.63671875,0.0021392015011869837,0.009744988730862658,0.0022441496084245373,0.013725399530434612,0.002329525343092743,0.014818881117803662,0.11133998061184958,0.026237097336536837,4.577558833460129e-06,16.0,True,CONVERGENCE: RELATIVE REDUCTION OF F <= FACTR*EPSMCH,4.577558833460129e-06,0.020246522135694757,0.025818051628905922,0.020246522135694757,1.150928101969358,-2.4372918019580476,3.480045237944304,-3.6316014389226807,0.9918725339045421,False,0.9915278414026234,False,0.9912453941561988,False
sawtooth,both,2,sector_mixed,variational,random,16.0,23.0,15.0,3.0,0.13192945245967136,75864.0,36.79641389998142,0.63671875,0.0011125100434751052,0.005918317576221188,0.0011983489538636817,0.009074415949956727,0.0012652345883501113,0.009957840879480206,0.11340403128496236,0.027104555527649184,1.2390836827011066e-06,16.0,True,CONVERGENCE: RELATIVE REDUCTION OF F <= FACTR*EPSMCH,1.2390836827011066e-06,0.10624874164126935,0.18648850718023546,0.10624874164126935,1.9182872855244273,-2.170481961923812,1.0351761963818438,-0.9093962957854305,0.9959125640666386,False,0.9956368645622676,False,0.995420801174832,False
sawtooth,both,2,sector_mixed,variational,random,17.0,23.0,15.0,3.0,0.5344633512559176,21072.0,9.366057899955194,0.63671875,0.0023889116072407686,0.011080751790294163,0.0025363723939183466,0.015437510413172262,0.0026536579729923193,0.01661208073426057,0.08840083752419477,0.026387969951601056,5.70804655528443e-06,16.0,True,CONVERGENCE: RELATIVE REDUCTION OF F <= FACTR*EPSMCH,5.70804655528443e-06,0.18559043373593684,0.18599929092578374,0.18559043373593684,0.03209229134533147,-1.321665281358426,3.6752817704760576,-1.8224286475759992,0.9908899248133103,False,0.9903796778514408,False,0.9899737626477788,False
sawtooth,both,2,sector_mixed,variational,random,18.0,23.0,15.0,3.0,0.40591224119408575,12264.0,5.749558799958322,0.63671875,0.008657208485383814,0.033220335449107685,0.008928293574166201,0.0389900909391831,0.009163273543098042,0.04046822711681891,0.08676673480080521,0.02617680691347055,7.494838819481864e-05,16.0,True,CONVERGENCE: RELATIVE REDUCTION OF F <= FACTR*EPSMCH,7.494838819481864e-05,0.0260729213153988,0.026169046334756082,0.0260729213153988,0.6349845054720434,-6.925608724469212,5.33540462175667,-2.061161636055486,0.9662241810180778,False,0.9652653771004177,False,0.9644353518151147,False
sawtooth,both,2,sector_mixed,variational,random,19.0,23.0,15.0,3.0,0.15910213379073435,78912.0,47.52416470000753,0.63671875,0.00038450349629652706,0.0016300892567062686,0.0004346903728164455,0.003265248743178073,0.0004715632559614306,0.003751800449202647,0.12150665499814713,0.02839883067492917,1.4934199352098417e-07,16.0,True,CONVERGENCE: RELATIVE REDUCTION OF F <= FACTR*EPSMCH,1.4934199352098417e-07,0.15071685084406225,0.23192614036275705,0.15071685084406225,-0.4356675413314006,-1.6023705950297684,0.7011238399471338,0.5986872233677527,0.9987772693164128,False,0.9986373319858625,False,0.9985345187721862,False
double_sawtooth,even,2,zero,classical,n/a,,,,,,,,0.63671875,0.11834645469858371,0.1875,0.11856791481986238,0.189453125,0.11878397420043624,0.18994140625,0.0,0.0,0.014005883339723926,,,,,,,,,,,,0.0,False,0.0,False,0.0,False
double_sawtooth,even,2,analytic_truncation,classical,n/a,,,,,,,,0.63671875,0.009931941559990099,0.022980617921345592,0.010006197850390386,0.02444886910232477,0.010076251744793435,0.024656506250997967,0.0,0.03869005256141791,9.864385005158419e-05,,,,,,,,,,,,0.9165623745562277,False,0.9161671874635403,False,0.9157847876382741,False
double_sawtooth,even,2,ols_full,classical,n/a,,,,,,,,0.63671875,6.261918797809368e-05,0.00019267514111837025,7.237781801870581e-05,0.0005366270191601297,7.952133113509877e-05,0.0006467576940756836,1.6442191979644963e-05,0.029648057650101266,4.217807701456642e-09,,,,,,,,,,,,1.0000000000795588,True,1.00000005427778,True,1.0000000892943706,True
double_sawtooth,even,2,ols_odd,classical,n/a,,,,,,,,0.63671875,0.11754689798834504,0.19063509914853255,0.1177997608065209,0.197114279434366,0.11804540279184374,0.19898306235953636,0.11039507783074277,0.0,0.013817274330633173,,,,,,,,,,,,0.006759644771838566,False,0.006482556849573419,False,0.006221935712520991,False
double_sawtooth,even,2,ols_even,classical,n/a,,,,,,,,0.63671875,6.820718558131539e-05,0.00017869448827659284,7.847941766820446e-05,0.0004939467681818743,8.601168604862489e-05,0.000594947424722797,0.0,0.029582157354395854,4.948041738467956e-09,,,,,,,,,,,,0.9999527578035576,True,0.9999485620432618,True,0.9999454126976953,True
double_sawtooth,even,2,ridge_full,classical,n/a,,,,,,,,0.63671875,6.261919738859865e-05,0.00019275760117046237,7.238424969305327e-05,0.0005367371328213189,7.953193077355352e-05,0.0006468744922388803,1.6413217461874063e-05,0.02964785089894539,4.217806522756353e-09,,,,,,,,,,,,1.0,True,1.0,True,1.0,True
double_sawtooth,even,2,ridge_odd,classical,n/a,,,,,,,,0.63671875,0.11754689798940224,0.19063345447247976,0.11779975949990228,0.19711120507014207,0.11804540043903347,0.19897957016736226,0.11034536441671682,0.0,0.013817274330384582,,,,,,,,,,,,0.006759644762900776,False,0.00648256787630677,False,0.006221955533264183,False
double_sawtooth,even,2,ridge_even,classical,n/a,,,,,,,,0.63671875,6.820719143901841e-05,0.0001788038779104717,7.848545747096358e-05,0.0004941178857478801,8.602166521275967e-05,0.0005951356834592025,0.0,0.02958199753866538,4.94804093938556e-09,,,,,,,,,,,,0.9999527577540351,True,0.9999485110725396,True,0.999945328630377,True
double_sawtooth,even,2,spherical_full,classical_null,random,0.0,17.0,,,,1764.0,,0.63671875,9.640943594385392e-05,0.00037444128458188897,0.00010983660588743527,0.0009030106916895486,0.0001196835848141541,0.0010684957149978136,0.0003665463173520245,0.029794801066903645,9.59639281285463e-09,,,,,,,,,,,,0.9997143291945846,True,0.9996839344402766,True,0.9996617510408803,True
double_sawtooth,even,2,spherical_full,classical_null,random,1.0,17.0,,,,2178.0,,0.63671875,6.26274517694396e-05,0.00019359945249944333,7.246365100540983e-05,0.0005372498812935833,7.965782621116327e-05,0.0006473023597187433,1.631240717827379e-05,0.029646411339207517,4.218824952597341e-09,,,,,,,,,,,,0.9999999302154787,True,0.999999329921458,True,0.9999989394210089,True
double_sawtooth,even,2,spherical_full,classical_null,random,2.0,17.0,,,,3042.0,,0.63671875,6.264259242261498e-05,0.00019569628296306485,7.262366329739322e-05,0.0005420801879383319,7.991168974736543e-05,0.0006528914133973607,1.62107932006205e-05,0.029641402654209628,4.220670519899963e-09,,,,,,,,,,,,0.9999998022127545,True,0.9999979795558264,True,0.999996800802341,True
double_sawtooth,even,2,spherical_full,classical_null,random,3.0,17.0,,,,3672.0,,0.63671875,6.267635291553257e-05,0.0002047438614161401,7.276611357688916e-05,0.0005553353354382784,8.012489645739412e-05,0.0006673098767532304,1.6959129256873615e-05,0.029639372009867698,4.224888526183634e-09,,,,,,,,,,,,0.9999995167934259,True,0.9999967773984217,True,0.999995004688346,True
double_sawtooth,even,2,spherical_full,classical_null,random,4.0,17.0,,,,2700.0,,0.63671875,6.263791848976053e-05,0.0001829074530575736,7.207271762574158e-05,0.0005221638520482574,7.900563198005857e-05,0.0006309891011867241,1.5825045031870548e-05,0.029654582070038623,4.2202129038805896e-09,,,,,,,,,,,,0.9999998417273073,True,1.000002629061753,True,1.000004433690799,True
double_sawtooth,even,2,spherical_full,classical_null,random,5.0,17.0,,,,1602.0,,0.63671875,0.00011106833985229611,0.00046876844389809325,0.00012636780764628853,0.0010724689623936856,0.00013758959303763877,0.0012588777533482087,0.00021946257967517426,0.029467276128378586,1.2633043504625685e-08,,,,,,,,,,,,0.999590399294558,True,0.9995444253661427,True,0.9995109057323044,True
double_sawtooth,even,2,spherical_full,classical_null,random,6.0,17.0,,,,1854.0,,0.63671875,0.00026899120264321796,0.0014210791293241265,0.0003118741146082422,0.00268357893130608,0.0003430282700315518,0.003061723675514022,0.0020827786457416177,0.029277598200204678,7.266987086790422e-08,,,,,,,,,,,,0.9982552814221811,False,0.9979789122529531,False,0.9977802318580512,False
double_sawtooth,even,2,spherical_full,classical_null,random,7.0,17.0,,,,1890.0,,0.63671875,6.262384000058612e-05,0.0001907547404078891,7.239242638194953e-05,0.0005328774477581233,7.954250340705377e-05,0.0006424593061215289,1.5208455055642587e-05,0.029646275601632417,4.218360176985892e-09,,,,,,,,,,,,0.9999999607502416,True,0.9999999309958033,True,0.9999999109331268,True
double_sawtooth,even,2,spherical_full,classical_null,random,8.0,17.0,,,,1998.0,,0.63671875,9.121628587819335e-05,0.00035541703775548994,0.0001039969546506101,0.0008680198476012091,0.00011337001112815645,0.0010287173029955854,0.000313705249978566,0.029774629096782787,8.621294152879909e-09,,,,,,,,,,,,0.9997582333345177,True,0.9997332160562897,True,0.9997149383821902,True
double_sawtooth,even,2,spherical_full,classical_null,random,9.0,17.0,,,,3168.0,,0.63671875,6.265047405379433e-05,0.00019051088355870327,7.214881316648615e-05,0.0005364014982679743,7.912302655739201e-05,0.0006471739287409184,1.9224292101826987e-05,0.029656306890256653,4.22183721098874e-09,,,,,,,,,,,,0.9999997355795485,True,1.00000198688107,True,1.000003444725474,True
double_sawtooth,even,2,spherical_full,classical_null,random,10.0,17.0,,,,1566.0,,0.63671875,6.26706069483414e-05,0.0001855029852629031,7.237862987468972e-05,0.0005230716555397197,7.949004033113268e-05,0.0006313037965083867,1.259335117294973e-05,0.029643351686958194,4.224164425654808e-09,,,,,,,,,,,,0.9999995653712148,True,1.0000000474264163,True,1.0000003528970072,True
double_sawtooth,even,2,spherical_full,classical_null,random,11.0,17.0,,,,3384.0,,0.63671875,6.26323845991716e-05,0.00019812125281734594,7.241224923902135e-05,0.0005436591876698538,7.956997755223723e-05,0.0006542215856253919,1.694351672828043e-05,0.02964939933003769,4.219479029046206e-09,,,,,,,,,,,,0.9999998885121496,True,0.9999997637079995,True,0.9999996794831099,True
double_sawtooth,even,2,spherical_full,classical_null,random,12.0,17.0,,,,1476.0,,0.63671875,0.00012088443954437386,0.0005073994233729673,0.0001369199723471935,0.0011529273482882296,0.00014871191109158978,0.001351802755935827,0.0002974387454943657,0.02946337851918812,1.4910655896604203e-08,,,,,,,,,,,,0.9995074116263741,True,0.999455374204043,True,0.9994172081600714,True
double_sawtooth,even,2,spherical_full,classical_null,random,13.0,17.0,,,,2016.0,,0.63671875,7.77624108183758e-05,0.00029495740255927605,8.89097931226366e-05,0.0007168320540334727,9.710060316069923e-05,0.0008491526115366743,2.964618520643494e-05,0.029563659579314446,6.342925593931058e-09,,,,,,,,,,,,0.9998719756307732,True,0.9998605386772812,True,0.9998519965045011,True
double_sawtooth,even,2,spherical_full,classical_null,random,14.0,17.0,,,,3564.0,,0.63671875,6.262698391478348e-05,0.0001919134688637969,7.244041471444751e-05,0.0005344636342185516,7.961962528330865e-05,0.000644157683264146,1.5119904944661846e-05,0.029645079819357607,4.218741111505571e-09,,,,,,,,,,,,0.9999999341708345,True,0.9999995260156975,True,0.9999992612364955,True
double_sawtooth,even,2,spherical_full,classical_null,random,15.0,17.0,,,,1800.0,,0.63671875,7.524511658526145e-05,0.00029758942645827235,8.642284968651114e-05,0.0007484793051114602,9.460451566870488e-05,0.0008906429473341526,0.00015990976598100645,0.02972561088337437,5.960682776423142e-09,,,,,,,,,,,,0.9998932574417869,True,0.9998815263333064,True,0.9998730242558159,True
double_sawtooth,even,2,spherical_full,classical_null,random,16.0,17.0,,,,1638.0,,0.63671875,6.951002844755638e-05,0.0002676133702138317,7.999157649697558e-05,0.000688663527277783,8.766662741793943e-05,0.0008218955947777995,0.00010543282507147679,0.02970542567870659,5.129752639817878e-09,,,,,,,,,,,,0.999941743256551,True,0.9999358007279489,True,0.9999314710006731,True
double_sawtooth,even,2,spherical_full,classical_null,random,17.0,17.0,,,,2988.0,,0.63671875,6.262552117029085e-05,0.00019139794335301663,7.234664596618164e-05,0.0005357909266438532,7.946569176555326e-05,0.0006460614770511242,1.654090446720336e-05,0.029647114488421937,4.2185924557794385e-09,,,,,,,,,,,,0.9999999465372285,True,1.0000003173429977,True,1.0000005580162523,True
double_sawtooth,even,2,spherical_full,classical_null,random,18.0,17.0,,,,3834.0,,0.63671875,6.264193835249412e-05,0.00019656469921830455,7.236767223624632e-05,0.0005435568689584058,7.949024852287365e-05,0.0006546067234344533,1.88698199388382e-05,0.029652506465514008,4.220726203412203e-09,,,,,,,,,,,,0.9999998077424207,True,1.000000139899427,True,1.0000003511431408,True
double_sawtooth,even,2,spherical_full,classical_null,random,19.0,17.0,,,,1890.0,,0.63671875,6.292191809767662e-05,0.00020907639915909715,7.279962631009997e-05,0.0005698742948947455,8.002250267098326e-05,0.0006850340147666056,2.8089256698115545e-05,0.02965600860314294,4.256008755689135e-09,,,,,,,,,,,,0.9999974407263023,True,0.9999964945798795,True,0.9999958672827397,True
double_sawtooth,even,2,spherical_odd,classical_null,random,0.0,9.0,,,,660.0,,0.63671875,0.1175468979892378,0.1906335910555233,0.11779975956734293,0.19711151227369872,0.11804540055300403,0.19897992605300216,0.11034998656288723,0.0,0.013817274330392143,,,,,,,,,,,,0.006759644764290974,False,0.006482567307165892,False,0.006221954573143795,False
double_sawtooth,even,2,spherical_odd,classical_null,random,1.0,9.0,,,,660.0,,0.63671875,0.11754689798947457,0.1906332115266688,0.11779975934441286,0.19711088073698482,0.11804540014937887,0.1989792237770711,0.11034393796225052,0.0,0.013817274330387319,,,,,,,,,,,,0.006759644762289272,False,0.0064825691885032075,False,0.006221957973397006,False
double_sawtooth,even,2,spherical_odd,classical_null,random,2.0,9.0,,,,1080.0,,0.63671875,0.11754689798951148,0.19063357075011064,0.11779975947146364,0.19711130667178778,0.11804540038603743,0.19897966612426846,0.11034364137774465,0.0,0.013817274330393032,,,,,,,,,,,,0.006759644761977185,False,0.006482568116304348,False,0.006221955979717889,False
double_sawtooth,even,2,spherical_odd,classical_null,random,3.0,9.0,,,,810.0,,0.63671875,0.11754689798934141,0.19063334382265526,0.11779975941784847,0.19711111564402295,0.11804540028139733,0.19897948908867968,0.11034772060397477,0.0,0.01381727433039384,,,,,,,,,,,,0.0067596447634150165,False,0.006482568568770088,False,0.006221956861235885,False
double_sawtooth,even,2,spherical_odd,classical_null,random,4.0,9.0,,,,1090.0,,0.63671875,0.11754689799284153,0.19063020697538094,0.11779975923215678,0.19710729561446086,0.11804540005042609,0.19897550096366703,0.11035161947912939,0.0,0.013817274331255685,,,,,,,,,,,,0.006759644733824187,False,0.006482570135847625,False,0.0062219588070033536,False
double_sawtooth,even,2,spherical_odd,classical_null,random,5.0,9.0,,,,810.0,,0.63671875,0.11754689798964384,0.1906331395318584,0.11779975916964461,0.19711077407781125,0.11804539981705911,0.19897910603559468,0.11034182301302708,0.0,0.013817274330405966,,,,,,,,,,,,0.006759644760858245,False,0.006482570663396434,False,0.006221960772953187,False
double_sawtooth,even,2,spherical_odd,classical_null,random,6.0,9.0,,,,1280.0,,0.63671875,0.1175468979908458,0.19063223225247972,0.11779975854031374,0.19710926235863366,0.11804539867628311,0.198977419521047,0.11032217954216575,0.0,0.013817274330492105,,,,,,,,,,,,0.006759644750696509,False,0.006482575974405737,False,0.00622197038317484,False
double_sawtooth,even,2,spherical_odd,classical_null,random,7.0,9.0,,,,1200.0,,0.63671875,0.11754689799250367,0.19063214655264737,0.11779975908991525,0.19710883339115345,0.1180453997537068,0.19897689142960845,0.11031193073413617,0.0,0.013817274330779372,,,,,,,,,,,,0.006759644736680492,False,0.006482571336243432,False,0.00622196130665107,False
double_sawtooth,even,2,spherical_odd,classical_null,random,8.0,9.0,,,,1360.0,,0.63671875,0.11754689798904916,0.19063416005085912,0.11779975986898564,0.19711225087265297,0.11804540109338962,0.19898071523195254,0.11035744988527404,0.0,0.013817274330422428,,,,,,,,,,,,0.006759644765885788,False,0.0064825647615617725,False,0.006221950020781751,False
double_sawtooth,even,2,spherical_odd,classical_null,random,9.0,9.0,,,,1210.0,,0.63671875,0.11754689798985403,0.1906334610241926,0.11779975947455901,0.1971110096744086,0.11804540041523398,0.1989793151010783,0.11033787383399253,0.0,0.013817274330415888,,,,,,,,,,,,0.006759644759081223,False,0.006482568090182087,False,0.00622195573375786,False
double_sawtooth,even,2,spherical_odd,classical_null,random,10.0,9.0,,,,1100.0,,0.63671875,0.11754689798975956,0.19063355564694112,0.11779975984101068,0.19711125764442314,0.1180454011218498,0.19897960939998657,0.11034416769749647,0.0,0.013817274330456616,,,,,,,,,,,,0.006759644759879863,False,0.006482564997646252,False,0.0062219497810251075,False
double_sawtooth,even,2,spherical_odd,classical_null,random,11.0,9.0,,,,550.0,,0.63671875,0.11755268359036397,0.18846882101379692,0.11780370793539131,0.189625627685052,0.11804788926375887,0.19050856199754218,0.025617549368899116,0.0,0.013818633675471722,,,,,,,,,,,,0.006710731900570787,False,0.006449246488824572,False,0.006200988965562023,False
double_sawtooth,even,2,spherical_odd,classical_null,random,12.0,9.0,,,,450.0,,0.63671875,0.11756334859096244,0.19169419190437392,0.1178141303452845,0.19488494266506012,0.11805807532662704,0.1956694179111972,0.002022404438446138,0.0,0.013821140952144196,,,,,,,,,,,,0.006620567419910496,False,0.0063612903453056134,False,0.0061151786734329515,False
double_sawtooth,even,2,spherical_odd,classical_null,random,13.0,9.0,,,,600.0,,0.63671875,0.11754689798992093,0.19063263080866888,0.11779975903624365,0.19711000791701833,0.11804539958707212,0.1989782681406983,0.11033614793653668,0.0,0.013817274330414358,,,,,,,,,,,,0.006759644758515594,False,0.006482571789185367,False,0.006221962710429017,False
double_sawtooth,even,2,spherical_odd,classical_null,random,14.0,9.0,,,,1440.0,,0.63671875,0.11754689798966468,0.1906330769295304,0.11779975938632745,0.19711065052304996,0.11804540024069721,0.19897896523304714,0.11034044271560643,0.0,0.013817274330397063,,,,,,,,,,,,0.006759644760682021,False,0.006482568834780305,False,0.00622195720410531,False
double_sawtooth,even,2,spherical_odd,classical_null,random,15.0,9.0,,,,1150.0,,0.63671875,0.11754689798933389,0.19063391326691503,0.11779975979773477,0.19711191941809475,0.11804540100015973,0.1989803581186051,0.11035298508044462,0.0,0.013817274330444718,,,,,,,,,,,,0.006759644763478607,False,0.006482565362857585,False,0.006221950806176924,False
double_sawtooth,even,2,spherical_odd,classical_null,random,16.0,9.0,,,,920.0,,0.63671875,0.11754689798970727,0.19063350596603507,0.11779975962701557,0.19711115484034428,0.11804540070643675,0.19897948795850107,0.11033993943348311,0.0,0.013817274330402043,,,,,,,,,,,,0.006759644760321947,False,0.006482566803580301,False,0.00622195328058286,False
double_sawtooth,even,2,spherical_odd,classical_null,random,17.0,9.0,,,,1430.0,,0.63671875,0.11754689798994195,0.19063294897089395,0.1177997590828798,0.1971103609801744,0.11804539967310419,0.19897862845518283,0.11033482895360236,0.0,0.013817274330406106,,,,,,,,,,,,0.006759644758337961,False,0.006482571395616487,False,0.006221961985670375,False
double_sawtooth,even,2,spherical_odd,classical_null,random,18.0,9.0,,,,800.0,,0.63671875,0.11754689798992389,0.19063319497241454,0.11779975956392047,0.19711070261058045,0.11804540059900515,0.19897899649363096,0.11033705112236136,0.0,0.013817274330424083,,,,,,,,,,,,0.006759644758490603,False,0.006482567336048474,False,0.006221954185617273,False
double_sawtooth,even,2,spherical_odd,classical_null,random,19.0,9.0,,,,700.0,,0.63671875,0.11754689798956797,0.1906332758466983,0.11779975938621276,0.19711091331345804,0.11804540023349358,0.19897924561674235,0.11034164038782675,0.0,0.0138172743303863,,,,,,,,,,,,0.006759644761499667,False,0.006482568835748157,False,0.00622195726479071,False
double_sawtooth,even,2,spherical_sector,classical_null,random,0.0,18.0,,,,1615.0,,0.63671875,8.47508200347515e-05,0.00018396163356215744,9.336447078557236e-05,0.0005019422564080944,9.989539047874772e-05,0.000604700937509639,2.9752060885791236e-07,0.02959280092585695,7.478632481027493e-09,,,,,,,,,,,,0.9998128939381077,True,0.9998229450428082,True,0.9998284524208543,True
double_sawtooth,even,2,spherical_sector,classical_null,random,1.0,18.0,,,,912.0,,0.63671875,0.0011325589008657332,0.00286746386381595,0.001196690137103279,0.005396414360689827,0.0012460112901687508,0.006119076492221515,1.1253517471925913e-07,0.024721236235906587,1.2829368774179086e-06,,,,,,,,,,,,0.9909544723592741,False,0.9905118287415537,False,0.9901732459452082,False
double_sawtooth,even,2,spherical_sector,classical_null,random,2.0,18.0,,,,988.0,,0.63671875,0.00012481687782706606,0.0004842829734318377,0.0001314902351615478,0.0006081367534714333,0.00013697340165028704,0.0006956015954016348,1.1253517471925909e-07,0.029718768410196824,1.5876441799950453e-08,,,,,,,,,,,,0.9994741658471344,True,0.9995011964992765,True,0.9995160967038939,True
double_sawtooth,even,2,spherical_sector,classical_null,random,3.0,18.0,,,,1349.0,,0.63671875,0.00010412697223060776,0.0003107164428046705,0.00011225596393151294,0.0006657841688531008,0.00011855655675832858,0.0007773040381096052,1.280096817228629e-07,0.029547480280865117,1.1137902428819228e-08,,,,,,,,,,,,0.9996490832862653,True,0.9996635171466248,True,0.9996712454459276,True
double_sawtooth,even,2,spherical_sector,classical_null,random,4.0,18.0,,,,1216.0,,0.63671875,0.0001764834568924048,0.0005527708552296659,0.00018477147556528574,0.0009401556747081208,0.00019155930082004682,0.001062942603158451,1.1253517471925913e-07,0.02943159347271173,3.144072761677217e-08,,,,,,,,,,,,0.999037364158667,False,0.9990515488193399,False,0.9990562495564235,False
double_sawtooth,even,2,spherical_sector,classical_null,random,5.0,18.0,,,,1444.0,,0.63671875,9.308125832106903e-05,0.0003559261785394674,0.00010290798710195921,0.0007314132252940753,0.00011038897600060437,0.0008481946009449848,1.1253517471925913e-07,0.02952469030336152,8.959368679018945e-09,,,,,,,,,,,,0.9997424664088429,True,0.9997424060024709,True,0.9997400514703826,True
double_sawtooth,even,2,spherical_sector,classical_null,random,6.0,18.0,,,,1083.0,,0.63671875,0.0001145129865090196,0.0003038929321821926,0.0001197447337564103,0.0004440757198575229,0.000123961023122843,0.0005315899990698814,1.1253517471925912e-07,0.02970934205590773,1.341031862512573e-08,,,,,,,,,,,,0.9995612774230686,True,0.9996003183931456,True,0.9996257166833877,True
double_sawtooth,even,2,spherical_sector,classical_null,random,7.0,18.0,,,,1349.0,,0.63671875,0.00017127430552022076,0.0003505086577366423,0.00017578241903416455,0.0005806136642752258,0.00017941849647754585,0.0006785764364601876,1.1253517471925912e-07,0.029591341131729086,2.9630802268102963e-08,,,,,,,,,,,,0.9990814035774946,False,0.9991274086976649,False,0.99915852714697,True
double_sawtooth,even,2,spherical_sector,classical_null,random,8.0,18.0,,,,1805.0,,0.63671875,8.478632295170602e-05,0.00037319526985102325,9.489656279187469e-05,0.0007353622708980156,0.00010251911433395437,0.000848806225916543,1.125351747192591e-07,0.029545521602742444,7.484176901050163e-09,,,,,,,,,,,,0.9998125937879071,True,0.999810015508682,True,0.999806349424496,True
double_sawtooth,even,2,spherical_sector,classical_null,random,9.0,18.0,,,,1482.0,,0.63671875,0.00017012973591590033,0.0005904668106227334,0.00017507935703280983,0.0006363742668242037,0.00017926454593393963,0.0006759791958635408,1.1253517471925913e-07,0.029739826125562786,2.9241526429421364e-08,,,,,,,,,,,,0.9990910800442702,False,0.9991333419341166,False,0.9991598240701572,True
double_sawtooth,even,2,spherical_sector,classical_null,random,10.0,18.0,,,,4636.0,,0.63671875,6.296959837033886e-05,0.0001748800116262994,7.221416023160373e-05,0.0004972090408500995,7.902733470303795e-05,0.0006043696510783791,1.4169736161396622e-05,0.029654900656533034,4.261861022848726e-09,,,,,,,,,,,,0.999997037625807,True,1.0000014354082438,True,1.0000042508608848,True
double_sawtooth,even,2,spherical_sector,classical_null,random,11.0,18.0,,,,1349.0,,0.63671875,0.00010023114269455714,0.00039348192852808883,0.0001084933519671299,0.0007571440649630501,0.00011490134501041812,0.0008700678679270935,1.1253517471925914e-07,0.029590670000776895,1.034218979121619e-08,,,,,,,,,,,,0.9996820195663543,True,0.9996952703439503,True,0.9997020379898124,True
double_sawtooth,even,2,spherical_sector,classical_null,random,12.0,18.0,,,,1482.0,,0.63671875,0.00015886766818902078,0.00043385771798223893,0.0001638560646108747,0.000717120928993481,0.00016806554341788628,0.0008079819974247116,1.1253517471925912e-07,0.029716242901452646,2.553609955018308e-08,,,,,,,,,,,,0.9991862922740661,True,0.999228056834906,True,0.9992541676541201,True
double_sawtooth,even,2,spherical_sector,classical_null,random,13.0,18.0,,,,969.0,,0.63671875,0.0001832782725549768,0.0004622575670478815,0.00018914854021225808,0.0007250218559186616,0.00019396758847497702,0.0008280663221700013,1.1253517471925913e-07,0.029481641118121297,3.388574272726932e-08,,,,,,,,,,,,0.9989799191524766,False,0.9990146101717308,False,0.9990359614559203,False
double_sawtooth,even,2,spherical_sector,classical_null,random,14.0,18.0,,,,1121.0,,0.63671875,0.00015152606287143074,0.00036647168876156877,0.00015729183481187742,0.000652143188620613,0.00016183650839890875,0.0007610151768849271,1.1253517471925913e-07,0.029536495522962735,2.325551380989816e-08,,,,,,,,,,,,0.999248359971537,True,0.9992834532685725,True,0.9993066428176429,True
double_sawtooth,even,2,spherical_sector,classical_null,random,15.0,18.0,,,,1349.0,,0.63671875,0.00020269454959544718,0.0005195205083932397,0.00020606263340300316,0.0005741830895496514,0.00020876347448752698,0.0006586637315857125,1.1253517471925909e-07,0.029569980934183563,4.1380781370394774e-08,,,,,,,,,,,,0.9988157692755455,False,0.9988718698243999,False,0.9989113167018602,False
double_sawtooth,even,2,spherical_sector,classical_null,random,16.0,18.0,,,,1444.0,,0.63671875,0.00010107518270369816,0.00038017363982452423,0.00011095436444788486,0.0006284672276288261,0.00011857641182827717,0.000737253703591817,1.125351747192591e-07,0.029509457841985155,1.0511288262357563e-08,,,,,,,,,,,,0.9996748838490725,True,0.9996745015228065,True,0.9996710781811684,True
double_sawtooth,even,2,spherical_sector,classical_null,random,17.0,18.0,,,,1330.0,,0.63671875,0.00019984012319024057,0.0004386728869683054,0.0002033438827251851,0.000669460401737626,0.00020616537312915652,0.0007654771992418596,1.1253517471925913e-07,0.02959818923720667,4.0232057854414344e-08,,,,,,,,,,,,0.9988399012830435,False,0.9988948137334633,False,0.9989332038470141,False
double_sawtooth,even,2,spherical_sector,classical_null,random,18.0,18.0,,,,1102.0,,0.63671875,0.00015225354077060346,0.00040979186978620796,0.00015831044568725302,0.0006984063565565191,0.000163194581310864,0.0008007317544136694,1.1253517471925912e-07,0.029510462864202214,2.347624643117958e-08,,,,,,,,,,,,0.9992422096983734,True,0.9992748570719862,True,0.9992952020249819,True
double_sawtooth,even,2,spherical_sector,classical_null,random,19.0,18.0,,,,665.0,,0.63671875,0.0020921567211678706,0.0075192897488408905,0.0022534677029054126,0.012360844155457101,0.002377295450558209,0.013721423624701523,1.6827987279990047e-07,0.021982320072015928,4.377339570811414e-06,,,,,,,,,,,,0.9828418015430455,False,0.9815935382312095,False,0.9806429862619228,False
double_sawtooth,even,2,generic,variational,random,0.0,23.0,19.0,3.0,0.050405643296659086,16896.0,12.35619650001172,0.63671875,0.00046769875975164263,0.00210152128355362,0.0005119110425223783,0.003580837493511735,0.0005453794824690436,0.004004142720341219,2.1354163064135422e-05,0.02733113349566939,2.190156547498121e-07,16.0,True,CONVERGENCE: RELATIVE REDUCTION OF F <= FACTR*EPSMCH,2.190156547498121e-07,0.3824902787793934,0.4452574763908929,0.3824902787793934,-1.3389987755280652,-5.361155428441924,1.0683587608077927,-2.199394415163043,0.99657535993277,False,0.9962907732408604,False,0.9960755676637845,False
double_sawtooth,even,2,generic,variational,random,1.0,23.0,19.0,3.0,0.13661710461264165,5232.0,2.331670400046278,0.63671875,0.0002008325609747651,0.0008232159876527256,0.00022551383657894739,0.0014957729276513787,0.00024377968623594699,0.0016960452000180926,3.2141870462793563e-07,0.028646179683042113,4.062018255870021e-08,16.0,True,CONVERGENCE: RELATIVE REDUCTION OF F <= FACTR*EPSMCH,4.062018255870021e-08,0.49213865314999306,0.8180868062116488,0.49213865314999306,-4.610458164106321,-6.2075884496912925,-0.4852646288358063,-1.2633906724187531,0.9988315109752697,False,0.9987077184586703,False,0.998616330169942,False
double_sawtooth,even,2,generic,variational,random,2.0,23.0,19.0,3.0,0.21859007017338294,5064.0,2.5736848000087775,0.63671875,0.0005281789199363909,0.0022263780876668193,0.0005757100643088448,0.003612816380763828,0.0006118197002251013,0.004011626959119635,9.896455539689844e-08,0.027053756431020155,2.7924351001912815e-07,16.0,True,CONVERGENCE: RELATIVE REDUCTION OF F <= FACTR*EPSMCH,2.7924351001912815e-07,0.6321653299939102,0.7900299864896305,0.6321653299939102,-7.581014577076939,-6.90119948908829,0.4313970260590483,-2.8493915521752604,0.9960640461093004,False,0.9957523645643518,False,0.9955158563632999,False
double_sawtooth,even,2,generic,variational,random,3.0,23.0,19.0,3.0,0.20128215744934974,37296.0,26.413013899989892,0.63671875,9.323475156324364e-05,0.00042813057622856365,0.00010558336165336385,0.0008015497295923157,0.00011475291705201637,0.0009184411076540167,1.6125947125954413e-08,0.029445419327709298,8.987173253596326e-09,16.0,True,CONVERGENCE: RELATIVE REDUCTION OF F <= FACTR*EPSMCH,8.987173253596326e-09,0.1688152194605875,0.27491108334590164,0.1688152194605875,-8.0,-7.986911850384916,0.9215811585718954,-0.5466099317752853,0.9997411687400488,True,0.9997198281504748,True,0.9997032883891703,True
double_sawtooth,even,2,generic,variational,random,4.0,23.0,19.0,3.0,0.12818427635370755,3336.0,2.040725599974394,0.63671875,0.00015531017258557528,0.0006329513732453718,0.00017496892778447266,0.0011987325838937468,0.00018948364649554652,0.0013691896424579408,1.5523118485109643e-08,0.02896492959855991,2.441089915977797e-08,16.0,True,CONVERGENCE: RELATIVE REDUCTION OF F <= FACTR*EPSMCH,2.441089915977797e-08,0.7810353771333829,1.34714830640334,0.7810353771333829,-8.0,-7.400687290423736,-0.944607666242562,-1.778733559692663,0.9992163681976982,True,0.999134273861657,False,0.9990737354590975,False
double_sawtooth,even,2,generic,variational,random,5.0,23.0,19.0,3.0,0.34440855638733836,23664.0,12.433882600045763,0.63671875,0.00013911506142031495,0.00027995451907443514,0.00013930417025234963,0.0002823877751688686,0.00013950651573916935,0.00028243970735911117,3.2508022217071095e-08,0.029969895654220525,1.965269959560043e-08,16.0,True,CONVERGENCE: RELATIVE REDUCTION OF F <= FACTR*EPSMCH,1.965269959560043e-08,0.21264932971897846,0.3050964488778118,0.21264932971897846,-7.287925748053656,-7.606472543400865,1.0725261645881528,-0.6594909727765028,0.9993532855634283,True,0.9994352536316156,True,0.9994947570299907,True
double_sawtooth,even,2,generic,variational,random,6.0,23.0,19.0,3.0,0.026663448389167455,12792.0,6.5199257999775,0.63671875,0.00024547823654043387,0.0010599789932029535,0.00027019812309618134,0.0018102702278668392,0.0002888037572301854,0.0020321516927808703,3.503672446556248e-08,0.028492390753589638,6.054448887290435e-08,16.0,True,CONVERGENCE: RELATIVE REDUCTION OF F <= FACTR*EPSMCH,6.054448887290435e-08,0.8690750789562558,0.9569708824638826,0.8690750789562558,-8.0,-6.643503687155424,1.1768794165279686,-2.4535127961534173,0.9984540656939555,False,0.998330621649177,False,0.9982370345839187,False
double_sawtooth,even,2,generic,variational,random,7.0,23.0,19.0,3.0,0.0670351874610906,13344.0,6.1812572000199,0.63671875,0.0014385750093662867,0.0035470140423713714,0.0014680373188204821,0.004996535348973458,0.0014923495893895535,0.005409224985651884,4.540950777502311e-07,0.026951611346116833,2.0697675782276236e-06,16.0,True,CONVERGENCE: RELATIVE REDUCTION OF F <= FACTR*EPSMCH,2.0697675782276236e-06,0.3803953947921129,0.5753183280548886,0.3803953947921129,-6.612043291333796,-8.0,3.82525165182767,-2.6703073750028192,0.9883673385619646,False,0.9882218927379631,False,0.9880980220149934,False
double_sawtooth,even,2,generic,variational,random,8.0,23.0,19.0,3.0,0.029756946289648645,4824.0,2.214019700011704,0.63671875,0.000193059637297606,0.0007951834762080501,0.0002169217673341513,0.0014536275355923889,0.0002345749108550669,0.0016500935687482898,2.1313195542243387e-08,0.028709870695995558,3.75591224735751e-08,16.0,True,CONVERGENCE: RELATIVE REDUCTION OF F <= FACTR*EPSMCH,3.75591224735751e-08,0.9046182944063088,1.1455718092193365,0.9046182944063088,-8.0,-7.040430706130168,-0.17034268963025745,-2.4235404670732024,0.9988972251419114,False,0.9987802281069538,False,0.9986938738170446,False
double_sawtooth,even,2,generic,variational,random,9.0,23.0,19.0,3.0,0.5810635353876124,32952.0,15.182467399979942,0.63671875,0.0001677311603597491,0.0006878184060909176,0.00019188187979166688,0.0013107020131358504,0.00020950461129360052,0.0014977436597118643,1.5085518743192272e-09,0.028778864792065435,2.8421530818634034e-08,16.0,True,CONVERGENCE: RELATIVE REDUCTION OF F <= FACTR*EPSMCH,2.8421530818634034e-08,0.27271916913823885,0.31048699822682096,0.27271916913823885,-7.8147676672131,-7.155993783446991,2.0462807222454233,-1.2086458648166498,0.9991113581790296,False,0.9989915431449303,False,0.9989050731545094,False
double_sawtooth,even,2,generic,variational,random,10.0,23.0,19.0,3.0,0.25853249219643315,10320.0,4.824362400046084,0.63671875,7.151365491882832e-05,0.0002064574010734177,8.135364364579898e-05,0.0005229495681842722,8.862742309323475e-05,0.0006243008610535283,7.2369288619252695e-09,0.029587220950418925,5.4100751217227366e-09,16.0,True,CONVERGENCE: RELATIVE REDUCTION OF F <= FACTR*EPSMCH,5.4100751217227366e-09,0.350223265732491,0.6576572795861142,0.350223265732491,-8.0,-8.0,-0.1376678928715325,-1.0785731982367632,0.9999248041163653,True,0.9999243060568649,True,0.9999233769845022,True
double_sawtooth,even,2,generic,variational,random,11.0,23.0,19.0,3.0,0.26187049982648203,8952.0,3.6843406000407413,0.63671875,0.0004807946402943397,0.0018675087022901604,0.0005234291804919749,0.0032009665399016507,0.0005557360271774274,0.003585867206464921,7.598015407903692e-07,0.02720158771796576,2.3143550961095854e-07,16.0,True,CONVERGENCE: RELATIVE REDUCTION OF F <= FACTR*EPSMCH,2.3143550961095854e-07,0.49933556238986887,0.6797998278749777,0.49933556238986887,-5.490511408833353,-6.7449068516413195,0.14292362952207882,-2.5184798328000166,0.9964646442082823,False,0.9961935700981411,False,0.9959883211841215,False
double_sawtooth,even,2,generic,variational,random,12.0,23.0,19.0,3.0,0.11512241264943002,15624.0,7.168113599997014,0.63671875,0.0002393233180152139,0.0008896929594243985,0.00026790095661444825,0.001664786607943003,0.0002891027612506769,0.0018944783349762184,6.754799038911545e-09,0.028398534602290172,5.75596359593821e-08,16.0,True,CONVERGENCE: RELATIVE REDUCTION OF F <= FACTR*EPSMCH,5.75596359593821e-08,0.6634391551878129,0.759181793540747,0.6634391551878129,-6.801984417348772,-8.0,0.657419216946708,-2.220107583250368,0.9985061008558112,False,0.9983500077515108,False,0.998234515688966,False
double_sawtooth,even,2,generic,variational,random,13.0,23.0,19.0,3.0,0.09443656578596427,6816.0,3.1559227000107057,0.63671875,8.455817142215151e-05,0.0002488788593039415,9.206363096301467e-05,0.000550067162471829,9.783563945937701e-05,0.0006468174995685749,9.074998898377133e-09,0.029634252991866162,7.446426974926611e-09,16.0,True,CONVERGENCE: RELATIVE REDUCTION OF F <= FACTR*EPSMCH,7.446426974926611e-09,0.9055634342140357,1.4446818920645723,0.9055634342140357,-8.0,-8.0,-1.087257599432247,1.0236950283650408,0.9998145226358227,True,0.999833923008106,True,0.9998458043495605,True
double_sawtooth,even,2,generic,variational,random,14.0,23.0,19.0,3.0,0.21548271516998252,12048.0,5.555929399968591,0.63671875,9.318690875124397e-05,0.00037438088055372076,0.0001104413180540189,0.0008082301246784551,0.00012274002888850604,0.0009422005000082057,7.565852828538442e-09,0.02927527745983172,8.976552812869517e-09,16.0,True,CONVERGENCE: RELATIVE REDUCTION OF F <= FACTR*EPSMCH,8.976552812869517e-09,0.6438393790800945,0.9962577568531278,0.6438393790800945,-7.999999900038197,-7.705476956427836,-0.32754447076973775,-1.9270430109577872,0.9997415732146906,True,0.9996788311915408,True,0.9996360026862616,True
double_sawtooth,even,2,generic,variational,random,15.0,23.0,19.0,3.0,0.7999997302591138,10008.0,4.54449719999684,0.63671875,0.0005255289744908949,0.0018976424859926122,0.0005752927501632534,0.0032896671727491444,0.0006128959396785211,0.0036906051333532863,3.990905378288577e-06,0.02689507182207532,2.7644969365672615e-07,16.0,True,CONVERGENCE: RELATIVE REDUCTION OF F <= FACTR*EPSMCH,2.7644969365672615e-07,0.2000002697408862,0.38937588164811476,0.2000002697408862,-2.521226966011185,-2.922503281826316,0.39945779235183304,-1.8191685213806426,0.9960864493855747,False,0.9957558863355408,False,0.9955067898158915,False
double_sawtooth,even,2,generic,variational,random,16.0,23.0,19.0,3.0,0.09490495598378845,16728.0,7.59271939995233,0.63671875,0.0006174863805813958,0.0023771379009476235,0.0006748133446500622,0.004014121572497226,0.0007183353400178464,0.004480732133527843,1.7697776426990999e-06,0.026697819442407407,3.815564260957129e-07,16.0,True,CONVERGENCE: RELATIVE REDUCTION OF F <= FACTR*EPSMCH,3.815564260957129e-07,0.9050950440162115,1.311647751610664,0.9050950440162115,-4.182112842789912,-6.177161208834919,0.768798769458013,-3.5088753389084815,0.9953090193529682,False,0.9949160184180932,False,0.9946185383037889,False
double_sawtooth,even,2,generic,variational,random,17.0,23.0,19.0,3.0,0.1326598153239279,4152.0,1.9548721999744885,0.63671875,0.00018670384785058117,0.000804705957999613,0.00020593198161122578,0.0013986914761464908,0.00022040790897540167,0.0015768206954200614,3.3993500524358267e-08,0.028885946640166412,3.514718660854963e-08,16.0,True,CONVERGENCE: RELATIVE REDUCTION OF F <= FACTR*EPSMCH,3.514718660854963e-08,0.48142538472620844,0.8201117924770455,0.48142538472620844,-7.778014502434867,-6.705885219192116,-0.4612628357111108,-1.2657288333151475,0.9989509585148622,False,0.998872972412752,False,0.9988132206722152,False
double_sawtooth,even,2,generic,variational,random,18.0,23.0,19.0,3.0,0.12262967227865684,12816.0,6.241449100023601,0.63671875,0.0007259674946850238,0.002489615405793455,0.0007724028177560577,0.003905192996374096,0.0008088067726552746,0.004307166805821883,3.1549868676632615e-08,0.027163678319512143,5.273004404379439e-07,16.0,True,CONVERGENCE: RELATIVE REDUCTION OF F <= FACTR*EPSMCH,5.273004404379439e-07,0.10782769464914764,0.1251258715778846,0.10782769464914764,-8.0,-7.9997348451845065,2.0472278378380913,-0.9280224277758848,0.9943918939178319,False,0.9940924474982752,False,0.9938563812108647,False
double_sawtooth,even,2,generic,variational,random,19.0,23.0,19.0,3.0,0.08416807065566867,12000.0,5.253933300031349,0.63671875,9.223780211415711e-05,0.00020819983005990195,0.0001012093869575247,0.0005367282555772124,0.00010803439043406772,0.0006416083129389405,5.161637484282148e-09,0.029535834618323133,8.803170536650011e-09,16.0,True,CONVERGENCE: RELATIVE REDUCTION OF F <= FACTR*EPSMCH,8.803170536650011e-09,0.34466796886061357,0.6178203871659772,0.34466796886061357,-5.889195283329718,-8.0,-0.12215527084875251,-0.8936029228827292,0.9997495971905201,True,0.9997567407215633,True,0.9997598871692117,True
double_sawtooth,even,2,equivariant,variational,random,0.0,23.0,13.0,2.0,0.3253328677818986,8616.0,4.349939499981701,0.63671875,0.11754689799569192,0.19063687760699924,0.11779976006709209,0.19711741158609708,0.1180454010812499,0.19898660552986172,0.11045607772615561,0.0,0.013817274332970378,8.0,True,CONVERGENCE: RELATIVE REDUCTION OF F <= FACTR*EPSMCH,0.013817274332970378,0.0,0.0,0.0,1.2446417469257522,0.1855966302973301,-0.6583841323625785,-1.1662986683716534,0.006759644709726333,False,0.0064825630897143455,False,0.006221950123050205,False
double_sawtooth,even,2,equivariant,variational,random,1.0,23.0,13.0,2.0,0.3454318432031338,14160.0,6.879728399973828,0.63671875,0.11754689799347003,0.19063137336176222,0.11779975661913508,0.19710776743253663,0.11804539495787807,0.19897574308676974,0.11030445897452584,0.0,0.013817274330931837,8.0,True,CONVERGENCE: RELATIVE REDUCTION OF F <= FACTR*EPSMCH,0.013817274330931837,0.0,0.0,0.0,0.1948633116388279,0.4760521198524229,-1.0689007263248427,-0.6764840464004482,0.00675964472851072,False,0.00648259218749539,False,0.0062220017080770185,False
double_sawtooth,even,2,equivariant,variational,random,2.0,23.0,13.0,2.0,0.40991016180806283,22560.0,9.803677599993534,0.63671875,0.1175468979943401,0.19063069662998494,0.11779975818625542,0.19710645673907498,0.11804539814540661,0.19897424888582887,0.11028435799667918,0.0,0.013817274330935376,8.0,True,CONVERGENCE: RELATIVE REDUCTION OF F <= FACTR*EPSMCH,0.013817274330935376,0.0,0.0,0.0,0.298481803713834,3.378464579265738,-0.9529912282548285,-0.9173572479661685,0.0067596447211549565,False,0.006482578962352392,False,0.006221974855429504,False
double_sawtooth,even,2,equivariant,variational,random,3.0,23.0,13.0,2.0,0.09753011334225392,6048.0,2.608021499996539,0.63671875,0.11757898986867318,0.1921434455490795,0.11783002157830386,0.19704695657588403,0.1180741821351171,0.1983521193049666,0.006537787008854465,0.0,0.013824818923915422,8.0,True,CONVERGENCE: RELATIVE REDUCTION OF F <= FACTR*EPSMCH,0.013824818923915422,0.0,0.0,0.0,1.0606574046006916,-2.0672731298683775,-0.613544787196797,-0.8637236193280888,0.006488332295436687,False,0.006227182054951595,False,0.00597949033538858,False
double_sawtooth,even,2,equivariant,variational,random,4.0,23.0,13.0,2.0,0.04265518226167586,26832.0,12.35559590003686,0.63671875,0.11772414593873243,0.19531230445836809,0.1179730037632134,0.19925905791064233,0.11821561834512442,0.2002650581905551,0.00153170071725724,0.0,0.013858974552320978,8.0,True,CONVERGENCE: RELATIVE REDUCTION OF F <= FACTR*EPSMCH,0.013858974552320978,0.0,0.0,0.0,2.7376931174506898,-6.868279524077571,-1.1680036701646639,-0.9049527269377521,0.0052611479600269935,False,0.005020535827692615,False,0.004787991455455992,False
double_sawtooth,even,2,equivariant,variational,random,5.0,23.0,13.0,2.0,0.33123394238926007,16152.0,7.474870700039901,0.63671875,0.11755172063044347,0.18777972200792445,0.11780276153551521,0.19066265676111321,0.11804695401663583,0.19164325520514638,0.029883466518531663,0.0,0.013818407322012496,8.0,True,CONVERGENCE: RELATIVE REDUCTION OF F <= FACTR*EPSMCH,0.013818407322012496,0.0,0.0,0.0,-0.41972365505508197,4.5072038174740765,-0.8616553824116776,-1.0157714929813222,0.006718872995390863,False,0.006457233286905075,False,0.006208867753458715,False
double_sawtooth,even,2,equivariant,variational,random,6.0,23.0,13.0,2.0,0.4700196565798356,10272.0,5.399653899949044,0.63671875,0.11754689799803647,0.1906300971693211,0.11779975933661634,0.1971066031144825,0.11804540039715962,0.19897462067791002,0.1103162645063982,0.0,0.013817274332123436,8.0,True,CONVERGENCE: RELATIVE REDUCTION OF F <= FACTR*EPSMCH,0.013817274332123436,0.0,0.0,0.0,0.40605705298557193,0.5105147162965946,-0.654072560922011,-1.2264607852056022,0.0067596446899049,False,0.006482569254299168,False,0.006221955886021424,False
double_sawtooth,even,2,equivariant,variational,random,7.0,23.0,13.0,2.0,0.7191392169870497,7200.0,3.4557324000052176,0.63671875,0.11754689799279304,0.1906317989632759,0.1177997591589407,0.19710846036626198,0.11804539990006371,0.1989765232531607,0.11032416080011902,0.0,0.013817274330969699,8.0,True,CONVERGENCE: RELATIVE REDUCTION OF F <= FACTR*EPSMCH,0.013817274330969699,0.0,0.0,0.0,1.041065059617996,1.7960583955711613,-1.0587727827686704,-1.3168616203609258,0.0067596447342341244,False,0.006482570753728195,False,0.0062219600736987905,False
double_sawtooth,even,2,equivariant,variational,random,8.0,23.0,13.0,2.0,0.5944210792679265,4464.0,2.22241440002108,0.63671875,0.11754689799137084,0.19063286210355296,0.11779975871762821,0.19710977430827883,0.11804539901374964,0.19897788990340895,0.11031269062134166,0.0,0.01381727433052065,8.0,True,CONVERGENCE: RELATIVE REDUCTION OF F <= FACTR*EPSMCH,0.01381727433052065,0.0,0.0,0.0,0.673559972691296,1.6775825354050733,-0.9354724332447506,-1.409861990611912,0.006759644746257709,False,0.006482574478024668,False,0.0062219675402607885,False
double_sawtooth,even,2,equivariant,variational,random,9.0,23.0,13.0,2.0,0.30893330227808335,40824.0,20.519579100015108,0.63671875,0.11755881017494424,0.18935179765718405,0.11780938534009322,0.19148214514058168,0.11805316437059639,0.1919677115156913,0.007173772129210056,0.0,0.013820073921486296,8.0,True,CONVERGENCE: RELATIVE REDUCTION OF F <= FACTR*EPSMCH,0.013820073921486296,0.0,0.0,0.0,1.2758525979905855,-0.9083950806015817,-0.9535115176047154,-1.3806676007432936,0.0066589362807017785,False,0.006401334093525033,False,0.006156549964487906,False
double_sawtooth,even,2,equivariant,variational,random,10.0,23.0,13.0,2.0,0.34734874838943475,6648.0,2.7472156999865547,0.63671875,0.11754689799966218,0.19063769895045166,0.11779976142466494,0.19712026077378955,0.11804540352183307,0.19899003408862156,0.11051138590700202,0.0,0.013817274334456845,8.0,True,CONVERGENCE: RELATIVE REDUCTION OF F <= FACTR*EPSMCH,0.013817274334456845,0.0,0.0,0.0,0.3932636860795089,0.21899371312582655,-1.2782385326590342,-1.1901565081092103,0.006759644676160727,False,0.006482551632971183,False,0.006221929562883126,False
double_sawtooth,even,2,equivariant,variational,random,11.0,23.0,13.0,2.0,0.7852059219543315,8184.0,3.777565800002776,0.63671875,0.11772629988850229,0.1951706129908075,0.117975137148968,0.1990579364558408,0.11821774576023909,0.20004806980570514,0.0014598893988734837,0.0,0.01385948170003647,8.0,True,CONVERGENCE: RELATIVE REDUCTION OF F <= FACTR*EPSMCH,0.01385948170003647,0.0,0.0,0.0,1.100243018120792,-7.999233632650779,-1.378595875932849,-0.9012545343126175,0.005242937950512693,False,0.005002531893330441,False,0.004770069505156638,False
double_sawtooth,even,2,equivariant,variational,random,12.0,23.0,13.0,2.0,0.36114404796203514,21984.0,10.47477929998422,0.63671875,0.11754765469779704,0.18968395764953108,0.11779953542295646,0.19511587201448677,0.11804436487389926,0.19667451497394595,0.0740233701748013,0.0,0.01381745186518623,8.0,True,CONVERGENCE: RELATIVE REDUCTION OF F <= FACTR*EPSMCH,0.01381745186518623,0.0,0.0,0.0,3.941480989378159,0.06527672228460199,-1.0861006666051407,-1.1243430088739639,0.0067532473680953125,False,0.006484458892320114,False,0.006230679428633331,False
double_sawtooth,even,2,equivariant,variational,random,13.0,23.0,13.0,2.0,0.3802424045131677,2544.0,1.0451745000318624,0.63671875,0.11754689799260215,0.190633140528281,0.11779975943911708,0.19710995445594548,0.11804540043765643,0.19897804698474783,0.1103141453611399,0.0,0.013817274330824667,8.0,True,CONVERGENCE: RELATIVE REDUCTION OF F <= FACTR*EPSMCH,0.013817274330824667,0.0,0.0,0.0,0.24955140082690064,0.38506708038072524,-1.0560727195982191,-0.6656806423761472,0.0067596447358479455,False,0.006482568389281361,False,0.006221955544864738,False
double_sawtooth,even,2,equivariant,variational,random,14.0,23.0,13.0,2.0,0.32859698492269307,4968.0,1.948229999979958,0.63671875,0.11754689799198727,0.19063458722386764,0.11779975954732856,0.19711211455495437,0.11804540050530513,0.19898040182492838,0.11032763467454797,0.0,0.013817274330815007,8.0,True,CONVERGENCE: RELATIVE REDUCTION OF F <= FACTR*EPSMCH,0.013817274330815007,0.0,0.0,0.0,0.16957069027321342,0.8344066270846212,-0.9471684667990926,-1.060099629321395,0.006759644741046316,False,0.006482567476069859,False,0.0062219549749729045,False
double_sawtooth,even,2,equivariant,variational,random,15.0,23.0,13.0,2.0,0.6805591612787766,10920.0,4.962496699998155,0.63671875,0.1175653590857161,0.19137262909927824,0.11781648352820134,0.19480219968587079,0.11806076979354801,0.19566302623737494,0.000867538655643526,0.0,0.013821613665628755,8.0,True,CONVERGENCE: RELATIVE REDUCTION OF F <= FACTR*EPSMCH,0.013821613665628755,0.0,0.0,0.0,-1.1743687289057667,2.486281300158817,-1.0444352708723346,-1.3811019710502472,0.006603570213613181,False,0.006341431512609376,False,0.006092479717358076,False
double_sawtooth,even,2,equivariant,variational,random,16.0,23.0,13.0,2.0,0.0023943603779793543,17016.0,8.16947560000699,0.63671875,0.11756535031902443,0.1915924146663283,0.11781654856629085,0.1950569318365988,0.1180609003136236,0.19592623789337518,0.0008848216112575782,0.0,0.013821611604483152,8.0,True,CONVERGENCE: RELATIVE REDUCTION OF F <= FACTR*EPSMCH,0.013821611604483152,0.0,0.0,0.0,-2.305323071437711,2.409130398876727,-0.7521353600910331,-1.376665018605589,0.006603644329333449,False,0.006340882647270757,False,0.006091380179100828,False
double_sawtooth,even,2,equivariant,variational,random,17.0,23.0,13.0,2.0,0.3524744201248603,6096.0,3.05748560000211,0.63671875,0.11754689799756973,0.1906360196436449,0.11779976134134201,0.1971144997925875,0.11804540393181114,0.19898305259830207,0.11035255174764283,0.0,0.013817274332376582,8.0,True,CONVERGENCE: RELATIVE REDUCTION OF F <= FACTR*EPSMCH,0.013817274332376582,0.0,0.0,0.0,1.0740971909521817,0.22621710020917643,-0.7258671549674313,-0.7346443864060426,0.006759644693850813,False,0.006482552336144808,False,0.00622192610911124,False
double_sawtooth,even,2,equivariant,variational,random,18.0,23.0,13.0,2.0,0.9670871541113223,9624.0,4.356772499973886,0.63671875,0.11754689815483457,0.19064006149055734,0.11779975878135027,0.19712206755770978,0.11804539790331064,0.19899165073538466,0.11048684438338037,0.0,0.013817274370691494,8.0,True,CONVERGENCE: RELATIVE REDUCTION OF F <= FACTR*EPSMCH,0.013817274370691494,0.0,0.0,0.0,3.185726249976102,5.226618186617108,-0.9958568903628986,-1.192104124512491,0.006759643364296023,False,0.006482573940265521,False,0.006221976894914831,False
double_sawtooth,even,2,equivariant,variational,random,19.0,23.0,13.0,2.0,0.71788965149546,16920.0,7.712065699975938,0.63671875,0.11754689802883761,0.19064646011437214,0.11779976952940599,0.19713424288329054,0.11804541849473021,0.19900552835693072,0.11068599272636513,0.0,0.013817274343061873,8.0,True,CONVERGENCE: RELATIVE REDUCTION OF F <= FACTR*EPSMCH,0.013817274343061873,0.0,0.0,0.0,1.0381459780540032,3.472014266029672,-0.696030539919487,-0.9757457209762326,0.006759644429504658,False,0.006482483235952274,False,0.006221803426936921,False
double_sawtooth,even,2,sector_mixed,variational,random,0.0,23.0,15.0,3.0,0.19633905808660923,10656.0,4.9443326999899,0.63671875,0.0020550593018235776,0.007812224734888518,0.002144301632979703,0.01041866116483603,0.0022176415699980546,0.01112050975554743,1.6158821327918837e-05,0.025882634988029403,4.223527721949704e-06,16.0,True,CONVERGENCE: RELATIVE REDUCTION OF F <= FACTR*EPSMCH,4.223527721949704e-06,0.1735859702497043,0.248400795662611,0.1735859702497043,0.3359543186828312,-7.366170339985535,0.5285081296884164,-3.838602737250312,0.9831554320504357,False,0.9825148056359837,False,0.9819879559825796,False
double_sawtooth,even,2,sector_mixed,variational,random,1.0,23.0,15.0,3.0,0.10994011734180986,31128.0,14.315552300016861,0.63671875,0.0021949056389120934,0.0077441709127070435,0.0022843054039011043,0.010226964968353153,0.0023580481086907202,0.010895711707844258,5.343403731877782e-08,0.02581596697329502,4.8178689239321785e-06,16.0,True,CONVERGENCE: RELATIVE REDUCTION OF F <= FACTR*EPSMCH,4.8178689239321785e-06,0.060366060914333344,0.06249027690473085,0.060366060914333344,-8.0,-8.0,4.467645049107464,-8.0,0.981973137474884,False,0.9813332946520019,False,0.980805131346803,False
double_sawtooth,even,2,sector_mixed,variational,random,2.0,23.0,15.0,3.0,0.076078955644725,20184.0,8.796793900022749,0.63671875,0.00024229488155309227,0.0008360433497469899,0.0002689541474587868,0.001615924490127263,0.00028880496187830865,0.001847378244717951,1.5488167163850907e-08,0.028387503948274127,5.899068482119142e-08,16.0,True,CONVERGENCE: RELATIVE REDUCTION OF F <= FACTR*EPSMCH,5.899068482119142e-08,0.4477880178465582,0.8358719059227302,0.4477880178465582,-8.0,-7.99969052269002,-0.38851736373849727,-1.8314673028066613,0.9984809785428147,False,0.9983411197298337,False,0.9982370244356201,False
double_sawtooth,even,2,sector_mixed,variational,random,3.0,23.0,15.0,3.0,0.15093185349098737,16320.0,7.826713700022083,0.63671875,0.00015562482949583862,0.0006969855073945541,0.0001743472086053148,0.0012547877597806345,0.0001882732019575857,0.0014233878748996787,5.741701916488139e-08,0.028979304321157934,2.450888117299061e-08,16.0,True,CONVERGENCE: RELATIVE REDUCTION OF F <= FACTR*EPSMCH,2.450888117299061e-08,0.12409171688842127,0.2023837694142211,0.12409171688842127,-7.060577435216683,-8.0,0.8951508861419158,0.49983890572963263,0.9992137080124841,True,0.9991395206348995,False,0.9990839325883272,False
double_sawtooth,even,2,sector_mixed,variational,random,4.0,23.0,15.0,3.0,0.048964095307573396,3432.0,1.6386175000225194,0.63671875,0.002166384036348064,0.007398754282743614,0.002253494918293901,0.009860529663713813,0.0023252734399231896,0.01052523247896664,3.111598908760741e-07,0.02578759725796237,4.693477672027907e-06,16.0,True,CONVERGENCE: RELATIVE REDUCTION OF F <= FACTR*EPSMCH,4.693477672027907e-06,0.5685145673414053,0.7926548062011525,0.5685145673414053,-6.134210782661626,-7.9875567436062385,-0.6575665765357854,-1.973509380796698,0.9822142659641926,False,0.9815933085568215,False,0.981081234482801,False
double_sawtooth,even,2,sector_mixed,variational,random,5.0,23.0,15.0,3.0,0.20731266645129875,12072.0,5.030677200003993,0.63671875,0.0021962320115302626,0.007627386485903442,0.0022853525623853965,0.010100048598314787,0.0023588615015521564,0.01076630064083095,1.9177053507071182e-08,0.025815447730542174,4.82369320313934e-06,16.0,True,CONVERGENCE: RELATIVE REDUCTION OF F <= FACTR*EPSMCH,4.82369320313934e-06,0.3886894753801811,0.507566292025954,0.3886894753801811,-8.0,-8.0,0.7596611777466096,-8.0,0.9819619240016941,False,0.9813244575382369,False,0.9807982790938808,False
double_sawtooth,even,2,sector_mixed,variational,random,6.0,23.0,15.0,3.0,0.3734580276631241,15864.0,7.677968300005887,0.63671875,0.0021952031836035882,0.0077347719204008125,0.0022853448406536378,0.01022279131134185,0.0023596888067234823,0.01089268273234259,2.051060584481136e-08,0.02581164074580287,4.819175133915894e-06,16.0,True,CONVERGENCE: RELATIVE REDUCTION OF F <= FACTR*EPSMCH,4.819175133915894e-06,0.05027754613600585,0.054229318504451805,0.05027754613600585,-7.9998330157140485,-7.313898656251749,3.055655825397672,-4.401864950932702,0.9819706219604839,False,0.981324522702988,False,0.9807913096397011,False
double_sawtooth,even,2,sector_mixed,variational,random,7.0,23.0,15.0,3.0,0.15759012253457005,4536.0,2.235257400025148,0.63671875,0.0005032879434387994,0.0018601904443975859,0.0005516618780009437,0.0033389915314571694,0.000588214659895851,0.003765196186879455,9.356810117689677e-06,0.027028753578340597,2.535691351147406e-07,16.0,True,CONVERGENCE: RELATIVE REDUCTION OF F <= FACTR*EPSMCH,2.535691351147406e-07,0.7757464849063291,1.2011147503556159,0.7757464849063291,-3.4506405104129088,-5.156969804247229,-0.9549262447632637,-2.264926150351375,0.9962744804124504,False,0.9959553104998835,False,0.9957147119400408,False
double_sawtooth,even,2,sector_mixed,variational,random,8.0,23.0,15.0,3.0,0.2136334445679059,28104.0,14.85598160000518,0.63671875,0.00010604479127816698,0.00023850010107623332,0.00011298868884316942,0.000489562463034221,0.00011841419013714752,0.0005962200518173089,1.3742417251877188e-07,0.02956668218048884,1.1541165953276613e-08,16.0,True,CONVERGENCE: RELATIVE REDUCTION OF F <= FACTR*EPSMCH,1.1541165953276613e-08,0.19069694098908296,0.24708264374676242,0.19069694098908296,-5.523300000925423,-7.797175585195522,1.5349194015579437,-0.6430662420166264,0.9996328695826817,True,0.9996573335808132,True,0.9996724447828559,True
double_sawtooth,even,2,sector_mixed,variational,random,9.0,23.0,15.0,3.0,0.7173672826003563,23544.0,10.588645700016059,0.63671875,0.0017958279062713265,0.006266704474138962,0.0018868825378020333,0.008545366063423598,0.001961102666586742,0.009161589415001253,2.146586296933049e-05,0.025969050719486058,3.225257774108681e-06,16.0,True,CONVERGENCE: RELATIVE REDUCTION OF F <= FACTR*EPSMCH,3.225257774108681e-06,0.07922013994499724,0.12957112560744302,0.07922013994499724,-2.9071923186603446,-1.5774950568913533,1.3114297523038911,-7.78744673017132,0.9853470366298258,False,0.9846872006110434,False,0.9841491127051607,False
double_sawtooth,even,2,sector_mixed,variational,random,10.0,23.0,15.0,3.0,0.08079388959684064,8688.0,3.757763200032059,0.63671875,8.577545659378627e-05,0.00029845349967072554,9.493959434797683e-05,0.000629509174617654,0.0001018941345134245,0.0007345421089737514,7.983642889410577e-09,0.029556526410917307,7.652994297818113e-09,16.0,True,CONVERGENCE: RELATIVE REDUCTION OF F <= FACTR*EPSMCH,7.652994297818113e-09,0.9192061104031594,1.4736003596792413,0.9192061104031594,-8.0,-7.652378949848587,-1.1029160792703876,-0.43211283385802157,0.9998042314141483,True,0.9998096523594907,True,0.9998116144323472,True
double_sawtooth,even,2,sector_mixed,variational,random,11.0,23.0,15.0,3.0,0.05659141952152791,14280.0,6.333194300008472,0.63671875,0.00020056092749335641,0.0008813871479640689,0.00022481689646840547,0.001562800546263371,0.00024281410769931642,0.0017655672024130264,2.1696909160482353e-08,0.02866849480540309,4.0511370802018496e-08,16.0,True,CONVERGENCE: RELATIVE REDUCTION OF F <= FACTR*EPSMCH,4.0511370802018496e-08,0.5135652539155104,0.8866258793861732,0.5135652539155104,-8.0,-7.016317335685321,-0.37774364279834094,-1.869988080720832,0.9988338074300662,False,0.9987136000316478,False,0.9986244644782978,False
double_sawtooth,even,2,sector_mixed,variational,random,12.0,23.0,15.0,3.0,0.13671617578528905,22848.0,10.890686100057792,0.63671875,0.00014130448741298373,0.000564127263872144,0.000156823296002538,0.001045975131310023,0.00016843969026363452,0.0011929416714144825,5.501129150613175e-08,0.029155751589921845,2.0258516229058214e-08,16.0,True,CONVERGENCE: RELATIVE REDUCTION OF F <= FACTR*EPSMCH,2.0258516229058214e-08,0.8212049876134608,1.1868882715699671,0.8212049876134608,-7.01561768061265,-6.735900218474126,-0.4228925646634271,-2.199259963254674,0.9993347756293921,True,0.9992874073317095,True,0.999251015734625,True
double_sawtooth,even,2,sector_mixed,variational,random,13.0,23.0,15.0,3.0,0.8132996119871277,28248.0,13.270237200020347,0.63671875,0.0017669802140619331,0.007441143438745135,0.001892959154417502,0.0107237883094575,0.001992456332155181,0.011631735758230705,6.222943994835377e-07,0.023985484904779752,3.122458937958347e-06,16.0,True,CONVERGENCE: RELATIVE REDUCTION OF F <= FACTR*EPSMCH,3.122458937958347e-06,0.18670038801287223,0.3446768939296506,0.18670038801287223,-4.427711045768526,-2.866527759462256,1.5499174389462465,-1.0135070997512157,0.9855909219594413,False,0.9846359192117684,False,0.9838849805044699,False
double_sawtooth,even,2,sector_mixed,variational,random,14.0,23.0,15.0,3.0,0.16448362312446507,7128.0,3.006647799978964,0.63671875,0.00011367826715562068,0.0002778965299385927,0.0001172964926314428,0.00034450471090785584,0.00012028596780080887,0.00042908280928746767,1.411231435946563e-08,0.02973163600321614,1.3220064924659972e-08,16.0,True,CONVERGENCE: RELATIVE REDUCTION OF F <= FACTR*EPSMCH,1.3220064924659972e-08,0.5330136666727268,0.9162824410686934,0.5330136666727268,-7.142908664320116,-8.0,-0.5566870192825925,-0.9967064513617041,0.9995683343412846,True,0.99962097943507,True,0.9996566763951876,True
double_sawtooth,even,2,sector_mixed,variational,random,15.0,23.0,15.0,3.0,0.22086950679969586,10752.0,4.954124199983198,0.63671875,0.0025323601231364667,0.00636296221520069,0.0025737860087456394,0.00818377880575702,0.00260899104066435,0.008681135384090793,4.068388554250498e-06,0.02664769774253292,6.413114310913052e-06,16.0,True,CONVERGENCE: RELATIVE REDUCTION OF F <= FACTR*EPSMCH,6.413114310913052e-06,0.0038479721297274188,0.005748440739802466,0.0038479721297274188,-4.445097858918393,-4.8603875744262055,5.974405949394245,1.8631169402940864,0.9791202160863062,False,0.9788903282088658,False,0.9786911166799925,False
double_sawtooth,even,2,sector_mixed,variational,random,16.0,23.0,15.0,3.0,0.18540045697792074,16536.0,7.934882099973038,0.63671875,0.000566929124031497,0.0022355677947374086,0.0006224054494223133,0.003873623503426682,0.0006642778003940881,0.004343001984269235,6.235684460316374e-06,0.02668731216187795,3.216755671535839e-07,16.0,True,CONVERGENCE: RELATIVE REDUCTION OF F <= FACTR*EPSMCH,3.216755671535839e-07,0.740050969802458,1.0984250574260404,0.740050969802458,-3.6319984911240772,-5.430779763618912,-0.9111142113381631,-1.9265790285242257,0.9957364425620286,False,0.995358295818562,False,0.9950739344000946,False
double_sawtooth,even,2,sector_mixed,variational,random,17.0,23.0,15.0,3.0,0.6968666581149554,45840.0,19.958081699965987,0.63671875,0.00198916624239963,0.007837548896873853,0.002106220413664545,0.010912262288369418,0.002200214740828207,0.011753716258543129,1.073857531116506e-07,0.02453556205305522,3.957027696596651e-06,16.0,True,CONVERGENCE: RELATIVE REDUCTION OF F <= FACTR*EPSMCH,3.957027696596651e-06,0.1867635398677105,0.3195367646208463,0.1867635398677105,-7.846552416340029,-4.717799264530671,3.9946848650963482,-1.4344710036059825,0.9837125078262147,False,0.9828361782576507,False,0.9821347645504532,False
double_sawtooth,even,2,sector_mixed,variational,random,18.0,23.0,15.0,3.0,0.13350140149118594,24264.0,10.850413899985142,0.63671875,0.00014770709259024945,0.0006893851447733468,0.00016767497362669227,0.0012410162007901737,0.00018236977763244993,0.0014073745889706668,2.5087499430303307e-08,0.028997716740605965,2.2107362619745576e-08,16.0,True,CONVERGENCE: RELATIVE REDUCTION OF F <= FACTR*EPSMCH,2.2107362619745576e-08,0.8147178183104709,1.2734260171496334,0.8147178183104709,-7.1544391185296625,-6.8765293040640705,-0.9864771896124361,0.2575215559686337,0.9992806464649957,True,0.9991958285390586,True,0.9991336647147099,False
double_sawtooth,even,2,sector_mixed,variational,random,19.0,23.0,15.0,3.0,0.13359927959977602,8016.0,3.6877611000090837,0.63671875,0.00017378048300380745,0.0006664118002295272,0.00019586774889250686,0.0012844814250721759,0.00021215079113187456,0.0014700813564873794,2.733253652976553e-08,0.028793268625053683,3.048758923261251e-08,16.0,True,CONVERGENCE: RELATIVE REDUCTION OF F <= FACTR*EPSMCH,3.048758923261251e-08,0.4014055074039472,0.7417669026812711,0.4014055074039472,-7.159958985542479,-7.249910892042807,-0.28027258312132447,-1.4872179794785072,0.9990602157501557,False,0.9989579058500748,False,0.9988827809825596,False
triangle,odd,3,zero,classical,n/a,,,,,,,,0.63671875,0.11834645469858371,0.1875,0.1185679148198624,0.18945312500000003,0.11878397420043624,0.18994140625000008,0.0,0.0,0.014005883339723926,,,,,,,,,,,,0.0,False,0.0,False,0.0,False
triangle,odd,3,analytic_truncation,classical,n/a,,,,,,,,0.63671875,0.0003919148459943011,0.0007773439519150882,0.00039230833883597134,0.0007821813484310824,0.0003924560514316886,0.0007816055290817137,0.04166500865049353,0.0,1.5401389659724167e-07,,,,,,,,,,,,0.9967002616340459,False,0.9967058660567926,False,0.9967125748040453,False
triangle,odd,3,ols_full,classical,n/a,,,,,,,,0.63671875,1.3831246220405298e-06,4.0095386426575175e-06,1.6545990721022358e-06,1.2943104611223832e-05,1.8528746691463645e-06,1.591795318034439e-05,0.040579870935136424,1.4281033852372337e-09,4.0771175735249287e-10,,,,,,,,,,,,1.0000002030297275,True,1.000000682014282,True,1.000000978434005,True
triangle,odd,3,ols_odd,classical,n/a,,,,,,,,0.63671875,1.8476110022881477e-06,4.179650705038451e-06,2.158905850557928e-06,1.3879161363888892e-05,2.388695757376414e-06,1.711010491797782e-05,0.04053861043585017,0.0,4.0879977077427785e-10,,,,,,,,,,,,0.9999962781812451,True,0.9999964286362849,True,0.9999964674721994,True
triangle,odd,3,ols_even,classical,n/a,,,,,,,,0.63671875,0.11753369200531716,0.19057448874812705,0.11778612630439966,0.19576585752405623,0.11803132333771942,0.19719436805902393,0.0,0.004104683636212964,0.01381416879744759,,,,,,,,,,,,0.006867737265878357,False,0.0065936890241612076,False,0.006336404761385158,False
triangle,odd,3,ridge_full,classical,n/a,,,,,,,,0.63671875,1.4071521847876198e-06,4.707394049896507e-06,1.735462899783449e-06,1.4325628578171212e-05,1.9690950221376376e-06,1.7504992828709653e-05,0.0405664597384573,1.0436437404080017e-09,4.07644685092163e-10,,,,,,,,,,,,1.0,True,1.0,True,1.0,True
triangle,odd,3,ridge_odd,classical,n/a,,,,,,,,0.63671875,1.8577224959762688e-06,4.835864224006503e-06,2.2155646363175006e-06,1.50937888577507e-05,2.4749389625373233e-06,1.8487787078691476e-05,0.04053111629705734,0.0,4.087622958426298e-10,,,,,,,,,,,,0.9999961927404608,True,0.9999959507699485,True,0.9999957414093157,True
triangle,odd,3,ridge_even,classical,n/a,,,,,,,,0.63671875,0.11753369200531862,0.19057442151166737,0.11778612627213168,0.19576575002298172,0.11803132328034129,0.19719424935811616,0.0,0.004104614971640801,0.013814168797447245,,,,,,,,,,,,0.006867737265866044,False,0.006593689296312846,False,0.00633640524443922,False
triangle,odd,3,spherical_full,classical_null,random,0.0,17.0,,,,846.0,,0.63671875,0.0010309166222089061,0.0030260127887739574,0.0010903612057052963,0.005881079968912767,0.0011364872022074182,0.006725139717382395,0.025290017486551897,4.688527951447982e-05,1.063042450974281e-06,,,,,,,,,,,,0.9913007811364436,False,0.9908184125632653,False,0.9904487375324365,False
triangle,odd,3,spherical_full,classical_null,random,1.0,17.0,,,,2448.0,,0.63671875,6.39438198665077e-06,3.660180372666577e-05,7.483131888317121e-06,6.651505119845136e-05,8.271546551040531e-06,7.550114789600659e-05,0.04036962741731166,1.3335275681512525e-08,4.445845285170772e-10,,,,,,,,,,,,0.9999578585677621,True,0.9999515235371527,True,0.9999469410242459,True
triangle,odd,3,spherical_full,classical_null,random,2.0,17.0,,,,3420.0,,0.63671875,2.057016059029611e-06,9.394915299776319e-06,2.558783747052129e-06,1.9521773480968285e-05,2.908823327154636e-06,2.277922371382579e-05,0.040560849236306366,1.8223683235482698e-09,4.098398256538527e-10,,,,,,,,,,,,0.9999945087362107,True,0.9999930560227904,True,0.99999208863073,True
triangle,odd,3,spherical_full,classical_null,random,3.0,17.0,,,,3870.0,,0.63671875,1.5495617599415945e-06,4.503052076110237e-06,1.8499190621171874e-06,1.3541385394638672e-05,2.0691835435576964e-06,1.6723424728304348e-05,0.04055476734560349,5.654614680991399e-10,4.079488207585229e-10,,,,,,,,,,,,0.9999987966579243,True,0.9999990346643287,True,0.9999991573763943,True
triangle,odd,3,spherical_full,classical_null,random,4.0,17.0,,,,4356.0,,0.63671875,2.3572249917142027e-06,7.009835434640399e-06,2.570803622919549e-06,1.5105036132001537e-05,2.7391927669863374e-06,1.8842789651085656e-05,0.040528446628848414,6.16757048541843e-10,4.1084098211761667e-10,,,,,,,,,,,,0.9999919720104337,True,0.9999929546458554,True,0.999993516713713,True
triangle,odd,3,spherical_full,classical_null,random,5.0,17.0,,,,3744.0,,0.63671875,1.0917836741278737e-05,4.1743180498148014e-05,1.1689938411465716e-05,6.07313264174153e-05,1.229292771284024e-05,6.582705844478814e-05,0.04071125082337227,6.179778898077287e-08,5.263122853208285e-10,,,,,,,,,,,,0.9999196359733368,True,0.9999160428752476,True,0.9999130858863551,True
triangle,odd,3,spherical_full,classical_null,random,6.0,17.0,,,,3240.0,,0.63671875,1.5561091686294963e-06,5.931152382593341e-06,1.9271278142031634e-06,1.506426327058108e-05,2.189481196218725e-06,1.8080200238995703e-05,0.04055547135627398,6.137269564710825e-10,4.0797619544470215e-10,,,,,,,,,,,,0.9999987413331869,True,0.9999983834773503,True,0.9999981446164855,True
triangle,odd,3,spherical_full,classical_null,random,7.0,17.0,,,,3456.0,,0.63671875,3.7312656791523337e-06,2.485581252514857e-05,4.459739803300457e-06,4.6181002725520504e-05,4.9812228831788594e-06,5.267912409215314e-05,0.04048150504831303,8.624056611270038e-09,4.1873748029211654e-10,,,,,,,,,,,,0.9999803615483491,True,0.9999770231534971,True,0.999974641547275,True
triangle,odd,3,spherical_full,classical_null,random,8.0,17.0,,,,4734.0,,0.63671875,1.549406958714069e-06,4.4532397652785605e-06,1.7715481937848263e-06,1.2823623061541944e-05,1.9406735205131054e-06,1.5661360069280095e-05,0.04057574444412338,7.844866131565087e-10,4.0815811420981147e-10,,,,,,,,,,,,0.9999987979659742,True,0.9999996956527215,True,1.0000002392744727,True
triangle,odd,3,spherical_full,classical_null,random,9.0,17.0,,,,4176.0,,0.63671875,1.50819727340513e-06,4.780233847589965e-06,1.816386157961351e-06,1.3773574213421513e-05,2.039811088888298e-06,1.704780881059409e-05,0.04055711635327941,8.268692245794289e-10,4.0784583081699293e-10,,,,,,,,,,,,0.999999146182365,True,0.9999993174844748,True,0.9999994046567349,True
triangle,odd,3,spherical_full,classical_null,random,10.0,17.0,,,,4734.0,,0.63671875,1.4027290197628858e-06,4.401081690502684e-06,1.6949088234955939e-06,1.3541349431045457e-05,1.90662128624531e-06,1.6580823935380407e-05,0.040571950351831136,1.022983468422464e-09,4.076871624510311e-10,,,,,,,,,,,,1.0000000373751594,True,1.0000003420374721,True,1.000000525952865,True
triangle,odd,3,spherical_full,classical_null,random,11.0,17.0,,,,3798.0,,0.63671875,1.5226162898019366e-06,5.813406834892509e-06,1.859574332429212e-06,1.550013972509423e-05,2.1008601086714504e-06,1.8696988038857665e-05,0.04055999442005302,6.72816517619625e-10,4.079183112946655e-10,,,,,,,,,,,,0.9999990243435833,True,0.999998953230733,True,0.9999988906982465,True
triangle,odd,3,spherical_full,classical_null,random,12.0,17.0,,,,4104.0,,0.63671875,1.515467997622798e-06,5.064541632654462e-06,1.7947307087653717e-06,1.2959126652722919e-05,1.9997102235939632e-06,1.560374487311056e-05,0.04057559304693227,7.444514904165028e-10,4.080525811656564e-10,,,,,,,,,,,,0.9999990847457069,True,0.999999500128879,True,0.9999997422572432,True
triangle,odd,3,spherical_full,classical_null,random,13.0,17.0,,,,3348.0,,0.63671875,1.9035300949270676e-06,7.129064438143873e-06,2.2364537440838304e-06,1.890397603701577e-05,2.4802943046260233e-06,2.2704209788809715e-05,0.04054494647244696,1.0990542837937686e-09,4.090729025373055e-10,,,,,,,,,,,,0.999995805672308,True,0.9999957745889508,True,0.9999956963238494,True
triangle,odd,3,spherical_full,classical_null,random,14.0,17.0,,,,4302.0,,0.63671875,1.794997136711745e-06,5.5017613287966505e-06,2.0077938334050347e-06,1.4160923815897952e-05,2.1700492319616322e-06,1.701824854991041e-05,0.04060531582466834,2.5237571868630843e-09,4.0927519820505863e-10,,,,,,,,,,,,0.9999967227614509,True,0.9999977031314065,True,0.9999983082099881,True
triangle,odd,3,spherical_full,classical_null,random,15.0,17.0,,,,4716.0,,0.63671875,7.972040859217801e-06,3.845608143612789e-05,8.988197421738575e-06,6.455961596407711e-05,9.745444202918256e-06,7.226750619762634e-05,0.04046495496488638,2.1250287916494047e-08,4.682031976127809e-10,,,,,,,,,,,,0.9999445275589428,True,0.9999388296514125,True,0.9999345325988235,True
triangle,odd,3,spherical_full,classical_null,random,16.0,17.0,,,,4122.0,,0.63671875,2.1894049993589626e-06,1.2112409880665753e-05,2.665182279998732e-06,2.338732256149112e-05,3.0021025526856083e-06,2.69655505223676e-05,0.04058609385126754,5.048378499557984e-09,4.106544832476784e-10,,,,,,,,,,,,0.999993390067174,True,0.9999921586460383,True,0.9999913033331131,True
triangle,odd,3,spherical_full,classical_null,random,17.0,17.0,,,,3438.0,,0.63671875,1.6649631250255317e-05,6.367076151017614e-05,1.837155999260788e-05,0.00011087427249276138,1.967199241757028e-05,0.00012529116426168718,0.04023198327112512,7.145472812140305e-08,6.795307680280109e-10,,,,,,,,,,,,0.9998712030677964,True,0.9998596893550669,True,0.9998509631372217,True
triangle,odd,3,spherical_full,classical_null,random,18.0,17.0,,,,4266.0,,0.63671875,1.7076165795895649e-06,5.8060369906853815e-06,1.9684691402114615e-06,1.4624196810669732e-05,2.164220791523947e-06,1.756812526323981e-05,0.040563943545259204,1.4785648879887815e-10,4.08555391314046e-10,,,,,,,,,,,,0.9999974611156021,True,0.9999980348001285,True,0.9999983572783671,True
triangle,odd,3,spherical_full,classical_null,random,19.0,17.0,,,,3528.0,,0.63671875,1.4978766785961352e-06,5.2608831511979925e-06,1.8102219091340188e-06,1.5424794127666397e-05,2.0363135453605915e-06,1.8765194035791355e-05,0.040558588331323676,9.4158538021273e-10,4.0782952727337277e-10,,,,,,,,,,,,0.9999992333900262,True,0.999999369474417,True,0.999999434101797,True
triangle,odd,3,spherical_odd,classical_null,random,0.0,9.0,,,,780.0,,0.63671875,1.9190515616533202e-06,5.4194056945677804e-06,2.3233030031585195e-06,1.6426093719268398e-05,2.6121956451873463e-06,2.0035323107209235e-05,0.04052263809060837,0.0,4.089091398023678e-10,,,,,,,,,,,,0.999995674517967,True,0.9999950420928921,True,0.9999945858750028,True
triangle,odd,3,spherical_odd,classical_null,random,1.0,9.0,,,,540.0,,0.63671875,0.00039868053934847164,0.0011401845772684438,0.0004319944841601834,0.002265657185178377,0.00045713398656009645,0.00259509241483058,0.02892880919436473,0.0,1.592354605471319e-07,,,,,,,,,,,,0.9966430924200024,False,0.996371148808253,False,0.9961680652626295,False
triangle,odd,3,spherical_odd,classical_null,random,2.0,9.0,,,,1120.0,,0.63671875,1.9465394637589153e-06,4.828820721530791e-06,2.270707424170458e-06,1.4672280851502073e-05,2.509232623818574e-06,1.792898669555898e-05,0.04054226400453657,0.0,4.092116559293366e-10,,,,,,,,,,,,0.9999954422488296,True,0.9999954856897025,True,0.9999954526984015,True
triangle,odd,3,spherical_odd,classical_null,random,3.0,9.0,,,,420.0,,0.63671875,1.8581033683872582e-06,4.7728181824246985e-06,2.1935091613030315e-06,1.4607883458417348e-05,2.438691105297007e-06,1.7874675699081077e-05,0.04053785448703749,0.0,4.0883109299798685e-10,,,,,,,,,,,,0.9999961895221393,True,0.9999961367882139,True,0.9999960465721829,True
triangle,odd,3,spherical_odd,classical_null,random,4.0,9.0,,,,1190.0,,0.63671875,2.5408726156589162e-06,8.514841594781108e-06,2.913526579711063e-06,1.8774805768284608e-05,3.1894339731887793e-06,2.211332565432711e-05,0.04054837759624319,0.0,4.119398096114373e-10,,,,,,,,,,,,0.9999904202122998,True,0.9999900640833134,True,0.999989726230417,True
triangle,odd,3,spherical_odd,classical_null,random,5.0,9.0,,,,1250.0,,0.63671875,1.863715680012449e-06,5.054642878449256e-06,2.2302620326211064e-06,1.5358871768872406e-05,2.495167278442351e-06,1.876702833700228e-05,0.04053020766238046,0.0,4.087755127597289e-10,,,,,,,,,,,,0.9999961420988484,True,0.999995826810516,True,0.9999955711115008,True
triangle,odd,3,spherical_odd,classical_null,random,6.0,9.0,,,,1290.0,,0.63671875,1.920535583848424e-06,5.592846757662695e-06,2.274950990166556e-06,1.546594274456914e-05,2.5326323787925285e-06,1.873429159773843e-05,0.04054066726427457,0.0,4.0909512957157367e-10,,,,,,,,,,,,0.9999956619781757,True,0.9999954498990072,True,0.9999952557009275,True
triangle,odd,3,spherical_odd,classical_null,random,7.0,9.0,,,,990.0,,0.63671875,1.9703501737253357e-06,7.5308675246410495e-06,2.4689973563166867e-06,1.9092042168739054e-05,2.8158185390399522e-06,2.285234386126267e-05,0.04051793381350208,0.0,4.090616179421203e-10,,,,,,,,,,,,0.9999952410514794,True,0.9999938132909357,True,0.9999928716179175,True
triangle,odd,3,spherical_odd,classical_null,random,8.0,9.0,,,,1310.0,,0.63671875,1.904126437426533e-06,5.0482425352771365e-06,2.2695550721646864e-06,1.5467845839611805e-05,2.5343426826934524e-06,1.8909441833608875e-05,0.040528368760559236,0.0,4.08909385095299e-10,,,,,,,,,,,,0.9999958006332927,True,0.9999954954087642,True,0.9999952413022489,True
triangle,odd,3,spherical_odd,classical_null,random,9.0,9.0,,,,1400.0,,0.63671875,1.9035463281857278e-06,5.8334860530140364e-06,2.3077660643734465e-06,1.6496754335737496e-05,2.596470843974972e-06,2.0005655167631975e-05,0.04052667433079533,0.0,4.0889023193150257e-10,,,,,,,,,,,,0.999995805535139,True,0.9999951731331169,True,0.9999947182587019,True
triangle,odd,3,spherical_odd,classical_null,random,10.0,9.0,,,,1130.0,,0.63671875,1.90927499760162e-06,4.486020454441686e-06,2.189817597622588e-06,1.319611311040303e-05,2.4003881382681747e-06,1.6420093095326216e-05,0.040537914315001165,0.0,4.090244741664784e-10,,,,,,,,,,,,0.9999957571286402,True,0.9999961679232618,True,0.9999963690365745,True
triangle,odd,3,spherical_odd,classical_null,random,11.0,9.0,,,,1050.0,,0.63671875,1.944882055384816e-06,5.7631808184355204e-06,2.3074049313014242e-06,1.5768931935777886e-05,2.5707882183363604e-06,1.908439620160185e-05,0.040535497503053214,0.0,4.0913754123988997e-10,,,,,,,,,,,,0.9999954562537111,True,0.9999951761789523,True,0.9999949344751702,True
triangle,odd,3,spherical_odd,classical_null,random,12.0,9.0,,,,1280.0,,0.63671875,1.925417825856641e-06,5.4096614156007305e-06,2.287021293203694e-06,1.557990416506394e-05,2.549253560640227e-06,1.893424706150837e-05,0.04053686712495402,0.0,4.0907590505366676e-10,,,,,,,,,,,,0.9999956207238764,True,0.999995348096764,True,0.9999951157707938,True
triangle,odd,3,spherical_odd,classical_null,random,13.0,9.0,,,,500.0,,0.63671875,2.516709969645745e-06,7.5238471731464696e-06,2.7389373451876847e-06,1.2876352539631375e-05,2.9138360399334743e-06,1.6523886303715374e-05,0.04051128983178255,0.0,4.1144672738913977e-10,,,,,,,,,,,,0.9999906243834629,True,0.9999915365878292,True,0.9999920464297857,True
triangle,odd,3,spherical_odd,classical_null,random,14.0,9.0,,,,1110.0,,0.63671875,2.014945791748954e-06,7.003669309446625e-06,2.4427287330628484e-06,1.773405160945818e-05,2.7473496682857746e-06,2.1239701219977203e-05,0.040533451972846295,0.0,4.093945262721498e-10,,,,,,,,,,,,0.9999948642244052,True,0.9999940348433497,True,0.9999934480425258,True
triangle,odd,3,spherical_odd,classical_null,random,15.0,9.0,,,,1150.0,,0.63671875,1.8847367587231091e-06,4.861300992919926e-06,2.2443846262358135e-06,1.5231070968485527e-05,2.5052021300622663e-06,1.8656340826206375e-05,0.040530501768661485,0.0,4.088572503362969e-10,,,,,,,,,,,,0.9999959644735135,True,0.9999957076990318,True,0.9999954866302564,True
triangle,odd,3,spherical_odd,classical_null,random,16.0,9.0,,,,1040.0,,0.63671875,1.8824962547654837e-06,5.3903757667173036e-06,2.2735107675081847e-06,1.6022220022116063e-05,2.5537774955007894e-06,1.952435473318026e-05,0.0405265578448201,0.0,4.0880937059740715e-10,,,,,,,,,,,,0.9999959834054755,True,0.9999954620460012,True,0.999995077684765,True
triangle,odd,3,spherical_odd,classical_null,random,17.0,9.0,,,,760.0,,0.63671875,1.8624999818321141e-06,4.6745311005624846e-06,2.2148318761233254e-06,1.4947095082429307e-05,2.470848704051765e-06,1.834604268044493e-05,0.04053072586925397,0.0,4.087761648748644e-10,,,,,,,,,,,,0.9999961523713371,True,0.9999959569501273,True,0.9999957758443169,True
triangle,odd,3,spherical_odd,classical_null,random,18.0,9.0,,,,1230.0,,0.63671875,2.0532695463671496e-06,5.032968650037217e-06,2.4095117513422152e-06,1.5643326890357745e-05,2.6706948583696277e-06,1.9279798366911294e-05,0.04051452677006634,0.0,4.09361183530702e-10,,,,,,,,,,,,0.9999945403937471,True,0.9999943149989717,True,0.9999940933827846,True
triangle,odd,3,spherical_odd,classical_null,random,19.0,9.0,,,,690.0,,0.63671875,2.029417384028621e-06,5.279380039663328e-06,2.2618766912324146e-06,1.2051321853584485e-05,2.441958825916409e-06,1.5299020215353565e-05,0.04053018400003643,0.0,4.0942037491896193e-10,,,,,,,,,,,,0.9999947419413643,True,0.9999955601690608,True,0.99999601906195,True
triangle,odd,3,spherical_sector,classical_null,random,0.0,18.0,,,,2128.0,,0.63671875,0.0004103094994038572,0.001359493252202748,0.0004382831255649154,0.002318031861792913,0.0004597343647476576,0.002596853016611722,0.03063743568987137,1.1253517471925914e-07,1.6866026078329437e-07,,,,,,,,,,,,0.9965448292455267,False,0.9963181097254484,False,0.9961461732413148,False
triangle,odd,3,spherical_sector,classical_null,random,1.0,18.0,,,,2318.0,,0.63671875,9.425266594103136e-05,0.00043645269628049543,9.763652638425793e-05,0.0005081971276100425,0.00010051613070041059,0.000525321603353196,0.039356359725342765,1.1253517471925913e-07,9.277129759596827e-09,,,,,,,,,,,,0.9992154676880768,True,0.9991911600423949,True,0.9991703538293464,True
triangle,odd,3,spherical_sector,classical_null,random,2.0,18.0,,,,3952.0,,0.63671875,3.4392036578943933e-05,0.0002014539767374035,3.643211070527442e-05,0.0002475529220761566,3.812020826914834e-05,0.0002593794503026395,0.040236812103071715,1.1253517471925913e-07,1.5851814264298821e-09,,,,,,,,,,,,0.9997212820892972,True,0.9997073647140046,True,0.9996956515996263,True
triangle,odd,3,spherical_sector,classical_null,random,3.0,18.0,,,,931.0,,0.63671875,0.00010530161538294866,0.0005165126192137118,0.0001106904211240377,0.000598586821113474,0.00011519779444205063,0.0006184481439932207,0.0386890870344773,1.1253517471925912e-07,1.147532219795497e-08,,,,,,,,,,,,0.9991221055265753,False,0.9990810620801381,False,0.9990467520789919,False
triangle,odd,3,spherical_sector,classical_null,random,4.0,18.0,,,,2451.0,,0.63671875,0.00019248361685605787,0.00036456569204990075,0.0001923170843928464,0.0003662978907121861,0.0001921669278502126,0.0003664317719303811,0.040151862670342486,1.1253517471925913e-07,3.745146251004486e-08,,,,,,,,,,,,0.9983854291444147,False,0.9983926139601809,False,0.9983987655987178,False
triangle,odd,3,spherical_sector,classical_null,random,5.0,18.0,,,,3534.0,,0.63671875,0.00011579607127411324,0.00039125034231040495,0.00011885632032460625,0.0004814698068911008,0.000121448022968846,0.0005038821022185433,0.03959600448657238,1.1253517471925913e-07,1.3804691292736983e-08,,,,,,,,,,,,0.9990334287622431,False,0.9990121900017356,False,0.998994132757393,False
triangle,odd,3,spherical_sector,classical_null,random,6.0,18.0,,,,2546.0,,0.63671875,0.0001713432496178622,0.000497400102774069,0.00017402083533910956,0.000560140666407527,0.00017647518493055947,0.0005957056751214052,0.03919579158797426,1.125351747192591e-07,2.9750468230840528e-08,,,,,,,,,,,,0.9985640624516506,False,0.9985469265065829,False,0.9985308709871199,False
triangle,odd,3,spherical_sector,classical_null,random,7.0,18.0,,,,3040.0,,0.63671875,0.0001282904725702729,0.0006406783158561455,0.00013264782064074834,0.0007353202473440873,0.00013641788886012733,0.0007579334882301322,0.03894538238610508,1.1253517471925916e-07,1.6847900301516744e-08,,,,,,,,,,,,0.9989278527237421,False,0.9988958709941489,False,0.9988681046954994,False
triangle,odd,3,spherical_sector,classical_null,random,8.0,18.0,,,,3287.0,,0.63671875,0.00016828483637277834,0.0007760744868404376,0.000172630178300633,0.0008795553599378475,0.00017643397058973644,0.0009032686609950352,0.038583089057585576,1.1253517471925908e-07,2.8705618168940387e-08,,,,,,,,,,,,0.9985899056390799,False,0.9985586554586839,False,0.9985312179617378,False
triangle,odd,3,spherical_sector,classical_null,random,9.0,18.0,,,,2641.0,,0.63671875,2.6457024996328e-05,9.279384558425613e-05,2.6843276034080508e-05,0.00010546225515502966,2.7180927280009936e-05,0.00010812515372331938,0.04096908256747972,1.1253517471925909e-07,1.109666122682869e-09,,,,,,,,,,,,0.9997883318877224,True,0.9997882379843015,True,0.9997877470393306,True
triangle,odd,3,spherical_sector,classical_null,random,10.0,18.0,,,,2603.0,,0.63671875,0.00013152730345802194,0.0004702962261338428,0.0001341195361252076,0.0005415499056685147,0.00013651782061357276,0.0005608135748888521,0.03996018514264701,1.125351747192591e-07,1.7699034531716806e-08,,,,,,,,,,,,0.9989005019308288,False,0.9988834583863341,False,0.9988672633916894,False
triangle,odd,3,spherical_sector,classical_null,random,11.0,18.0,,,,2774.0,,0.63671875,7.952377734169965e-05,0.00029838631224347184,8.085873282748651e-05,0.00030696250573034045,8.204707667709079e-05,0.0003075688232597115,0.03948826741002363,1.1253517471925913e-07,6.718914962144206e-09,,,,,,,,,,,,0.9993399248487665,True,0.9993326657706537,True,0.9993258407990007,True
triangle,odd,3,spherical_sector,classical_null,random,12.0,18.0,,,,2451.0,,0.63671875,2.0469712479577354e-05,7.815365546282038e-05,2.1612062302879248e-05,0.0001276891317860407,2.2529426362509907e-05,0.00014203400121198806,0.0403434331886768,1.125511299050111e-07,8.224445863946318e-10,,,,,,,,,,,,0.9998389238866349,True,0.999832358607565,True,0.999826907019105,True
triangle,odd,3,spherical_sector,classical_null,random,13.0,18.0,,,,988.0,,0.63671875,0.00011422206759297875,0.000459808028686004,0.00011807446996672593,0.0005574872985070201,0.00012146749367263704,0.0005836806384555693,0.03996209179933857,1.1253517471925916e-07,1.3446302768560138e-08,,,,,,,,,,,,0.9990467288851782,False,0.9990187842123452,False,0.9989939688377507,False
triangle,odd,3,spherical_sector,classical_null,random,14.0,18.0,,,,3211.0,,0.63671875,7.589586542862478e-05,0.00017203617845124725,7.667173186708664e-05,0.00022805864305504991,7.73031617584529e-05,0.00024264538753285964,0.04044061785154238,1.1253517471925912e-07,6.1645896930270924e-09,,,,,,,,,,,,0.9993705802246213,True,0.9993679793902973,True,0.9993657787922551,True
triangle,odd,3,spherical_sector,classical_null,random,15.0,18.0,,,,3078.0,,0.63671875,8.385266989140364e-05,0.00019611702228764655,8.478613646191522e-05,0.0002689245649447544,8.554546528458351e-05,0.0002880212630231721,0.04008007425396825,1.125351747192591e-07,7.432072115808142e-09,,,,,,,,,,,,0.9993033462792409,True,0.9992995416229775,True,0.9992963886222641,True
triangle,odd,3,spherical_sector,classical_null,random,16.0,18.0,,,,2546.0,,0.63671875,7.908645781853954e-05,0.00029670773194445665,8.112177379086176e-05,0.00038802315846131474,8.289848964880172e-05,0.0004134453656066406,0.03969461151512087,1.1253517471925913e-07,6.6516150507865895e-09,,,,,,,,,,,,0.9993436201408995,True,0.9993304472546755,True,0.9993186729374129,True
triangle,odd,3,spherical_sector,classical_null,random,17.0,18.0,,,,3572.0,,0.63671875,0.0001299437575631463,0.0005986921312702356,0.0001329069499273363,0.000649297376345899,0.00013558610967429326,0.0006607750750495661,0.039259734798239604,1.1253517471925909e-07,1.7277978602963885e-08,,,,,,,,,,,,0.9989138826842081,False,0.9988936854696765,False,0.998875107264492,False
triangle,odd,3,spherical_sector,classical_null,random,18.0,18.0,,,,2565.0,,0.63671875,7.827682762782111e-05,0.00034924343856220647,8.18603906423569e-05,0.00042212040764348646,8.489386660738042e-05,0.00044032631094314406,0.0398272179091373,1.1253517471925913e-07,6.52553504791874e-09,,,,,,,,,,,,0.9993504614089331,True,0.9993242176801418,True,0.9993018742905404,True
triangle,odd,3,spherical_sector,classical_null,random,19.0,18.0,,,,2185.0,,0.63671875,0.00020361565079016105,0.00045814761108444596,0.00020567462701669771,0.000522910946414365,0.00020757203999365557,0.0005372000730032508,0.041483632439371816,1.1253517471925916e-07,4.1874170696446275e-08,,,,,,,,,,,,0.9982913649299427,False,0.9982799549987782,False,0.9982690732928018,False
triangle,odd,3,generic,variational,random,0.0,30.0,26.0,3.0,0.3638021752317919,13826.0,8.079940199968405,0.63671875,0.0001389904453291894,0.00034021538217051187,0.00014012338843301384,0.0003428669528278763,0.0001410060297368357,0.00034285709170017373,0.03948938899475542,3.602811355566964e-08,1.9713238143035075e-08,16.0,True,CONVERGENCE: RELATIVE REDUCTION OF F <= FACTR*EPSMCH,1.9713238143035075e-08,0.6361978247682081,0.8633746830466449,0.6361978247682081,0.1771521177532387,-2.723452578434546,-3.093108405903909,-3.9310329639453547,0.998837439369058,False,0.9988328212456219,False,0.998829478130199,False
triangle,odd,3,generic,variational,random,1.0,30.0,26.0,3.0,0.5608973300361408,15934.0,8.656649300013669,0.63671875,6.524295467163546e-05,0.00019730147404850573,6.696995183797671e-05,0.0003036873875508772,6.837759908046443e-05,0.000336341438693849,0.039044601335994474,1.1704139109395063e-08,4.6470892646864144e-09,16.0,True,CONVERGENCE: RELATIVE REDUCTION OF F <= FACTR*EPSMCH,4.6470892646864144e-09,0.372568210286857,0.39768041110105234,0.372568210286857,-0.802384733591218,-1.6649662918148522,-1.0972534178199282,-4.235810824751638,0.9994605959116133,True,0.9994498052539771,True,0.999440921173208,True
triangle,odd,3,generic,variational,random,2.0,30.0,26.0,3.0,0.7368850666585574,6820.0,3.8175140999956056,0.63671875,0.00012366958148458626,0.00026081517231946183,0.00012427202516823816,0.00026626746296799786,0.00012478955873117695,0.00027490484884184346,0.04014662488723971,2.1308823581572377e-08,1.5695631846533352e-08,16.0,True,CONVERGENCE: RELATIVE REDUCTION OF F <= FACTR*EPSMCH,1.5695631846533352e-08,0.05530241424966977,0.07939101405839616,0.05530241424966977,-0.2775207812950374,-1.5478480250331652,-2.5446456963760795,-1.7069027064439013,0.9989668986422785,False,0.9989665133604454,False,0.9989660010908215,False
triangle,odd,3,generic,variational,random,3.0,30.0,26.0,3.0,0.18742735763294716,14105.0,8.170008499990217,0.63671875,0.00013812769343485507,0.00047953608136896975,0.00014483167050907312,0.0006815655869510662,0.00015022677758508792,0.0007368158528827662,0.03924648930387849,1.6260943441781584e-09,1.9471724602933032e-08,16.0,True,CONVERGENCE: RELATIVE REDUCTION OF F <= FACTR*EPSMCH,1.9471724602933032e-08,0.01542497019003689,0.025396816457612263,0.01542497019003689,-0.23229380126414392,-4.4806145719665365,-2.5303302654080975,-1.3678086323291136,0.9988447295084616,False,0.9987931110845827,False,0.9987518506491672,False
triangle,odd,3,generic,variational,random,4.0,30.0,26.0,3.0,0.10377823573810185,7812.0,3.8487361999577843,0.63671875,0.0001143778510604418,0.0002729497663972458,0.0001152873334669148,0.0002976787533414127,0.00011609579700708515,0.00030322461209023044,0.04014787011486169,6.591866208067902e-09,1.3483771580271886e-08,16.0,True,CONVERGENCE: RELATIVE REDUCTION OF F <= FACTR*EPSMCH,1.3483771580271886e-08,0.011606048619027406,0.021146684198772168,0.011606048619027406,-0.9564775663350763,-2.9505752711020774,-0.9064863151393896,-2.002901111910225,0.9990454125354814,False,0.9990422912234924,False,0.9990391919896986,False
triangle,odd,3,generic,variational,random,5.0,30.0,26.0,3.0,0.5549183290057672,12307.0,6.902575700019952,0.63671875,8.680995999715205e-05,0.00018871265262370568,8.69262005792294e-05,0.00018871265262370568,8.706008584526033e-05,0.00018878222765171537,0.0396995551640464,8.972129429555174e-09,7.932964796068898e-09,16.0,True,CONVERGENCE: RELATIVE REDUCTION OF F <= FACTR*EPSMCH,7.932964796068898e-09,0.023212262118088918,0.03520941593731664,0.023212262118088918,-0.6262504736391977,-2.1580524452754184,-2.1504306425740727,-1.496780017967355,0.9992783575689647,True,0.9992814920903964,True,0.9992836373594838,True
triangle,odd,3,generic,variational,random,6.0,30.0,26.0,3.0,0.1861678447456684,6355.0,3.4472171000088565,0.63671875,7.275096844311164e-05,0.00034933449550900164,7.575425646645794e-05,0.0004558310667508447,7.829592804080819e-05,0.0004844481813543189,0.041433073094844244,9.983269487435849e-08,5.707035138686016e-09,16.0,True,CONVERGENCE: RELATIVE REDUCTION OF F <= FACTR*EPSMCH,5.707035138686016e-09,0.05039828129477198,0.061912227903990445,0.05039828129477198,-1.3925827163989686,-1.357101106681775,-0.9844958033744929,-1.3755295990957803,0.9993971541882194,True,0.9993757174772088,True,0.9993574209077298,True
triangle,odd,3,generic,variational,random,7.0,30.0,26.0,3.0,0.3955894206098387,14105.0,6.657237700012047,0.63671875,7.922461279574791e-05,0.00019641831916289432,8.006810417763538e-05,0.00021224045831128024,8.078813108241018e-05,0.0002309219572856347,0.04052672737670365,6.270579221116665e-07,6.681812816982441e-09,16.0,True,CONVERGENCE: RELATIVE REDUCTION OF F <= FACTR*EPSMCH,6.681812816982441e-09,0.5276830775686767,0.786299017397046,0.5276830775686767,-1.104968520193029,-1.819907026443582,-1.9349640583949386,-2.3492059045006917,0.9993424527496138,True,0.9993393340183289,True,0.9993364395895631,True
triangle,odd,3,generic,variational,random,8.0,30.0,26.0,3.0,0.32471885135302414,12865.0,6.8195154999848455,0.63671875,9.320682485041304e-05,0.0002775511141447917,9.668384553710258e-05,0.0003618226553096793,9.958159677555456e-05,0.0003847611522615202,0.04063503985931475,7.815136783697143e-07,9.093870412425505e-09,16.0,True,CONVERGENCE: RELATIVE REDUCTION OF F <= FACTR*EPSMCH,9.093870412425505e-09,0.19604035853300625,0.24804666077723633,0.19604035853300625,-1.2038623606856858,-1.9380823486953218,-2.179480269954191,-0.7587416639936824,0.9992243049069744,True,0.999199195055856,True,0.9991782214682535,True
triangle,odd,3,generic,variational,random,9.0,30.0,26.0,3.0,0.5862396564661546,8432.0,4.693009099981282,0.63671875,4.217513091576756e-05,0.0001510253409871265,4.4244720318847374e-05,0.00025862427240258556,4.588803301225293e-05,0.00029032432117706564,0.039331858437308215,2.537442746622437e-07,2.172062789577961e-09,16.0,True,CONVERGENCE: RELATIVE REDUCTION OF F <= FACTR*EPSMCH,2.172062789577961e-09,0.14541668620087306,0.20254586114554268,0.14541668620087306,-0.7395129143861505,-1.2384187426976976,-1.0111140174527624,-1.6057519801558882,0.9996555159715069,True,0.9996414723182477,True,0.9996302559638461,True
triangle,odd,3,generic,variational,random,10.0,30.0,26.0,3.0,0.21608845324674186,8556.0,4.604766899952665,0.63671875,0.00011954448024529551,0.0003249721308567488,0.00012463229774948358,0.0004879873077365815,0.0001287169733835342,0.0005398184926140304,0.039241858429142906,8.870074579658443e-08,1.4683302228416736e-08,16.0,True,CONVERGENCE: RELATIVE REDUCTION OF F <= FACTR*EPSMCH,1.4683302228416736e-08,0.32769216944422525,0.4621650247236659,0.32769216944422525,-0.6447131485913278,-3.7560621976140327,-2.3549463611461605,-2.7976132514028675,0.9990017552021837,False,0.9989634747824698,False,0.998932937036642,False
triangle,odd,3,generic,variational,random,11.0,30.0,26.0,3.0,0.14625926542501044,5611.0,3.248452800035011,0.63671875,0.00017858471695898537,0.0005590926711560584,0.00018353234465002237,0.0007398002622957811,0.0001875946930055097,0.0007886817990038486,0.03940852110929171,8.28891405613623e-09,3.2286586425302976e-08,16.0,True,CONVERGENCE: RELATIVE REDUCTION OF F <= FACTR*EPSMCH,3.2286586425302976e-08,0.026681034304462566,0.04440758614207329,0.026681034304462566,-0.5022263446789228,-4.260058679871342,-2.972299679276074,-1.3652184261788396,0.9985028730103409,False,0.9984667054067509,False,0.9984372582545762,False
triangle,odd,3,generic,variational,random,12.0,30.0,26.0,3.0,0.23091168716493138,16089.0,8.516409499978181,0.63671875,0.00010211483980028956,0.0002753419199043039,0.0001039886320671625,0.0003456321019831843,0.00010559737502026626,0.00036603242132879354,0.039804471068445604,1.841915669279065e-07,1.0825487060038927e-08,16.0,True,CONVERGENCE: RELATIVE REDUCTION OF F <= FACTR*EPSMCH,1.0825487060038927e-08,0.23386851777851494,0.3836981047393971,0.23386851777851494,-0.9728523880746405,-3.2011958598507233,-1.7096583381210073,-2.591921664611502,0.9991490333587807,False,0.9991375856949937,False,0.9991275759328514,False
triangle,odd,3,generic,variational,random,13.0,30.0,26.0,3.0,0.18255882907565246,28458.0,15.77495849999832,0.63671875,0.00014881410945293707,0.0005764397090477769,0.00015457294886748367,0.0007568337977225392,0.00015929214419075366,0.0008056989511701085,0.039398125573162385,1.0483420951268053e-08,2.2539620532836567e-08,16.0,True,CONVERGENCE: RELATIVE REDUCTION OF F <= FACTR*EPSMCH,2.2539620532836567e-08,0.0398916539982762,0.07137682148731964,0.0398916539982762,0.7399203243793928,-4.766152993923097,-3.4026812556860366,-1.5952416881871203,0.9987544307064445,False,0.9987109520877149,False,0.9986755312891966,False
triangle,odd,3,generic,variational,random,14.0,30.0,26.0,3.0,0.6339293994022894,17608.0,9.650664100016002,0.63671875,0.00010835287348727827,0.00041162461863689104,0.00011265698878195032,0.0005598752224803272,0.00011615471199126706,0.0006004612205883497,0.039596946672054066,8.390018386307651e-09,1.2136314743570857e-08,16.0,True,CONVERGENCE: RELATIVE REDUCTION OF F <= FACTR*EPSMCH,1.2136314743570857e-08,0.05057740349294136,0.05170094539629723,0.05057740349294136,-0.6140774194915504,-3.5733529426546236,-0.9616181649968701,-1.4938094956482564,0.9990963227991391,False,0.9990644758354891,False,0.9990386959971942,False
triangle,odd,3,generic,variational,random,15.0,30.0,26.0,3.0,0.7385135362375921,24552.0,13.380626800004393,0.63671875,0.00012335439474395578,0.000559785841657251,0.00012969078721423617,0.0007609607173348631,0.000134834868437722,0.0008156228861517512,0.03940447191134357,1.0306247616843341e-07,1.5610352452385866e-08,16.0,True,CONVERGENCE: RELATIVE REDUCTION OF F <= FACTR*EPSMCH,1.5610352452385866e-08,0.08105838829714632,0.10497723077921295,0.08105838829714632,-0.2798881284742638,-3.8912518317909073,-1.6907773102224812,-1.7613371362260706,0.9989695619285517,False,0.9989208109343792,False,0.9988814318019158,False
triangle,odd,3,generic,variational,random,16.0,30.0,26.0,3.0,0.28857754037172656,13950.0,8.033099100051913,0.63671875,0.000116484660589937,0.00044555737248921923,0.00012251484527158528,0.0006313481260736831,0.00012733376793126354,0.0006825745369350711,0.03917970215687271,3.970392618331034e-08,1.3960473571360813e-08,16.0,True,CONVERGENCE: RELATIVE REDUCTION OF F <= FACTR*EPSMCH,1.3960473571360813e-08,0.07105014968916973,0.10972114946647309,0.07105014968916973,-0.9150304444619133,-3.0606449579910326,-1.9177031279128147,-1.8637993621652924,0.9990276102735939,False,0.9989813336060347,False,0.998944581944059,False
triangle,odd,3,generic,variational,random,17.0,30.0,26.0,3.0,0.6647431894759446,12214.0,6.0131248000543565,0.63671875,6.286861908314757e-05,0.00024629628920944807,6.586919278645422e-05,0.00035812064327934295,6.82705353460843e-05,0.0003883173371088122,0.03989044847049761,4.1156850810778787e-07,4.351371865811965e-09,16.0,True,CONVERGENCE: RELATIVE REDUCTION OF F <= FACTR*EPSMCH,4.351371865811965e-09,0.22929685260452334,0.35842921818498275,0.22929685260452334,-0.5226507755174283,-1.6794332164272219,-0.8860171922417283,-1.9852613366434617,0.9994806587333174,True,0.999459089175054,True,0.9994418225196223,True
triangle,odd,3,generic,variational,random,18.0,30.0,26.0,3.0,0.26192807202059587,7502.0,4.316933099995367,0.63671875,3.742797970870312e-05,9.712581792042929e-05,3.8049862966578237e-05,0.00013462508980477406,3.854131765629555e-05,0.00014834036055136335,0.04045642721300788,9.320637082269408e-08,1.8054188692688795e-09,16.0,True,CONVERGENCE: RELATIVE REDUCTION OF F <= FACTR*EPSMCH,1.8054188692688795e-09,0.11256283123594785,0.17699568386279366,0.11256283123594785,-1.3055797614219098,-1.8190469029818734,-2.540192091913155,-1.4079293742353556,0.9996956287713704,True,0.9996937204161951,True,0.9996921063708117,True
triangle,odd,3,generic,variational,random,19.0,30.0,26.0,3.0,0.4101027632495623,15221.0,7.483020000043325,0.63671875,0.00010071961051662651,0.00033671009953364917,0.0001050214722922097,0.0004976122825966212,0.00010848726077991233,0.000542180312882834,0.03941047635595826,1.9403033442536753e-08,1.0538544900210858e-08,16.0,True,CONVERGENCE: RELATIVE REDUCTION OF F <= FACTR*EPSMCH,1.0538544900210858e-08,0.10393157008983435,0.12616158475226943,0.10393157008983435,-1.0933599086395547,-2.508844128708972,-1.9276019322973734,-1.866865641315765,0.999160822861701,True,0.9991288746086565,False,0.9991032466099284,False
triangle,odd,3,equivariant,variational,random,0.0,30.0,18.0,2.0,0.5338295877132111,6138.0,3.1446988999960013,0.63671875,2.773105616683103e-05,9.34920276876583e-05,2.9685167574329373e-05,0.00015181758235052745,3.120540422259801e-05,0.00016859387712869767,0.040115478380936945,0.0,1.1701662599373067e-09,8.0,True,CONVERGENCE: RELATIVE REDUCTION OF F <= FACTR*EPSMCH,1.1701662599373067e-09,0.0,0.0,0.0,-0.8498597310688986,-1.837357429013083,-1.1144314564168347,-0.9449512191324877,0.9997775664928292,True,0.9997642691632121,True,0.9997538658387312,True
triangle,odd,3,equivariant,variational,random,1.0,30.0,18.0,2.0,0.08173562227263842,8060.0,4.646391800022684,0.63671875,3.075582518712214e-05,0.00010796212068808764,3.3522083217735974e-05,0.00018786974612566842,3.5619066582736434e-05,0.00021073020478470927,0.04174232913931306,0.0,1.363344074333947e-09,8.0,True,CONVERGENCE: RELATIVE REDUCTION OF F <= FACTR*EPSMCH,1.363344074333947e-09,0.0,0.0,0.0,-1.5069477964303961,-0.9234164813038476,-0.9465892506253473,-0.9456695172443591,0.9997520075946497,True,0.9997319082010541,True,0.9997167081703096,True
triangle,odd,3,equivariant,variational,random,2.0,30.0,18.0,2.0,0.5320181535231547,4836.0,2.5252130000153556,0.63671875,1.94362910421878e-05,3.2002048358320545e-05,1.9397594679144396e-05,3.231746013740433e-05,1.9372845484052585e-05,3.233209011291316e-05,0.040363404712201505,0.0,7.814034565986449e-10,8.0,True,CONVERGENCE: RELATIVE REDUCTION OF F <= FACTR*EPSMCH,7.814034565986449e-10,0.0,0.0,0.0,-0.8509361997767085,-1.6933707763974688,-1.4323528667886203,-1.37620785346608,0.9998476561611053,True,0.9998510356673787,True,0.9998534815905282,True
triangle,odd,3,equivariant,variational,random,3.0,30.0,18.0,2.0,0.30998519442234407,14973.0,7.452708299970254,0.63671875,0.00014005285755220947,0.00043806608682256387,0.00014702621915578203,0.0006647321186603883,0.00015256086118162443,0.0007272368227497217,0.03906841245914941,0.0,2.000548703313097e-08,8.0,True,CONVERGENCE: RELATIVE REDUCTION OF F <= FACTR*EPSMCH,2.000548703313097e-08,0.0,0.0,0.0,2.2127930398470044,-3.037079475814252,-1.060889669769776,-0.7494215996810771,0.9988284621262832,False,0.9987746020235788,False,0.9987322005043959,False
triangle,odd,3,equivariant,variational,random,4.0,30.0,18.0,2.0,0.3066648502924497,2697.0,1.3997024999698624,0.63671875,7.88620879276312e-05,0.00015474685892788442,7.8819457986898e-05,0.00015547306694028984,7.875881069698194e-05,0.00015534590474124838,0.04110219779618682,0.0,6.630250890267304e-09,8.0,True,CONVERGENCE: RELATIVE REDUCTION OF F <= FACTR*EPSMCH,6.630250890267304e-09,0.0,0.0,0.0,-1.2359345286687202,-1.5065836788759444,-0.8060320381354851,-1.529515010546267,0.9993455160368034,True,0.9993498652355572,True,0.9993535239988018,True
triangle,odd,3,equivariant,variational,random,5.0,30.0,18.0,2.0,0.41643515084807503,3503.0,1.7757727999705821,0.63671875,4.3107468502466205e-05,7.36008663958787e-05,4.3122712355113575e-05,7.369180409530496e-05,4.31394067068627e-05,7.373799394141956e-05,0.04026711493439371,0.0,2.2609249900350532e-09,8.0,True,CONVERGENCE: RELATIVE REDUCTION OF F <= FACTR*EPSMCH,2.2609249900350532e-09,0.0,0.0,0.0,-1.0727316199125387,-1.6357567059359994,-1.2451868390110032,-1.0432888062155081,0.9996476378422061,True,0.9996509354549519,True,0.9996533960539882,True
triangle,odd,3,equivariant,variational,random,6.0,30.0,18.0,2.0,0.07046527867729879,12369.0,6.075656900007743,0.63671875,0.0001032543281381075,0.0002862991178408103,0.00010703602263327582,0.0004207544830631127,0.00011009543245264735,0.00045809578397634776,0.03956932821762588,0.0,1.1057149561428236e-08,8.0,True,CONVERGENCE: RELATIVE REDUCTION OF F <= FACTR*EPSMCH,1.1057149561428236e-08,0.0,0.0,0.0,-0.26525200603296695,-4.59575498959672,-0.9112303992105164,-1.2155470182067178,0.9991394048330295,False,0.9991118836728603,False,0.9990897077605774,False
triangle,odd,3,equivariant,variational,random,7.0,30.0,18.0,2.0,0.37738311732221774,4650.0,2.262757899996359,0.63671875,4.3383940196105995e-05,0.00013567794832169966,4.636179100238738e-05,0.00023136659917080693,4.866278940349213e-05,0.0002588481598212178,0.039715395802688305,0.0,2.2793202249661845e-09,8.0,True,CONVERGENCE: RELATIVE REDUCTION OF F <= FACTR*EPSMCH,2.2793202249661845e-09,0.0,0.0,0.0,-1.1437930762319366,-1.7889893753957937,-1.012125236350268,-0.9716727534991731,0.9996453016929596,True,0.999623616714778,True,0.9996068958901652,True
triangle,odd,3,equivariant,variational,random,8.0,30.0,18.0,2.0,0.5460337194280451,10788.0,5.304883200034965,0.63671875,3.937806641521436e-05,0.00012009611141203247,4.195690719144779e-05,0.00020478699232304165,4.395610758974444e-05,0.00022919994184980585,0.039809386388758944,0.0,1.9487259784886228e-09,8.0,True,CONVERGENCE: RELATIVE REDUCTION OF F <= FACTR*EPSMCH,1.9487259784886228e-09,0.0,0.0,0.0,-0.8268071322994567,-3.066239188255843,-1.45409891536366,-0.6118833580007834,0.9996791507966099,True,0.9996607679819843,True,0.9996465204259657,True
triangle,odd,3,equivariant,variational,random,9.0,30.0,18.0,2.0,0.38638761302628166,11749.0,8.760018699977081,0.63671875,5.946809788933057e-05,0.00016658538337047113,6.199560232234741e-05,0.00025697222160431243,6.401473447069923e-05,0.0002823851801342092,0.03989610084467107,0.0,3.935415675021713e-09,8.0,True,CONVERGENCE: RELATIVE REDUCTION OF F <= FACTR*EPSMCH,3.935415675021713e-09,0.0,0.0,0.0,-0.4578382126201033,-3.0380515951980245,-0.8080981810616488,-1.2928101012075168,0.999509392687668,True,0.9994917594566225,True,0.9994776511863602,True
triangle,odd,3,equivariant,variational,random,10.0,30.0,18.0,2.0,0.27439558957090004,9269.0,4.8612805000157095,0.63671875,7.78876392629598e-05,0.00018735951189632893,8.024072764494822e-05,0.00028845447696629334,8.213005547888767e-05,0.0003164486603075556,0.03998530096352436,0.0,6.4663373595922004e-09,8.0,True,CONVERGENCE: RELATIVE REDUCTION OF F <= FACTR*EPSMCH,6.4663373595922004e-09,0.0,0.0,0.0,-0.9401842330490559,-2.879550232560047,-0.7540711638763298,-0.8424895123175319,0.999353749999144,True,0.9993378780933067,True,0.9993251422184226,True
triangle,odd,3,equivariant,variational,random,11.0,30.0,18.0,2.0,0.3013026936680808,3751.0,2.3557283999980427,0.63671875,0.00012223915562997593,0.00031883719076822303,0.00012573785326908975,0.0004527566675223693,0.00012860310326125545,0.0004895739906883856,0.03969672457940168,0.0,1.5339378414923494e-08,8.0,True,CONVERGENCE: RELATIVE REDUCTION OF F <= FACTR*EPSMCH,1.5339378414923494e-08,0.0,0.0,0.0,-1.1315903982739985,-3.6290509399994826,-1.3731159710157583,-0.9908405432637988,0.9989789855515685,False,0.9989541504074616,False,0.9989338956845631,False
triangle,odd,3,equivariant,variational,random,12.0,30.0,18.0,2.0,0.42132156488567174,16182.0,10.618662099994253,0.63671875,2.0435635399959875e-05,6.803020584578157e-05,2.262659249471593e-05,0.00013227052732367461,2.426308670279473e-05,0.00015142483981120392,0.039809451313876094,0.0,8.157097073388542e-10,8.0,True,CONVERGENCE: RELATIVE REDUCTION OF F <= FACTR*EPSMCH,8.157097073388542e-10,0.0,0.0,0.0,-1.0695221018114458,-3.0447037523471536,-0.8084180535136498,-1.3990215834488584,0.9998392118334508,True,0.9998238019500313,True,0.999812311707814,True
triangle,odd,3,equivariant,variational,random,13.0,30.0,18.0,2.0,0.3617589900977618,8990.0,5.788920999970287,0.63671875,0.00011943080596619694,0.00037124303198690645,0.00012439859990531876,0.0005314543630113855,0.00012841380528218297,0.0005755774684404746,0.03944852793788805,0.0,1.4658202693114264e-08,8.0,True,CONVERGENCE: RELATIVE REDUCTION OF F <= FACTR*EPSMCH,1.4658202693114264e-08,0.0,0.0,0.0,-0.11893233467259022,-8.0,-1.2375308804024934,-0.6853454642527468,0.999002715734808,False,0.998965445815402,False,0.9989354893432904,False
triangle,odd,3,equivariant,variational,random,14.0,30.0,18.0,2.0,0.22143445047328025,2139.0,1.5055966000072658,0.63671875,1.3421078916830916e-05,3.408101517882178e-05,1.4106718330810534e-05,6.134492134790559e-05,1.463546154184484e-05,6.895849941140897e-05,0.04105386727640101,0.0,5.906640320558133e-10,8.0,True,CONVERGENCE: RELATIVE REDUCTION OF F <= FACTR*EPSMCH,5.906640320558133e-10,0.0,0.0,0.0,-1.3523671392724153,-1.4613593734020396,-0.8521861800273112,-1.16838169294333,0.9998984839080205,True,0.9998956594916178,True,0.999893364600905,True
triangle,odd,3,equivariant,variational,random,15.0,30.0,18.0,2.0,0.13420055431699307,4929.0,2.785038500034716,0.63671875,0.00013431177261589145,0.0003992394756289763,0.000139251130439599,0.000565612368697066,0.00014326407480332094,0.0006112844253245708,0.039427964553404554,0.0,1.843393190875698e-08,8.0,True,CONVERGENCE: RELATIVE REDUCTION OF F <= FACTR*EPSMCH,1.843393190875698e-08,0.0,0.0,0.0,-0.4891789980439728,-6.052012610875231,-0.980556512240459,-1.2032445875050775,0.9988769735347058,False,0.9988401779640229,False,0.9988104681373597,False
triangle,odd,3,equivariant,variational,random,16.0,30.0,18.0,2.0,0.29924070488018906,8370.0,4.493306800024584,0.63671875,6.258784260536728e-05,0.0001420915929983002,6.412138338509525e-05,0.0002119798588101074,6.535699891785425e-05,0.0002310905080832315,0.040342281488954065,0.0,4.320660856883768e-09,8.0,True,CONVERGENCE: RELATIVE REDUCTION OF F <= FACTR*EPSMCH,4.320660856883768e-09,0.0,0.0,0.0,-0.8821507212393656,-2.3590751394400744,-0.7747541191392427,-1.3212753299254159,0.9994830312574204,True,0.9994738303888708,True,0.9994663509524068,True
triangle,odd,3,equivariant,variational,random,17.0,30.0,18.0,2.0,0.4341417736005587,9207.0,4.997023800038733,0.63671875,5.1470200777346057e-05,0.00010833449751090907,5.2868623589961795e-05,0.00017585035971434682,5.398120664696881e-05,0.00019498715976362657,0.040141570892710844,0.0,3.050597276987423e-09,8.0,True,CONVERGENCE: RELATIVE REDUCTION OF F <= FACTR*EPSMCH,3.050597276987423e-09,0.0,0.0,0.0,-1.0433616080131132,-2.0699981793584854,-0.4934706162695559,-1.5437443434672016,0.9995769738604995,True,0.9995687373839024,True,0.9995621212861436,True
triangle,odd,3,equivariant,variational,random,18.0,30.0,18.0,2.0,0.25557306861828466,4092.0,2.0438162999926135,0.63671875,9.755405485141304e-05,0.00018588987131975057,9.791062861532082e-05,0.00018588987131975057,9.819315167991415e-05,0.00018580398264248302,0.04032124966197679,0.0,9.920006114572271e-09,8.0,True,CONVERGENCE: RELATIVE REDUCTION OF F <= FACTR*EPSMCH,9.920006114572271e-09,0.0,0.0,0.0,-1.0305608743759527,-2.4694559484650336,-1.1646507722555672,-0.8258693017932005,0.9991875713884104,True,0.999188848234487,True,0.9991899104870945,True
triangle,odd,3,equivariant,variational,random,19.0,30.0,18.0,2.0,0.5103977630416512,4805.0,2.541265200008638,0.63671875,4.720046412776285e-05,0.00017859476512588346,5.0923934939238184e-05,0.00027901000302080203,5.381164429612505e-05,0.0003073478171726485,0.03978374251922013,0.0,2.625721239068429e-09,8.0,True,CONVERGENCE: RELATIVE REDUCTION OF F <= FACTR*EPSMCH,2.625721239068429e-09,0.0,0.0,0.0,-0.8184022983534377,-3.1520869507846485,-1.4524780001321766,-1.0733890432868287,0.9996130525704929,True,0.9995851390986348,True,0.999563548794887,True
triangle,odd,3,sector_mixed,variational,random,0.0,30.0,20.0,3.0,0.698782632671544,21638.0,13.49111509998329,0.63671875,8.53623387523645e-05,0.00024374623890446867,8.868499434025336e-05,0.0003602698781314806,9.136832807620242e-05,0.0003928641219846096,0.03970373609782553,1.9187603777004386e-11,7.683766238443563e-09,16.0,True,CONVERGENCE: RELATIVE REDUCTION OF F <= FACTR*EPSMCH,7.683766238443563e-09,7.144495419593458e-05,9.831615911278238e-05,7.144495419593458e-05,0.3292661624931142,-2.9586470419284,-1.4085356961005506,-0.9479342394043612,0.9992905897770276,True,0.9992666582333002,True,0.9992473672003203,True
triangle,odd,3,sector_mixed,variational,random,1.0,30.0,20.0,3.0,0.16073537103036506,4216.0,2.1770560999866575,0.63671875,0.00019425297835539505,0.0005413358460625781,0.00019479074433863893,0.0005418264433444224,0.00019522309662571124,0.0005419505862574413,0.04122380891684322,1.6277039218890511e-10,3.814645769073772e-08,16.0,True,CONVERGENCE: RELATIVE REDUCTION OF F <= FACTR*EPSMCH,3.814645769073772e-08,0.00015156369727243224,0.0002094834024041713,0.00015156369727243224,-1.4256995634824656,-1.3878773804278723,-1.0999811847403191,-0.9441334304959837,0.9983704782737529,False,0.9983717508442468,False,0.998373036375063,False
triangle,odd,3,sector_mixed,variational,random,2.0,30.0,20.0,3.0,0.6936371655758227,20243.0,10.841273199999705,0.63671875,0.0002543637551127832,0.0006875218292273222,0.00026152873154777485,0.0009503481112170531,0.00026742156517028893,0.0010211948434883933,0.03905635672221506,4.701723466921188e-10,6.50914834869998e-08,16.0,True,CONVERGENCE: RELATIVE REDUCTION OF F <= FACTR*EPSMCH,6.50914834869998e-08,0.002317104735222858,0.003928504827628856,0.002317104735222858,1.5021903052143897,-1.9351391894194283,-2.6022134684524514,-1.4146074835100593,0.9978625501601255,False,0.9978088754309452,False,0.9977652130900418,False
triangle,odd,3,sector_mixed,variational,random,3.0,30.0,20.0,3.0,0.2175730995634103,13857.0,7.592884699988645,0.63671875,2.2225756848496345e-05,6.418783491138336e-05,2.373313687696164e-05,0.00011680941549824242,2.4885689109495374e-05,0.0001318377930253356,0.04140524315459183,1.208874514339876e-12,9.080366990464891e-10,16.0,True,CONVERGENCE: RELATIVE REDUCTION OF F <= FACTR*EPSMCH,9.080366990464891e-10,9.263145082572544e-06,1.1910291352271891e-05,9.263145082572544e-06,-1.3535266491701743,-1.4255923301236397,-0.7558516825201993,-0.7424497463310091,0.9998240855439637,True,0.9998144692348485,True,0.9998070701528652,True
triangle,odd,3,sector_mixed,variational,random,4.0,30.0,20.0,3.0,0.35277457414495506,3720.0,2.29599589999998,0.63671875,0.00010466235354342401,0.0002023466576853046,0.00010517207402706578,0.00020361174630701903,0.00010558472872734782,0.0002036151729929471,0.04029785060958468,3.9772869801321134e-11,1.1357186755742258e-08,16.0,True,CONVERGENCE: RELATIVE REDUCTION OF F <= FACTR*EPSMCH,1.1357186755742258e-08,5.873762100786651e-05,6.195642319351283e-05,5.873762100786651e-05,-1.175910226864121,-2.0677630810591494,-0.8479702810911924,-1.529529587477581,0.9991275072045736,False,0.9991276044173113,False,0.9991276823992552,False
triangle,odd,3,sector_mixed,variational,random,5.0,30.0,20.0,3.0,0.7608614687868847,39959.0,21.749326200049836,0.63671875,0.00016014010980428304,0.00047146925125168826,0.0001657040892431449,0.0006594345434332294,0.00017023036590984724,0.0007109957674491518,0.039261206573942845,2.595679387670012e-09,2.6037466859824048e-08,16.0,True,CONVERGENCE: RELATIVE REDUCTION OF F <= FACTR*EPSMCH,2.6037466859824048e-08,0.17158270743192588,0.1754343208815258,0.17158270743192588,1.0171005480994626,-3.0079138611739786,-5.51269487447366,-0.3584870792572894,0.9986587275014001,False,0.9986170708440414,False,0.9985834447672576,False
triangle,odd,3,sector_mixed,variational,random,6.0,30.0,20.0,3.0,0.46399734758844247,11749.0,7.601603799965233,0.63671875,6.184696931831658e-05,0.0001819371273885373,6.414270480607517e-05,0.00027087513389681406,6.599853277183735e-05,0.0002961767185669373,0.03977620649985701,1.7285551853061125e-09,4.2228096961449145e-09,16.0,True,CONVERGENCE: RELATIVE REDUCTION OF F <= FACTR*EPSMCH,4.2228096961449145e-09,0.03410626082556316,0.052451597067009005,0.03410626082556316,-0.3662338975652581,-3.5788614731515547,-7.9999967243460395,-1.3346469047129867,0.9994892915387116,True,0.9994736505616968,True,0.9994609500176994,True
triangle,odd,3,sector_mixed,variational,random,7.0,30.0,20.0,3.0,0.2907660732685948,3627.0,1.7371391000342555,0.63671875,4.4448492359614144e-05,0.00010185609764501447,4.566668531225559e-05,0.00015688669311164638,4.664235949502448e-05,0.00017223170734717574,0.04034192280685698,5.850022720561634e-12,2.379087701169747e-09,16.0,True,CONVERGENCE: RELATIVE REDUCTION OF F <= FACTR*EPSMCH,2.379087701169747e-09,2.7429049732285155e-05,2.927450927412483e-05,2.7429049732285155e-05,-1.266958476063037,-1.5845662964251683,-1.045255425431909,-0.9716469874468594,0.9996363063679707,True,0.9996294793114636,True,0.9996239054524021,True
triangle,odd,3,sector_mixed,variational,random,8.0,30.0,20.0,3.0,0.43065790594048436,10726.0,6.574300899985246,0.63671875,3.6862234934786815e-05,7.664727497218131e-05,3.7137906477781286e-05,7.761073479713859e-05,3.7351485792891986e-05,7.759175345032135e-05,0.04059202280711888,2.0287671533966657e-12,1.7647445924788943e-09,16.0,True,CONVERGENCE: RELATIVE REDUCTION OF F <= FACTR*EPSMCH,1.7647445924788943e-09,2.518456329125617e-05,3.654224584142745e-05,2.518456329125617e-05,-1.0135287766799275,-1.980841377247004,-1.4972903152445458,-0.6089512455572813,0.9997004092398872,True,0.9997014119560064,True,0.9997021233078246,True
triangle,odd,3,sector_mixed,variational,random,9.0,30.0,20.0,3.0,0.6115833339053153,4588.0,2.7752678000251763,0.63671875,5.5328198201457216e-05,0.00014646703256208926,5.660593874757368e-05,0.00016637664003840702,5.762419494259621e-05,0.0001888694366691257,0.03973263352292567,1.4090814400209288e-11,3.4585358515898985e-09,16.0,True,CONVERGENCE: RELATIVE REDUCTION OF F <= FACTR*EPSMCH,3.4585358515898985e-09,5.620159853535614e-05,0.00010107871233145547,5.620159853535614e-05,-0.664803708574444,-2.986674090512169,-1.2394466416124552,-1.3088552711947399,0.9995443742925065,True,0.9995372164630304,True,0.9995314517559198,True
triangle,odd,3,sector_mixed,variational,random,10.0,30.0,20.0,3.0,0.291810840997606,3534.0,2.5055680999648757,0.63671875,8.6670494010906e-05,0.0002888857370796638,9.104958361816378e-05,0.0004218467886251964,9.455227241328533e-05,0.0004586382140186751,0.039646131742861,3.386329145526827e-11,7.908235849861735e-09,16.0,True,CONVERGENCE: RELATIVE REDUCTION OF F <= FACTR*EPSMCH,7.908235849861735e-09,4.945885344636218e-05,6.651987073276198e-05,4.945885344636218e-05,-1.1540931744224256,-3.88179574816172,-0.7699276486993124,-0.8427748090118297,0.9992795360381034,True,0.9992467150311938,True,0.9992205622618595,True
triangle,odd,3,sector_mixed,variational,random,11.0,30.0,20.0,3.0,0.1736993886829723,13547.0,11.571209500019904,0.63671875,0.00012346100442336646,0.0003848954196137566,0.00012844322250748827,0.0005463356842797251,0.00013247868061247388,0.0005907482121686181,0.03944700195578188,5.401614900243236e-11,1.563708963332449e-08,16.0,True,CONVERGENCE: RELATIVE REDUCTION OF F <= FACTR*EPSMCH,1.563708963332449e-08,0.00040844071183799473,0.0006854431054137426,0.00040844071183799473,-0.3811606320269449,-6.579831867593895,-2.6455737849661856,-0.9809801031615192,0.9989686610908604,False,0.9989313330302544,False,0.9989012680374059,False
triangle,odd,3,sector_mixed,variational,random,12.0,30.0,20.0,3.0,0.4290077491293399,7719.0,5.335224199981894,0.63671875,4.056271852441199e-05,0.00012239506686723134,4.4267522959177104e-05,0.00024255506296191887,4.7055774696113794e-05,0.0002782492695902472,0.0390242033802325,8.513287072186692e-12,2.0355761679781334e-09,16.0,True,CONVERGENCE: RELATIVE REDUCTION OF F <= FACTR*EPSMCH,2.0355761679781334e-09,4.479471783910388e-05,5.724435088540346e-05,4.479471783910388e-05,-1.0652837909262889,-1.7418077716378233,-0.9173727456304296,-1.406574565696835,0.9996691406429637,True,0.9996412799983092,True,0.9996204249992752,True
triangle,odd,3,sector_mixed,variational,random,13.0,30.0,20.0,3.0,0.0770691940541246,18569.0,13.866240000003017,0.63671875,0.00017105682873162211,0.00046052393738865716,0.00017519547403301372,0.0006717895249777062,0.0001785440944928862,0.0007292812190973774,0.03925522883060327,3.67329858750189e-08,2.9652991311355396e-08,16.0,True,CONVERGENCE: RELATIVE REDUCTION OF F <= FACTR*EPSMCH,2.9652991311355396e-08,0.5652601723153332,0.5812542819867647,0.5652601723153332,0.29975811348225856,-4.327977420622518,-5.877323764940456,-2.5539937848677976,0.9985664826702585,False,0.9985370194765996,False,0.9985134532851668,False
triangle,odd,3,sector_mixed,variational,random,14.0,30.0,20.0,3.0,0.32897226092321274,9641.0,8.261393700027838,0.63671875,7.061104116330161e-05,0.0001265910312213056,7.097145092564403e-05,0.00012759151937680874,7.125600699009475e-05,0.0001275920909464892,0.03954803506020374,1.1859380253158622e-12,5.3813994847793725e-09,16.0,True,CONVERGENCE: RELATIVE REDUCTION OF F <= FACTR*EPSMCH,5.3813994847793725e-09,4.609224738421337e-05,5.379893568383171e-05,4.609224738421337e-05,-1.0922974812754407,-2.63857454010469,-1.7362364736447404,-1.2191420929883447,0.9994152362907168,True,0.9994160561772222,True,0.9994166884798209,True
triangle,odd,3,sector_mixed,variational,random,15.0,30.0,20.0,3.0,0.7978545443959174,18569.0,12.9321762000327,0.63671875,0.00013213691301000558,0.0005089733417276143,0.00014133765081520712,0.0007494569286780328,0.00014858349196529346,0.0008161117553408537,0.038761887138721376,5.078819207198997e-10,1.7847782656279813e-08,16.0,True,CONVERGENCE: RELATIVE REDUCTION OF F <= FACTR*EPSMCH,1.7847782656279813e-08,0.006956778286623088,0.00996564508921703,0.006956778286623088,-0.030042163735046395,-1.1445395825848925,-5.278804901966371,-1.1947711704479484,0.9988953508107387,False,0.9988225800251592,False,0.9987656851152408,False
triangle,odd,3,sector_mixed,variational,random,16.0,30.0,20.0,3.0,0.34074685765220125,3379.0,3.0281736999750137,0.63671875,0.00011709030595845084,0.0004084257552834647,0.00012320823224585745,0.000586674625030037,0.000128109013575034,0.0006357744684595545,0.039326931215091565,4.7002936352953994e-11,1.4103409062064573e-08,16.0,True,CONVERGENCE: RELATIVE REDUCTION OF F <= FACTR*EPSMCH,1.4103409062064573e-08,9.074258424194827e-05,0.00012787724403503202,9.074258424194827e-05,-0.7893889675693859,-4.576943306625461,-1.212459058217686,-1.321723707625384,0.9990224926503298,False,0.9989754855051847,False,0.9989380553187248,False
triangle,odd,3,sector_mixed,variational,random,17.0,30.0,20.0,3.0,0.6612149239538796,5518.0,6.463644000003114,0.63671875,3.9363168587769534e-05,0.00013551589361601724,4.2540254301028026e-05,0.00022822897584071078,4.498381013181226e-05,0.00025496613648065547,0.039696527634328495,3.3833339570769006e-13,1.9464243176158345e-09,16.0,True,CONVERGENCE: RELATIVE REDUCTION OF F <= FACTR*EPSMCH,1.9464243176158345e-09,5.399890508002383e-06,8.826022394355457e-06,5.399890508002383e-06,-0.5354430941166721,-2.8713651657595927,-0.843929361567398,-1.5425890765379031,0.9996792766812815,True,0.9996558479692729,True,0.9996378684206291,True
triangle,odd,3,sector_mixed,variational,random,18.0,30.0,20.0,3.0,0.2981976443941553,8308.0,7.863239700032864,0.63671875,6.471682136427749e-06,1.1901520788365483e-05,6.659632933006125e-06,2.2103780436766307e-05,6.810798632796815e-06,2.5471130422533017e-05,0.040525017153676283,9.468574016452097e-15,4.471328412118156e-10,16.0,True,CONVERGENCE: RELATIVE REDUCTION OF F <= FACTR*EPSMCH,4.471328412118156e-10,1.8041897026484238e-06,2.8277445149650555e-06,1.8041897026484238e-06,-1.2543683576795148,-2.1153379861177872,-1.5510259719977013,-0.8735708616971432,0.99995720539172,True,0.9999584690165447,True,0.9999592387449061,True
triangle,odd,3,sector_mixed,variational,random,19.0,30.0,20.0,3.0,0.2772411029798242,15221.0,12.005479800049216,0.63671875,1.8130544062131526e-05,3.73173237848759e-05,1.8129740927882347e-05,3.764892260509772e-05,1.8121244848411425e-05,3.7684569371726484e-05,0.040917586554176585,3.858997934287873e-11,7.378924939165583e-10,16.0,True,CONVERGENCE: NORM OF PROJECTED GRADIENT <= PGTOL,7.378924939165583e-10,0.006840935758540827,0.009343611590496015,0.006840935758540827,-1.2794794189916074,-1.8236363148098682,-6.0695232967709645,-1.0325218233913875,0.9998586895503947,True,0.9998617288832531,True,0.9998640185454695,True
sawtooth,both,3,zero,classical,n/a,,,,,,,,0.63671875,0.2542034230144025,0.4375,0.25460107855890185,0.439453125,0.25499311094653787,0.43994140625,0.0,0.0,0.06461938027223926,,,,,,,,,,,,0.0,False,0.0,False,0.0,False
sawtooth,both,3,analytic_truncation,classical,n/a,,,,,,,,0.63671875,0.014416912376238909,0.04793586902909952,0.014520667214818574,0.048894565008462454,0.014622844542776242,0.048845335598662,0.12183781350686289,0.03869005256141791,0.00020784896774281127,,,,,,,,,,,,0.9435597502691754,False,0.9432925539752752,False,0.9430164576180161,False
sawtooth,both,3,ols_full,classical,n/a,,,,,,,,0.63671875,7.377099839066828e-05,0.0002562894482633915,8.785943510548279e-05,0.0007803766338790874,9.799690967506744e-05,0.0009515464752347658,0.10811256830990615,0.02972600930485628,6.820545979703608e-09,,,,,,,,,,,,1.0000000014765509,True,1.000000054746955,True,1.000000087778831,True
sawtooth,both,3,ols_odd,classical,n/a,,,,,,,,0.63671875,0.119291103100443,0.2604289843795918,0.11960802373301604,0.27617231090644656,0.11989891741461711,0.28014374443380385,0.9088415649539545,0.0,0.014230376367336171,,,,,,,,,,,,0.5308798837243285,False,0.5303970563143255,False,0.5299991955545835,False
sawtooth,both,3,ols_even,classical,n/a,,,,,,,,0.63671875,0.2265731332702895,0.3416186870529153,0.22695474531514184,0.35992381959505204,0.2273139644335825,0.36453793332413725,0.0,0.07779958553984076,0.05133538549791222,,,,,,,,,,,,0.10872517065883229,False,0.1086243569292378,False,0.10859034723825871,False
sawtooth,both,3,ridge_full,classical,n/a,,,,,,,,0.63671875,7.377137362602021e-05,0.0002561421234030803,8.787336892844491e-05,0.000779952246700466,9.801928406820242e-05,0.0009510396549159417,0.10810106369967533,0.02972643902879757,6.8204905939546e-09,,,,,,,,,,,,1.0,True,1.0,True,1.0,True
sawtooth,both,3,ridge_odd,classical,n/a,,,,,,,,0.63671875,0.11929110310829752,0.26042903132694745,0.11960801222001793,0.2761720925352153,0.11989889669615329,0.2801434593750762,0.9084667325992808,0.0,0.014230376365461796,,,,,,,,,,,,0.5308798836934209,False,0.530397101549692,False,0.5299992768369013,False
sawtooth,both,3,ridge_even,classical,n/a,,,,,,,,0.63671875,0.2265731332703019,0.3416187070381377,0.22695474502553645,0.3599238258641112,0.22731396391931716,0.36453793601823437,0.0,0.07779845974765917,0.05133538549790659,,,,,,,,,,,,0.10872517065878347,False,0.10862435806711744,False,0.10859034925581561,False
sawtooth,both,3,spherical_full,classical_null,random,0.0,17.0,,,,4104.0,,0.63671875,7.377417745280945e-05,0.0002573579228084544,8.790002446566625e-05,0.0007814116537955274,9.806071638008442e-05,0.0009525523208597231,0.10809950389348638,0.029726475789751988,6.820889055671002e-09,,,,,,,,,,,,0.9999999889669436,True,0.9999998952685493,True,0.9999998374534732,True
sawtooth,both,3,spherical_full,classical_null,random,1.0,17.0,,,,2394.0,,0.63671875,7.377515226749022e-05,0.0002552295473728927,8.787336464963159e-05,0.0007788775260786363,9.801698666376095e-05,0.0009499196998581372,0.10808756969858054,0.02972670066731668,6.82091579575034e-09,,,,,,,,,,,,0.9999999851310485,True,1.0000000000168119,True,1.0000000090131371,True
sawtooth,both,3,spherical_full,classical_null,random,2.0,17.0,,,,2376.0,,0.63671875,0.00012618679974383453,0.0007306189312349387,0.00015162960249959855,0.0012912646666140004,0.0001697115180792131,0.0014563876098260264,0.10536807893632892,0.029631561827028172,1.727310483722417e-08,,,,,,,,,,,,0.9997937453351885,True,0.9997494973452417,True,0.9997187382717203,True
sawtooth,both,3,spherical_full,classical_null,random,3.0,17.0,,,,1818.0,,0.63671875,0.00033513904022012,0.001324462842034857,0.00037925017493453103,0.002793933000752813,0.00041157930755316384,0.003234086776938039,0.09679654027989905,0.030705043077185936,1.1359319211323408e-07,,,,,,,,,,,,0.9989715184162626,False,0.9988551603607815,False,0.9987698467575824,False
sawtooth,both,3,spherical_full,classical_null,random,4.0,17.0,,,,4410.0,,0.63671875,7.37979147338169e-05,0.00025953649663001954,8.79916125893608e-05,0.0007837493891953984,9.81951631395609e-05,0.0009549342279604467,0.10812750324563977,0.029725228989523535,6.824659541411343e-09,,,,,,,,,,,,0.9999998955607595,True,0.9999995354124717,True,0.9999993099942796,True
sawtooth,both,3,spherical_full,classical_null,random,5.0,17.0,,,,4158.0,,0.63671875,7.377472069868854e-05,0.00025746422874495245,8.791271267613907e-05,0.0007828768202179925,9.808112461935897e-05,0.0009544333572731878,0.10813498253889181,0.029723868816210246,6.821297927720525e-09,,,,,,,,,,,,0.9999999868292714,True,0.999999845415692,True,0.999999757388223,True
sawtooth,both,3,spherical_full,classical_null,random,6.0,17.0,,,,4590.0,,0.63671875,7.441215430767237e-05,0.00027166382169174774,8.906740967865689e-05,0.0008059900234733131,9.956478886160023e-05,0.000979999600324244,0.10822294422351662,0.02970514939039063,6.916449644847915e-09,,,,,,,,,,,,0.9999974785284697,True,0.9999953085312436,True,0.9999939367024163,True
sawtooth,both,3,spherical_full,classical_null,random,7.0,17.0,,,,2448.0,,0.63671875,7.380948917501272e-05,0.0002536073081632062,8.772194536739519e-05,0.000774938158058347,9.774999573135775e-05,0.0009453109632419077,0.10810058096570203,0.029729231856091554,6.826138820494257e-09,,,,,,,,,,,,0.9999998500153415,True,1.0000005949536526,True,1.0000010564673298,True
sawtooth,both,3,spherical_full,classical_null,random,8.0,17.0,,,,5706.0,,0.63671875,7.377365030315051e-05,0.00025709709576854367,8.7913700412693e-05,0.0007807279468362016,9.808336804640954e-05,0.0009517535259099263,0.10809412487817764,0.029726677420610147,6.820759502039418e-09,,,,,,,,,,,,0.9999999910412771,True,0.9999998415348069,True,0.9999997485868489,True
sawtooth,both,3,spherical_full,classical_null,random,9.0,17.0,,,,5058.0,,0.63671875,7.377447132364075e-05,0.0002564654816800682,8.787177112186772e-05,0.0007810081271335534,9.801481176076856e-05,0.0009523188345094691,0.10812090621647677,0.029725008678242324,6.821131768029882e-09,,,,,,,,,,,,0.9999999878105621,True,1.0000000062778929,True,1.0000000175456791,True
sawtooth,both,3,spherical_full,classical_null,random,10.0,17.0,,,,4068.0,,0.63671875,7.395636208228018e-05,0.00024109422413420845,8.757155048311461e-05,0.0007545497190291073,9.741517921371796e-05,0.0009227054732900974,0.10807403100085158,0.029736629654923272,6.8476500990030774e-09,,,,,,,,,,,,0.9999992720705551,True,1.0000011858655629,True,1.000002370013681,True
sawtooth,both,3,spherical_full,classical_null,random,11.0,17.0,,,,4536.0,,0.63671875,7.377777078021463e-05,0.00025661885154409925,8.793389263366101e-05,0.0007812735414952643,9.811355440666446e-05,0.0009525979543191787,0.10809944494899675,0.02972541127854628,6.821408023573322e-09,,,,,,,,,,,,0.9999999748272027,True,0.9999997621981729,True,0.9999996301602443,True
sawtooth,both,3,spherical_full,classical_null,random,12.0,17.0,,,,4788.0,,0.63671875,7.38026513486045e-05,0.0002600850273856148,8.803232450442966e-05,0.0007849667869380128,9.825850044855698e-05,0.0009563417377151384,0.10808457232852196,0.029726999390092445,6.824947063269817e-09,,,,,,,,,,,,0.9999998769221837,True,0.9999993754525395,True,0.9999990615104483,True
sawtooth,both,3,spherical_full,classical_null,random,13.0,17.0,,,,2250.0,,0.63671875,7.377248567307523e-05,0.00025653888521792734,8.789041713007683e-05,0.000780449150999396,9.804633748386853e-05,0.000951565522135267,0.10809914041945652,0.029726545339889394,6.820636499977548e-09,,,,,,,,,,,,0.9999999956240956,True,0.9999999330164357,True,0.9999998938645092,True
sawtooth,both,3,spherical_full,classical_null,random,14.0,17.0,,,,4266.0,,0.63671875,7.378692405386193e-05,0.00025922473910833244,8.8116066205476e-05,0.000783923637044992,9.840366701439853e-05,0.0009552556158126113,0.10807601940800976,0.029724969218713756,6.822520047597623e-09,,,,,,,,,,,,0.9999999388090774,True,0.9999990464255998,True,0.9999984919954963,True
sawtooth,both,3,spherical_full,classical_null,random,15.0,17.0,,,,4536.0,,0.63671875,7.378138776870365e-05,0.0002544218668560916,8.787903341190253e-05,0.000777740735318222,9.802216184366806e-05,0.0009486887983199965,0.10809184825582403,0.02972623595103564,6.82187402314441e-09,,,,,,,,,,,,0.9999999605943556,True,0.9999999777438525,True,0.9999999887099612,True
sawtooth,both,3,spherical_full,classical_null,random,16.0,17.0,,,,4536.0,,0.63671875,7.377734038678267e-05,0.00025532064644451236,8.786041423050586e-05,0.0007782109012006155,9.79947648724763e-05,0.0009490421554420037,0.10809145608615897,0.02972759131179351,6.821286428526717e-09,,,,,,,,,,,,0.9999999765208006,True,1.000000050899905,True,1.0000000961932831,True
sawtooth,both,3,spherical_full,classical_null,random,17.0,17.0,,,,3906.0,,0.63671875,7.377345743241157e-05,0.00025419089275802165,8.779838164309911e-05,0.0007770243435204494,9.789635203500415e-05,0.0009478429577097214,0.1081071835791417,0.029727919659739598,6.820874053920655e-09,,,,,,,,,,,,0.9999999918002233,True,1.0000002946302347,True,1.0000004822848192,True
sawtooth,both,3,spherical_full,classical_null,random,18.0,17.0,,,,4122.0,,0.63671875,7.388763940374734e-05,0.0002556629978875957,8.794209511097153e-05,0.0007778443440144001,9.806055496408767e-05,0.0009484571373252759,0.10802356221942366,0.02973190374538076,6.83693791630624e-09,,,,,,,,,,,,0.9999995424942466,True,0.9999997299700718,True,0.9999998380867375,True
sawtooth,both,3,spherical_full,classical_null,random,19.0,17.0,,,,3312.0,,0.63671875,7.451558084863155e-05,0.00022990134399625273,8.725516947453817e-05,0.000736215475309776,9.655183615997437e-05,0.0009024053994998726,0.1082441500235114,0.02974246485813648,6.932437938025423e-09,,,,,,,,,,,,0.9999970715451038,True,1.0000024289484448,True,1.0000057570661667,True
sawtooth,both,3,spherical_odd,classical_null,random,0.0,9.0,,,,1140.0,,0.63671875,0.11929110311037103,0.26042873639539826,0.11960800905922887,0.27617171513943206,0.11989889082426944,0.2801430615707337,0.9084277166404352,0.0,0.014230376365566337,,,,,,,,,,,,0.5308798836852616,False,0.5303971139686511,False,0.5299992998733741,False
sawtooth,both,3,spherical_odd,classical_null,random,1.0,9.0,,,,1260.0,,0.63671875,0.11929110310749565,0.260429312697652,0.11960801370889107,0.2761723909420061,0.11989889953913731,0.2801437611302072,0.9084922439506817,0.0,0.014230376365525595,,,,,,,,,,,,0.5308798836965763,False,0.5303970956998064,False,0.5299992656833558,False
sawtooth,both,3,spherical_odd,classical_null,random,2.0,9.0,,,,1320.0,,0.63671875,0.11929110310867685,0.2604289023868905,0.1196080113221499,0.27617196895952617,0.11989889499472489,0.2801433372224374,0.9084594505440315,0.0,0.014230376365479478,,,,,,,,,,,,0.5308798836919282,False,0.5303971050774776,False,0.5299992835119156,False
sawtooth,both,3,spherical_odd,classical_null,random,3.0,9.0,,,,1450.0,,0.63671875,0.11929110310896096,0.2604291701717115,0.11960801302024789,0.2761722700738029,0.11989889822062022,0.28014364571662925,0.9084552755239935,0.0,0.014230376365505512,,,,,,,,,,,,0.5308798836908103,False,0.5303970984055332,False,0.5299992708561391,False
sawtooth,both,3,spherical_odd,classical_null,random,4.0,9.0,,,,1180.0,,0.63671875,0.1192911031092872,0.2604290547632377,0.11960801190214877,0.27617207725181275,0.11989889614522349,0.28014343513337386,0.9084473486309674,0.0,0.014230376365504078,,,,,,,,,,,,0.5308798836895265,False,0.530397102798622,False,0.5299992789982996,False
sawtooth,both,3,spherical_odd,classical_null,random,5.0,9.0,,,,1380.0,,0.63671875,0.11929110310829356,0.2604287332036965,0.11960801200976126,0.27617172842944476,0.11989889616189518,0.2801430788437025,0.9084777953918467,0.0,0.014230376365571482,,,,,,,,,,,,0.5308798836934365,False,0.5303971023758051,False,0.5299992789328933,False
sawtooth,both,3,spherical_odd,classical_null,random,6.0,9.0,,,,870.0,,0.63671875,0.11929110310734813,0.260428924348881,0.11960801182311372,0.2761720356168229,0.11989889589693054,0.2801434153990984,0.9084952345475071,0.0,0.014230376365520306,,,,,,,,,,,,0.5308798836971567,False,0.5303971031091562,False,0.5299992799723982,False
sawtooth,both,3,spherical_odd,classical_null,random,7.0,9.0,,,,560.0,,0.63671875,0.1193496629441351,0.26004003447843294,0.1196451554729563,0.27506545344973615,0.11991867473242811,0.27885766210231416,0.21290343411437235,0.0,0.014244344173912996,,,,,,,,,,,,0.5306494507806951,False,0.5302511631379282,False,0.5299216839882284,False
sawtooth,both,3,spherical_odd,classical_null,random,8.0,9.0,,,,1380.0,,0.63671875,0.11929110310897519,0.26042907890429423,0.11960801171161728,0.276172149910847,0.11989889579764752,0.280143518846293,0.9084522230323813,0.0,0.01423037636547838,,,,,,,,,,,,0.5308798836907543,False,0.5303971035472334,False,0.5299992803619036,False
sawtooth,both,3,spherical_odd,classical_null,random,9.0,9.0,,,,1040.0,,0.63671875,0.11929110310825028,0.26042879748976067,0.11960801216107597,0.2761718309715255,0.11989889645941681,0.2801431924041705,0.9084762145617193,0.0,0.014230376365545345,,,,,,,,,,,,0.5308798836936068,False,0.5303971017812791,False,0.5299992777656617,False
sawtooth,both,3,spherical_odd,classical_null,random,10.0,9.0,,,,1030.0,,0.63671875,0.11929110310880967,0.2604289630761156,0.11960801176444567,0.27617201877458675,0.11989889583564861,0.28014338427041335,0.9084550015700958,0.0,0.014230376365466675,,,,,,,,,,,,0.5308798836914056,False,0.5303971033396669,False,0.5299992802128183,False
sawtooth,both,3,spherical_odd,classical_null,random,11.0,9.0,,,,1090.0,,0.63671875,0.11929110310888104,0.2604289311508612,0.11960801103655981,0.2761719547200319,0.11989889450439713,0.2801433125298347,0.9084553887146146,0.0,0.014230376365487575,,,,,,,,,,,,0.5308798836911248,False,0.5303971061995808,False,0.5299992854355611,False
sawtooth,both,3,spherical_odd,classical_null,random,12.0,9.0,,,,1080.0,,0.63671875,0.11929110310955812,0.26042887897216654,0.1196080109944772,0.27617190288072807,0.11989889440101939,0.2801432607382731,0.9084387398592543,0.0,0.014230376365482626,,,,,,,,,,,,0.5308798836884604,False,0.5303971063649263,False,0.5299992858411308,False
sawtooth,both,3,spherical_odd,classical_null,random,13.0,9.0,,,,1500.0,,0.63671875,0.11929110310808339,0.2604288769060228,0.11960801163185966,0.276171970901303,0.11989889553303212,0.28014334607074626,0.9084735842544273,0.0,0.014230376365479223,,,,,,,,,,,,0.5308798836942635,False,0.5303971038606066,False,0.529999281400038,False
sawtooth,both,3,spherical_odd,classical_null,random,14.0,9.0,,,,1200.0,,0.63671875,0.11929110310705011,0.260429229217162,0.11960801427859902,0.2761723715200365,0.11989890051488207,0.2801437582917822,0.9085016679081426,0.0,0.014230376365513542,,,,,,,,,,,,0.5308798836983295,False,0.5303970934613844,False,0.5299992618553309,False
sawtooth,both,3,spherical_odd,classical_null,random,15.0,9.0,,,,1320.0,,0.63671875,0.11929110310829984,0.2604290676907321,0.11960801205185607,0.2761720778071613,0.11989889641909057,0.2801434325514867,0.9084728611714655,0.0,0.014230376365523635,,,,,,,,,,,,0.5308798836934119,False,0.5303971022104117,False,0.5299992779238689,False
sawtooth,both,3,spherical_odd,classical_null,random,16.0,9.0,,,,1240.0,,0.63671875,0.11929110310864618,0.26042838569674975,0.1196080098043129,0.27617136275735865,0.11989889197375474,0.2801427111422099,0.9084739540102674,0.0,0.014230376365617197,,,,,,,,,,,,0.5308798836920489,False,0.5303971110411643,False,0.5299992953637332,False
sawtooth,both,3,spherical_odd,classical_null,random,17.0,9.0,,,,980.0,,0.63671875,0.11929110311125386,0.2604291576149575,0.11960801557309259,0.276172192432954,0.11989890284886107,0.28014355515794354,0.9084685655731082,0.0,0.014230376366185458,,,,,,,,,,,,0.5308798836817877,False,0.5303970883752296,False,0.529999252698705,False
sawtooth,both,3,spherical_odd,classical_null,random,18.0,9.0,,,,1530.0,,0.63671875,0.1192911031101684,0.26042953990531925,0.11960801376144387,0.2761725890103851,0.11989889978879735,0.2801439512407378,0.9084316743812001,0.0,0.014230376365557573,,,,,,,,,,,,0.5308798836860591,False,0.5303970954933228,False,0.5299992647038937,False
sawtooth,both,3,spherical_odd,classical_null,random,19.0,9.0,,,,1010.0,,0.63671875,0.11929110310929567,0.26042908956803923,0.119608011328856,0.27617210612495274,0.11989889512124456,0.2801434612270145,0.9084488612868309,0.0,0.014230376365521224,,,,,,,,,,,,0.5308798836894932,False,0.5303971050511289,False,0.5299992830155558,False
sawtooth,both,3,spherical_sector,classical_null,random,0.0,18.0,,,,3800.0,,0.63671875,7.400127584863626e-05,0.0002559237275814308,8.860984139381407e-05,0.0007793751991267417,9.907407046756061e-05,0.0009503455135436711,0.10790781600425052,0.029729550654984453,6.852562493818306e-09,,,,,,,,,,,,0.9999990953349163,True,0.9999971063487068,True,0.9999958618803035,True
sawtooth,both,3,spherical_sector,classical_null,random,1.0,18.0,,,,4313.0,,0.63671875,7.37802769831297e-05,0.00026115788112746063,8.807471982886085e-05,0.0007877596672009601,9.834073470735726e-05,0.0009596344941250612,0.10811133182493654,0.02972316836592742,6.821874273615978e-09,,,,,,,,,,,,0.9999999649652961,True,0.9999992088783753,True,0.9999987388904311,True
sawtooth,both,3,spherical_sector,classical_null,random,2.0,18.0,,,,7562.0,,0.63671875,7.44030411074503e-05,0.0002753677313305225,8.888988821100966e-05,0.0008127366012014026,9.928339081899409e-05,0.0009876398986674029,0.10836903584051442,0.0297016271090938,6.916519155533022e-09,,,,,,,,,,,,0.999997514388906,True,0.9999960060253779,True,0.9999950406783334,True
sawtooth,both,3,spherical_sector,classical_null,random,3.0,18.0,,,,5301.0,,0.63671875,7.380505140104115e-05,0.0002610383138307304,8.821772535194782e-05,0.0007872946907114264,9.85570960248374e-05,0.0009590307615639504,0.1080523891207066,0.029724778778269012,6.824957291300083e-09,,,,,,,,,,,,0.9999998674779791,True,0.9999986469997766,True,0.9999978900654652,True
sawtooth,both,3,spherical_sector,classical_null,random,4.0,18.0,,,,8531.0,,0.63671875,7.385546403134718e-05,0.00026980387351238644,8.859296596157377e-05,0.0008030238870138096,9.913470943945e-05,0.000976757924222027,0.10810143807413161,0.029715718332350635,6.832801131350439e-09,,,,,,,,,,,,0.9999996691043144,True,0.999997172653448,True,0.9999956239825414,True
sawtooth,both,3,spherical_sector,classical_null,random,5.0,18.0,,,,8379.0,,0.63671875,7.86118595777091e-05,0.00020820663062992573,9.06235808343975e-05,0.000676637503577604,9.9494297505277e-05,0.0008344900733087135,0.10785007809964765,0.0297706232659317,7.556031479921248e-09,,,,,,,,,,,,0.9999809526911936,True,0.9999891942270583,True,0.9999942132528821,True
sawtooth,both,3,spherical_sector,classical_null,random,6.0,18.0,,,,8056.0,,0.63671875,7.385406645728172e-05,0.0002534909087597015,8.789943524416137e-05,0.0007766337779850363,9.801076733878361e-05,0.0009475434900236834,0.10813235696453051,0.029724456861814887,6.83299127054004e-09,,,,,,,,,,,,0.9999996746037674,True,0.9999998975836413,True,1.000000033412685,True
sawtooth,both,3,spherical_sector,classical_null,random,7.0,18.0,,,,4484.0,,0.63671875,7.406275539883895e-05,0.0002307696324986841,8.673819006979181e-05,0.0007428495021478687,9.599145889331622e-05,0.000910757777873139,0.10825508646537166,0.029742515729828483,6.865267759220249e-09,,,,,,,,,,,,0.9999988534129294,True,1.0000044601963103,True,1.000007955528534,True
sawtooth,both,3,spherical_sector,classical_null,random,8.0,18.0,,,,9291.0,,0.63671875,7.378604338097675e-05,0.00025182190913347613,8.777035325048711e-05,0.0007754904202122992,9.784293289896139e-05,0.0009465611153773867,0.10810329864573015,0.029726426237203365,6.822677446648719e-09,,,,,,,,,,,,0.9999999422745246,True,1.0000004047557294,True,1.0000006918578468,True
sawtooth,both,3,spherical_sector,classical_null,random,9.0,18.0,,,,9690.0,,0.63671875,7.378920406707127e-05,0.0002578520496997472,8.797081976250599e-05,0.0007814097934600306,9.816673385537168e-05,0.0009524138294929041,0.10808137936908807,0.029726600222281106,6.822926432765579e-09,,,,,,,,,,,,0.999999929837227,True,0.9999996171089276,True,0.9999994215275539,True
sawtooth,both,3,spherical_sector,classical_null,random,10.0,18.0,,,,6346.0,,0.63671875,7.431610491225099e-05,0.0002793722254213482,8.929678790718833e-05,0.0008207508766781002,9.999676243360751e-05,0.000996858849738047,0.10820163735207089,0.029709048898066616,6.9019903118300705e-09,,,,,,,,,,,,0.9999978564827727,True,0.9999944072883068,True,0.9999922419911953,True
sawtooth,both,3,spherical_sector,classical_null,random,11.0,18.0,,,,4674.0,,0.63671875,7.445523537471302e-05,0.0003042391133743494,9.063488994061466e-05,0.0008611132394424903,0.0001020698970108204,0.0010415087061230177,0.10816658698052758,0.029684929141144727,6.922097235920641e-09,,,,,,,,,,,,0.9999973090045012,True,0.9999891497927973,True,0.9999841087056004,True
sawtooth,both,3,spherical_sector,classical_null,random,12.0,18.0,,,,5472.0,,0.63671875,7.479295228193938e-05,0.00021586646218091365,8.718661742566753e-05,0.0006972887393240645,9.6269445705028e-05,0.0008592889409227977,0.10783484028312325,0.029775438883632845,6.9700885027160225e-09,,,,,,,,,,,,0.9999959800887093,True,1.0000026982941896,True,1.0000068649354987,True
sawtooth,both,3,spherical_sector,classical_null,random,13.0,18.0,,,,3914.0,,0.63671875,7.392525811874222e-05,0.0002510982467845979,8.752564343188519e-05,0.0007705896494291098,9.73596330453723e-05,0.0009404476469769829,0.10819603909468954,0.02972917383799217,6.8441959172494806e-09,,,,,,,,,,,,0.9999993944646297,True,1.0000013662375447,True,1.000002587931445,True
sawtooth,both,3,spherical_sector,classical_null,random,14.0,18.0,,,,6403.0,,0.63671875,7.380971182789238e-05,0.00025161710492238587,8.777836634652568e-05,0.0007710194976744966,9.784137867035534e-05,0.0009408187418801228,0.10802131368216301,0.02973317791640988,6.825418476102245e-09,,,,,,,,,,,,0.9999998491392026,True,1.0000003732717202,True,1.0000006979553695,True
sawtooth,both,3,spherical_sector,classical_null,random,15.0,18.0,,,,5263.0,,0.63671875,0.0005701163963749316,0.0017923642768685744,0.0006262337730309625,0.0035542221668432017,0.0006682714415484633,0.004140268104489642,0.09641722874492326,0.032421702450508114,3.2632109472749243e-07,,,,,,,,,,,,0.9980468826854942,False,0.9978847447082337,False,0.9977627966322892,False
sawtooth,both,3,spherical_sector,classical_null,random,16.0,18.0,,,,3287.0,,0.63671875,7.377887130490004e-05,0.0002560337586462458,8.792507938476484e-05,0.0007794348758337621,9.809876505741215e-05,0.0009504154581650992,0.10810069972126482,0.02972643401161911,6.821593188353841e-09,,,,,,,,,,,,0.9999999704966389,True,0.9999997968260379,True,0.9999996881815626,True
sawtooth,both,3,spherical_sector,classical_null,random,17.0,18.0,,,,2869.0,,0.63671875,0.00011855643987538312,0.00045975362620193083,0.00013656116164406304,0.001011695918029465,0.00014969607124866097,0.0011788630394997113,0.10400471492934453,0.02999451847841348,1.5395621770002913e-08,,,,,,,,,,,,0.99982377079589,True,0.9998087022923653,True,0.9997972625253653,True
sawtooth,both,3,spherical_sector,classical_null,random,18.0,18.0,,,,8303.0,,0.63671875,7.3902634149912e-05,0.00025903617907641063,8.803849367622903e-05,0.0007814597241945775,9.820731239328347e-05,0.0009520892804278924,0.10801835598870083,0.02973025790205244,6.839085473203272e-09,,,,,,,,,,,,0.9999994834899311,True,0.9999993512134365,True,0.9999992623305383,True
sawtooth,both,3,spherical_sector,classical_null,random,19.0,18.0,,,,4294.0,,0.63671875,7.38331482488478e-05,0.00026316316957530894,8.829046917368529e-05,0.0007899749368204256,9.865847690457198e-05,0.0009618815932308511,0.10804862165898725,0.029724880216221918,6.829068799088429e-09,,,,,,,,,,,,0.9999997569169028,True,0.9999983611842658,True,0.9999974923297574,True
sawtooth,both,3,generic,variational,random,0.0,30.0,26.0,3.0,0.19635761626360648,29605.0,18.57068949996028,0.63671875,0.00021136491618273029,0.0006529880721528047,0.0002388591099624955,0.0015951184451267753,0.00025905252376854455,0.001887725660247641,0.11877836540840905,0.02918598797156744,4.6154771326732367e-08,16.0,True,CONVERGENCE: RELATIVE REDUCTION OF F <= FACTR*EPSMCH,4.6154771326732367e-08,0.29915606505465936,0.5199872812814196,0.29915606505465936,0.20690808884364467,-1.5693388243761552,0.020164248437361938,-0.7603465516271342,0.9994585695070671,False,0.9994067665725974,False,0.9993682371886801,False
sawtooth,both,3,generic,variational,random,1.0,30.0,26.0,3.0,0.46213879989374196,66650.0,42.912410799995996,0.63671875,0.00018535835728425746,0.0009057247358351672,0.0002126241906073688,0.0019255454437922537,0.00023245763427079942,0.002236130585650864,0.10812145661484406,0.02911106311612043,3.5730045812428085e-08,16.0,True,CONVERGENCE: RELATIVE REDUCTION OF F <= FACTR*EPSMCH,3.5730045812428085e-08,0.2528751209464016,0.3953443908029056,0.2528751209464016,-0.5568508259865017,-1.5362600005615288,0.18500733191755847,2.427107353963427,0.9995609052979934,False,0.9995098453866637,False,0.9994725737976131,False
sawtooth,both,3,generic,variational,random,2.0,30.0,26.0,3.0,0.31225646112325,56079.0,31.939629999978933,0.63671875,0.000330804531860616,0.0010824659900656175,0.00036796254316244406,0.0023920015188542143,0.00039550898284680165,0.002790075629399147,0.12200039857862556,0.028866829104031738,1.1094031057634788e-07,16.0,True,CONVERGENCE: RELATIVE REDUCTION OF F <= FACTR*EPSMCH,1.1094031057634788e-07,0.40636324645445204,0.6013840652880514,0.40636324645445204,0.585880711475991,-1.3327229755772951,0.08927507709220037,-1.3156922495412606,0.9989885747036008,False,0.9988995102473173,False,0.9988328935765758,False
sawtooth,both,3,generic,variational,random,3.0,30.0,26.0,3.0,0.14242115835416436,58466.0,36.90670079999836,0.63671875,0.0003409696812206961,0.0013122005025493766,0.0003844571528872568,0.002727402150744629,0.00041645435846765586,0.003152407766106924,0.12380455369352213,0.028446182889891716,1.1778283087757726e-07,16.0,True,CONVERGENCE: RELATIVE REDUCTION OF F <= FACTR*EPSMCH,1.1778283087757726e-07,0.4332785715386352,0.5029939227091698,0.4332785715386352,0.9486046506581791,-1.5095472872962796,1.1391463935632034,-1.8241720841378546,0.998948574848037,False,0.9988347017839903,False,0.9987507210424392,False
sawtooth,both,3,generic,variational,random,4.0,30.0,26.0,3.0,0.24514839598068094,26536.0,14.859364399977494,0.63671875,0.000209326090463857,0.0008478618026847018,0.00023947658961817267,0.0018903684486928363,0.00026143796899120265,0.0022105649947899986,0.11594429551905683,0.0291274142195832,4.526812924626924e-08,16.0,True,CONVERGENCE: RELATIVE REDUCTION OF F <= FACTR*EPSMCH,4.526812924626924e-08,0.4342343026090867,0.5119859550011716,0.4342343026090867,-0.5338797694727303,-1.6320245474628696,0.7422643782959524,-1.4224065472100105,0.9994665922848331,False,0.99940434045229,False,0.9993588786513811,False
sawtooth,both,3,generic,variational,random,5.0,30.0,26.0,3.0,0.10460273996622482,35526.0,20.15039299998898,0.63671875,0.000726310135680779,0.0033955797020800427,0.0007958329475625216,0.005840286372382597,0.0008486381529947572,0.0065439423533416585,0.11536862357714592,0.02729358228637318,5.289530352512669e-07,16.0,True,CONVERGENCE: RELATIVE REDUCTION OF F <= FACTR*EPSMCH,5.289530352512669e-07,0.09833112430846291,0.16999022155901672,0.09833112430846291,1.8664390765933985,-2.03442490514979,1.502968191166321,-1.1251163511332294,0.9974322604314702,False,0.9972183778122411,False,0.9970551850801408,False
sawtooth,both,3,generic,variational,random,6.0,30.0,26.0,3.0,0.06693535064162737,21111.0,10.971131500031333,0.63671875,0.001039574129212418,0.005351438484434867,0.0011328512267196722,0.008778866384773987,0.0012042425747188783,0.00975059091132624,0.11315216780109101,0.026423047607720532,1.0821101222818454e-06,16.0,True,CONVERGENCE: RELATIVE REDUCTION OF F <= FACTR*EPSMCH,1.0821101222818454e-06,0.45180098787707157,0.6074235844059903,0.45180098787707157,0.17108547721037,-2.408328057928201,1.2898763378832885,-2.8749900126707937,0.9961995668378297,False,0.9958942096658158,False,0.995660083984216,False
sawtooth,both,3,generic,variational,random,7.0,30.0,26.0,3.0,0.2201847671419932,44764.0,27.303600699990056,0.63671875,0.00032190395728458814,0.0009147458432709754,0.00036043985652435556,0.0019150926926834178,0.00038889835454529724,0.0022441560811697903,0.126788530148997,0.02891456870467721,1.0517918870401469e-07,16.0,True,CONVERGENCE: RELATIVE REDUCTION OF F <= FACTR*EPSMCH,1.0517918870401469e-07,0.3239218519850603,0.5622150147127114,0.3239218519850603,-0.1590021605996802,-1.3012459502763627,-0.0642576153458526,-0.9675919585726234,0.9990235984582809,False,0.9989290674038213,False,0.9988588282788031,False
sawtooth,both,3,generic,variational,random,8.0,30.0,26.0,3.0,0.30425102257929737,26443.0,14.989462699973956,0.63671875,0.00016111518830351404,0.0007056906119552453,0.00018613744516683532,0.0016039919647550804,0.00020426379787349844,0.001882559075039647,0.11480478045555548,0.029249225865086242,2.7398643965283205e-08,16.0,True,CONVERGENCE: RELATIVE REDUCTION OF F <= FACTR*EPSMCH,2.7398643965283205e-08,0.5034637027206914,0.8007021281168037,0.5034637027206914,-0.772660223041005,-1.4316784536737674,-0.5009845209222396,-0.3100395934696386,0.9996563021508369,True,0.99961391364285,True,0.9995831833672736,False
sawtooth,both,3,generic,variational,random,9.0,30.0,26.0,3.0,0.10829734440361416,24428.0,13.890491700032726,0.63671875,0.0005899664707113009,0.0027214414604073145,0.0006464562551588767,0.005111263286014411,0.0006890319542616284,0.005808887878660074,0.11515219204193393,0.027360699560924025,3.4948556547957687e-07,16.0,True,CONVERGENCE: RELATIVE REDUCTION OF F <= FACTR*EPSMCH,3.4948556547957687e-07,0.3907430503855538,0.6382199157101006,0.3907430503855538,0.6774506646532759,-1.976259945798241,-0.2650247934967491,-1.6768704549207791,0.9979687726569785,False,0.9978052891762003,False,0.9976813493491039,False
sawtooth,both,3,generic,variational,random,10.0,30.0,26.0,3.0,0.26304697123757315,19995.0,10.00308379996568,0.63671875,0.00024263557683683134,0.00089737177461785,0.0002779678549202096,0.0019917114409041536,0.00030365541261029565,0.0023270282707615886,0.12046377477958817,0.02901600025673714,6.036682089730514e-08,16.0,True,CONVERGENCE: RELATIVE REDUCTION OF F <= FACTR*EPSMCH,6.036682089730514e-08,0.5431739958352629,0.9200335627885113,0.5431739958352629,-0.30288869450429895,-1.437620891890531,-0.576827117601729,-1.2869596916751882,0.9993355194794445,False,0.9992531056066427,False,0.9991932519092428,False
sawtooth,both,3,generic,variational,random,11.0,30.0,26.0,3.0,0.2925097428350556,31217.0,17.37594800000079,0.63671875,8.149708069938509e-05,0.0002324763046122058,9.639375173350755e-05,0.0006377938715276255,0.00010713819974354782,0.0007896924671331185,0.10649413005075971,0.029820511567096936,8.004920578700652e-09,16.0,True,CONVERGENCE: RELATIVE REDUCTION OF F <= FACTR*EPSMCH,8.004920578700652e-09,0.428591312576774,0.8568654807889224,0.428591312576774,-0.7785977376630501,-1.3003156387299997,-0.3393433521146815,-1.3928998482640373,0.9999695993481144,True,0.9999665228261981,True,0.999964224828278,True
sawtooth,both,3,generic,variational,random,12.0,30.0,26.0,3.0,0.3883034752799863,36487.0,20.004255300038494,0.63671875,0.00028453528914486667,0.0010471374381588738,0.00032199527481991205,0.0020542271507150156,0.00034947026800042486,0.002406555816489242,0.12035304915356937,0.029059236883134613,8.245445362911991e-08,16.0,True,CONVERGENCE: RELATIVE REDUCTION OF F <= FACTR*EPSMCH,8.245445362911991e-08,0.6116965247200137,0.7572873947610024,0.6116965247200137,-0.46453221730709227,-1.2534768013404973,0.1492320497437192,-1.705505377233037,0.9991706441410593,False,0.9990801188263819,False,0.9990135118636762,False
sawtooth,both,3,generic,variational,random,13.0,30.0,26.0,3.0,0.8480962207752432,22289.0,12.019269999989774,0.63671875,0.0008023520388400737,0.004154119807385281,0.000885776769139244,0.0070403893375541315,0.0009487317621187344,0.007867075805947477,0.10355604510308793,0.02689014160897693,6.450732560979438e-07,16.0,True,CONVERGENCE: RELATIVE REDUCTION OF F <= FACTR*EPSMCH,6.450732560979438e-07,0.08674655564576705,0.15384591316063936,0.08674655564576705,1.71892798573707,-1.5149190266536003,1.6300816416593125,-1.3050715853237356,0.9971330355961613,False,0.9968649823115652,False,0.9966624995699132,False
sawtooth,both,3,generic,variational,random,14.0,30.0,26.0,3.0,0.4992826094534737,51460.0,27.528014499985147,0.63671875,0.0009113975505170202,0.004452570781767418,0.0009996905605479595,0.007553091050689353,0.0010665626699568824,0.008437868759448575,0.10099226405780469,0.02665434051664584,8.319219611341689e-07,16.0,True,CONVERGENCE: RELATIVE REDUCTION OF F <= FACTR*EPSMCH,8.319219611341689e-07,0.3515574683218253,0.5130968736122516,0.3515574683218253,1.8350840495965943,-2.427590752595204,0.325246064976569,-2.454080568605984,0.996703941584609,False,0.9964174071402744,False,0.9962002273971945,False
sawtooth,both,3,generic,variational,random,15.0,30.0,26.0,3.0,0.3270699558249476,39339.0,21.62214579997817,0.63671875,0.00017389429170387122,0.0006223356093093546,0.00019761334192304608,0.0014773007897965762,0.00021499251281348322,0.0017437781449737288,0.11650908083509086,0.029244804179704542,3.169676353733901e-08,16.0,True,CONVERGENCE: RELATIVE REDUCTION OF F <= FACTR*EPSMCH,3.169676353733901e-08,0.5461349182010169,0.96290423866848,0.5461349182010169,-0.2357883372570245,-1.4736055633246716,-0.5842596017451079,-1.4074035827781881,0.999606016387968,False,0.9995688240501601,False,0.9995410926590138,False
sawtooth,both,3,generic,variational,random,16.0,30.0,26.0,3.0,0.3277140912616021,41478.0,21.51411129999906,0.63671875,0.0001404092552080008,0.00041107717713484426,0.00015862184299871737,0.0011213998756547383,0.0001720885433944,0.0013468599381530333,0.11441422033317229,0.029434637646073205,2.115324752785796e-08,16.0,True,CONVERGENCE: RELATIVE REDUCTION OF F <= FACTR*EPSMCH,2.115324752785796e-08,0.5300976144542557,0.8496855843068116,0.5300976144542557,-0.7419334294691752,-1.260245033884188,-0.5536005075676201,-0.10186877623699372,0.9997377799829665,True,0.9997220243483342,True,0.9997094127672562,True
sawtooth,both,3,generic,variational,random,17.0,30.0,26.0,3.0,0.5350663904910637,40734.0,21.445710100000724,0.63671875,0.00018025813642934165,0.0006054100793858597,0.00020432947331483947,0.0014084427327734073,0.00022201315884798708,0.001672301339179394,0.11569049690389549,0.02936140961563157,3.394351481417442e-08,16.0,True,CONVERGENCE: RELATIVE REDUCTION OF F <= FACTR*EPSMCH,3.394351481417442e-08,0.46493360950893625,0.6617553951168176,0.46493360950893625,-0.07824300374990635,-0.26306797317592895,0.10171989332926108,-1.4622971636746533,0.999580974663461,False,0.9995424359050469,False,0.9995135493823318,False
sawtooth,both,3,generic,variational,random,18.0,30.0,26.0,3.0,0.12266471100264165,85684.0,47.15192560001742,0.63671875,0.00028172180355030114,0.0008693461160198535,0.00031862062546973366,0.0019068334279235266,0.00034568292212196005,0.0022256670350503382,0.12398997120812735,0.029042605138410445,8.089750035909986e-08,16.0,True,CONVERGENCE: RELATIVE REDUCTION OF F <= FACTR*EPSMCH,8.089750035909986e-08,0.5410277114425055,0.6503661924427344,0.5410277114425055,-0.022883072106770725,-1.494765588603333,0.48943160689268894,-1.7273130578795342,0.9991817152048899,False,0.9990933780572642,False,0.9990283703132986,False
sawtooth,both,3,generic,variational,random,19.0,30.0,26.0,3.0,0.23074722153612703,72385.0,38.54689330002293,0.63671875,0.0002537633685552562,0.0009233724158022594,0.0002848108670072835,0.0017539659954447506,0.0003077281032970712,0.00201026214745742,0.11945994214246718,0.029175552111635927,6.588220216305182e-08,16.0,True,CONVERGENCE: RELATIVE REDUCTION OF F <= FACTR*EPSMCH,6.588220216305182e-08,0.15867439491554888,0.266249231658757,0.15867439491554888,-0.5472141460816159,-1.5103451848085117,0.8195971850715909,-0.3627620948833222,0.9992917316268797,False,0.9992262189384955,False,0.9991772739998206,False
sawtooth,both,3,equivariant,variational,random,0.0,30.0,18.0,2.0,0.8560872654549857,14384.0,8.165428199979942,0.63671875,0.119383795693671,0.26085546520967146,0.11968042489160577,0.27571594735155736,0.11995539705326605,0.27946538519081365,0.12179569121549377,0.0,0.014252491892185089,8.0,True,CONVERGENCE: RELATIVE REDUCTION OF F <= FACTR*EPSMCH,0.014252491892185089,0.0,0.0,0.0,1.7124416737652937,6.5469346168536084,-1.1144314564168347,-0.9449512191324877,0.5305151384353409,False,0.5301125871507877,False,0.5297776156164193,False
sawtooth,both,3,equivariant,variational,random,1.0,30.0,18.0,2.0,0.36205959207013394,22940.0,12.536337399971671,0.63671875,0.1195251777888979,0.2601648231164464,0.11981964249394425,0.2743392456834237,0.12009249193242931,0.2779187113448043,0.12282427908398239,0.0,0.014286269353710444,8.0,True,CONVERGENCE: RELATIVE REDUCTION OF F <= FACTR*EPSMCH,0.014286269353710444,0.0,0.0,0.0,2.7175023426905303,-0.9906116952357139,-0.9465892506253473,-0.9456695172443591,0.5299587999903226,False,0.5295655915548831,False,0.529239767365717,False
sawtooth,both,3,equivariant,variational,random,2.0,30.0,18.0,2.0,0.6687571559478878,15314.0,7.745101800013799,0.63671875,0.11929110313880219,0.26042905837181873,0.1196079978676768,0.27617200362353467,0.11989887075118373,0.2801433394956339,0.9080477490798284,0.0,0.014230376368549834,8.0,True,CONVERGENCE: RELATIVE REDUCTION OF F <= FACTR*EPSMCH,0.014230376368549834,0.0,0.0,0.0,2.3535130287870465,2.059450146576454,-1.4323528667886203,-1.37620785346608,0.530879883573385,False,0.5303971579410338,False,0.5299993786237557,False
sawtooth,both,3,equivariant,variational,random,3.0,30.0,18.0,2.0,0.4879072696617289,7192.0,3.793294999981299,0.63671875,0.11929110310312574,0.2604273165613124,0.11960801818542724,0.2761705470542171,0.1198989064441494,0.28014195890397753,0.9088731229710667,0.0,0.014230376368291804,8.0,True,CONVERGENCE: RELATIVE REDUCTION OF F <= FACTR*EPSMCH,0.014230376368291804,0.0,0.0,0.0,1.5385244170714598,2.166821244005953,-1.060889669769776,-0.7494215996810771,0.5308798837137718,False,0.530397078111186,False,0.5299992385937321,False
sawtooth,both,3,equivariant,variational,random,4.0,30.0,18.0,2.0,0.7188699099930267,15934.0,8.706880199955776,0.63671875,0.11929110316192354,0.26042958300977814,0.11960799480213344,0.27617216761932284,0.11989886563004419,0.28014341193456815,0.9078061168804734,0.0,0.014230376371649853,8.0,True,CONVERGENCE: RELATIVE REDUCTION OF F <= FACTR*EPSMCH,0.014230376371649853,0.0,0.0,0.0,2.1376213358947083,2.3017355896332155,-0.8060320381354851,-1.529515010546267,0.5308798834824026,False,0.5303971699857658,False,0.5299993987149213,False
sawtooth,both,3,equivariant,variational,random,5.0,30.0,18.0,2.0,0.7359737810850149,23870.0,12.38262940000277,0.63671875,0.11929110310475123,0.2604289266100918,0.11960802148127374,0.276172447804278,0.11989891327223787,0.28014393004388555,0.9087421912991618,0.0,0.0142303763673703,8.0,True,CONVERGENCE: RELATIVE REDUCTION OF F <= FACTR*EPSMCH,0.0142303763673703,0.0,0.0,0.0,2.735401400829106,2.286566416274317,-1.2451868390110032,-1.0432888062155081,0.5308798837073756,False,0.5303970651615768,False,0.5299992118058939,False
sawtooth,both,3,equivariant,variational,random,6.0,30.0,18.0,2.0,0.14964057665055852,19251.0,10.37496149999788,0.63671875,0.11966691028020529,0.26432549219093643,0.11996772798397488,0.27814375534202296,0.12024802632644901,0.2816195666676756,0.09380675923424858,0.0,0.014320170354078295,8.0,True,CONVERGENCE: RELATIVE REDUCTION OF F <= FACTR*EPSMCH,0.014320170354078295,0.0,0.0,0.0,4.613458945242746,-1.147267291577228,-0.9112303992105164,-1.2155470182067178,0.5294010827369745,False,0.5289837534144216,False,0.5286295775303409,False
sawtooth,both,3,equivariant,variational,random,7.0,30.0,18.0,2.0,0.7616845883178665,17949.0,9.848918800009415,0.63671875,0.1192911031055981,0.2604291984977029,0.11960801448826767,0.27617229891337763,0.11989890087285975,0.28014367501826076,0.9085601735267054,0.0,0.01423037636575217,8.0,True,CONVERGENCE: RELATIVE REDUCTION OF F <= FACTR*EPSMCH,0.01423037636575217,0.0,0.0,0.0,2.4306568401044033,2.3889347555644176,-1.012125236350268,-0.9716727534991731,0.5308798837040432,False,0.5303970926375817,False,0.5299992604509189,False
sawtooth,both,3,equivariant,variational,random,8.0,30.0,18.0,2.0,0.9139760357326142,13547.0,7.265718100010417,0.63671875,0.1192911038067718,0.2604301461432575,0.11960791606029011,0.2761710934589772,0.11989872350691697,0.28014192630476065,0.905306127558902,0.0,0.014230376500499282,8.0,True,CONVERGENCE: RELATIVE REDUCTION OF F <= FACTR*EPSMCH,0.014230376500499282,0.0,0.0,0.0,3.3204307869573393,4.348536618723162,-1.45409891536366,-0.6118833580007834,0.5308798809449251,False,0.5303974793679186,False,0.5299999562899076,False
sawtooth,both,3,equivariant,variational,random,9.0,30.0,18.0,2.0,0.5700668574594613,11470.0,5.569358500011731,0.63671875,0.11929110310158378,0.2604291758999465,0.11960801998854996,0.27617248549203743,0.11989891075337529,0.28014391378418196,0.9087394627072058,0.0,0.014230376366587317,8.0,True,CONVERGENCE: RELATIVE REDUCTION OF F <= FACTR*EPSMCH,0.014230376366587317,0.0,0.0,0.0,1.713326013545629,1.8319633795009904,-0.8080981810616488,-1.2928101012075168,0.5308798837198395,False,0.530397071026592,False,0.529999221687852,False
sawtooth,both,3,equivariant,variational,random,10.0,30.0,18.0,2.0,0.9908041179944096,14477.0,7.863764199952129,0.63671875,0.11939680236832467,0.2602879270129135,0.11969053619911393,0.27502173688013054,0.11996283155898206,0.27874057204386404,0.10468597720788256,0.0,0.014255597462640553,8.0,True,CONVERGENCE: RELATIVE REDUCTION OF F <= FACTR*EPSMCH,0.014255597462640553,0.0,0.0,0.0,4.323090826064273,5.260159859150073,-0.7540711638763298,-0.8424895123175319,0.5304639571797508,False,0.530072859123707,False,0.5297484486926173,False
sawtooth,both,3,equivariant,variational,random,11.0,30.0,18.0,2.0,0.6513658426230018,30907.0,17.27611460001208,0.63671875,0.11929110314044217,0.2604298828668061,0.11960800193715472,0.27617266612085073,0.11989887865483463,0.2801439610508475,0.9080052470560026,0.0,0.014230376368516082,8.0,True,CONVERGENCE: RELATIVE REDUCTION OF F <= FACTR*EPSMCH,0.014230376368516082,0.0,0.0,0.0,1.9225258385497583,2.0513253478779703,-1.3731159710157583,-0.9908405432637988,0.5308798835669317,False,0.5303971419517733,False,0.5299993476162896,False
sawtooth,both,3,equivariant,variational,random,12.0,30.0,18.0,2.0,0.810461498116761,24924.0,13.353039099951275,0.63671875,0.11929150066761533,0.26046976593816534,0.11960687946756342,0.2761998818834728,0.11989656039595614,0.2801679279656115,0.8391287118407721,0.0,0.014230470522818787,8.0,True,CONVERGENCE: RELATIVE REDUCTION OF F <= FACTR*EPSMCH,0.014230470522818787,0.0,0.0,0.0,4.548502437190356,2.585498188424395,-0.8084180535136498,-1.3990215834488584,0.5308783192977856,False,0.5304015522124922,False,0.5300084425692891,False
sawtooth,both,3,equivariant,variational,random,13.0,30.0,18.0,2.0,0.6785883497487746,22165.0,12.010113900003489,0.63671875,0.11929110310327104,0.26042808680833973,0.11960801596569907,0.27617129563004156,0.11989890289264717,0.28014270122120644,0.9086880844687011,0.0,0.014230376366476087,8.0,True,CONVERGENCE: RELATIVE REDUCTION OF F <= FACTR*EPSMCH,0.014230376366476087,0.0,0.0,0.0,2.00420509688239,2.514415830503886,-1.2375308804024934,-0.6853454642527468,0.5308798837132,False,0.5303970868326515,False,0.5299992525269241,False
sawtooth,both,3,equivariant,variational,random,14.0,30.0,18.0,2.0,0.013070852496481544,13950.0,7.755881099961698,0.63671875,0.11954751504591393,0.25855484620626706,0.11983087607636582,0.27235046486567027,0.12009380870141631,0.2758431060490103,0.11982589383812536,0.0,0.014291609551911956,8.0,True,CONVERGENCE: RELATIVE REDUCTION OF F <= FACTR*EPSMCH,0.014291609551911956,0.0,0.0,0.0,2.2558118930728486,-1.6635372991419124,-0.8521861800273112,-1.16838169294333,0.5298709028997162,False,0.5295214540319864,False,0.5292346014404793,False
sawtooth,both,3,equivariant,variational,random,15.0,30.0,18.0,2.0,0.6293273763355074,16337.0,8.256409500027075,0.63671875,0.1192911031147974,0.26042838071247143,0.11960803074220279,0.27617196982807035,0.11989892970706738,0.2801434739260449,0.9090307392501618,0.0,0.01423037637265262,8.0,True,CONVERGENCE: RELATIVE REDUCTION OF F <= FACTR*EPSMCH,0.01423037637265262,0.0,0.0,0.0,1.8617919690761067,2.399499804671538,-0.980556512240459,-1.2032445875050775,0.5308798836678439,False,0.5303970287747457,False,0.529999147329056,False
sawtooth,both,3,equivariant,variational,random,16.0,30.0,18.0,2.0,0.5409142371527621,16616.0,9.045887599990238,0.63671875,0.11929110310184213,0.2604286907653674,0.11960801938782022,0.27617194071535633,0.11989890938457483,0.2801433568546969,0.9087749964854922,0.0,0.014230376367004293,8.0,True,CONVERGENCE: RELATIVE REDUCTION OF F <= FACTR*EPSMCH,0.014230376367004293,0.0,0.0,0.0,1.6477378610316138,2.160672929247101,-0.7747541191392427,-1.3212753299254159,0.5308798837188229,False,0.5303970733869007,False,0.5299992270579061,False
sawtooth,both,3,equivariant,variational,random,17.0,30.0,18.0,2.0,0.5678650194215198,13857.0,6.892963099991903,0.63671875,0.11929110310360795,0.260428147333422,0.11960801684047861,0.2761714394055108,0.11989890447974398,0.28014286666824373,0.9086942526565671,0.0,0.014230376366618148,8.0,True,CONVERGENCE: RELATIVE REDUCTION OF F <= FACTR*EPSMCH,0.014230376366618148,0.0,0.0,0.0,1.7081926945385162,3.2139466771890546,-0.4934706162695559,-1.5437443434672016,0.5308798837118743,False,0.5303970833955822,False,0.5299992463004533,False
sawtooth,both,3,equivariant,variational,random,18.0,30.0,18.0,2.0,0.805997067574108,27807.0,15.281887500023004,0.63671875,0.11929112408044622,0.2604191738275418,0.11960744726996585,0.2761465776341158,0.11989785708727196,0.28011405649143833,0.8898461465038031,0.0,0.014230381182837879,8.0,True,CONVERGENCE: RELATIVE REDUCTION OF F <= FACTR*EPSMCH,0.014230381182837879,0.0,0.0,0.0,2.9340995754940002,2.586076546223305,-1.1646507722555672,-0.8258693017932005,0.5308798011680305,False,0.5303993212775511,False,0.5300033554124225,False
sawtooth,both,3,equivariant,variational,random,19.0,30.0,18.0,2.0,0.8182907966092869,14942.0,8.044036499981303,0.63671875,0.11929110315559244,0.26042816459430074,0.11960805297361067,0.2761721814225034,0.11989896958886861,0.2801437878244953,0.9098006878302538,0.0,0.014230376390085077,8.0,True,CONVERGENCE: RELATIVE REDUCTION OF F <= FACTR*EPSMCH,0.014230376390085077,0.0,0.0,0.0,2.5751305273097533,3.8290942776330708,-1.4524780001321766,-1.0733890432868287,0.5308798835073154,False,0.5303969414260054,False,0.5299989908654655,False
sawtooth,both,3,sector_mixed,variational,random,0.0,30.0,20.0,3.0,0.17282301387593657,30659.0,16.4684451999492,0.63671875,0.0025260896237341186,0.011104357145423682,0.002630152918529442,0.015053177574408383,0.0027156661659896732,0.016130537352853636,0.10305357616201781,0.026415345233184014,6.382423476351133e-06,16.0,True,CONVERGENCE: RELATIVE REDUCTION OF F <= FACTR*EPSMCH,6.382423476351133e-06,0.8160139571104756,1.1735085735560402,0.8160139571104756,0.883972201972807,-3.426315730915655,-1.015048271573972,-0.32752618028427744,0.9903501294151437,False,0.9900112076789754,False,0.9897304931811409,False
sawtooth,both,3,sector_mixed,variational,random,1.0,30.0,20.0,3.0,0.1096197072987517,75733.0,42.13267209997866,0.63671875,0.00029357368930305576,0.0011631424104646682,0.000336401531602423,0.002473696874312703,0.0003675490779929813,0.0028695491060020117,0.12189763871409563,0.02868283708562055,8.769131580900427e-08,16.0,True,CONVERGENCE: RELATIVE REDUCTION OF F <= FACTR*EPSMCH,8.769131580900427e-08,0.4995164910555826,0.840199982085545,0.4995164910555826,0.2811632967755479,-1.6058453114756213,-0.4975282503928943,-1.3329268069680162,0.9991350780428104,False,0.9990235156463161,False,0.9989425853900645,False
sawtooth,both,3,sector_mixed,variational,random,2.0,30.0,20.0,3.0,0.1657158252031734,62217.0,35.47025889996439,0.63671875,0.000764055066714072,0.003809148151168784,0.0008347788371719291,0.006338220372135384,0.0008886843085040015,0.007060884768489817,0.11751967240789554,0.027558291127254466,5.852309246067966e-07,16.0,True,CONVERGENCE: RELATIVE REDUCTION OF F <= FACTR*EPSMCH,5.852309246067966e-07,0.22384046207500052,0.3856824375817384,0.22384046207500052,1.2131772943460355,-1.8669431480853198,0.2954438295552357,-1.20416036001474,0.9972837341544709,False,0.9970653567162224,False,0.996898076697833,False
sawtooth,both,3,sector_mixed,variational,random,3.0,30.0,20.0,3.0,0.17217735937167855,17546.0,9.377159800031222,0.63671875,0.002204209278115011,0.010975229685733945,0.002328391064161183,0.015372386663797588,0.0024288478251034583,0.01657105484919441,0.10808916893059399,0.02604193495421544,4.859879852767146e-06,16.0,True,CONVERGENCE: RELATIVE REDUCTION OF F <= FACTR*EPSMCH,4.859879852767146e-06,0.014819495006859425,0.027578392702119776,0.014819495006859425,2.133998202712384,-3.0135778524709993,3.1884700983209315,-4.210379152367575,0.9916167283481723,False,0.9911968508920378,False,0.9908557339184794,False
sawtooth,both,3,sector_mixed,variational,random,4.0,30.0,20.0,3.0,0.17361531175799105,48174.0,3220.1647642999887,0.63671875,0.002958994555745371,0.014646929939862385,0.0031107376985239207,0.019709808885076785,0.003234791160334536,0.021074861744310558,0.10106021076017209,0.02558608450676445,8.756915243883415e-06,16.0,True,CONVERGENCE: RELATIVE REDUCTION OF F <= FACTR*EPSMCH,8.756915243883415e-06,0.644557850847137,0.9153309646690242,0.644557850847137,3.314614646797757,-5.577192417123063,-0.791638652306747,-1.666842665216429,0.9886466488129542,False,0.9881229568134229,False,0.9876938710125497,False
sawtooth,both,3,sector_mixed,variational,random,5.0,30.0,20.0,3.0,0.06560982118456171,17577.0,17.724206499988213,0.63671875,0.010045733033826254,0.0323372098824217,0.010357698557125832,0.03785115240263323,0.010629278245528754,0.03925059342095544,0.0868334675161417,0.025334755144173045,0.00010091787386913463,16.0,True,CONVERGENCE: RELATIVE REDUCTION OF F <= FACTR*EPSMCH,0.00010091787386913463,0.19814765976490623,0.19814875062729392,0.19814765976490623,-0.7274417818336124,-3.8634647768508694,6.547886569415549,-1.1450630239361665,0.9607603378991129,False,0.9596491459823007,False,0.9586839476085088,False
sawtooth,both,3,sector_mixed,variational,random,6.0,30.0,20.0,3.0,0.14108502599331518,19933.0,18.563334100006614,0.63671875,0.002107401384879823,0.009920544210413551,0.0022209900510403993,0.014085722785310506,0.0023127620116139,0.015229086670886516,0.10793200801943328,0.026114942446046396,4.442481066498051e-06,16.0,True,CONVERGENCE: RELATIVE REDUCTION OF F <= FACTR*EPSMCH,4.442481066498051e-06,0.19945733143101524,0.25149091502454374,0.19945733143101524,-0.354779270415005,-3.1154650918488027,1.1720791727783875,-2.8215653235885196,0.991997667339786,False,0.9916188369066363,False,0.9913111597673351,False
sawtooth,both,3,sector_mixed,variational,random,7.0,30.0,20.0,3.0,0.16862011251614684,54436.0,41.43118100002175,0.63671875,0.0005096059034194874,0.0022951968769819864,0.0005704275809605511,0.0041497851267358055,0.0006156915313689315,0.0046921879436139236,0.12253804101967511,0.028011731342214404,2.6120367452361086e-07,16.0,True,CONVERGENCE: RELATIVE REDUCTION OF F <= FACTR*EPSMCH,2.6120367452361086e-07,0.2565110652561619,0.4715899640990826,0.2565110652561619,1.3826068873676245,-1.5808453833995293,0.2134823534098963,-1.5327434781561542,0.9982849914326034,False,0.9981040110996524,False,0.9979690772234006,False
sawtooth,both,3,sector_mixed,variational,random,8.0,30.0,20.0,3.0,0.5981618797500244,69068.0,39.33852160000242,0.63671875,0.00087192790822619,0.0037629839816472055,0.0009303802909641103,0.006220905703718471,0.0009759150186959363,0.006923014331924993,0.10637485292052151,0.027524309152028224,7.615972687644247e-07,16.0,True,CONVERGENCE: RELATIVE REDUCTION OF F <= FACTR*EPSMCH,7.615972687644247e-07,0.10752628360715821,0.19276468294986593,0.10752628360715821,1.2640685857292553,-1.8254571924311653,1.2393922382651494,-1.0055040079066062,0.9968592545991901,False,0.996689731986964,False,0.996555854689465,False
sawtooth,both,3,sector_mixed,variational,random,9.0,30.0,20.0,3.0,0.21746099764003057,22475.0,12.879689400026109,0.63671875,0.0035314526290522864,0.01744879362790086,0.00374323350856018,0.0233673925002974,0.003913871710537968,0.024932005404938673,0.08751971545150962,0.026531866408471282,1.2472298187058906e-05,16.0,True,CONVERGENCE: RELATIVE REDUCTION OF F <= FACTR*EPSMCH,1.2472298187058906e-05,0.13245098271649758,0.13287754231554905,0.13245098271649758,-0.30086082705540895,-2.260931093931921,3.7675563383466235,-1.4211861696883659,0.9863940266981759,False,0.9856378369959102,False,0.9850297139831837,False
sawtooth,both,3,sector_mixed,variational,random,10.0,30.0,20.0,3.0,0.17283501614947783,21607.0,12.274108300043736,0.63671875,0.0028533949269124175,0.013791166888269424,0.002989963259422888,0.018462124441661953,0.0031021441587148436,0.01972275788110167,0.10244776423738239,0.025900171180569677,8.1431460882837e-06,16.0,True,CONVERGENCE: RELATIVE REDUCTION OF F <= FACTR*EPSMCH,8.1431460882837e-06,0.26034068199019333,0.37166935382213473,0.26034068199019333,1.0654866412991193,-3.93026074915768,0.11960521471963337,-2.663258030269496,0.9890621832779453,False,0.988597487944375,False,0.9882142694272643,False
sawtooth,both,3,sector_mixed,variational,random,11.0,30.0,20.0,3.0,0.5995745612860298,50995.0,27.363342199998442,0.63671875,0.0010001293503143884,0.004561524573057085,0.0010639286459427078,0.007168068315530629,0.0011140220506579753,0.007904205508263318,0.10470701494889573,0.02750136799761322,1.0015808011897457e-06,16.0,True,CONVERGENCE: RELATIVE REDUCTION OF F <= FACTR*EPSMCH,1.0015808011897457e-06,0.17565496782741022,0.36560010045884844,0.17565496782741022,1.3044066568944286,-2.011838647765579,0.5491672396087562,-1.5546523788282927,0.9963547820149778,False,0.9961650112563485,False,0.996014035578468,False
sawtooth,both,3,sector_mixed,variational,random,12.0,30.0,20.0,3.0,0.16939677749325965,26722.0,15.022218000027351,0.63671875,0.00026664927506848295,0.0011451830546898023,0.0003000075793983803,0.0023566295876183974,0.0003245898690800481,0.002723917305261281,0.12055737345237118,0.028781344829336815,7.259522307736456e-08,16.0,True,CONVERGENCE: RELATIVE REDUCTION OF F <= FACTR*EPSMCH,7.259522307736456e-08,0.5541133885890409,0.9079710580927569,0.5541133885890409,-0.20174504470461424,-1.5555083220127006,-0.6015791087580542,-1.2000056569861275,0.9992410255938371,False,0.9991665100036301,False,0.9991111222129303,False
sawtooth,both,3,sector_mixed,variational,random,13.0,30.0,20.0,3.0,0.6614200946380984,29016.0,16.755115600011777,0.63671875,0.0021931210109407515,0.010128428862055117,0.002316881939736608,0.014460061612284747,0.0024159148972028237,0.01564434141111548,0.08901157094196605,0.026116453241366723,4.810931048871618e-06,16.0,True,CONVERGENCE: RELATIVE REDUCTION OF F <= FACTR*EPSMCH,4.810931048871618e-06,0.11202399620113979,0.11295043200465045,0.11202399620113979,0.37222630193196854,-0.7045812292192013,3.6245787550019646,-3.328343750216823,0.9916603606716836,False,0.9912420710385366,False,0.9909064721567729,False
sawtooth,both,3,sector_mixed,variational,random,14.0,30.0,20.0,3.0,0.02149452897142967,31372.0,17.422678100003395,0.63671875,0.00886203901203981,0.030320670842070352,0.009144225263590839,0.03521952723817001,0.009389340669282282,0.036476986428178204,0.08687617191187297,0.025604714220672405,7.853686025977686e-05,16.0,True,CONVERGENCE: RELATIVE REDUCTION OF F <= FACTR*EPSMCH,7.853686025977686e-05,0.07910686063323621,0.07924791887101536,0.07910686063323621,-0.8748710605560414,-6.338620436796804,7.436338387299802,-1.573385057704787,0.9654181730401284,False,0.9644169665463819,False,0.9635484491889802,False
sawtooth,both,3,sector_mixed,variational,random,15.0,30.0,20.0,3.0,0.07130195240800563,15035.0,7.782708899991121,0.63671875,0.011151048147728066,0.035658016770233725,0.011435319018598277,0.042283525180604103,0.011682652777970549,0.043959908338246506,0.08627026749731488,0.0258286988082201,0.0001243469957826126,16.0,True,CONVERGENCE: RELATIVE REDUCTION OF F <= FACTR*EPSMCH,0.0001243469957826126,0.815710537089145,0.8157353614409782,0.815710537089145,0.36561892507732613,-3.5187855967827155,5.100553042799581,-1.9293018989742798,0.9564109237053523,False,0.9554151005988083,False,0.9545513669237593,False
sawtooth,both,3,sector_mixed,variational,random,16.0,30.0,20.0,3.0,0.12312437844167601,19220.0,10.43014630000107,0.63671875,0.00286747329409081,0.013603323478315943,0.0030059973741553025,0.018313734631409062,0.0031195821093961545,0.019588468887525856,0.10170354835464351,0.025790646456866823,8.223678034272116e-06,16.0,True,CONVERGENCE: RELATIVE REDUCTION OF F <= FACTR*EPSMCH,8.223678034272116e-06,0.876875621558324,1.2432256266160846,0.876875621558324,-0.5959839449834191,-4.415249807573668,-1.0965284028862305,-1.4447268395032593,0.9890067849130262,False,0.9885344887977474,False,0.9881458571617806,False
sawtooth,both,3,sector_mixed,variational,random,17.0,30.0,20.0,3.0,0.28509272675080666,20336.0,11.548056600033306,0.63671875,0.008709582318918708,0.028060569692865522,0.008977918404373451,0.03312675084245703,0.009210054893146295,0.03442334309017073,0.08676213733391334,0.025803827298972206,7.585794982966772e-05,16.0,True,CONVERGENCE: RELATIVE REDUCTION OF F <= FACTR*EPSMCH,7.585794982966772e-05,0.4802092244400631,0.480412813502559,0.4802092244400631,-0.2702449591036535,-4.912122483531021,4.910999018959287,-2.1694920773322,0.9660180900200509,False,0.9650703977076187,False,0.9642518200344784,False
sawtooth,both,3,sector_mixed,variational,random,18.0,30.0,20.0,3.0,0.09761340037023758,40176.0,23.892646799969953,0.63671875,0.0037654451334290665,0.016760235089775533,0.004016205466157184,0.022175491544143666,0.004219614887889092,0.023605401702465723,0.08728742779695718,0.0259665931538755,1.417970959307415e-05,16.0,True,CONVERGENCE: RELATIVE REDUCTION OF F <= FACTR*EPSMCH,1.417970959307415e-05,0.14569892543329857,0.14593257822387315,0.14569892543329857,-0.2583259301668362,-2.414243293582824,3.966640538953447,-1.8516168692535797,0.9854732663584594,False,0.9845653112800316,False,0.9838302276558599,False
sawtooth,both,3,sector_mixed,variational,random,19.0,30.0,20.0,3.0,0.16651309615708532,51491.0,28.505711400008295,0.63671875,0.001110428082451181,0.0059313998540264645,0.0011898669697722193,0.008760558462160395,0.001252526729332872,0.00955152641535656,0.11565542911973485,0.02743235579277183,1.234481404145332e-06,16.0,True,CONVERGENCE: RELATIVE REDUCTION OF F <= FACTR*EPSMCH,1.234481404145332e-06,0.3372175724178089,0.5838347671250869,0.3372175724178089,2.24414236947553,-1.9540762713298785,-0.11746445358213543,-1.7036088162678729,0.9959207565817999,False,0.995670190864866,False,0.9954706564267882,False
double_sawtooth,even,3,zero,classical,n/a,,,,,,,,0.63671875,0.11834645469858371,0.1875,0.11856791481986238,0.189453125,0.11878397420043624,0.18994140625,0.0,0.0,0.014005883339723926,,,,,,,,,,,,0.0,False,0.0,False,0.0,False
double_sawtooth,even,3,analytic_truncation,classical,n/a,,,,,,,,0.63671875,0.009931941559990099,0.022980617921345592,0.010006197850390386,0.02444886910232477,0.010076251744793435,0.024656506250997967,0.0,0.03869005256141791,9.864385005158419e-05,,,,,,,,,,,,0.9165623745562277,False,0.9161671874635403,False,0.9157847876382741,False
double_sawtooth,even,3,ols_full,classical,n/a,,,,,,,,0.63671875,6.261918797809368e-05,0.00019267514111837025,7.237781801870581e-05,0.0005366270191601297,7.952133113509877e-05,0.0006467576940756836,1.6442191979644963e-05,0.029648057650101266,4.217807701456642e-09,,,,,,,,,,,,1.0000000000795588,True,1.00000005427778,True,1.0000000892943706,True
double_sawtooth,even,3,ols_odd,classical,n/a,,,,,,,,0.63671875,0.11754689798834504,0.19063509914853255,0.1177997608065209,0.197114279434366,0.11804540279184374,0.19898306235953636,0.11039507783074277,0.0,0.013817274330633173,,,,,,,,,,,,0.006759644771838566,False,0.006482556849573419,False,0.006221935712520991,False
double_sawtooth,even,3,ols_even,classical,n/a,,,,,,,,0.63671875,6.820718558131539e-05,0.00017869448827659284,7.847941766820446e-05,0.0004939467681818743,8.601168604862489e-05,0.000594947424722797,0.0,0.029582157354395854,4.948041738467956e-09,,,,,,,,,,,,0.9999527578035576,True,0.9999485620432618,True,0.9999454126976953,True
double_sawtooth,even,3,ridge_full,classical,n/a,,,,,,,,0.63671875,6.261919738859865e-05,0.00019275760117046237,7.238424969305327e-05,0.0005367371328213189,7.953193077355352e-05,0.0006468744922388803,1.6413217461874063e-05,0.02964785089894539,4.217806522756353e-09,,,,,,,,,,,,1.0,True,1.0,True,1.0,True
double_sawtooth,even,3,ridge_odd,classical,n/a,,,,,,,,0.63671875,0.11754689798940224,0.19063345447247976,0.11779975949990228,0.19711120507014207,0.11804540043903347,0.19897957016736226,0.11034536441671682,0.0,0.013817274330384582,,,,,,,,,,,,0.006759644762900776,False,0.00648256787630677,False,0.006221955533264183,False
double_sawtooth,even,3,ridge_even,classical,n/a,,,,,,,,0.63671875,6.820719143901841e-05,0.0001788038779104717,7.848545747096358e-05,0.0004941178857478801,8.602166521275967e-05,0.0005951356834592025,0.0,0.02958199753866538,4.94804093938556e-09,,,,,,,,,,,,0.9999527577540351,True,0.9999485110725396,True,0.999945328630377,True
double_sawtooth,even,3,spherical_full,classical_null,random,0.0,17.0,,,,1764.0,,0.63671875,9.640943594385392e-05,0.00037444128458188897,0.00010983660588743527,0.0009030106916895486,0.0001196835848141541,0.0010684957149978136,0.0003665463173520245,0.029794801066903645,9.59639281285463e-09,,,,,,,,,,,,0.9997143291945846,True,0.9996839344402766,True,0.9996617510408803,True
double_sawtooth,even,3,spherical_full,classical_null,random,1.0,17.0,,,,2178.0,,0.63671875,6.26274517694396e-05,0.00019359945249944333,7.246365100540983e-05,0.0005372498812935833,7.965782621116327e-05,0.0006473023597187433,1.631240717827379e-05,0.029646411339207517,4.218824952597341e-09,,,,,,,,,,,,0.9999999302154787,True,0.999999329921458,True,0.9999989394210089,True
double_sawtooth,even,3,spherical_full,classical_null,random,2.0,17.0,,,,3042.0,,0.63671875,6.264259242261498e-05,0.00019569628296306485,7.262366329739322e-05,0.0005420801879383319,7.991168974736543e-05,0.0006528914133973607,1.62107932006205e-05,0.029641402654209628,4.220670519899963e-09,,,,,,,,,,,,0.9999998022127545,True,0.9999979795558264,True,0.999996800802341,True
double_sawtooth,even,3,spherical_full,classical_null,random,3.0,17.0,,,,3672.0,,0.63671875,6.267635291553257e-05,0.0002047438614161401,7.276611357688916e-05,0.0005553353354382784,8.012489645739412e-05,0.0006673098767532304,1.6959129256873615e-05,0.029639372009867698,4.224888526183634e-09,,,,,,,,,,,,0.9999995167934259,True,0.9999967773984217,True,0.999995004688346,True
double_sawtooth,even,3,spherical_full,classical_null,random,4.0,17.0,,,,2700.0,,0.63671875,6.263791848976053e-05,0.0001829074530575736,7.207271762574158e-05,0.0005221638520482574,7.900563198005857e-05,0.0006309891011867241,1.5825045031870548e-05,0.029654582070038623,4.2202129038805896e-09,,,,,,,,,,,,0.9999998417273073,True,1.000002629061753,True,1.000004433690799,True
double_sawtooth,even,3,spherical_full,classical_null,random,5.0,17.0,,,,1602.0,,0.63671875,0.00011106833985229611,0.00046876844389809325,0.00012636780764628853,0.0010724689623936856,0.00013758959303763877,0.0012588777533482087,0.00021946257967517426,0.029467276128378586,1.2633043504625685e-08,,,,,,,,,,,,0.999590399294558,True,0.9995444253661427,True,0.9995109057323044,True
double_sawtooth,even,3,spherical_full,classical_null,random,6.0,17.0,,,,1854.0,,0.63671875,0.00026899120264321796,0.0014210791293241265,0.0003118741146082422,0.00268357893130608,0.0003430282700315518,0.003061723675514022,0.0020827786457416177,0.029277598200204678,7.266987086790422e-08,,,,,,,,,,,,0.9982552814221811,False,0.9979789122529531,False,0.9977802318580512,False
double_sawtooth,even,3,spherical_full,classical_null,random,7.0,17.0,,,,1890.0,,0.63671875,6.262384000058612e-05,0.0001907547404078891,7.239242638194953e-05,0.0005328774477581233,7.954250340705377e-05,0.0006424593061215289,1.5208455055642587e-05,0.029646275601632417,4.218360176985892e-09,,,,,,,,,,,,0.9999999607502416,True,0.9999999309958033,True,0.9999999109331268,True
double_sawtooth,even,3,spherical_full,classical_null,random,8.0,17.0,,,,1998.0,,0.63671875,9.121628587819335e-05,0.00035541703775548994,0.0001039969546506101,0.0008680198476012091,0.00011337001112815645,0.0010287173029955854,0.000313705249978566,0.029774629096782787,8.621294152879909e-09,,,,,,,,,,,,0.9997582333345177,True,0.9997332160562897,True,0.9997149383821902,True
double_sawtooth,even,3,spherical_full,classical_null,random,9.0,17.0,,,,3168.0,,0.63671875,6.265047405379433e-05,0.00019051088355870327,7.214881316648615e-05,0.0005364014982679743,7.912302655739201e-05,0.0006471739287409184,1.9224292101826987e-05,0.029656306890256653,4.22183721098874e-09,,,,,,,,,,,,0.9999997355795485,True,1.00000198688107,True,1.000003444725474,True
double_sawtooth,even,3,spherical_full,classical_null,random,10.0,17.0,,,,1566.0,,0.63671875,6.26706069483414e-05,0.0001855029852629031,7.237862987468972e-05,0.0005230716555397197,7.949004033113268e-05,0.0006313037965083867,1.259335117294973e-05,0.029643351686958194,4.224164425654808e-09,,,,,,,,,,,,0.9999995653712148,True,1.0000000474264163,True,1.0000003528970072,True
double_sawtooth,even,3,spherical_full,classical_null,random,11.0,17.0,,,,3384.0,,0.63671875,6.26323845991716e-05,0.00019812125281734594,7.241224923902135e-05,0.0005436591876698538,7.956997755223723e-05,0.0006542215856253919,1.694351672828043e-05,0.02964939933003769,4.219479029046206e-09,,,,,,,,,,,,0.9999998885121496,True,0.9999997637079995,True,0.9999996794831099,True
double_sawtooth,even,3,spherical_full,classical_null,random,12.0,17.0,,,,1476.0,,0.63671875,0.00012088443954437386,0.0005073994233729673,0.0001369199723471935,0.0011529273482882296,0.00014871191109158978,0.001351802755935827,0.0002974387454943657,0.02946337851918812,1.4910655896604203e-08,,,,,,,,,,,,0.9995074116263741,True,0.999455374204043,True,0.9994172081600714,True
double_sawtooth,even,3,spherical_full,classical_null,random,13.0,17.0,,,,2016.0,,0.63671875,7.77624108183758e-05,0.00029495740255927605,8.89097931226366e-05,0.0007168320540334727,9.710060316069923e-05,0.0008491526115366743,2.964618520643494e-05,0.029563659579314446,6.342925593931058e-09,,,,,,,,,,,,0.9998719756307732,True,0.9998605386772812,True,0.9998519965045011,True
double_sawtooth,even,3,spherical_full,classical_null,random,14.0,17.0,,,,3564.0,,0.63671875,6.262698391478348e-05,0.0001919134688637969,7.244041471444751e-05,0.0005344636342185516,7.961962528330865e-05,0.000644157683264146,1.5119904944661846e-05,0.029645079819357607,4.218741111505571e-09,,,,,,,,,,,,0.9999999341708345,True,0.9999995260156975,True,0.9999992612364955,True
double_sawtooth,even,3,spherical_full,classical_null,random,15.0,17.0,,,,1800.0,,0.63671875,7.524511658526145e-05,0.00029758942645827235,8.642284968651114e-05,0.0007484793051114602,9.460451566870488e-05,0.0008906429473341526,0.00015990976598100645,0.02972561088337437,5.960682776423142e-09,,,,,,,,,,,,0.9998932574417869,True,0.9998815263333064,True,0.9998730242558159,True
double_sawtooth,even,3,spherical_full,classical_null,random,16.0,17.0,,,,1638.0,,0.63671875,6.951002844755638e-05,0.0002676133702138317,7.999157649697558e-05,0.000688663527277783,8.766662741793943e-05,0.0008218955947777995,0.00010543282507147679,0.02970542567870659,5.129752639817878e-09,,,,,,,,,,,,0.999941743256551,True,0.9999358007279489,True,0.9999314710006731,True
double_sawtooth,even,3,spherical_full,classical_null,random,17.0,17.0,,,,2988.0,,0.63671875,6.262552117029085e-05,0.00019139794335301663,7.234664596618164e-05,0.0005357909266438532,7.946569176555326e-05,0.0006460614770511242,1.654090446720336e-05,0.029647114488421937,4.2185924557794385e-09,,,,,,,,,,,,0.9999999465372285,True,1.0000003173429977,True,1.0000005580162523,True
double_sawtooth,even,3,spherical_full,classical_null,random,18.0,17.0,,,,3834.0,,0.63671875,6.264193835249412e-05,0.00019656469921830455,7.236767223624632e-05,0.0005435568689584058,7.949024852287365e-05,0.0006546067234344533,1.88698199388382e-05,0.029652506465514008,4.220726203412203e-09,,,,,,,,,,,,0.9999998077424207,True,1.000000139899427,True,1.0000003511431408,True
double_sawtooth,even,3,spherical_full,classical_null,random,19.0,17.0,,,,1890.0,,0.63671875,6.292191809767662e-05,0.00020907639915909715,7.279962631009997e-05,0.0005698742948947455,8.002250267098326e-05,0.0006850340147666056,2.8089256698115545e-05,0.02965600860314294,4.256008755689135e-09,,,,,,,,,,,,0.9999974407263023,True,0.9999964945798795,True,0.9999958672827397,True
double_sawtooth,even,3,spherical_odd,classical_null,random,0.0,9.0,,,,660.0,,0.63671875,0.1175468979892378,0.1906335910555233,0.11779975956734293,0.19711151227369872,0.11804540055300403,0.19897992605300216,0.11034998656288723,0.0,0.013817274330392143,,,,,,,,,,,,0.006759644764290974,False,0.006482567307165892,False,0.006221954573143795,False
double_sawtooth,even,3,spherical_odd,classical_null,random,1.0,9.0,,,,660.0,,0.63671875,0.11754689798947457,0.1906332115266688,0.11779975934441286,0.19711088073698482,0.11804540014937887,0.1989792237770711,0.11034393796225052,0.0,0.013817274330387319,,,,,,,,,,,,0.006759644762289272,False,0.0064825691885032075,False,0.006221957973397006,False
double_sawtooth,even,3,spherical_odd,classical_null,random,2.0,9.0,,,,1080.0,,0.63671875,0.11754689798951148,0.19063357075011064,0.11779975947146364,0.19711130667178778,0.11804540038603743,0.19897966612426846,0.11034364137774465,0.0,0.013817274330393032,,,,,,,,,,,,0.006759644761977185,False,0.006482568116304348,False,0.006221955979717889,False
double_sawtooth,even,3,spherical_odd,classical_null,random,3.0,9.0,,,,810.0,,0.63671875,0.11754689798934141,0.19063334382265526,0.11779975941784847,0.19711111564402295,0.11804540028139733,0.19897948908867968,0.11034772060397477,0.0,0.01381727433039384,,,,,,,,,,,,0.0067596447634150165,False,0.006482568568770088,False,0.006221956861235885,False
double_sawtooth,even,3,spherical_odd,classical_null,random,4.0,9.0,,,,1090.0,,0.63671875,0.11754689799284153,0.19063020697538094,0.11779975923215678,0.19710729561446086,0.11804540005042609,0.19897550096366703,0.11035161947912939,0.0,0.013817274331255685,,,,,,,,,,,,0.006759644733824187,False,0.006482570135847625,False,0.0062219588070033536,False
double_sawtooth,even,3,spherical_odd,classical_null,random,5.0,9.0,,,,810.0,,0.63671875,0.11754689798964384,0.1906331395318584,0.11779975916964461,0.19711077407781125,0.11804539981705911,0.19897910603559468,0.11034182301302708,0.0,0.013817274330405966,,,,,,,,,,,,0.006759644760858245,False,0.006482570663396434,False,0.006221960772953187,False
double_sawtooth,even,3,spherical_odd,classical_null,random,6.0,9.0,,,,1280.0,,0.63671875,0.1175468979908458,0.19063223225247972,0.11779975854031374,0.19710926235863366,0.11804539867628311,0.198977419521047,0.11032217954216575,0.0,0.013817274330492105,,,,,,,,,,,,0.006759644750696509,False,0.006482575974405737,False,0.00622197038317484,False
double_sawtooth,even,3,spherical_odd,classical_null,random,7.0,9.0,,,,1200.0,,0.63671875,0.11754689799250367,0.19063214655264737,0.11779975908991525,0.19710883339115345,0.1180453997537068,0.19897689142960845,0.11031193073413617,0.0,0.013817274330779372,,,,,,,,,,,,0.006759644736680492,False,0.006482571336243432,False,0.00622196130665107,False
double_sawtooth,even,3,spherical_odd,classical_null,random,8.0,9.0,,,,1360.0,,0.63671875,0.11754689798904916,0.19063416005085912,0.11779975986898564,0.19711225087265297,0.11804540109338962,0.19898071523195254,0.11035744988527404,0.0,0.013817274330422428,,,,,,,,,,,,0.006759644765885788,False,0.0064825647615617725,False,0.006221950020781751,False
double_sawtooth,even,3,spherical_odd,classical_null,random,9.0,9.0,,,,1210.0,,0.63671875,0.11754689798985403,0.1906334610241926,0.11779975947455901,0.1971110096744086,0.11804540041523398,0.1989793151010783,0.11033787383399253,0.0,0.013817274330415888,,,,,,,,,,,,0.006759644759081223,False,0.006482568090182087,False,0.00622195573375786,False
double_sawtooth,even,3,spherical_odd,classical_null,random,10.0,9.0,,,,1100.0,,0.63671875,0.11754689798975956,0.19063355564694112,0.11779975984101068,0.19711125764442314,0.1180454011218498,0.19897960939998657,0.11034416769749647,0.0,0.013817274330456616,,,,,,,,,,,,0.006759644759879863,False,0.006482564997646252,False,0.0062219497810251075,False
double_sawtooth,even,3,spherical_odd,classical_null,random,11.0,9.0,,,,550.0,,0.63671875,0.11755268359036397,0.18846882101379692,0.11780370793539131,0.189625627685052,0.11804788926375887,0.19050856199754218,0.025617549368899116,0.0,0.013818633675471722,,,,,,,,,,,,0.006710731900570787,False,0.006449246488824572,False,0.006200988965562023,False
double_sawtooth,even,3,spherical_odd,classical_null,random,12.0,9.0,,,,450.0,,0.63671875,0.11756334859096244,0.19169419190437392,0.1178141303452845,0.19488494266506012,0.11805807532662704,0.1956694179111972,0.002022404438446138,0.0,0.013821140952144196,,,,,,,,,,,,0.006620567419910496,False,0.0063612903453056134,False,0.0061151786734329515,False
double_sawtooth,even,3,spherical_odd,classical_null,random,13.0,9.0,,,,600.0,,0.63671875,0.11754689798992093,0.19063263080866888,0.11779975903624365,0.19711000791701833,0.11804539958707212,0.1989782681406983,0.11033614793653668,0.0,0.013817274330414358,,,,,,,,,,,,0.006759644758515594,False,0.006482571789185367,False,0.006221962710429017,False
double_sawtooth,even,3,spherical_odd,classical_null,random,14.0,9.0,,,,1440.0,,0.63671875,0.11754689798966468,0.1906330769295304,0.11779975938632745,0.19711065052304996,0.11804540024069721,0.19897896523304714,0.11034044271560643,0.0,0.013817274330397063,,,,,,,,,,,,0.006759644760682021,False,0.006482568834780305,False,0.00622195720410531,False
double_sawtooth,even,3,spherical_odd,classical_null,random,15.0,9.0,,,,1150.0,,0.63671875,0.11754689798933389,0.19063391326691503,0.11779975979773477,0.19711191941809475,0.11804540100015973,0.1989803581186051,0.11035298508044462,0.0,0.013817274330444718,,,,,,,,,,,,0.006759644763478607,False,0.006482565362857585,False,0.006221950806176924,False
double_sawtooth,even,3,spherical_odd,classical_null,random,16.0,9.0,,,,920.0,,0.63671875,0.11754689798970727,0.19063350596603507,0.11779975962701557,0.19711115484034428,0.11804540070643675,0.19897948795850107,0.11033993943348311,0.0,0.013817274330402043,,,,,,,,,,,,0.006759644760321947,False,0.006482566803580301,False,0.00622195328058286,False
double_sawtooth,even,3,spherical_odd,classical_null,random,17.0,9.0,,,,1430.0,,0.63671875,0.11754689798994195,0.19063294897089395,0.1177997590828798,0.1971103609801744,0.11804539967310419,0.19897862845518283,0.11033482895360236,0.0,0.013817274330406106,,,,,,,,,,,,0.006759644758337961,False,0.006482571395616487,False,0.006221961985670375,False
double_sawtooth,even,3,spherical_odd,classical_null,random,18.0,9.0,,,,800.0,,0.63671875,0.11754689798992389,0.19063319497241454,0.11779975956392047,0.19711070261058045,0.11804540059900515,0.19897899649363096,0.11033705112236136,0.0,0.013817274330424083,,,,,,,,,,,,0.006759644758490603,False,0.006482567336048474,False,0.006221954185617273,False
double_sawtooth,even,3,spherical_odd,classical_null,random,19.0,9.0,,,,700.0,,0.63671875,0.11754689798956797,0.1906332758466983,0.11779975938621276,0.19711091331345804,0.11804540023349358,0.19897924561674235,0.11034164038782675,0.0,0.0138172743303863,,,,,,,,,,,,0.006759644761499667,False,0.006482568835748157,False,0.00622195726479071,False
double_sawtooth,even,3,spherical_sector,classical_null,random,0.0,18.0,,,,1615.0,,0.63671875,8.47508200347515e-05,0.00018396163356215744,9.336447078557236e-05,0.0005019422564080944,9.989539047874772e-05,0.000604700937509639,2.9752060885791236e-07,0.02959280092585695,7.478632481027493e-09,,,,,,,,,,,,0.9998128939381077,True,0.9998229450428082,True,0.9998284524208543,True
double_sawtooth,even,3,spherical_sector,classical_null,random,1.0,18.0,,,,912.0,,0.63671875,0.0011325589008657332,0.00286746386381595,0.001196690137103279,0.005396414360689827,0.0012460112901687508,0.006119076492221515,1.1253517471925913e-07,0.024721236235906587,1.2829368774179086e-06,,,,,,,,,,,,0.9909544723592741,False,0.9905118287415537,False,0.9901732459452082,False
double_sawtooth,even,3,spherical_sector,classical_null,random,2.0,18.0,,,,988.0,,0.63671875,0.00012481687782706606,0.0004842829734318377,0.0001314902351615478,0.0006081367534714333,0.00013697340165028704,0.0006956015954016348,1.1253517471925909e-07,0.029718768410196824,1.5876441799950453e-08,,,,,,,,,,,,0.9994741658471344,True,0.9995011964992765,True,0.9995160967038939,True
double_sawtooth,even,3,spherical_sector,classical_null,random,3.0,18.0,,,,1349.0,,0.63671875,0.00010412697223060776,0.0003107164428046705,0.00011225596393151294,0.0006657841688531008,0.00011855655675832858,0.0007773040381096052,1.280096817228629e-07,0.029547480280865117,1.1137902428819228e-08,,,,,,,,,,,,0.9996490832862653,True,0.9996635171466248,True,0.9996712454459276,True
double_sawtooth,even,3,spherical_sector,classical_null,random,4.0,18.0,,,,1216.0,,0.63671875,0.0001764834568924048,0.0005527708552296659,0.00018477147556528574,0.0009401556747081208,0.00019155930082004682,0.001062942603158451,1.1253517471925913e-07,0.02943159347271173,3.144072761677217e-08,,,,,,,,,,,,0.999037364158667,False,0.9990515488193399,False,0.9990562495564235,False
double_sawtooth,even,3,spherical_sector,classical_null,random,5.0,18.0,,,,1444.0,,0.63671875,9.308125832106903e-05,0.0003559261785394674,0.00010290798710195921,0.0007314132252940753,0.00011038897600060437,0.0008481946009449848,1.1253517471925913e-07,0.02952469030336152,8.959368679018945e-09,,,,,,,,,,,,0.9997424664088429,True,0.9997424060024709,True,0.9997400514703826,True
double_sawtooth,even,3,spherical_sector,classical_null,random,6.0,18.0,,,,1083.0,,0.63671875,0.0001145129865090196,0.0003038929321821926,0.0001197447337564103,0.0004440757198575229,0.000123961023122843,0.0005315899990698814,1.1253517471925912e-07,0.02970934205590773,1.341031862512573e-08,,,,,,,,,,,,0.9995612774230686,True,0.9996003183931456,True,0.9996257166833877,True
double_sawtooth,even,3,spherical_sector,classical_null,random,7.0,18.0,,,,1349.0,,0.63671875,0.00017127430552022076,0.0003505086577366423,0.00017578241903416455,0.0005806136642752258,0.00017941849647754585,0.0006785764364601876,1.1253517471925912e-07,0.029591341131729086,2.9630802268102963e-08,,,,,,,,,,,,0.9990814035774946,False,0.9991274086976649,False,0.99915852714697,True
double_sawtooth,even,3,spherical_sector,classical_null,random,8.0,18.0,,,,1805.0,,0.63671875,8.478632295170602e-05,0.00037319526985102325,9.489656279187469e-05,0.0007353622708980156,0.00010251911433395437,0.000848806225916543,1.125351747192591e-07,0.029545521602742444,7.484176901050163e-09,,,,,,,,,,,,0.9998125937879071,True,0.999810015508682,True,0.999806349424496,True
double_sawtooth,even,3,spherical_sector,classical_null,random,9.0,18.0,,,,1482.0,,0.63671875,0.00017012973591590033,0.0005904668106227334,0.00017507935703280983,0.0006363742668242037,0.00017926454593393963,0.0006759791958635408,1.1253517471925913e-07,0.029739826125562786,2.9241526429421364e-08,,,,,,,,,,,,0.9990910800442702,False,0.9991333419341166,False,0.9991598240701572,True
double_sawtooth,even,3,spherical_sector,classical_null,random,10.0,18.0,,,,4636.0,,0.63671875,6.296959837033886e-05,0.0001748800116262994,7.221416023160373e-05,0.0004972090408500995,7.902733470303795e-05,0.0006043696510783791,1.4169736161396622e-05,0.029654900656533034,4.261861022848726e-09,,,,,,,,,,,,0.999997037625807,True,1.0000014354082438,True,1.0000042508608848,True
double_sawtooth,even,3,spherical_sector,classical_null,random,11.0,18.0,,,,1349.0,,0.63671875,0.00010023114269455714,0.00039348192852808883,0.0001084933519671299,0.0007571440649630501,0.00011490134501041812,0.0008700678679270935,1.1253517471925914e-07,0.029590670000776895,1.034218979121619e-08,,,,,,,,,,,,0.9996820195663543,True,0.9996952703439503,True,0.9997020379898124,True
double_sawtooth,even,3,spherical_sector,classical_null,random,12.0,18.0,,,,1482.0,,0.63671875,0.00015886766818902078,0.00043385771798223893,0.0001638560646108747,0.000717120928993481,0.00016806554341788628,0.0008079819974247116,1.1253517471925912e-07,0.029716242901452646,2.553609955018308e-08,,,,,,,,,,,,0.9991862922740661,True,0.999228056834906,True,0.9992541676541201,True
double_sawtooth,even,3,spherical_sector,classical_null,random,13.0,18.0,,,,969.0,,0.63671875,0.0001832782725549768,0.0004622575670478815,0.00018914854021225808,0.0007250218559186616,0.00019396758847497702,0.0008280663221700013,1.1253517471925913e-07,0.029481641118121297,3.388574272726932e-08,,,,,,,,,,,,0.9989799191524766,False,0.9990146101717308,False,0.9990359614559203,False
double_sawtooth,even,3,spherical_sector,classical_null,random,14.0,18.0,,,,1121.0,,0.63671875,0.00015152606287143074,0.00036647168876156877,0.00015729183481187742,0.000652143188620613,0.00016183650839890875,0.0007610151768849271,1.1253517471925913e-07,0.029536495522962735,2.325551380989816e-08,,,,,,,,,,,,0.999248359971537,True,0.9992834532685725,True,0.9993066428176429,True
double_sawtooth,even,3,spherical_sector,classical_null,random,15.0,18.0,,,,1349.0,,0.63671875,0.00020269454959544718,0.0005195205083932397,0.00020606263340300316,0.0005741830895496514,0.00020876347448752698,0.0006586637315857125,1.1253517471925909e-07,0.029569980934183563,4.1380781370394774e-08,,,,,,,,,,,,0.9988157692755455,False,0.9988718698243999,False,0.9989113167018602,False
double_sawtooth,even,3,spherical_sector,classical_null,random,16.0,18.0,,,,1444.0,,0.63671875,0.00010107518270369816,0.00038017363982452423,0.00011095436444788486,0.0006284672276288261,0.00011857641182827717,0.000737253703591817,1.125351747192591e-07,0.029509457841985155,1.0511288262357563e-08,,,,,,,,,,,,0.9996748838490725,True,0.9996745015228065,True,0.9996710781811684,True
double_sawtooth,even,3,spherical_sector,classical_null,random,17.0,18.0,,,,1330.0,,0.63671875,0.00019984012319024057,0.0004386728869683054,0.0002033438827251851,0.000669460401737626,0.00020616537312915652,0.0007654771992418596,1.1253517471925913e-07,0.02959818923720667,4.0232057854414344e-08,,,,,,,,,,,,0.9988399012830435,False,0.9988948137334633,False,0.9989332038470141,False
double_sawtooth,even,3,spherical_sector,classical_null,random,18.0,18.0,,,,1102.0,,0.63671875,0.00015225354077060346,0.00040979186978620796,0.00015831044568725302,0.0006984063565565191,0.000163194581310864,0.0008007317544136694,1.1253517471925912e-07,0.029510462864202214,2.347624643117958e-08,,,,,,,,,,,,0.9992422096983734,True,0.9992748570719862,True,0.9992952020249819,True
double_sawtooth,even,3,spherical_sector,classical_null,random,19.0,18.0,,,,665.0,,0.63671875,0.0020921567211678706,0.0075192897488408905,0.0022534677029054126,0.012360844155457101,0.002377295450558209,0.013721423624701523,1.6827987279990047e-07,0.021982320072015928,4.377339570811414e-06,,,,,,,,,,,,0.9828418015430455,False,0.9815935382312095,False,0.9806429862619228,False
double_sawtooth,even,3,generic,variational,random,0.0,30.0,26.0,3.0,0.14109665055146325,11160.0,5.621124400000554,0.63671875,0.0001399250288033057,0.000543934825753184,0.00016029032463595077,0.0010908209305945937,0.00017513383522643178,0.0012563399785008311,4.106957754193806e-09,0.02899257214477207,1.9868939448123225e-08,16.0,True,CONVERGENCE: RELATIVE REDUCTION OF F <= FACTR*EPSMCH,1.9868939448123225e-08,0.6386061903163371,0.9637335366476049,0.6386061903163371,-8.0,-8.0,-0.297661546613378,-1.9945496796248254,0.9993464379043244,True,0.9992581486025682,True,0.9991946223525847,True
double_sawtooth,even,3,generic,variational,random,1.0,30.0,26.0,3.0,0.22705932791080619,31155.0,17.139739700010978,0.63671875,0.00032300974078271373,0.0012965536729266092,0.0003531642664029511,0.002230353303567967,0.0003759332702842845,0.0025043038528390904,5.5480824043649086e-08,0.028027150084986144,1.0461556469617402e-07,16.0,True,CONVERGENCE: RELATIVE REDUCTION OF F <= FACTR*EPSMCH,1.0461556469617402e-07,0.6398155593154717,0.7484918474171255,0.6398155593154717,-6.734003206304535,-6.676213767758184,0.3603933808657792,-2.3277692753847594,0.9977985957059071,False,0.9976304590109107,False,0.997503030772535,False
double_sawtooth,even,3,generic,variational,random,2.0,30.0,26.0,3.0,0.5708447094958345,22320.0,12.416039899981115,0.63671875,9.4211032962087e-05,0.00028801270487124886,0.0001030833844381008,0.0007543684391748684,0.00010984357397874162,0.000901756815560345,0.0002335995941639912,0.029827368039440725,9.17632840811949e-09,16.0,True,CONVERGENCE: RELATIVE REDUCTION OF F <= FACTR*EPSMCH,9.17632840811949e-09,0.315598810680917,0.6272829093924276,0.315598810680917,-2.3147474223384674,-2.6294404750417932,-0.03242170603347582,-1.0694347104954407,0.9997329150222461,True,0.999740925800346,True,0.9997446460922134,True
double_sawtooth,even,3,generic,variational,random,3.0,30.0,26.0,3.0,0.13207624618918956,11811.0,6.595330499985721,0.63671875,0.00016813145898734948,0.00065990306540753,0.00018628039954064198,0.0012190881124120867,0.00019986869004702984,0.0013881787795489153,8.340271761941616e-08,0.02897112498098028,2.8557899585051756e-08,16.0,True,CONVERGENCE: RELATIVE REDUCTION OF F <= FACTR*EPSMCH,2.8557899585051756e-08,0.31653943512919097,0.5448080986781764,0.31653943512919097,-6.5755167359500595,-8.0,0.14083407442423268,-1.2979296607355075,0.999107973958135,False,0.9990388148033976,False,0.9989862488970707,False
double_sawtooth,even,3,generic,variational,random,4.0,30.0,26.0,3.0,0.10403703021290767,15810.0,7.681356699962635,0.63671875,7.56310670243396e-05,0.0002377929670749901,8.399985567196271e-05,0.0005400964502325911,9.032390362057239e-05,0.0006372371341711314,3.476231058396383e-09,0.029623034775214344,6.0162886817546035e-09,16.0,True,CONVERGENCE: RELATIVE REDUCTION OF F <= FACTR*EPSMCH,6.0162886817546035e-09,0.5690881877026958,0.9259543377724497,0.5690881877026958,-8.0,-7.999248623849897,-0.6228619830188867,-0.43564552720148786,0.9998899945239297,True,0.9999019743114106,True,0.9999090853497925,True
double_sawtooth,even,3,generic,variational,random,5.0,30.0,26.0,3.0,0.06228320445445834,26257.0,14.69561719999183,0.63671875,0.000618129801324862,0.002239982759294018,0.0006737280355100665,0.0038158041412069688,0.0007160390660009714,0.004266228658758864,4.115651893011942e-08,0.02668674961803158,3.8235131919365884e-07,16.0,True,CONVERGENCE: RELATIVE REDUCTION OF F <= FACTR*EPSMCH,3.8235131919365884e-07,0.1673696757434966,0.2603140842563309,0.1673696757434966,-5.871163562251805,-6.735219590970616,1.8494790651004502,-1.8137138552539769,0.99530357971922,False,0.994925177490463,False,0.9946378827695306,False
double_sawtooth,even,3,generic,variational,random,6.0,30.0,26.0,3.0,0.47705820679388133,29357.0,15.614069900009781,0.63671875,9.19610184423866e-05,0.00029661765740526813,0.00010090962069493883,0.0006243915439804182,0.00010770990794978883,0.0007287244167314411,6.927668605644769e-09,0.029537914216040205,8.752208124398056e-09,16.0,True,CONVERGENCE: RELATIVE REDUCTION OF F <= FACTR*EPSMCH,8.752208124398056e-09,0.1627002448777836,0.2526197634003018,0.1627002448777836,-8.0,-6.535473146983284,1.0728971650462809,-0.4893502326901069,0.9997519371862651,True,0.9997592704900798,True,0.9997626207019934,True
double_sawtooth,even,3,generic,variational,random,7.0,30.0,26.0,3.0,0.12133789667865336,39246.0,21.12614060001215,0.63671875,0.00023856454410240734,0.000703892149492652,0.00025580537389189407,0.0013507934399931698,0.00026906709656135077,0.0015441703395115969,1.6677359340521425e-07,0.028762806519579312,5.720067143572119e-08,16.0,True,CONVERGENCE: RELATIVE REDUCTION OF F <= FACTR*EPSMCH,5.720067143572119e-08,0.63788730253641,0.7161465151360952,0.63788730253641,-5.939718830094722,-8.0,1.8271655714915602,-2.067754320527288,0.9985125157130027,False,0.9984520840295303,False,0.9984033018296212,False
double_sawtooth,even,3,generic,variational,random,8.0,30.0,26.0,3.0,0.7926104895779235,19933.0,10.253346000041347,0.63671875,0.0001380720574922864,0.0006349416339123393,0.00015869004660409492,0.0011982282352304696,0.00017378044936417402,0.0013681376538678125,1.150702897095303e-06,0.02904710444612667,1.9354375611643473e-08,16.0,True,CONVERGENCE: RELATIVE REDUCTION OF F <= FACTR*EPSMCH,1.9354375611643473e-08,0.20738951042207654,0.2761250636479141,0.20738951042207654,-3.210614622122088,-4.610587184800382,1.1968689898898546,-0.8557679272745515,0.9993621033695435,True,0.999271653567896,True,0.9992060236602055,True
double_sawtooth,even,3,generic,variational,random,9.0,30.0,26.0,3.0,0.18200526732385303,34751.0,18.389826399972662,0.63671875,0.00013987144857188557,0.00063265772192167,0.0001629798795865514,0.0012365055943050207,0.00017962815518625017,0.0014178749328119244,8.612972988766949e-07,0.028937296073549175,1.9853403699306112e-08,16.0,True,CONVERGENCE: RELATIVE REDUCTION OF F <= FACTR*EPSMCH,1.9853403699306112e-08,0.5364578832221504,0.8321015550068835,0.5364578832221504,-2.622019556943979,-5.885761308206312,-0.19390880770248903,-1.8306932040020771,0.9993468908844902,True,0.9992354510802427,True,0.9991567609223476,False
double_sawtooth,even,3,generic,variational,random,10.0,30.0,26.0,3.0,0.24332552959260534,33480.0,17.160755900025833,0.63671875,0.0001196987525056107,0.00027346557310324593,0.00012359217895795306,0.00038529827085698187,0.00012669577618275272,0.0004773055430563611,3.6867645158645366e-08,0.02971491274518368,1.4624940847527731e-08,16.0,True,CONVERGENCE: RELATIVE REDUCTION OF F <= FACTR*EPSMCH,1.4624940847527731e-08,0.09521550229287686,0.12833293264856255,0.09521550229287686,-5.491189082641065,-5.987887950969837,2.0661704414258595,0.08938292228511045,0.9995174357098318,True,0.9995678492765212,True,0.9996026783454147,True
double_sawtooth,even,3,generic,variational,random,11.0,30.0,26.0,3.0,0.6726018899838102,40548.0,21.960446699988097,0.63671875,0.00012000376362801448,0.0004604624073257513,0.00012700845706498093,0.0007826805941087978,0.00013265883723739935,0.0008844592530181938,1.5830064164006633e-07,0.029647598812965255,1.469738085602444e-08,16.0,True,CONVERGENCE: RELATIVE REDUCTION OF F <= FACTR*EPSMCH,1.469738085602444e-08,0.25078198337112517,0.32281576596348954,0.25078198337112517,-4.978338120496557,-5.719015568684784,1.3007385616366545,-0.8907275486964644,0.9995148570724287,True,0.9995390188380179,True,0.9995524438222526,True
double_sawtooth,even,3,generic,variational,random,12.0,30.0,26.0,3.0,0.17096693445726885,36983.0,20.499171699979343,0.63671875,0.00015422303397126524,0.000520156661392851,0.00017175312473503165,0.0010849860514986487,0.00018491722487238373,0.001256172583414178,2.7647692352213446e-06,0.029052149688729968,2.4075293351881683e-08,16.0,True,CONVERGENCE: RELATIVE REDUCTION OF F <= FACTR*EPSMCH,2.4075293351881683e-08,0.5971348054062867,0.7798860554414376,0.5971348054062867,-3.143085606577733,-5.900189743994968,0.21352453707356722,-1.9143569591858909,0.9992255591290685,True,0.9991614124637119,True,0.9991122042942637,False
double_sawtooth,even,3,generic,variational,random,13.0,30.0,26.0,3.0,0.33524204411606795,20026.0,10.27835859998595,0.63671875,0.00011694765320481798,0.0005278159551918571,0.000126872181337944,0.0009018360200881426,0.00013457778704263528,0.00101849375010446,2.4833405421360084e-07,0.02947948597889901,1.3971550933243906e-08,16.0,True,CONVERGENCE: RELATIVE REDUCTION OF F <= FACTR*EPSMCH,1.3971550933243906e-08,0.664757955883932,0.8107618618543868,0.664757955883932,-5.95404172366981,-6.447575325357736,0.7016565894635153,-1.9076195917339565,0.9995406941651325,True,0.9995401688875293,True,0.9995362780430403,True
double_sawtooth,even,3,generic,variational,random,14.0,30.0,26.0,3.0,0.7370516067740799,16120.0,7.917144299950451,0.63671875,0.00011909617578238146,0.00027742700115586383,0.00012477556957333607,0.0005803603656666656,0.00012931356428153498,0.0006871978305214022,2.9699072543887815e-07,0.02967291478831401,1.4480631203778299e-08,16.0,True,CONVERGENCE: RELATIVE REDUCTION OF F <= FACTR*EPSMCH,1.4480631203778299e-08,0.2629483932259201,0.46529106082270943,0.2629483932259201,-4.793578665778379,-4.666738069300463,0.1495803625335781,-0.500425288727347,0.9995225300384074,True,0.999557862481157,True,0.9995806253535576,True
double_sawtooth,even,3,generic,variational,random,15.0,30.0,26.0,3.0,0.1678561100461895,21173.0,12.831134099978954,0.63671875,8.633973242421694e-05,0.0003435440801941303,9.591268544187973e-05,0.0007099283411746149,0.00010317106419943939,0.0008246843971528028,1.3022489757357624e-06,0.029583307265603712,7.750395490231173e-09,16.0,True,CONVERGENCE: RELATIVE REDUCTION OF F <= FACTR*EPSMCH,7.750395490231173e-09,0.47363053040081815,0.7451850403413889,0.47363053040081815,-2.7004842721642346,-5.744181816476709,-0.028561754121952578,-1.5402464218887795,0.9997994608905342,True,0.9998014403105703,True,0.9998008572133115,True
double_sawtooth,even,3,generic,variational,random,16.0,30.0,26.0,3.0,0.19165113330574557,9982.0,5.382219999970403,0.63671875,0.0005912527133932955,0.002380489064492425,0.0006428213847357763,0.004146022260792165,0.0006819589097331113,0.004652764326688208,5.591414309032718e-05,0.026676385313487646,3.498470940895002e-07,16.0,True,CONVERGENCE: RELATIVE REDUCTION OF F <= FACTR*EPSMCH,3.498470940895002e-07,0.307811057345622,0.6724580520409232,0.307811057345622,-2.3317990368125274,-3.931935682181754,-0.003533223860297218,-2.4569239172406463,0.995530805086217,False,0.995186002946289,False,0.9949249837037184,False
double_sawtooth,even,3,generic,variational,random,17.0,30.0,26.0,3.0,0.41922794882812575,55087.0,30.967770699993707,0.63671875,0.00020139908386630195,0.0012067807752730864,0.00022822701073244042,0.0020608779519882825,0.00024811657773063167,0.002311068257093013,5.120761184578903e-05,0.028808617771512703,4.0850189236019314e-08,16.0,True,CONVERGENCE: RELATIVE REDUCTION OF F <= FACTR*EPSMCH,4.0850189236019314e-08,0.5807720511718742,0.6796742839120752,0.5807720511718742,-3.374067067150236,-3.2981407415522375,0.9080557667541191,-1.9591268134234228,0.9988267214544603,False,0.998684821610659,False,0.9985797949618928,False
double_sawtooth,even,3,generic,variational,random,18.0,30.0,26.0,3.0,0.17165194007463092,11408.0,6.160696699982509,0.63671875,9.981284614608409e-05,0.0003422176800664811,0.00010774753178729466,0.0006717249573577055,0.00011392737297142215,0.0007759426448126217,7.55643320127396e-08,0.02960216030539764,1.025862661447915e-08,16.0,True,CONVERGENCE: RELATIVE REDUCTION OF F <= FACTR*EPSMCH,1.025862661447915e-08,0.43381167276780297,0.8179898398926044,0.43381167276780297,-4.118663412620454,-6.648835822156009,-0.3513908698171662,-1.3022472175677637,0.9996855559460015,True,0.9997015644225222,True,0.9997102430074206,True
double_sawtooth,even,3,generic,variational,random,19.0,30.0,26.0,3.0,0.373278352300051,32457.0,16.937745100003667,0.63671875,7.056074157300952e-05,0.0002507184033368748,8.191806047008553e-05,0.0005872905671155393,9.018253296840652e-05,0.0006941256035758459,2.455434972520728e-08,0.02954750061067643,5.274293502983295e-09,16.0,True,CONVERGENCE: RELATIVE REDUCTION OF F <= FACTR*EPSMCH,5.274293502983295e-09,0.19376340208349868,0.2843145463383868,0.19376340208349868,-0.942469346385712,-7.999579919207628,1.039961912801665,-0.6601208326410805,0.9999328602750261,True,0.9999195428660376,True,0.9999102762963946,True
double_sawtooth,even,3,equivariant,variational,random,0.0,30.0,18.0,2.0,0.5080540060615366,14322.0,7.560725899995305,0.63671875,0.11754689798910996,0.1906342779878397,0.1177997608116386,0.19711278896275,0.11804540290683642,0.1989813753395168,0.11037092776141284,0.0,0.0138172743305715,8.0,True,CONVERGENCE: RELATIVE REDUCTION OF F <= FACTR*EPSMCH,0.0138172743305715,0.0,0.0,0.0,0.5946664661903316,0.501102947457911,-1.1144314564168347,-0.9449512191324877,0.006759644765371782,False,0.006482556806384349,False,0.006221934743789914,False
double_sawtooth,even,3,equivariant,variational,random,1.0,30.0,18.0,2.0,0.618961724193068,11625.0,6.549446300021373,0.63671875,0.11754689816149548,0.19066520473336251,0.11779977239404815,0.19715770715273445,0.11804542301861355,0.19903017707889603,0.11068478883123876,0.0,0.013817274374236879,8.0,True,CONVERGENCE: RELATIVE REDUCTION OF F <= FACTR*EPSMCH,0.013817274374236879,0.0,0.0,0.0,0.7375439901565839,1.5599250509620972,-0.9465892506253473,-0.9456695172443591,0.006759643307983105,False,0.0064824590608450056,False,0.006221765316456379,False
double_sawtooth,even,3,equivariant,variational,random,2.0,30.0,18.0,2.0,0.4446706441044035,7037.0,4.010955000005197,0.63671875,0.11754689799452052,0.19063352790982968,0.11779975854948313,0.1971102049841722,0.11804539864103043,0.19897824394593566,0.11029946696725831,0.0,0.013817274331128882,8.0,True,CONVERGENCE: RELATIVE REDUCTION OF F <= FACTR*EPSMCH,0.013817274331128882,0.0,0.0,0.0,0.3592600530250458,0.5074236413917004,-1.4323528667886203,-1.37620785346608,0.0067596447196295985,False,0.006482575897024021,False,0.006221970680153413,False
double_sawtooth,even,3,equivariant,variational,random,3.0,30.0,18.0,2.0,0.5544773413697768,9424.0,5.199377899989486,0.63671875,0.11757006495306273,0.19078407247788112,0.11782090661817428,0.19453288682947406,0.11806494048113834,0.1955005326037023,0.0007635937601983088,0.0,0.013822720180703326,8.0,True,CONVERGENCE: RELATIVE REDUCTION OF F <= FACTR*EPSMCH,0.013822720180703326,0.0,0.0,0.0,0.3781166495909551,-1.593662434699014,-1.060889669769776,-0.7494215996810771,0.00656378567900883,False,0.006304104450975468,False,0.006057344658293858,False
double_sawtooth,even,3,equivariant,variational,random,4.0,30.0,18.0,2.0,0.0004750099640966621,14725.0,8.3538172999979,0.63671875,0.11761575843612032,0.18783945685005832,0.117868763759078,0.1906919386430442,0.1181152144971216,0.1914502365008478,0.0024592255971523473,0.0,0.013833466657096064,8.0,True,CONVERGENCE: RELATIVE REDUCTION OF F <= FACTR*EPSMCH,0.013833466657096064,0.0,0.0,0.0,2.321631092524615,-2.5198212452464372,-0.8060320381354851,-1.529515010546267,0.006177481981094572,False,0.005900231489071828,False,0.00563382204176826,False
double_sawtooth,even,3,equivariant,variational,random,5.0,30.0,18.0,2.0,0.3522719616437814,13609.0,7.42701429995941,0.63671875,0.11754689803212962,0.19062219300442687,0.11779975239793539,0.19709195229390025,0.11804538766270792,0.19895801729935253,0.11009775115235063,0.0,0.013817274337953388,8.0,True,CONVERGENCE: RELATIVE REDUCTION OF F <= FACTR*EPSMCH,0.013817274337953388,0.0,0.0,0.0,0.49957957542310244,0.22494308043509242,-1.2451868390110032,-1.0432888062155081,0.006759644401673251,False,0.00648262781077734,False,0.00622206316466625,False
double_sawtooth,even,3,equivariant,variational,random,6.0,30.0,18.0,2.0,0.4725387978813076,13144.0,6.541773000033572,0.63671875,0.11756235640990115,0.19038304820582108,0.11781324322986506,0.19322706762612912,0.11805732579360771,0.19391989344415347,0.002544309582634607,0.0,0.013820907670091722,8.0,True,CONVERGENCE: RELATIVE REDUCTION OF F <= FACTR*EPSMCH,0.013820907670091722,0.0,0.0,0.0,-1.2038835183996117,3.884641489538911,-0.9112303992105164,-1.2155470182067178,0.006628955557284399,False,0.0063687768337425555,False,0.006121492952873553,False
double_sawtooth,even,3,equivariant,variational,random,7.0,30.0,18.0,2.0,0.09092221730901606,13888.0,7.276208899973426,0.63671875,0.11756426356896692,0.19116593750682562,0.11781532365541832,0.1944158924879391,0.11805955546112594,0.19522418081110057,0.001298449923856202,0.0,0.013821356081498022,8.0,True,CONVERGENCE: RELATIVE REDUCTION OF F <= FACTR*EPSMCH,0.013821356081498022,0.0,0.0,0.0,-2.0275506358870783,3.785568022566926,-1.012125236350268,-0.9716727534991731,0.006612831975751142,False,0.006351219837767683,False,0.006102709599229867,False
double_sawtooth,even,3,equivariant,variational,random,8.0,30.0,18.0,2.0,0.9627838961790794,14973.0,8.207702999992762,0.63671875,0.11754690834657108,0.1904763432701741,0.11779965962104337,0.196818040749875,0.11804521481652193,0.19864655309069668,0.10557468440952313,0.0,0.013817276717584025,8.0,True,CONVERGENCE: RELATIVE REDUCTION OF F <= FACTR*EPSMCH,0.013817276717584025,0.0,0.0,0.0,3.041729396837282,4.178405366191148,-1.45409891536366,-0.6118833580007834,0.006759557200903815,False,0.006483410767666681,False,0.006223519270121818,False
double_sawtooth,even,3,equivariant,variational,random,9.0,30.0,18.0,2.0,0.4628281560810259,10416.0,4.993649000010919,0.63671875,0.11754689798913603,0.19063376664664403,0.11779975990722868,0.19711207719641266,0.11804540116884414,0.19898060791601563,0.11036557346041122,0.0,0.013817274330524086,8.0,True,CONVERGENCE: RELATIVE REDUCTION OF F <= FACTR*EPSMCH,0.013817274330524086,0.0,0.0,0.0,0.7138133664675349,0.4131353789666359,-0.8080981810616488,-1.2928101012075168,0.006759644765151326,False,0.00648256443882346,False,0.006221949385131423,False
double_sawtooth,even,3,equivariant,variational,random,10.0,30.0,18.0,2.0,0.5952593053940938,14880.0,9.090917099965736,0.63671875,0.11756317293619103,0.19061180525381266,0.11781407942268526,0.1936120436979977,0.11805817594341052,0.19435002722634787,0.0019233841477680183,0.0,0.0138210996500586,8.0,True,CONVERGENCE: RELATIVE REDUCTION OF F <= FACTR*EPSMCH,0.0138210996500586,0.0,0.0,0.0,-1.0518503745027215,4.12666864945345,-0.7540711638763298,-0.8424895123175319,0.006622052447603963,False,0.006361720088089915,False,0.006114331049017634,False
double_sawtooth,even,3,equivariant,variational,random,11.0,30.0,18.0,2.0,0.11529982574869468,20677.0,34092.53772010002,0.63671875,0.11772594967478178,0.19514186185822602,0.11797476927895449,0.19901557619110463,0.11821736200552617,0.20000216204221474,0.0014478349805090792,0.0,0.013859399241307602,8.0,True,CONVERGENCE: RELATIVE REDUCTION OF F <= FACTR*EPSMCH,0.013859399241307602,0.0,0.0,0.0,3.1152374089844734,-7.998243332138758,-1.3731159710157583,-0.9908405432637988,0.005245898741554222,False,0.005005636398721799,False,0.004773302364058851,False
double_sawtooth,even,3,equivariant,variational,random,12.0,30.0,18.0,2.0,0.7606738561523739,32798.0,32.53271820000373,0.63671875,0.11757464007815963,0.19138473852822432,0.11782588181259082,0.19575693000563915,0.11807027065165733,0.19690731900524022,0.002902260250888362,0.0,0.013823796018531382,8.0,True,CONVERGENCE: RELATIVE REDUCTION OF F <= FACTR*EPSMCH,0.013823796018531382,0.0,0.0,0.0,3.005146323311109,-1.118297974367759,-0.8084180535136498,-1.3990215834488584,0.0065251064708354385,False,0.0062621181043799184,False,0.006012441785098287,False
double_sawtooth,even,3,equivariant,variational,random,13.0,30.0,18.0,2.0,0.5396352019492591,28613.0,21.092943000025116,0.63671875,0.11754689798856688,0.19063450695065381,0.11779976032227293,0.19711307879905043,0.11804540192353663,0.1989816834701558,0.11037390217354089,0.0,0.01381727433047357,8.0,True,CONVERGENCE: RELATIVE REDUCTION OF F <= FACTR*EPSMCH,0.01381727433047357,0.0,0.0,0.0,0.5471143814358042,1.9712641978589338,-1.2375308804024934,-0.6853454642527468,0.006759644769963107,False,0.006482560936208239,False,0.006221943027387142,False
double_sawtooth,even,3,equivariant,variational,random,14.0,30.0,18.0,2.0,0.05382402159572752,27156.0,18.13473890000023,0.63671875,0.11756190571095516,0.18997847857982292,0.11781289326416033,0.1926636458014091,0.11805707825945345,0.19331236718439454,0.0030674485969460564,0.0,0.013820801705065998,8.0,True,CONVERGENCE: RELATIVE REDUCTION OF F <= FACTR*EPSMCH,0.013820801705065998,0.0,0.0,0.0,-1.7109110128541776,4.8898088023759,-0.8521861800273112,-1.16838169294333,0.006632765874595076,False,0.006371730242221654,False,0.006123578251026886,False
double_sawtooth,even,3,equivariant,variational,random,15.0,30.0,18.0,2.0,0.013922201430158765,17081.0,12.092282099998556,0.63671875,0.11755926104332166,0.18970027425741784,0.11781006448410056,0.19200213070071134,0.118054063107214,0.1925353369490356,0.006291482499512656,0.0,0.013820179919966672,8.0,True,CONVERGENCE: RELATIVE REDUCTION OF F <= FACTR*EPSMCH,0.013820179919966672,0.0,0.0,0.0,0.8336874033523182,-1.3050478696932706,-0.980556512240459,-1.2032445875050775,0.00665512453097694,False,0.006395602704298204,False,0.006148978751478273,False
double_sawtooth,even,3,equivariant,variational,random,16.0,30.0,18.0,2.0,0.11692212134809254,18135.0,13.665818499983288,0.63671875,0.11756496968888845,0.19124597304937466,0.11781605257223231,0.19460291552703468,0.11806030265492692,0.19544292442630354,0.0009962406138633998,0.0,0.013821522107911665,8.0,True,CONVERGENCE: RELATIVE REDUCTION OF F <= FACTR*EPSMCH,0.013821522107911665,0.0,0.0,0.0,-2.1198010834178853,2.83758447251084,-0.7747541191392427,-1.3212753299254159,0.006606862268068413,False,0.0063450684090135025,False,0.006096415026030262,False
double_sawtooth,even,3,equivariant,variational,random,17.0,30.0,18.0,2.0,0.017155801194468356,14539.0,9.196926200005691,0.63671875,0.11755934229169478,0.18958601783703227,0.1178102007117089,0.1918675200322829,0.11805424627033104,0.1923958356233329,0.006306252841223763,0.0,0.013820199023118386,8.0,True,CONVERGENCE: RELATIVE REDUCTION OF F <= FACTR*EPSMCH,0.013820199023118386,0.0,0.0,0.0,0.42633754695803444,-1.3008608408693052,-0.4934706162695559,-1.5437443434672016,0.00665443763768532,False,0.006394453060867004,False,0.00614743573325981,False
double_sawtooth,even,3,equivariant,variational,random,18.0,30.0,18.0,2.0,0.3684149507826815,10385.0,6.83465559995966,0.63671875,0.11754689799567487,0.19063052366073546,0.11779975572613291,0.1971071795152335,0.118045393232467,0.19897523777591927,0.11031705591842222,0.0,0.013817274331576151,8.0,True,CONVERGENCE: RELATIVE REDUCTION OF F <= FACTR*EPSMCH,0.013817274331576151,0.0,0.0,0.0,0.23065601484727571,1.4798420352441513,-1.1646507722555672,-0.8258693017932005,0.006759644709870409,False,0.006482599723662939,False,0.006222016243430802,False
double_sawtooth,even,3,equivariant,variational,random,19.0,30.0,18.0,2.0,0.5525979541398556,5704.0,3.9636138000059873,0.63671875,0.11754689799187787,0.1906310094802081,0.11779975950380843,0.19710853434638248,0.11804540050839013,0.1989768593994513,0.11036042428489143,0.0,0.013817274331117183,8.0,True,CONVERGENCE: RELATIVE REDUCTION OF F <= FACTR*EPSMCH,0.013817274331117183,0.0,0.0,0.0,0.5756193138463676,2.030392907659487,-1.4524780001321766,-1.0733890432868287,0.006759644741971198,False,0.006482567843342209,False,0.006221954948983949,False
double_sawtooth,even,3,sector_mixed,variational,random,0.0,30.0,20.0,3.0,0.13242768271066296,11098.0,6.671543200034648,0.63671875,0.0001310908277163249,0.0005129495640857351,0.00015106801575233953,0.0010324295359131763,0.00016557378897378967,0.0011904371885241016,9.847654031749336e-09,0.029047575292281188,1.7475280962750528e-08,16.0,True,CONVERGENCE: RELATIVE REDUCTION OF F <= FACTR*EPSMCH,1.7475280962750528e-08,0.6864131960908028,1.2412795884615435,0.6864131960908028,-8.0,-8.0,-0.8148084145331689,-1.828884090582567,0.9994211243654926,True,0.9993359769294194,True,0.9992751589026063,True
double_sawtooth,even,3,sector_mixed,variational,random,1.0,30.0,20.0,3.0,0.13408156730258314,10726.0,7.909300500003155,0.63671875,0.0001325848631248613,0.0005354040970008134,0.00015259078471534633,0.0010588462179692004,0.0001671308966420218,0.0012178185917982587,1.415859208789584e-08,0.029042626229393607,1.7869172333718055e-08,16.0,True,CONVERGENCE: RELATIVE REDUCTION OF F <= FACTR*EPSMCH,1.7869172333718055e-08,0.5210424457305152,0.9810898847357222,0.5210424457305152,-7.751578088524682,-7.573873709655332,-0.5391843144156159,-1.698941611071986,0.9994084934307398,True,0.9993231260737316,True,0.9992620413845215,True
double_sawtooth,even,3,sector_mixed,variational,random,2.0,30.0,20.0,3.0,0.5465255994654276,14477.0,10.622655800019857,0.63671875,0.0021698457659052412,0.007792132342740371,0.002259075414316653,0.01026353433912447,0.002332633013874604,0.010928364662286388,2.1243477166776483e-07,0.025810176025861494,4.70848875170151e-06,16.0,True,CONVERGENCE: RELATIVE REDUCTION OF F <= FACTR*EPSMCH,4.70848875170151e-06,0.10736223916338458,0.20952895482824951,0.10736223916338458,-7.662491530260251,-4.8494695526689515,1.0097228324933318,-5.016187865129098,0.9821849996697533,False,0.9815462139871284,False,0.9810192353376072,False
double_sawtooth,even,3,sector_mixed,variational,random,3.0,30.0,20.0,3.0,0.13275989495120832,13578.0,10.349853199964855,0.63671875,0.00014551219799835324,0.000563681231470714,0.00016341122252456393,0.0010833605337517704,0.00017666078896476145,0.0012410777868993306,6.209983103842891e-08,0.02905369778423491,2.1464337365152616e-08,16.0,True,CONVERGENCE: RELATIVE REDUCTION OF F <= FACTR*EPSMCH,2.1464337365152616e-08,0.678579475126329,1.1336039361176289,0.678579475126329,-6.647828429855929,-6.808028241984535,-0.8031791694436906,-1.3816513522749054,0.9992992026318853,True,0.9992318109181543,True,0.9991817588597859,True
double_sawtooth,even,3,sector_mixed,variational,random,4.0,30.0,20.0,3.0,0.2859471857911897,19127.0,14.121744400006719,0.63671875,7.513119336542497e-05,0.0002142452451333321,8.445806231832414e-05,0.0005291065793094907,9.14150091299832e-05,0.0006299409072575146,5.3254703163657576e-09,0.02958997033019247,5.940595973069505e-09,16.0,True,CONVERGENCE: RELATIVE REDUCTION OF F <= FACTR*EPSMCH,5.940595973069505e-09,0.5414057057577438,0.7158402732909372,0.5414057057577438,-8.0,-7.718120776756078,0.3874910115430366,-1.677939880991463,0.999894220576093,True,0.9998981074428109,True,0.9998998935664982,True
double_sawtooth,even,3,sector_mixed,variational,random,5.0,30.0,20.0,3.0,0.16665453404123975,16430.0,10.599416300014127,0.63671875,6.918322229145794e-05,0.00021935950799384374,8.0098229153888e-05,0.0005511437130801267,8.805955453622715e-05,0.0006565092628836033,8.52276838419622e-08,0.029577750913072742,5.0820966080368486e-09,16.0,True,CONVERGENCE: RELATIVE REDUCTION OF F <= FACTR*EPSMCH,5.0820966080368486e-09,0.5050386616670506,0.814846850924986,0.5050386616670506,-4.723775775253736,-6.947668282951039,-0.14329656152102566,-1.6091031695507052,0.999944506154412,True,0.9999349006715804,True,0.9999281608708182,True
double_sawtooth,even,3,sector_mixed,variational,random,6.0,30.0,20.0,3.0,0.4527807433671184,9734.0,7.551256000006106,0.63671875,7.214959987347703e-05,0.0001865923351217491,8.218543565560136e-05,0.0005039912262595481,8.959533781794061e-05,0.0006057083316997613,1.8190599134905117e-09,0.029571449226191277,5.501279272355349e-09,16.0,True,CONVERGENCE: RELATIVE REDUCTION OF F <= FACTR*EPSMCH,5.501279272355349e-09,0.48396066843370555,0.871656921110938,0.48396066843370555,-8.0,-8.0,-0.3091224173328728,-1.5708785709390714,0.999919427684734,True,0.9999172864502535,True,0.9999152229954332,True
double_sawtooth,even,3,sector_mixed,variational,random,7.0,30.0,20.0,3.0,0.14558316149291572,10726.0,6.216097800002899,0.63671875,0.00024538462037754753,0.0009078150961628062,0.0002700692562746309,0.0016570904733171077,0.0002886241216405132,0.0018795151964763612,2.80994673290427e-08,0.028475561386429548,6.04983678126921e-08,16.0,True,CONVERGENCE: RELATIVE REDUCTION OF F <= FACTR*EPSMCH,6.04983678126921e-08,0.675559827418931,1.0620662658486266,0.675559827418931,-7.36645172141726,-7.991112882931726,-0.8033749857992507,-1.088526910007467,0.998454857147517,False,0.998331709173921,False,0.9982385478852428,False
double_sawtooth,even,3,sector_mixed,variational,random,8.0,30.0,20.0,3.0,0.2076092896024473,32271.0,21.134448700002395,0.63671875,0.00022052160761514282,0.0005838456645575196,0.00023187863046449943,0.0011050653594181503,0.0002407125682007002,0.0012616618814841885,1.0610644920586688e-07,0.029182676155303545,4.892160724778455e-08,16.0,True,CONVERGENCE: RELATIVE REDUCTION OF F <= FACTR*EPSMCH,4.892160724778455e-08,0.7923907103975527,0.9112948974137419,0.7923907103975527,-6.545825140445256,-5.920341418054837,2.1969395948801025,-2.155695240952528,0.9986650550385227,False,0.9986540050919726,False,0.9986421684450444,False
double_sawtooth,even,3,sector_mixed,variational,random,9.0,30.0,20.0,3.0,0.20482411912113996,11439.0,6.674973800021689,0.63671875,0.00032848754889873633,0.0014620230968376557,0.0003657586712141055,0.002420557166743109,0.00039373064629391526,0.0026977794273836952,5.255335893083694e-08,0.02815826584396747,1.0818565296547296e-07,16.0,True,CONVERGENCE: RELATIVE REDUCTION OF F <= FACTR*EPSMCH,1.0818565296547296e-07,0.7152161522662484,0.7705406389478353,0.7152161522662484,-7.554976199011962,-5.388997468017795,2.3462259499127347,-2.377776106837309,0.9977522849983382,False,0.9975241731050157,False,0.9973531006126409,False
double_sawtooth,even,3,sector_mixed,variational,random,10.0,30.0,20.0,3.0,0.13385944931252403,13857.0,9.06233639997663,0.63671875,0.00013870830927671418,0.0005566264815417554,0.0001597230915417605,0.0011000503080519641,0.00017498939721866347,0.0012647074122262292,8.913322433117917e-09,0.02898895529093196,1.952988470444714e-08,16.0,True,CONVERGENCE: RELATIVE REDUCTION OF F <= FACTR*EPSMCH,1.952988470444714e-08,0.8407521562617308,1.4322583229794765,0.8407521562617308,-7.999641173153969,-7.960765985003597,-1.018094199906976,-1.767499558405915,0.9993567243438995,True,0.9992629355602827,True,0.9991958391394632,True
double_sawtooth,even,3,sector_mixed,variational,random,11.0,30.0,20.0,3.0,0.15158373942337466,9486.0,4.600361699995119,0.63671875,0.0022121075388342815,0.007682107960588491,0.002302038376162198,0.010182225822409685,0.002376274484165774,0.010854792892699638,6.413168730897628e-08,0.02580726367742708,4.8936778366455525e-06,16.0,True,CONVERGENCE: RELATIVE REDUCTION OF F <= FACTR*EPSMCH,4.8936778366455525e-06,0.009929675498322608,0.013855462807699517,0.009929675498322608,-7.59481971007506,-6.499275066306508,3.3906218186399855,-2.381715840599149,0.981827708474807,False,0.981183643672123,False,0.980651587173337,False
double_sawtooth,even,3,sector_mixed,variational,random,12.0,30.0,20.0,3.0,0.40610797656385655,13919.0,8.405940200027544,0.63671875,0.0001866693949190791,0.0003620588045274431,0.00018792798203574345,0.0004509036892113294,0.00018901652649524003,0.0005216846121478824,4.461233327040821e-08,0.029845789699078293,3.514392134256923e-08,16.0,True,CONVERGENCE: RELATIVE REDUCTION OF F <= FACTR*EPSMCH,3.514392134256923e-08,0.5790302137116535,0.7203843745985227,0.5790302137116535,-8.0,-6.713608193030425,0.8585898801654144,-1.689637713766427,0.9989512497882331,False,0.9990249106292303,False,0.9990776706109029,False
double_sawtooth,even,3,sector_mixed,variational,random,13.0,30.0,20.0,3.0,0.056213764585694714,8339.0,5.608310299983714,0.63671875,0.0021915297324921128,0.0075819534338792405,0.0022807207993904874,0.010065703761334366,0.0023542812025295996,0.01073472764014044,1.5061736180062884e-08,0.025818734049945818,4.803060755888068e-06,16.0,True,CONVERGENCE: RELATIVE REDUCTION OF F <= FACTR*EPSMCH,4.803060755888068e-06,0.24663491218481115,0.34375350422558126,0.24663491218481115,-7.978600047437843,-8.0,0.1782633117197818,-6.121440681406791,0.9820016781998755,False,0.9813635456200627,False,0.9808368648362084,False
double_sawtooth,even,3,sector_mixed,variational,random,14.0,30.0,20.0,3.0,0.7725339959241135,13547.0,10.63739240000723,0.63671875,0.0007313067801973692,0.0027055644675407498,0.0007795730799479541,0.004207192712467417,0.0008173225847783408,0.004630525176845979,2.0291211067922583e-07,0.027134876043146672,5.350809575521958e-07,16.0,True,CONVERGENCE: RELATIVE REDUCTION OF F <= FACTR*EPSMCH,5.350809575521958e-07,0.2274660040758864,0.2590617464586464,0.2274660040758864,-3.9941629089988817,-2.454748200975669,1.3745738842362365,-1.6942324359126797,0.9943467543136779,False,0.9940319366743025,False,0.993784641586296,False
double_sawtooth,even,3,sector_mixed,variational,random,15.0,30.0,20.0,3.0,0.060884305572683206,15345.0,9.180465499986894,0.63671875,0.0005077795777900982,0.0017325355845713708,0.000552770221004338,0.0030786299872765377,0.0005868898395648925,0.0034674822324972654,2.1367992811412048e-07,0.027117095513745453,2.5811127271262717e-07,16.0,True,CONVERGENCE: RELATIVE REDUCTION OF F <= FACTR*EPSMCH,2.5811127271262717e-07,0.3867079330952974,0.45604724701808075,0.3867079330952974,-5.070706201288012,-5.937143762881607,1.538575178897117,-2.311192642396611,0.9962365070551251,False,0.9959459570415881,False,0.9957258726034972,False
double_sawtooth,even,3,sector_mixed,variational,random,16.0,30.0,20.0,3.0,0.5298253207833276,36921.0,24.08098660001997,0.63671875,7.888697101111463e-05,0.00019510941001929516,8.713841344990332e-05,0.000522640947043046,9.339881561315121e-05,0.0006270729021087829,1.6916602828307845e-07,0.029597873785452703,6.51913462482325e-09,16.0,True,CONVERGENCE: RELATIVE REDUCTION OF F <= FACTR*EPSMCH,6.51913462482325e-09,0.4374083236428099,0.6229922769006087,0.4374083236428099,-3.2907134897271786,-6.4324200808445156,0.3190208024985786,-1.4628335223756903,0.9998624683283766,True,0.9998754875927737,True,0.9998831814161756,True
double_sawtooth,even,3,sector_mixed,variational,random,17.0,30.0,20.0,3.0,0.16196876228575674,21111.0,12.587283600005321,0.63671875,0.00046637589602010343,0.001672612655589184,0.0005075013800077377,0.0030099290106080367,0.0005387185732659935,0.003397795033687423,7.977679839058563e-06,0.027251683320437956,2.177790729985571e-07,16.0,True,CONVERGENCE: RELATIVE REDUCTION OF F <= FACTR*EPSMCH,2.177790729985571e-07,0.4321103050950681,0.7020578068188572,0.4321103050950681,-2.641213367768812,-5.333471307787263,-0.3677922546777186,-1.872481823947095,0.996586543740988,False,0.996327986986336,False,0.9961316810583272,False
double_sawtooth,even,3,sector_mixed,variational,random,18.0,30.0,20.0,3.0,0.36246517501684616,16275.0,10.275229199964087,0.63671875,0.002201232242732148,0.007775724832324249,0.0022914592436699193,0.01028870813173105,0.0023658735277293326,0.0109651686166648,1.408025737389625e-07,0.025806493237413616,4.845681452784002e-06,16.0,True,CONVERGENCE: RELATIVE REDUCTION OF F <= FACTR*EPSMCH,4.845681452784002e-06,0.04658085785144833,0.06868232026990125,0.04658085785144833,-6.427394329239089,-7.721837689375658,2.128237539980191,-4.228343061795334,0.9819196508442446,False,0.9812729224191051,False,0.9807392077900348,False
double_sawtooth,even,3,sector_mixed,variational,random,19.0,30.0,20.0,3.0,0.13326231447957193,15469.0,9.594079600006808,0.63671875,0.00013085757365775082,0.0006165497899954797,0.0001495906182390352,0.0011260223435040906,0.00016331434249659496,0.0012807256112539467,1.5840587288079763e-08,0.0291003483327547,1.7414708225327103e-08,16.0,True,CONVERGENCE: RELATIVE REDUCTION OF F <= FACTR*EPSMCH,1.7414708225327103e-08,0.7304275014660057,1.2886657606859149,0.7304275014660057,-8.0,-7.160207461238523,-0.727112975772463,-2.0969726780897537,0.9994230963514161,True,0.9993484448892335,True,0.9992941931226742,True
