q0,topology,decoder_alignment,decoder_matches_topology,seed,objective,train_masked_rmse,nested_masked_rmse,shifted_masked_rmse,nit,nfev,message,min_log_scale,max_log_scale,scale_on_bound,seconds,null_rank,circuit_rank
8,nearest,nearest,True,0,0.0034416534847625246,0.04054982537495198,0.03729635185153187,0.0383312457626572,240,289,CONVERGENCE: RELATIVE REDUCTION OF F <= FACTR*EPSMCH,-3.4975756643767606,-0.6742066528511983,False,1.1539850999834016,14,14
8,nearest,nearest,True,1,0.003665385314311586,0.043283473868387594,0.039831489989449506,0.040713003116242465,629,722,CONVERGENCE: RELATIVE REDUCTION OF F <= FACTR*EPSMCH,-8.0,-0.09152602865815893,True,2.9988601999357343,14,14
8,nearest,nearest,True,2,0.0034416534847252415,0.040549825437826835,0.037296353522370256,0.03833124679366691,246,287,CONVERGENCE: RELATIVE REDUCTION OF F <= FACTR*EPSMCH,-3.4975752868990044,-0.6742002737616485,False,1.101022099959664,14,14
8,nearest,nearest,True,3,0.0034416534847087864,0.04054982357766627,0.03729635102052162,0.038331244348196465,268,305,CONVERGENCE: RELATIVE REDUCTION OF F <= FACTR*EPSMCH,-3.497581052801585,-0.6741970720757522,False,1.5029810999985784,14,14
8,nearest,nearest,True,4,0.0035881090917566985,0.0376804308974553,0.03473743552808667,0.03583782199704443,92,101,CONVERGENCE: RELATIVE REDUCTION OF F <= FACTR*EPSMCH,-3.2033402242560305,-0.6364066362433435,False,0.49560829997062683,14,14
8,nearest,nearest,True,5,0.0035881090917526566,0.03768042761296426,0.03473743277629627,0.03583781891965576,84,92,CONVERGENCE: RELATIVE REDUCTION OF F <= FACTR*EPSMCH,-3.2033389710535354,-0.6364058939103309,False,0.49057989998254925,14,14
8,nearest,nearest,True,6,0.0035881090917575607,0.03768042139699782,0.03473742828759001,0.03583781397214736,88,97,CONVERGENCE: RELATIVE REDUCTION OF F <= FACTR*EPSMCH,-3.2033350180382723,-0.6364073864477362,False,0.3730394000886008,14,14
8,nearest,nearest,True,7,0.006842550538989941,0.07086199819128085,0.06270755209168137,0.06281895239142053,9011,10411,CONVERGENCE: RELATIVE REDUCTION OF F <= FACTR*EPSMCH,-7.720969872231325,7.874986483662041,False,39.8791761000175,14,14
8,nearest,nearest,True,8,0.014013515107011586,0.11040669209677574,0.10068095002522863,0.10110008650978633,23111,25506,CONVERGENCE: RELATIVE REDUCTION OF F <= FACTR*EPSMCH,-2.8032975066046895,8.0,True,108.75562229997013,14,14
8,nearest,nearest,True,9,0.003665385314342862,0.043283474334640165,0.03983149590533544,0.04071300916187066,575,697,CONVERGENCE: RELATIVE REDUCTION OF F <= FACTR*EPSMCH,-8.0,-0.0917863046897912,True,3.614668700029142,14,14
8,nearest,nearest,True,10,0.004531878162476513,0.04763368218327867,0.04314210148310042,0.04473239074403705,2242,2571,CONVERGENCE: RELATIVE REDUCTION OF F <= FACTR*EPSMCH,-2.2467192287856745,4.662736050144087,False,11.5792616000399,14,14
8,nearest,nearest,True,11,0.0034416534847220457,0.040549823418512904,0.03729635078496628,0.03833124515089381,370,449,CONVERGENCE: RELATIVE REDUCTION OF F <= FACTR*EPSMCH,-3.4975753256800095,-0.6741974742292809,False,2.440549499937333,14,14
8,nearest,nearest,True,12,0.0034416534847323318,0.040549820050610634,0.03729635541445944,0.03833125012848241,213,252,CONVERGENCE: RELATIVE REDUCTION OF F <= FACTR*EPSMCH,-3.49757719768286,-0.674190734774777,False,1.066854799981229,14,14
8,nearest,nearest,True,13,0.0036653853143216028,0.04328347487945205,0.03983149600006346,0.040713013844272845,517,608,CONVERGENCE: RELATIVE REDUCTION OF F <= FACTR*EPSMCH,-8.0,-0.09168516428962871,True,2.5708273999625817,14,14
8,nearest,nearest,True,14,0.003588109091752076,0.03768042673697798,0.034737433108430714,0.035837819436099115,94,106,CONVERGENCE: RELATIVE REDUCTION OF F <= FACTR*EPSMCH,-3.203338450545409,-0.6364055867580828,False,0.49556539999321103,14,14
8,nearest,nearest,True,15,0.003588109091761653,0.03768043330840719,0.034737440354467596,0.03583782536890762,87,94,CONVERGENCE: RELATIVE REDUCTION OF F <= FACTR*EPSMCH,-3.20334175131916,-0.6364083946657108,False,0.33816240006126463,14,14
8,nearest,nearest,True,16,0.0034416534847593215,0.04054982699784404,0.03729634784695278,0.03833124022111743,279,328,CONVERGENCE: RELATIVE REDUCTION OF F <= FACTR*EPSMCH,-3.4975910174826965,-0.6742002321859687,False,1.200962100061588,14,14
8,nearest,nearest,True,17,0.00358810909175312,0.03768042307452659,0.03473743091485267,0.03583781673437823,86,95,CONVERGENCE: RELATIVE REDUCTION OF F <= FACTR*EPSMCH,-3.2033368053356313,-0.6364053872251398,False,0.5717193000018597,14,14
8,nearest,nearest,True,18,0.003441653484756448,0.04054982204357138,0.03729634424811136,0.03833123962643811,259,295,CONVERGENCE: RELATIVE REDUCTION OF F <= FACTR*EPSMCH,-3.4975929033970323,-0.6741875234097356,False,1.280811500037089,14,14
8,nearest,nearest,True,19,0.003441653484714922,0.040549825737663664,0.03729635499759098,0.03833124986857446,201,237,CONVERGENCE: RELATIVE REDUCTION OF F <= FACTR*EPSMCH,-3.4975869886513293,-0.6741931618939384,False,0.9947327999398112,14,14
8,nearest,nearest,True,20,0.003588109091757245,0.037680421804164976,0.03473743094588918,0.03583781625050648,87,92,CONVERGENCE: RELATIVE REDUCTION OF F <= FACTR*EPSMCH,-3.203338855846634,-0.6364041629514506,False,0.40667109994683415,14,14
8,nearest,nearest,True,21,0.003441653484713976,0.04054982241025425,0.037296351043391573,0.03833124587573428,236,284,CONVERGENCE: RELATIVE REDUCTION OF F <= FACTR*EPSMCH,-3.497585104073921,-0.6741957990728402,False,1.2106104999547824,14,14
8,nearest,nearest,True,22,0.0035881090917522776,0.0376804274835948,0.03473743290031399,0.03583781932338136,116,126,CONVERGENCE: RELATIVE REDUCTION OF F <= FACTR*EPSMCH,-3.2033385260482152,-0.6364051927179879,False,0.5038788999663666,14,14
8,nearest,nearest,True,23,0.004531876896456859,0.04763352783162278,0.04314151812853378,0.04473174823795377,4545,5298,CONVERGENCE: RELATIVE REDUCTION OF F <= FACTR*EPSMCH,-2.246848040433766,5.380173521368992,False,15.684132099966519,14,14
8,nearest,nearest,True,24,0.0034416534847151164,0.04054982182610978,0.037296352560957396,0.038331248680917876,179,203,CONVERGENCE: RELATIVE REDUCTION OF F <= FACTR*EPSMCH,-3.497579813587182,-0.6741933727556486,False,0.8295905999839306,14,14
8,nearest,nearest,True,25,0.0045318770931485316,0.047633055288714025,0.043141435293587625,0.044731448215948336,2679,3114,CONVERGENCE: RELATIVE REDUCTION OF F <= FACTR*EPSMCH,-2.2468808890349856,5.254888209512131,False,8.95607580000069,14,14
8,nearest,nearest,True,26,0.003588109091752049,0.03768042564452648,0.034737432884030243,0.03583781876088045,92,102,CONVERGENCE: RELATIVE REDUCTION OF F <= FACTR*EPSMCH,-3.203337712260539,-0.6364059424669305,False,0.25534649996552616,14,14
8,nearest,nearest,True,27,0.003441653484715804,0.040549823476146954,0.03729635501294673,0.03833125002469462,308,360,CONVERGENCE: RELATIVE REDUCTION OF F <= FACTR*EPSMCH,-3.497584353387232,-0.674194440392173,False,1.2786881000502035,14,14
8,nearest,nearest,True,28,0.0035881090917525274,0.0376804265170826,0.034737432733479366,0.03583781883249655,99,110,CONVERGENCE: RELATIVE REDUCTION OF F <= FACTR*EPSMCH,-3.2033391131251316,-0.6364046716784559,False,0.4326499999733642,14,14
8,nearest,nearest,True,29,0.0034416534847376687,0.040549820779117,0.03729636219297142,0.038331252760529094,222,263,CONVERGENCE: RELATIVE REDUCTION OF F <= FACTR*EPSMCH,-3.497576452965103,-0.6741972087527854,False,0.886147299897857,14,14
8,nearest,nearest,True,30,0.003441653484725999,0.04054982133310027,0.03729635194853679,0.03833124627149301,316,377,CONVERGENCE: RELATIVE REDUCTION OF F <= FACTR*EPSMCH,-3.49758732869378,-0.674195387473484,False,0.9192372999386862,14,14
8,nearest,nearest,True,31,0.0034416534847397278,0.040549821508608724,0.037296347909043424,0.038331242770231394,202,244,CONVERGENCE: RELATIVE REDUCTION OF F <= FACTR*EPSMCH,-3.497580456544872,-0.6741922373413348,False,0.5849728001048788,14,14
8,nearest,nearest,True,32,0.0035881090917531102,0.03768042849999759,0.03473743454289932,0.03583782090563392,97,114,CONVERGENCE: RELATIVE REDUCTION OF F <= FACTR*EPSMCH,-3.2033374493013826,-0.6364069220956571,False,0.2456592998933047,14,14
8,nearest,nearest,True,33,0.003588109091753693,0.03768042566572802,0.03473743421042354,0.035837820263906826,107,118,CONVERGENCE: RELATIVE REDUCTION OF F <= FACTR*EPSMCH,-3.203338971603741,-0.6364064489781288,False,0.2730042999610305,14,14
8,nearest,nearest,True,34,0.0034416534847901145,0.040549828629622746,0.03729636715525381,0.0383312588315862,215,252,CONVERGENCE: RELATIVE REDUCTION OF F <= FACTR*EPSMCH,-3.4975768454140748,-0.6741970275337489,False,0.6836357000283897,14,14
8,nearest,nearest,True,35,0.0036653853143388173,0.04328347367983382,0.039831492816702056,0.040713007511327684,383,445,CONVERGENCE: RELATIVE REDUCTION OF F <= FACTR*EPSMCH,-8.0,-0.09138017024403582,True,1.048859899980016,14,14
8,nearest,nearest,True,36,0.0042565738567927735,0.04858934247235838,0.04296067586139096,0.04347277347004393,2031,2369,CONVERGENCE: RELATIVE REDUCTION OF F <= FACTR*EPSMCH,-4.06323058738502,7.999999965993497,True,15.383467599982396,14,14
8,nearest,nearest,True,37,0.0034416534847117324,0.04054982271642113,0.03729635454580902,0.03833124941603112,299,346,CONVERGENCE: RELATIVE REDUCTION OF F <= FACTR*EPSMCH,-3.4975804992869324,-0.6741942701453236,False,0.7012862999690697,14,14
8,nearest,nearest,True,38,0.0034416534847158,0.040549824728537014,0.03729635537533892,0.038331248474668,255,294,CONVERGENCE: RELATIVE REDUCTION OF F <= FACTR*EPSMCH,-3.497578541143424,-0.6741987131718866,False,0.5169436000287533,14,14
8,nearest,nearest,True,39,0.007220187657934993,0.07429672085619506,0.06824485644346218,0.0696581626917567,3565,4195,CONVERGENCE: RELATIVE REDUCTION OF F <= FACTR*EPSMCH,-8.0,4.371015671112765,True,15.364913000026718,14,14
8,nearest,nearest,True,40,0.0036653853143266794,0.043283472759339484,0.039831503431139136,0.04071301893887484,556,669,CONVERGENCE: RELATIVE REDUCTION OF F <= FACTR*EPSMCH,-8.0,-0.09156503948083385,True,2.299518199986778,14,14
8,nearest,nearest,True,41,0.0034416534847185156,0.04054982289526221,0.037296345579645396,0.03833123841925364,276,325,CONVERGENCE: RELATIVE REDUCTION OF F <= FACTR*EPSMCH,-3.4975835116310954,-0.6741935107377877,False,1.188916200073436,14,14
8,nearest,nearest,True,42,0.0034416534847545683,0.04054982370243167,0.037296352068662046,0.038331247927020876,304,360,CONVERGENCE: RELATIVE REDUCTION OF F <= FACTR*EPSMCH,-3.4975950405913663,-0.6741962470311365,False,3.7506107999943197,14,14
8,nearest,nearest,True,43,0.0034416534847330907,0.040549822476657206,0.03729635585360904,0.03833124904581948,275,322,CONVERGENCE: RELATIVE REDUCTION OF F <= FACTR*EPSMCH,-3.4975795016374214,-0.6741974052702794,False,4.168415599968284,14,14
8,nearest,nearest,True,44,0.0034416534847136948,0.040549823415063024,0.03729635396545221,0.03833124816057749,177,205,CONVERGENCE: RELATIVE REDUCTION OF F <= FACTR*EPSMCH,-3.4975791573479706,-0.674196569226541,False,1.7856936999596655,14,14
8,nearest,nearest,True,45,0.0036653853143355326,0.043283476319780904,0.03983148313737004,0.040712995390194774,673,797,CONVERGENCE: RELATIVE REDUCTION OF F <= FACTR*EPSMCH,-8.0,-0.09170114139219988,True,2.3838991000084206,14,14
8,nearest,nearest,True,46,0.0035881090917541975,0.03768042308437652,0.03473742885386345,0.03583781534948258,87,96,CONVERGENCE: RELATIVE REDUCTION OF F <= FACTR*EPSMCH,-3.2033359276235354,-0.6364062250095539,False,0.18635340000037104,14,14
8,nearest,nearest,True,47,0.0034416534847098714,0.040549824100468194,0.03729635007821308,0.03833124498501979,305,354,CONVERGENCE: RELATIVE REDUCTION OF F <= FACTR*EPSMCH,-3.497581803319566,-0.6741957724600346,False,0.6353867000434548,14,14
8,nearest,nearest,True,48,0.0034416534847684197,0.040549823622472704,0.03729634929211355,0.038331243714341455,265,320,CONVERGENCE: RELATIVE REDUCTION OF F <= FACTR*EPSMCH,-3.4975660497671073,-0.6742023816252554,False,0.5722643999615684,14,14
8,nearest,nearest,True,49,0.003441653484706753,0.040549823756878094,0.03729635444386082,0.0383312489822832,238,276,CONVERGENCE: RELATIVE REDUCTION OF F <= FACTR*EPSMCH,-3.497582291795578,-0.6741945415540469,False,0.5092493999982253,14,14
8,nearest,nearest,True,50,0.005868612341776111,0.060220841625647094,0.05597573332395886,0.05736810030923503,2060,2357,CONVERGENCE: RELATIVE REDUCTION OF F <= FACTR*EPSMCH,-2.6963058397651336,7.912901802592535,True,10.525513999979012,14,14
8,nearest,nearest,True,51,0.003441653484715268,0.040549823585428385,0.037296354321500164,0.03833124946824056,256,303,CONVERGENCE: RELATIVE REDUCTION OF F <= FACTR*EPSMCH,-3.4975757470560334,-0.6741980449565522,False,0.9038763999706134,14,14
8,nearest,nearest,True,52,0.0035881090917778387,0.03768043114093072,0.03473743491944397,0.03583782116291489,92,103,CONVERGENCE: RELATIVE REDUCTION OF F <= FACTR*EPSMCH,-3.2033431800856755,-0.6364002414856403,False,0.176954299909994,14,14
8,nearest,nearest,True,53,0.0036653853143215967,0.043283473141288206,0.03983148441731771,0.040712994245169734,460,550,CONVERGENCE: RELATIVE REDUCTION OF F <= FACTR*EPSMCH,-8.0,-0.0915357743627432,True,1.055249399971217,14,14
8,nearest,nearest,True,54,0.0036653853143212337,0.04328347454556615,0.03983149488400327,0.0407130087090859,574,675,CONVERGENCE: RELATIVE REDUCTION OF F <= FACTR*EPSMCH,-8.0,-0.09135943548748153,True,2.7054494000039995,14,14
8,nearest,nearest,True,55,0.0035881090917571847,0.03768042581104758,0.034737430020386706,0.03583781625029548,96,106,CONVERGENCE: RELATIVE REDUCTION OF F <= FACTR*EPSMCH,-3.203336773287841,-0.6364046546284603,False,1.6899471000069752,14,14
8,nearest,nearest,True,56,0.0034416534850480957,0.04054982519074707,0.0372963723719283,0.03833126680178267,328,394,CONVERGENCE: RELATIVE REDUCTION OF F <= FACTR*EPSMCH,-3.4975480169000566,-0.6742156651145627,False,2.0481031000381336,14,14
8,nearest,nearest,True,57,0.003441653484806846,0.04054982145271476,0.03729633602213582,0.03833123055346027,248,291,CONVERGENCE: RELATIVE REDUCTION OF F <= FACTR*EPSMCH,-3.4975912019361224,-0.6741884524707356,False,1.278124300064519,14,14
8,nearest,nearest,True,58,0.0035881090917526167,0.03768042708753942,0.03473743258076571,0.03583781864733216,94,102,CONVERGENCE: RELATIVE REDUCTION OF F <= FACTR*EPSMCH,-3.2033380630377977,-0.6364046948657307,False,0.5080524999648333,14,14
8,nearest,nearest,True,59,0.003665385314326806,0.04328347349527231,0.03983148481920875,0.040712998689372594,653,795,CONVERGENCE: RELATIVE REDUCTION OF F <= FACTR*EPSMCH,-8.0,-0.09137649593750283,True,2.5969963999232277,14,14
8,nearest,nearest,True,60,0.0035881090917563195,0.03768042238567488,0.034737428224367886,0.03583781446109319,86,97,CONVERGENCE: RELATIVE REDUCTION OF F <= FACTR*EPSMCH,-3.203334360886999,-0.6364056379896533,False,0.2820122999837622,14,14
8,nearest,nearest,True,61,0.0034416534847228723,0.040549825419052915,0.03729635891840237,0.03833125336052061,231,274,CONVERGENCE: RELATIVE REDUCTION OF F <= FACTR*EPSMCH,-3.4975799623632255,-0.6741967371580687,False,0.8629567000316456,14,14
8,nearest,nearest,True,62,0.0035881090917519293,0.037680425333530235,0.03473743217294169,0.03583781823328469,101,120,CONVERGENCE: RELATIVE REDUCTION OF F <= FACTR*EPSMCH,-3.203337424343088,-0.636405969035169,False,0.3221475000027567,14,14
8,nearest,nearest,True,63,0.00527394708244277,0.058715605528623135,0.05540813584763691,0.056658780803725856,10321,11442,CONVERGENCE: RELATIVE REDUCTION OF F <= FACTR*EPSMCH,-3.0772841445319434,7.99999148330726,True,53.366474500042386,14,14
8,nearest,nearest,True,64,0.00344165348473099,0.040549823414238864,0.037296355401474905,0.03833125070009168,266,319,CONVERGENCE: RELATIVE REDUCTION OF F <= FACTR*EPSMCH,-3.497576273931347,-0.6741922037185369,False,0.9676882999483496,14,14
8,nearest,nearest,True,65,0.004339962831035991,0.04647099052735245,0.04161897942487264,0.042206389195235054,4372,5017,CONVERGENCE: RELATIVE REDUCTION OF F <= FACTR*EPSMCH,-3.5414805601254558,7.992555939681078,True,19.656271400046535,14,14
8,nearest,nearest,True,66,0.0035881090917527936,0.037680430090162094,0.03473743350374744,0.035837819162748585,94,102,CONVERGENCE: RELATIVE REDUCTION OF F <= FACTR*EPSMCH,-3.2033393482878254,-0.6364056311616313,False,1.0238027999876067,14,14
8,nearest,nearest,True,67,0.0034416534847337673,0.04054982282387703,0.037296353921636737,0.038331249574495636,240,284,CONVERGENCE: RELATIVE REDUCTION OF F <= FACTR*EPSMCH,-3.4975759049734254,-0.6741975942484952,False,1.5610749999759719,14,14
8,nearest,nearest,True,68,0.003588109091752708,0.0376804232620648,0.03473743105957291,0.03583781644610395,79,89,CONVERGENCE: RELATIVE REDUCTION OF F <= FACTR*EPSMCH,-3.203337167921662,-0.6364053585962521,False,0.3167024999856949,14,14
8,nearest,nearest,True,69,0.004264061942559708,0.048789790693732855,0.04302846654492261,0.043502180688276916,3263,3648,CONVERGENCE: RELATIVE REDUCTION OF F <= FACTR*EPSMCH,-4.280206642786736,8.0,True,14.430359299993142,14,14
8,nearest,nearest,True,70,0.0035881090917525647,0.03768042425222331,0.0347374328915362,0.03583781888602687,78,83,CONVERGENCE: RELATIVE REDUCTION OF F <= FACTR*EPSMCH,-3.2033365285392033,-0.6364060554687093,False,0.419850799953565,14,14
8,nearest,nearest,True,71,0.0035881090917527078,0.03768042683706112,0.03473743333937173,0.035837819365255895,98,111,CONVERGENCE: RELATIVE REDUCTION OF F <= FACTR*EPSMCH,-3.2033378949788913,-0.6364067922345742,False,0.4826248000608757,14,14
8,nearest,nearest,True,72,0.007198446345957161,0.0743752284647704,0.06827663055826758,0.06967001893773707,6241,7204,CONVERGENCE: RELATIVE REDUCTION OF F <= FACTR*EPSMCH,-8.0,7.999974785664478,True,37.74153949995525,14,14
8,nearest,nearest,True,73,0.0043567665325360185,0.04964566227397622,0.0439434734569682,0.04448542047318034,625,719,CONVERGENCE: RELATIVE REDUCTION OF F <= FACTR*EPSMCH,-8.0,8.0,True,3.3567087999545038,14,14
8,nearest,nearest,True,74,0.005220940997810559,0.05577177737217304,0.051180372405650154,0.05293735039104741,24304,26472,CONVERGENCE: RELATIVE REDUCTION OF F <= FACTR*EPSMCH,-2.9214920540584735,6.094648285841561,False,87.26688160002232,14,14
8,nearest,nearest,True,75,0.0035881090917521787,0.037680425523948124,0.03473743345668325,0.03583781913954898,88,97,CONVERGENCE: RELATIVE REDUCTION OF F <= FACTR*EPSMCH,-3.2033380830802045,-0.6364062183008223,False,0.36658530007116497,14,14
8,nearest,nearest,True,76,0.004256669061122242,0.04857067174648521,0.042951769951315784,0.04346776913933423,664,763,CONVERGENCE: RELATIVE REDUCTION OF F <= FACTR*EPSMCH,-4.060867678495801,8.0,True,4.732155899982899,14,14
8,nearest,nearest,True,77,0.00366538531439305,0.04328347464925727,0.03983149996842142,0.04071301371225538,573,686,CONVERGENCE: RELATIVE REDUCTION OF F <= FACTR*EPSMCH,-8.0,-0.09207492371664999,True,3.0977323999395594,14,14
8,nearest,nearest,True,78,0.0035881090917522745,0.03768042825982661,0.03473743274876478,0.03583781923398095,126,147,CONVERGENCE: RELATIVE REDUCTION OF F <= FACTR*EPSMCH,-3.2033379172458663,-0.6364061585015989,False,0.7556278000120074,14,14
8,nearest,nearest,True,79,0.003441653484826232,0.04054982457210458,0.03729633351552665,0.03833122848800145,201,234,CONVERGENCE: RELATIVE REDUCTION OF F <= FACTR*EPSMCH,-3.4975924116674415,-0.6741880336480837,False,1.0570094999857247,14,14
8,nearest,nearest,True,80,0.00366538531437755,0.043283474560000396,0.03983146445127555,0.040712975115596364,503,591,CONVERGENCE: RELATIVE REDUCTION OF F <= FACTR*EPSMCH,-8.0,-0.09149941011108834,True,2.389874399988912,14,14
8,nearest,nearest,True,81,0.0035881090917558307,0.03768043063993924,0.03473743465346926,0.03583782067120456,100,107,CONVERGENCE: RELATIVE REDUCTION OF F <= FACTR*EPSMCH,-3.203340895528733,-0.6364050604617086,False,0.3822747999802232,14,14
8,nearest,nearest,True,82,0.0034416534847333978,0.040549821043027255,0.037296343584765475,0.038331239497753924,260,305,CONVERGENCE: RELATIVE REDUCTION OF F <= FACTR*EPSMCH,-3.4975862927190127,-0.6741900688923023,False,1.8161597999278456,14,14
8,nearest,nearest,True,83,0.0034416534847387156,0.04054982569621416,0.03729634881562021,0.03833124218124902,383,457,CONVERGENCE: RELATIVE REDUCTION OF F <= FACTR*EPSMCH,-3.497584789706973,-0.6741969217131083,False,5.703148900065571,14,14
8,nearest,nearest,True,84,0.0034416534847276224,0.04054981987713269,0.037296351936067666,0.03833124842640312,280,324,CONVERGENCE: RELATIVE REDUCTION OF F <= FACTR*EPSMCH,-3.497577236831756,-0.6741952782309629,False,1.590795399970375,14,14
8,nearest,nearest,True,85,0.0035881090917536792,0.037680426186089126,0.03473743491410842,0.03583782101946748,85,95,CONVERGENCE: RELATIVE REDUCTION OF F <= FACTR*EPSMCH,-3.203338051213878,-0.6364051878068914,False,0.4174615000374615,14,14
8,nearest,nearest,True,86,0.003588109091763842,0.037680424151189634,0.034737431597053094,0.03583781827115435,90,99,CONVERGENCE: RELATIVE REDUCTION OF F <= FACTR*EPSMCH,-3.2033378512191906,-0.6364013908908038,False,0.4174948000581935,14,14
8,nearest,nearest,True,87,0.0036653853143256607,0.043283474120132774,0.03983148723996992,0.04071299980895876,472,558,CONVERGENCE: RELATIVE REDUCTION OF F <= FACTR*EPSMCH,-8.0,-0.09138167234750387,True,2.2482553001027554,14,14
8,nearest,nearest,True,88,0.004339422322096614,0.04660562695857092,0.04170787899196195,0.04232668203665324,2456,2768,CONVERGENCE: RELATIVE REDUCTION OF F <= FACTR*EPSMCH,-3.542396435843922,5.284997736681805,False,11.574810600024648,14,14
8,nearest,nearest,True,89,0.003441653484716367,0.04054982368235563,0.03729635158219858,0.03833124459219023,242,285,CONVERGENCE: RELATIVE REDUCTION OF F <= FACTR*EPSMCH,-3.497585813415215,-0.6741952300367013,False,0.9983579000690952,14,14
8,nearest,nearest,True,90,0.003588109091760869,0.037680431668516846,0.0347374380058586,0.03583782477869248,87,93,CONVERGENCE: RELATIVE REDUCTION OF F <= FACTR*EPSMCH,-3.2033427522491205,-0.6364051059419789,False,0.36942159989848733,14,14
8,nearest,nearest,True,91,0.003588109091752533,0.03768042642626805,0.034737429937655086,0.035837816306623624,96,103,CONVERGENCE: RELATIVE REDUCTION OF F <= FACTR*EPSMCH,-3.2033374574555324,-0.6364055800452605,False,0.7850034000584856,14,14
8,nearest,nearest,True,92,0.003588109091752494,0.0376804259634045,0.034737432551731375,0.03583781885531913,94,106,CONVERGENCE: RELATIVE REDUCTION OF F <= FACTR*EPSMCH,-3.2033375962590402,-0.6364052975554486,False,0.34797400003299117,14,14
8,nearest,nearest,True,93,0.003441653484708692,0.04054982312897268,0.037296353372374,0.03833124851373657,207,249,CONVERGENCE: RELATIVE REDUCTION OF F <= FACTR*EPSMCH,-3.49758305961007,-0.6741970084835458,False,0.9491104000480846,14,14
8,nearest,nearest,True,94,0.0034416534848040687,0.04054982630311359,0.037296364451279686,0.03833125795271857,305,363,CONVERGENCE: RELATIVE REDUCTION OF F <= FACTR*EPSMCH,-3.497570383103044,-0.6742072042826615,False,1.5876511000096798,14,14
8,nearest,nearest,True,95,0.003665385314333522,0.0432834725928155,0.03983149206388712,0.040713004852883566,510,606,CONVERGENCE: RELATIVE REDUCTION OF F <= FACTR*EPSMCH,-8.0,-0.09140013545080146,True,2.665835399995558,14,14
8,nearest,nearest,True,96,0.0035881090917519462,0.03768042447008835,0.03473743138965888,0.03583781734378643,89,95,CONVERGENCE: RELATIVE REDUCTION OF F <= FACTR*EPSMCH,-3.2033379391972345,-0.6364053185866974,False,0.3608249000972137,14,14
8,nearest,nearest,True,97,0.003441653484746107,0.04054982499955662,0.03729635603613407,0.038331248815659025,182,217,CONVERGENCE: RELATIVE REDUCTION OF F <= FACTR*EPSMCH,-3.497574502040082,-0.6742017593249722,False,1.2077427000040188,14,14
8,nearest,nearest,True,98,0.0034416534847621968,0.04054982251136194,0.03729635595453374,0.03833124899740547,245,299,CONVERGENCE: RELATIVE REDUCTION OF F <= FACTR*EPSMCH,-3.4975800989399914,-0.6741992493128277,False,2.3064410000806674,14,14
8,nearest,nearest,True,99,0.003441653484711831,0.04054982269471439,0.03729635192560182,0.03833124675855744,333,382,CONVERGENCE: RELATIVE REDUCTION OF F <= FACTR*EPSMCH,-3.4975838297788298,-0.6741939403833119,False,1.9590131000149995,14,14
8,nearest,nearest,True,100,0.007193837189792589,0.07437118214451727,0.06828742707362238,0.06968722014428465,1049,1197,CONVERGENCE: RELATIVE REDUCTION OF F <= FACTR*EPSMCH,-8.0,1.9327158628015377,True,6.328306099982001,14,14
8,nearest,nearest,True,101,0.0036653853143064625,0.04328347405737661,0.039831494683158844,0.04071300879918083,411,475,CONVERGENCE: RELATIVE REDUCTION OF F <= FACTR*EPSMCH,-8.0,-0.09155216572783346,True,1.6981817999621853,14,14
8,nearest,nearest,True,102,0.003588109091754053,0.03768042413765132,0.0347374315904334,0.03583781773833571,109,133,CONVERGENCE: RELATIVE REDUCTION OF F <= FACTR*EPSMCH,-3.2033387025631646,-0.6364040360340515,False,0.5055511000100523,14,14
8,nearest,nearest,True,103,0.0034416534847262117,0.04054982360845363,0.03729636192277873,0.03833125882892514,269,316,CONVERGENCE: RELATIVE REDUCTION OF F <= FACTR*EPSMCH,-3.497583497429073,-0.6741969596646938,False,1.5805705999955535,14,14
8,nearest,nearest,True,104,0.003441653484718376,0.04054982338353153,0.03729635780238116,0.03833125276423224,208,241,CONVERGENCE: RELATIVE REDUCTION OF F <= FACTR*EPSMCH,-3.497576448606826,-0.6741971016105814,False,0.9905149999540299,14,14
8,nearest,nearest,True,105,0.0035881090917530218,0.03768042674848949,0.034737434036540234,0.03583782040515071,83,91,CONVERGENCE: RELATIVE REDUCTION OF F <= FACTR*EPSMCH,-3.2033370754922306,-0.6364062864591965,False,0.29381299996748567,14,14
8,nearest,nearest,True,106,0.0035881090917521544,0.03768042787140103,0.034737434245037085,0.03583782027000835,87,94,CONVERGENCE: RELATIVE REDUCTION OF F <= FACTR*EPSMCH,-3.203339014198654,-0.6364063373341597,False,0.4666440000291914,14,14
8,nearest,nearest,True,107,0.0034416534847418394,0.040549821902171566,0.037296365036048426,0.03833126123316094,251,294,CONVERGENCE: RELATIVE REDUCTION OF F <= FACTR*EPSMCH,-3.4975729894968066,-0.6741982349902483,False,1.0720718000084162,14,14
8,nearest,nearest,True,108,0.0034416534847222617,0.04054982243747604,0.03729635112281598,0.038331246502653606,220,259,CONVERGENCE: RELATIVE REDUCTION OF F <= FACTR*EPSMCH,-3.497585620227212,-0.6741954640010724,False,1.0069825999671593,14,14
8,nearest,nearest,True,109,0.0036653853143090226,0.04328347428058129,0.03983149788780509,0.040713013699048846,507,602,CONVERGENCE: RELATIVE REDUCTION OF F <= FACTR*EPSMCH,-8.0,-0.09163453299590849,True,2.8895526999840513,14,14
8,nearest,nearest,True,110,0.003441653484718048,0.04054981970393276,0.037296349097891146,0.03833124475642662,332,390,CONVERGENCE: RELATIVE REDUCTION OF F <= FACTR*EPSMCH,-3.497577066869185,-0.6741929461240632,False,1.6054735999787226,14,14
8,nearest,nearest,True,111,0.006134820558624917,0.06353096380577135,0.059141886888064966,0.06057502435476917,6662,7522,CONVERGENCE: RELATIVE REDUCTION OF F <= FACTR*EPSMCH,-2.975177323403489,8.0,True,29.37236679997295,14,14
8,nearest,nearest,True,112,0.003441653484719375,0.04054982228550355,0.037296349433746656,0.038331243473270625,233,267,CONVERGENCE: RELATIVE REDUCTION OF F <= FACTR*EPSMCH,-3.497585196269571,-0.6741941686211368,False,1.1885277000255883,14,14
8,nearest,nearest,True,113,0.003441653484715158,0.04054982195504222,0.03729635431089202,0.038331248398897184,281,327,CONVERGENCE: RELATIVE REDUCTION OF F <= FACTR*EPSMCH,-3.497584347404439,-0.6741946298787994,False,1.416883800062351,14,14
8,nearest,nearest,True,114,0.003441653484775293,0.04054982359026348,0.03729635590875936,0.0383312519214802,299,362,CONVERGENCE: RELATIVE REDUCTION OF F <= FACTR*EPSMCH,-3.4975791615438343,-0.6741978123418474,False,1.2118734000250697,14,14
8,nearest,nearest,True,115,0.004205229888328525,0.049046802753415567,0.043439040311666476,0.043909386395883716,1042,1175,CONVERGENCE: RELATIVE REDUCTION OF F <= FACTR*EPSMCH,-4.440835423203268,7.9999998762224775,True,4.387372099910863,14,14
8,nearest,nearest,True,116,0.003588109091752528,0.0376804266929617,0.03473743347666882,0.03583781886523278,83,91,CONVERGENCE: RELATIVE REDUCTION OF F <= FACTR*EPSMCH,-3.2033377208332907,-0.6364066155364801,False,0.3497586000012234,14,14
8,nearest,nearest,True,117,0.0035881090917516557,0.03768042620480791,0.03473743261559161,0.03583781869677636,77,87,CONVERGENCE: RELATIVE REDUCTION OF F <= FACTR*EPSMCH,-3.2033380576133834,-0.6364055615832994,False,0.45201829995494336,14,14
8,nearest,nearest,True,118,0.004531876806301578,0.04763322090692828,0.04314161466508099,0.04473160920968988,2918,3486,CONVERGENCE: RELATIVE REDUCTION OF F <= FACTR*EPSMCH,-2.24674648542624,5.612332375134483,False,12.500629400019534,14,14
8,nearest,nearest,True,119,0.0035881090917525785,0.037680424320650885,0.03473742946533794,0.03583781545919659,82,88,CONVERGENCE: RELATIVE REDUCTION OF F <= FACTR*EPSMCH,-3.2033381695712704,-0.6364048987299289,False,3.1062692999839783,14,14
8,nearest,nearest,True,120,0.0036653853143291653,0.04328347576342588,0.0398314955799883,0.04071300941400301,515,623,CONVERGENCE: RELATIVE REDUCTION OF F <= FACTR*EPSMCH,-8.0,-0.09159793495026877,True,2.5296362000517547,14,14
8,nearest,nearest,True,121,0.003588109091752689,0.037680428199715385,0.0347374343601261,0.03583782006698684,84,92,CONVERGENCE: RELATIVE REDUCTION OF F <= FACTR*EPSMCH,-3.2033376835326535,-0.6364065137510946,False,0.2947767999721691,14,14
8,nearest,nearest,True,122,0.0035881090917521717,0.03768042705050342,0.034737432379290396,0.03583781867131305,91,101,CONVERGENCE: RELATIVE REDUCTION OF F <= FACTR*EPSMCH,-3.203336953266074,-0.6364062619205201,False,0.3416559000033885,14,14
8,nearest,nearest,True,123,0.0034416534847419855,0.040549825726745745,0.03729635337529488,0.038331248062738785,262,302,CONVERGENCE: RELATIVE REDUCTION OF F <= FACTR*EPSMCH,-3.4975927093153962,-0.6741964327427884,False,1.1003766999347135,14,14
8,nearest,nearest,True,124,0.007707119854871925,0.07468212831624965,0.07320843438514638,0.07422217584033723,12574,14600,CONVERGENCE: RELATIVE REDUCTION OF F <= FACTR*EPSMCH,-3.0504372653714333,7.389347570550875,False,46.525558699970134,14,14
8,nearest,nearest,True,125,0.0035881090917528813,0.037680424051882384,0.03473743252117777,0.0358378184582062,104,117,CONVERGENCE: RELATIVE REDUCTION OF F <= FACTR*EPSMCH,-3.2033366205203584,-0.6364061502147027,False,0.24924999999348074,14,14
8,nearest,nearest,True,126,0.003441653484727236,0.04054982107489795,0.037296348117732414,0.03833124175157766,271,310,CONVERGENCE: RELATIVE REDUCTION OF F <= FACTR*EPSMCH,-3.4975872341762773,-0.6741898146986032,False,0.6805595000041649,14,14
8,nearest,nearest,True,127,0.0036653853143511733,0.04328347631240535,0.03983147657718824,0.04071298959201351,444,524,CONVERGENCE: RELATIVE REDUCTION OF F <= FACTR*EPSMCH,-8.0,-0.0914214922851437,True,1.3368760999292135,14,14
8,nearest,nearest,True,128,0.004531877495667951,0.047633464513930454,0.04314151596991085,0.04473138790908628,2384,2742,CONVERGENCE: RELATIVE REDUCTION OF F <= FACTR*EPSMCH,-2.246977873525243,4.915238665761946,False,10.291614100104198,14,14
8,nearest,nearest,True,129,0.0035881090917525534,0.03768042402976791,0.03473743326703382,0.03583781910684216,116,128,CONVERGENCE: RELATIVE REDUCTION OF F <= FACTR*EPSMCH,-3.203337421076626,-0.6364056666550648,False,0.44603850005660206,14,14
8,nearest,nearest,True,130,0.0035881090917534437,0.037680427917968405,0.03473743125867303,0.035837817083140884,91,103,CONVERGENCE: RELATIVE REDUCTION OF F <= FACTR*EPSMCH,-3.2033377793416244,-0.6364064856999705,False,0.3099886999698356,14,14
8,nearest,nearest,True,131,0.003441653484777799,0.04054982174742754,0.037296350698795076,0.038331247248971356,269,317,CONVERGENCE: RELATIVE REDUCTION OF F <= FACTR*EPSMCH,-3.4975932162900705,-0.6741873142738122,False,0.9287829000968486,14,14
8,nearest,nearest,True,132,0.0034416534847433724,0.040549820814852346,0.03729635299562294,0.038331247603580774,274,323,CONVERGENCE: RELATIVE REDUCTION OF F <= FACTR*EPSMCH,-3.4975719510583256,-0.6741961875730209,False,1.3049901999766007,14,14
8,nearest,nearest,True,133,0.0035881090917547443,0.03768042418461052,0.03473743057978339,0.03583781698797868,102,116,CONVERGENCE: RELATIVE REDUCTION OF F <= FACTR*EPSMCH,-3.2033365568886354,-0.6364040480737909,False,0.3924595999997109,14,14
8,nearest,nearest,True,134,0.003441653484741195,0.04054982384286254,0.03729635143060901,0.03833124382134654,248,290,CONVERGENCE: RELATIVE REDUCTION OF F <= FACTR*EPSMCH,-3.497582448712074,-0.6742027469759305,False,1.0469092999119312,14,14
8,nearest,nearest,True,135,0.00344165348505485,0.04054983430545426,0.03729636135840812,0.03833124689393855,253,304,CONVERGENCE: RELATIVE REDUCTION OF F <= FACTR*EPSMCH,-3.497598560332671,-0.6742096426408839,False,1.1098516000201926,14,14
8,nearest,nearest,True,136,0.0035881090917531284,0.03768042600508089,0.03473743087063268,0.0358378173624646,88,95,CONVERGENCE: RELATIVE REDUCTION OF F <= FACTR*EPSMCH,-3.2033366181505474,-0.6364062664906416,False,0.31272469996474683,14,14
8,nearest,nearest,True,137,0.003441653484717215,0.0405498218228129,0.03729635362587845,0.03833124961304385,297,346,CONVERGENCE: RELATIVE REDUCTION OF F <= FACTR*EPSMCH,-3.4975775822418385,-0.6741939631415764,False,1.1539741000160575,14,14
8,nearest,nearest,True,138,0.0034416534847228723,0.04054982105570719,0.03729635282760635,0.03833124839051894,263,307,CONVERGENCE: RELATIVE REDUCTION OF F <= FACTR*EPSMCH,-3.4975807868299977,-0.6741904412369367,False,1.0012184000806883,14,14
8,nearest,nearest,True,139,0.003588109091756879,0.037680419942205584,0.034737425716443046,0.035837811434579495,92,103,CONVERGENCE: RELATIVE REDUCTION OF F <= FACTR*EPSMCH,-3.203334727868509,-0.6364060727698755,False,0.37930160004179925,14,14
8,nearest,nearest,True,140,0.0034416534847458366,0.040549824785487756,0.03729635399918364,0.038331246983439496,291,345,CONVERGENCE: RELATIVE REDUCTION OF F <= FACTR*EPSMCH,-3.4975898631367617,-0.6741942459784808,False,1.3054918000707403,14,14
8,nearest,nearest,True,141,0.0067902222158131315,0.07036871902361441,0.0610240232864907,0.06072679365546182,6752,8053,CONVERGENCE: RELATIVE REDUCTION OF F <= FACTR*EPSMCH,-8.0,4.322028968976566,True,21.85995620000176,14,14
8,nearest,nearest,True,142,0.0034416534848568823,0.04054982114808917,0.0372963506476548,0.03833124649856832,355,414,CONVERGENCE: RELATIVE REDUCTION OF F <= FACTR*EPSMCH,-3.497596925151337,-0.6741831664883771,False,0.9066616999916732,14,14
8,nearest,nearest,True,143,0.003441653484717759,0.04054982274552241,0.03729634148153101,0.038331236302648154,252,296,CONVERGENCE: RELATIVE REDUCTION OF F <= FACTR*EPSMCH,-3.4975864784843416,-0.6741935521475625,False,0.6333394000539556,14,14
8,nearest,nearest,True,144,0.0035881090917547773,0.03768042072258139,0.03473742854655094,0.0358378152287666,93,104,CONVERGENCE: RELATIVE REDUCTION OF F <= FACTR*EPSMCH,-3.203335030584797,-0.6364059578100991,False,0.3777482999721542,14,14
8,nearest,nearest,True,145,0.0034416534847258335,0.04054982551957969,0.03729634810233012,0.038331243532777615,220,258,CONVERGENCE: RELATIVE REDUCTION OF F <= FACTR*EPSMCH,-3.4975849895305093,-0.6741916049307327,False,0.860126500017941,14,14
8,nearest,nearest,True,146,0.0034416534847136527,0.040549824237107554,0.03729635275295281,0.03833124760116149,198,235,CONVERGENCE: RELATIVE REDUCTION OF F <= FACTR*EPSMCH,-3.4975827874903276,-0.6741931875305354,False,0.7212232999736443,14,14
8,nearest,nearest,True,147,0.003441653484718798,0.04054982393341704,0.03729634972375021,0.03833124192985758,261,320,CONVERGENCE: RELATIVE REDUCTION OF F <= FACTR*EPSMCH,-3.497581093906835,-0.6741947795407836,False,0.88597300008405,14,14
8,nearest,nearest,True,148,0.003588109091763234,0.03768043615122874,0.03473744077636426,0.035837825661701024,119,133,CONVERGENCE: RELATIVE REDUCTION OF F <= FACTR*EPSMCH,-3.2033436271546245,-0.6364067232177714,False,0.35894419997930527,14,14
8,nearest,nearest,True,149,0.0035881090917523864,0.03768042729332467,0.034737432637351774,0.03583781874957669,70,73,CONVERGENCE: RELATIVE REDUCTION OF F <= FACTR*EPSMCH,-3.203338669633017,-0.6364061029335535,False,0.20167719991877675,14,14
8,nearest,nearest,True,150,0.003588109091752223,0.037680424901671054,0.03473743141298944,0.03583781763278817,95,103,CONVERGENCE: RELATIVE REDUCTION OF F <= FACTR*EPSMCH,-3.2033372512288207,-0.6364052186814981,False,0.2619538999861106,14,14
8,nearest,nearest,True,151,0.003441653484766739,0.04054982581223107,0.03729635488205171,0.03833124880870352,249,299,CONVERGENCE: RELATIVE REDUCTION OF F <= FACTR*EPSMCH,-3.497592778610705,-0.6742010989565874,False,0.7864556000567973,14,14
8,nearest,nearest,True,152,0.0034416534847082174,0.04054982182017973,0.037296348375168285,0.038331244026063034,290,345,CONVERGENCE: RELATIVE REDUCTION OF F <= FACTR*EPSMCH,-3.4975819817043554,-0.6741943247935823,False,0.9029218000359833,14,14
8,nearest,nearest,True,153,0.003441653484732176,0.04054982275056032,0.03729634967726584,0.03833124293659855,257,289,CONVERGENCE: RELATIVE REDUCTION OF F <= FACTR*EPSMCH,-3.497578742258136,-0.6741996875422406,False,0.7184778000228107,14,14
8,nearest,nearest,True,154,0.003441653484708673,0.04054982355755516,0.03729635495420925,0.03833124789750157,223,265,CONVERGENCE: RELATIVE REDUCTION OF F <= FACTR*EPSMCH,-3.497582532624435,-0.6741953360020081,False,0.7031956999562681,14,14
8,nearest,nearest,True,155,0.003588109091754018,0.03768042778719791,0.03473743484424408,0.03583782113027232,74,83,CONVERGENCE: RELATIVE REDUCTION OF F <= FACTR*EPSMCH,-3.2033390301965303,-0.6364043610106908,False,0.2080584999639541,14,14
8,nearest,nearest,True,156,0.0034416534847140096,0.040549823628322754,0.037296351157587185,0.03833124467389365,185,213,CONVERGENCE: RELATIVE REDUCTION OF F <= FACTR*EPSMCH,-3.497580973463349,-0.6741983054583769,False,0.6356967999599874,14,14
8,nearest,nearest,True,157,0.0036653853143452696,0.043283474452863006,0.03983150548443057,0.04071302241468839,623,739,CONVERGENCE: RELATIVE REDUCTION OF F <= FACTR*EPSMCH,-8.0,-0.09153688491015008,True,2.0214283999521285,14,14
8,nearest,nearest,True,158,0.0034416534847189454,0.04054982471130452,0.037296354944348895,0.038331249308008644,268,323,CONVERGENCE: RELATIVE REDUCTION OF F <= FACTR*EPSMCH,-3.4975817898519725,-0.6741968552101414,False,0.8827260999241844,14,14
8,nearest,nearest,True,159,0.004339430623370382,0.04655681220491605,0.04170230901971397,0.04231150367376069,1199,1308,CONVERGENCE: RELATIVE REDUCTION OF F <= FACTR*EPSMCH,-3.536682082420595,4.847508700989755,False,3.308161300024949,14,14
8,nearest,nearest,True,160,0.003665385360072497,0.04328348386724504,0.03983149476529157,0.0407129930725301,210,242,CONVERGENCE: RELATIVE REDUCTION OF F <= FACTR*EPSMCH,-8.0,-0.10527195806905026,True,1.007828800007701,14,14
8,nearest,nearest,True,161,0.003665385314315734,0.04328347496062624,0.039831492651232016,0.040713006098121785,764,917,CONVERGENCE: RELATIVE REDUCTION OF F <= FACTR*EPSMCH,-8.0,-0.09173861405087526,True,2.5107318999944255,14,14
8,nearest,nearest,True,162,0.005220613875592355,0.05576588718983316,0.05117478100461034,0.052931690742474446,4540,5162,CONVERGENCE: RELATIVE REDUCTION OF F <= FACTR*EPSMCH,-2.920932011528511,7.999999970549889,True,12.876461299951188,14,14
8,nearest,nearest,True,163,0.003441653484723283,0.04054982215321117,0.037296340570343534,0.03833123607359253,247,283,CONVERGENCE: RELATIVE REDUCTION OF F <= FACTR*EPSMCH,-3.497585896152129,-0.6741929950647072,False,0.6635837000794709,14,14
8,nearest,nearest,True,164,0.004215414113886023,0.04926240748725321,0.043490579001237636,0.043918518945679774,4434,5171,CONVERGENCE: RELATIVE REDUCTION OF F <= FACTR*EPSMCH,-4.5110881864633425,7.999707454580278,True,14.491501500015147,14,14
8,nearest,nearest,True,165,0.0034416534847301113,0.040549824835151675,0.037296341916190856,0.038331237605489885,303,353,CONVERGENCE: RELATIVE REDUCTION OF F <= FACTR*EPSMCH,-3.4975855000457687,-0.6741916747228309,False,1.2265214999206364,14,14
8,nearest,nearest,True,166,0.003441653484720291,0.04054982120376201,0.037296355398030355,0.03833125142223219,285,335,CONVERGENCE: RELATIVE REDUCTION OF F <= FACTR*EPSMCH,-3.497580499471179,-0.6741929479680052,False,1.094196300022304,14,14
8,nearest,nearest,True,167,0.003588109091753007,0.03768042758631663,0.03473743171303514,0.03583781824434279,89,98,CONVERGENCE: RELATIVE REDUCTION OF F <= FACTR*EPSMCH,-3.203336670396149,-0.6364065072501425,False,0.3721675999695435,14,14
8,nearest,nearest,True,168,0.0035881090917592,0.03768042523714046,0.03473742850612408,0.035837814702669016,77,85,CONVERGENCE: RELATIVE REDUCTION OF F <= FACTR*EPSMCH,-3.2033381401003402,-0.6364020769251736,False,0.1792561000911519,14,14
8,nearest,nearest,True,169,0.0035881090917533644,0.03768042440107873,0.034737429487913085,0.03583781581452721,80,87,CONVERGENCE: RELATIVE REDUCTION OF F <= FACTR*EPSMCH,-3.2033368142334355,-0.6364065079778551,False,0.1876240000128746,14,14
8,nearest,nearest,True,170,0.0034416534847134935,0.040549823862592,0.03729635969368387,0.03833125603542863,218,267,CONVERGENCE: RELATIVE REDUCTION OF F <= FACTR*EPSMCH,-3.497580394072116,-0.6741965938701554,False,0.5604421000462025,14,14
8,nearest,nearest,True,171,0.003441653484740883,0.04054982226559862,0.03729635303471439,0.038331246172277435,211,243,CONVERGENCE: RELATIVE REDUCTION OF F <= FACTR*EPSMCH,-3.497578188712613,-0.6742036916733545,False,0.5127504999982193,14,14
8,nearest,nearest,True,172,0.003665385314318742,0.04328347432771977,0.039831496172301965,0.04071301014778832,407,471,CONVERGENCE: RELATIVE REDUCTION OF F <= FACTR*EPSMCH,-8.0,-0.09142792858339506,True,1.7936970998998731,14,14
8,nearest,nearest,True,173,0.003441653484715343,0.04054982236102135,0.03729634744320821,0.0383312406964257,206,243,CONVERGENCE: RELATIVE REDUCTION OF F <= FACTR*EPSMCH,-3.4975795322966015,-0.6741938990623071,False,0.8678941999096423,14,14
8,nearest,nearest,True,174,0.0034416534847131657,0.0405498221774608,0.0372963560217458,0.038331251228935125,290,338,CONVERGENCE: RELATIVE REDUCTION OF F <= FACTR*EPSMCH,-3.497577429241656,-0.6741967151200792,False,0.794009100063704,14,14
8,nearest,nearest,True,175,0.004341242017674887,0.0463649045148842,0.04157362294730161,0.042147662098991026,1068,1253,CONVERGENCE: RELATIVE REDUCTION OF F <= FACTR*EPSMCH,-3.5066322552259837,7.9999999987282635,True,3.912003400037065,14,14
8,nearest,nearest,True,176,0.00586916786407137,0.060219480687909416,0.055965281652416106,0.05735442552087414,5314,6169,CONVERGENCE: RELATIVE REDUCTION OF F <= FACTR*EPSMCH,-2.6943789454475495,6.5801546869799825,False,19.949534900020808,14,14
8,nearest,nearest,True,177,0.0034416534847079585,0.04054982266176999,0.03729635370076838,0.0383312482198317,262,308,CONVERGENCE: RELATIVE REDUCTION OF F <= FACTR*EPSMCH,-3.4975801207488826,-0.6741955386454425,False,0.8855673000216484,14,14
8,nearest,nearest,True,178,0.003665385314346748,0.04328347347392293,0.03983150146675694,0.040713013228452735,657,794,CONVERGENCE: RELATIVE REDUCTION OF F <= FACTR*EPSMCH,-8.0,-0.09139963290255276,True,2.3527635000646114,14,14
8,nearest,nearest,True,179,0.003588109091751886,0.03768042661351664,0.03473743295178463,0.035837818916730955,83,95,CONVERGENCE: RELATIVE REDUCTION OF F <= FACTR*EPSMCH,-3.203338609043671,-0.636405615966536,False,0.3304874999448657,14,14
8,nearest,nearest,True,180,0.0035881090917516635,0.037680426353496076,0.03473743285454527,0.03583781895559761,94,109,CONVERGENCE: RELATIVE REDUCTION OF F <= FACTR*EPSMCH,-3.2033378994628228,-0.6364058073733598,False,0.40118440007790923,14,14
8,nearest,nearest,True,181,0.003441653484829418,0.0405498265975631,0.037296354844701896,0.03833124718601507,279,321,CONVERGENCE: RELATIVE REDUCTION OF F <= FACTR*EPSMCH,-3.4976012759054895,-0.6741970171336661,False,1.2331428999314085,14,14
8,nearest,nearest,True,182,0.0034416534847375125,0.04054982352171266,0.037296350563899246,0.03833124319713418,219,251,CONVERGENCE: RELATIVE REDUCTION OF F <= FACTR*EPSMCH,-3.497592425999823,-0.6741936244162544,False,0.9756427999818698,14,14
8,nearest,nearest,True,183,0.0034416534847308286,0.04054982074695059,0.037296347141994785,0.038331243899138875,171,203,CONVERGENCE: RELATIVE REDUCTION OF F <= FACTR*EPSMCH,-3.4975737005484797,-0.6741968634559381,False,0.6403008999768645,14,14
8,nearest,nearest,True,184,0.0035881090917531545,0.037680424543328046,0.03473743086346798,0.03583781732691428,101,108,CONVERGENCE: RELATIVE REDUCTION OF F <= FACTR*EPSMCH,-3.203338132581039,-0.6364045719257271,False,0.42020720010623336,14,14
8,nearest,nearest,True,185,0.0035881090917534463,0.03768042989974819,0.03473743405934361,0.03583782006377936,110,123,CONVERGENCE: RELATIVE REDUCTION OF F <= FACTR*EPSMCH,-3.2033395863298058,-0.6364047331418433,False,0.367529800045304,14,14
8,nearest,nearest,True,186,0.003665385314334602,0.043283474208522084,0.039831484644959676,0.04071299667756724,534,642,CONVERGENCE: RELATIVE REDUCTION OF F <= FACTR*EPSMCH,-8.0,-0.09144644080987446,True,2.462351300055161,14,14
8,nearest,nearest,True,187,0.0035881090917523418,0.03768042841361803,0.03473743290557515,0.03583781912487168,83,88,CONVERGENCE: RELATIVE REDUCTION OF F <= FACTR*EPSMCH,-3.203338142885898,-0.6364061432657302,False,0.36546160001307726,14,14
8,nearest,nearest,True,188,0.003441653484826024,0.040549818647863126,0.03729634437052803,0.03833124230812519,240,284,CONVERGENCE: RELATIVE REDUCTION OF F <= FACTR*EPSMCH,-3.4975826714531086,-0.6741834814384419,False,1.2312880998943,14,14
8,nearest,nearest,True,189,0.00358810909175289,0.03768042502449352,0.034737430249090324,0.035837816822547976,104,117,CONVERGENCE: RELATIVE REDUCTION OF F <= FACTR*EPSMCH,-3.203336412111745,-0.6364058330205891,False,0.44122290005907416,14,14
8,nearest,nearest,True,190,0.0034416534847189818,0.04054982149745124,0.037296346227132904,0.03833124258965133,154,182,CONVERGENCE: RELATIVE REDUCTION OF F <= FACTR*EPSMCH,-3.4975775811905354,-0.6741966509982897,False,0.7616189999971539,14,14
8,nearest,nearest,True,191,0.0034416534847215314,0.04054982253729226,0.0372963483183246,0.03833124075567351,303,369,CONVERGENCE: RELATIVE REDUCTION OF F <= FACTR*EPSMCH,-3.4975771670826594,-0.6741948199163308,False,1.1863184999674559,14,14
8,nearest,nearest,True,192,0.004269896107663507,0.04968347813027065,0.04405239124431987,0.04457797787357414,4226,4749,CONVERGENCE: RELATIVE REDUCTION OF F <= FACTR*EPSMCH,-8.0,8.0,True,15.79982650000602,14,14
8,nearest,nearest,True,193,0.004682727858637119,0.05219957958185838,0.04809355618322237,0.04946716121758293,604,691,CONVERGENCE: RELATIVE REDUCTION OF F <= FACTR*EPSMCH,-2.582137440031963,1.830249726512799,False,2.696462700027041,14,14
8,nearest,nearest,True,194,0.0036653853143107174,0.04328347507153434,0.03983148487232547,0.04071299804555663,396,465,CONVERGENCE: RELATIVE REDUCTION OF F <= FACTR*EPSMCH,-8.0,-0.09150680429031956,True,1.594569000066258,14,14
8,nearest,nearest,True,195,0.0035881090917523344,0.03768042846172666,0.034737434362892144,0.035837819895659866,90,101,CONVERGENCE: RELATIVE REDUCTION OF F <= FACTR*EPSMCH,-3.2033383667618844,-0.6364060225949315,False,0.3214408000931144,14,14
8,nearest,nearest,True,196,0.004374134640833005,0.04964842795488147,0.04401798498162007,0.044566486268424466,4056,4509,CONVERGENCE: RELATIVE REDUCTION OF F <= FACTR*EPSMCH,-8.0,8.0,True,14.482547499937937,14,14
8,nearest,nearest,True,197,0.0036653853143068767,0.043283474178544196,0.03983149506465732,0.04071300976147002,765,919,CONVERGENCE: RELATIVE REDUCTION OF F <= FACTR*EPSMCH,-8.0,-0.09155701389754352,True,3.425974000012502,14,14
8,nearest,nearest,True,198,0.003588109091752771,0.0376804269454907,0.03473743290953069,0.03583781889924005,74,79,CONVERGENCE: RELATIVE REDUCTION OF F <= FACTR*EPSMCH,-3.2033387783972547,-0.6364049416304333,False,0.27014329994563013,14,14
8,nearest,nearest,True,199,0.003441653484749679,0.04054982159484526,0.037296352582859474,0.038331244918617856,393,461,CONVERGENCE: RELATIVE REDUCTION OF F <= FACTR*EPSMCH,-3.4975805962304842,-0.6741903349704377,False,1.629381800070405,14,14
8,nearest,mirror,False,0,0.0037995206926348018,0.03948277540579616,0.0353937083711704,0.03681027395578011,15143,16825,CONVERGENCE: RELATIVE REDUCTION OF F <= FACTR*EPSMCH,0.008402063419448996,8.0,True,54.415803499985486,14,14
8,nearest,mirror,False,1,0.004310321474623377,0.04964070127577614,0.044030027248650204,0.044573670930810556,2192,2582,CONVERGENCE: RELATIVE REDUCTION OF F <= FACTR*EPSMCH,-8.0,8.0,True,4.510771500063129,14,14
8,nearest,mirror,False,2,0.005728312675026273,0.06270364105765953,0.056765210362349106,0.05770950665316744,19288,22731,CONVERGENCE: RELATIVE REDUCTION OF F <= FACTR*EPSMCH,0.036609364592988684,5.854376699402008,False,43.67118559998926,14,14
8,nearest,mirror,False,3,0.007211264259134992,0.07172107540274644,0.0656535182762457,0.06745414395010396,10245,11936,CONVERGENCE: RELATIVE REDUCTION OF F <= FACTR*EPSMCH,-2.0414354512257646,7.999999999457738,True,19.57000540010631,14,14
8,nearest,mirror,False,4,0.004223820041852372,0.044990263882051906,0.04039630951420268,0.04152145091950863,11565,13045,CONVERGENCE: RELATIVE REDUCTION OF F <= FACTR*EPSMCH,0.6665863365268172,6.075232736234821,False,43.48532279999927,14,14
8,nearest,mirror,False,5,0.0061805930168854556,0.06615278523731512,0.059695605975509054,0.06062450235256295,469,551,CONVERGENCE: RELATIVE REDUCTION OF F <= FACTR*EPSMCH,-2.8749655792828452,-0.3098991378780575,False,1.499356499989517,14,14
8,nearest,mirror,False,6,0.004154927195567518,0.04439085297893364,0.03939281447723781,0.0404115872111437,439,472,CONVERGENCE: RELATIVE REDUCTION OF F <= FACTR*EPSMCH,-3.0278784907418284,0.060288526524214174,False,0.9350455000530928,14,14
8,nearest,mirror,False,7,0.004262057981128336,0.049663604790699416,0.044146339874084006,0.04468640449126171,2366,2685,CONVERGENCE: RELATIVE REDUCTION OF F <= FACTR*EPSMCH,-8.0,7.551803154829562,True,3.99597300007008,14,14
8,nearest,mirror,False,8,0.004154927195583405,0.04439085153722935,0.03939281077484518,0.04041158580257303,458,486,CONVERGENCE: RELATIVE REDUCTION OF F <= FACTR*EPSMCH,-3.027878423485069,0.060284875467221964,False,1.9320036999415606,14,14
8,nearest,mirror,False,9,0.0038106761215095162,0.03957243797315452,0.03550631505007644,0.03692871736962705,4151,4787,CONVERGENCE: RELATIVE REDUCTION OF F <= FACTR*EPSMCH,-1.6973965678868046,7.955217630473615,True,17.85328399995342,14,14
8,nearest,mirror,False,10,0.0037994881581477815,0.03948412409508952,0.03539240702580185,0.03680926664529837,9576,10625,CONVERGENCE: RELATIVE REDUCTION OF F <= FACTR*EPSMCH,0.3113138394462762,8.0,True,24.837617399985902,14,14
8,nearest,mirror,False,11,0.005479627036766818,0.06063257945558957,0.05793665478460394,0.05905487363185258,5630,6728,CONVERGENCE: RELATIVE REDUCTION OF F <= FACTR*EPSMCH,-8.0,7.592064091706228,True,9.677840700023808,14,14
8,nearest,mirror,False,12,0.005305703244902584,0.05898198626663612,0.05591485808214427,0.05716365135864586,3731,4450,CONVERGENCE: RELATIVE REDUCTION OF F <= FACTR*EPSMCH,-3.2017207205688596,7.999208737305614,True,16.880755600053817,14,14
8,nearest,mirror,False,13,0.004154927195618092,0.044390848576107,0.03939280724598007,0.040411579427811505,351,382,CONVERGENCE: RELATIVE REDUCTION OF F <= FACTR*EPSMCH,-3.0278853814310316,0.0602949977174159,False,1.236528699984774,14,14
8,nearest,mirror,False,14,0.0037994811033554565,0.03948349768392883,0.03539266787619089,0.036809413838427105,23518,26716,CONVERGENCE: RELATIVE REDUCTION OF F <= FACTR*EPSMCH,0.24250469444389175,8.0,True,55.305019200081006,14,14
8,nearest,mirror,False,15,0.004223868646157921,0.044986078535183834,0.04039507856278411,0.04151939601232842,9355,10751,CONVERGENCE: RELATIVE REDUCTION OF F <= FACTR*EPSMCH,0.4980130788647989,5.736685496085605,False,20.763174100080505,14,14
8,nearest,mirror,False,16,0.004154927195593232,0.04439085001238077,0.039392805835809404,0.04041158082169175,328,353,CONVERGENCE: RELATIVE REDUCTION OF F <= FACTR*EPSMCH,-3.0278734837601506,0.060283291495902315,False,0.4905448999488726,14,14
8,nearest,mirror,False,17,0.00883202084865076,0.08386361282700298,0.07791320276430687,0.07937883831575605,6433,7828,CONVERGENCE: RELATIVE REDUCTION OF F <= FACTR*EPSMCH,-1.345287749278562,6.928905956549274,False,11.08191359997727,14,14
8,nearest,mirror,False,18,0.003801612656880493,0.039501615893606616,0.03541059833258075,0.0368280448194017,3384,3889,CONVERGENCE: RELATIVE REDUCTION OF F <= FACTR*EPSMCH,-0.8266250526367125,7.992009846079967,True,5.13769250002224,14,14
8,nearest,mirror,False,19,0.004154927195767611,0.04439086177325359,0.0393928124457536,0.04041158526705336,297,317,CONVERGENCE: RELATIVE REDUCTION OF F <= FACTR*EPSMCH,-3.0278853606026686,0.06029335822549871,False,1.0430875000311062,14,14
8,nearest,mirror,False,20,0.004154927195586931,0.044390854006100114,0.039392811393204,0.04041158547525782,415,452,CONVERGENCE: RELATIVE REDUCTION OF F <= FACTR*EPSMCH,-3.0278774085009306,0.060283249377753985,False,0.8189825000008568,14,14
8,nearest,mirror,False,21,0.004154927195611544,0.04439086148902804,0.039392815071895605,0.04041158772076368,481,525,CONVERGENCE: RELATIVE REDUCTION OF F <= FACTR*EPSMCH,-3.0278794875913295,0.06028374134259703,False,0.7857344000367448,14,14
8,nearest,mirror,False,22,0.004055353090524089,0.04712021914575703,0.04126178234417033,0.04192515249981635,6859,7849,CONVERGENCE: RELATIVE REDUCTION OF F <= FACTR*EPSMCH,-3.604835661912134,8.0,True,18.308817800018005,14,14
8,nearest,mirror,False,23,0.004019649494045058,0.047243892792083984,0.041500651599605254,0.04215569206795032,13082,14354,CONVERGENCE: RELATIVE REDUCTION OF F <= FACTR*EPSMCH,-3.627244371564685,5.2073464418816044,False,25.00535079999827,14,14
8,nearest,mirror,False,24,0.004154927195613323,0.04439086365084829,0.03939281260100931,0.04041157728474836,516,556,CONVERGENCE: RELATIVE REDUCTION OF F <= FACTR*EPSMCH,-3.0278906548628024,0.06030874910188168,False,1.537257599993609,14,14
8,nearest,mirror,False,25,0.003815645709169504,0.03969111036579926,0.035529923888557004,0.036913406135988834,1912,2208,CONVERGENCE: RELATIVE REDUCTION OF F <= FACTR*EPSMCH,-2.3659105621144714,7.98836663768143,True,6.024061399977654,14,14
8,nearest,mirror,False,26,0.003799547034208225,0.0394828928902766,0.03539393606249107,0.03681044206603436,7944,8850,CONVERGENCE: RELATIVE REDUCTION OF F <= FACTR*EPSMCH,-0.039433707677648075,7.999999315707003,True,22.077989600016735,14,14
8,nearest,mirror,False,27,0.007211029430192277,0.07171739157269984,0.06565412685977616,0.06746497982975351,4318,5058,CONVERGENCE: RELATIVE REDUCTION OF F <= FACTR*EPSMCH,-2.3364450776760464,7.994799435356172,True,6.167153100017458,14,14
8,nearest,mirror,False,28,0.004055252297250555,0.047118432224641016,0.04127363357563632,0.04193591199131918,13352,15026,CONVERGENCE: RELATIVE REDUCTION OF F <= FACTR*EPSMCH,-3.616863784011586,7.900040387879398,True,26.414883400080726,14,14
8,nearest,mirror,False,29,0.007187810014426764,0.07423894610473032,0.06814525455188937,0.06954122086838747,7962,9151,CONVERGENCE: RELATIVE REDUCTION OF F <= FACTR*EPSMCH,-6.245374146897145,3.8940754916143794,False,15.734433599980548,14,14
8,nearest,mirror,False,30,0.0037995720425307087,0.03948746587476165,0.03539158259474182,0.03680897113673501,22059,24058,CONVERGENCE: RELATIVE REDUCTION OF F <= FACTR*EPSMCH,0.49396578726146795,8.0,True,48.33087009994779,14,14
8,nearest,mirror,False,31,0.008058808595873263,0.07817870420082373,0.07403133436223831,0.07526975432917496,611,722,CONVERGENCE: RELATIVE REDUCTION OF F <= FACTR*EPSMCH,-8.0,8.0,True,2.3215366000076756,14,14
8,nearest,mirror,False,32,0.004154927195706068,0.04439085785729636,0.03939281031959553,0.04041157960430397,449,486,CONVERGENCE: RELATIVE REDUCTION OF F <= FACTR*EPSMCH,-3.027890924402905,0.06030857624571549,False,0.5760297999950126,14,14
8,nearest,mirror,False,33,0.004154927195668273,0.04439086719367876,0.03939281646856628,0.04041158935536925,336,366,CONVERGENCE: RELATIVE REDUCTION OF F <= FACTR*EPSMCH,-3.0278775482640365,0.06027657400982812,False,0.4243927999632433,14,14
8,nearest,mirror,False,34,0.00723505866355028,0.07181208310067841,0.06588654694322972,0.06789589912795276,3563,4136,CONVERGENCE: RELATIVE REDUCTION OF F <= FACTR*EPSMCH,-2.6917144672626,7.780813994290075,False,8.096522200037725,14,14
8,nearest,mirror,False,35,0.005479372691666649,0.060633786159307264,0.057937272309554116,0.059053265406906995,3986,4746,CONVERGENCE: RELATIVE REDUCTION OF F <= FACTR*EPSMCH,-8.0,8.0,True,9.154138999991119,14,14
8,nearest,mirror,False,36,0.0041549271956126555,0.04439084469139336,0.03939280831444307,0.040411578494815886,354,381,CONVERGENCE: RELATIVE REDUCTION OF F <= FACTR*EPSMCH,-3.0278768437059678,0.06029487454079608,False,0.5512339000124484,14,14
8,nearest,mirror,False,37,0.004154927195702984,0.04439084862344489,0.039392813318291746,0.04041159390861555,412,440,CONVERGENCE: RELATIVE REDUCTION OF F <= FACTR*EPSMCH,-3.027863274250605,0.060255907107744776,False,0.7260784000391141,14,14
8,nearest,mirror,False,38,0.004309866179012801,0.049641908312983596,0.044028661954020824,0.04456756518103975,1017,1135,CONVERGENCE: RELATIVE REDUCTION OF F <= FACTR*EPSMCH,-8.0,8.0,True,3.1305457000853494,14,14
8,nearest,mirror,False,39,0.007647619273589236,0.07732285227691428,0.07170389137705445,0.07336571793061569,10153,11985,CONVERGENCE: RELATIVE REDUCTION OF F <= FACTR*EPSMCH,-5.002369663873338,7.780867095740331,False,23.920455900020897,14,14
8,nearest,mirror,False,40,0.004154927195646873,0.04439085768541926,0.039392816894657075,0.040411591649281736,399,429,CONVERGENCE: RELATIVE REDUCTION OF F <= FACTR*EPSMCH,-3.0278820408985907,0.06028205594360015,False,1.1287764000007883,14,14
8,nearest,mirror,False,41,0.003799487130629441,0.03948383608506994,0.03539255588947653,0.03680935674082687,29307,32607,CONVERGENCE: RELATIVE REDUCTION OF F <= FACTR*EPSMCH,0.28238838261432986,8.0,True,54.22518370009493,14,14
8,nearest,mirror,False,42,0.00420051165573822,0.04851399365546677,0.043228850635076095,0.04382114270736377,5103,5665,CONVERGENCE: RELATIVE REDUCTION OF F <= FACTR*EPSMCH,-4.021008455128659,7.996115593235629,True,9.834572300082073,14,14
8,nearest,mirror,False,43,0.004313651815274454,0.04967370489889138,0.044042771810481975,0.04458188839900325,16443,19795,CONVERGENCE: RELATIVE REDUCTION OF F <= FACTR*EPSMCH,-8.0,7.980645564313403,True,50.59499070001766,14,14
8,nearest,mirror,False,44,0.004154927195690104,0.044390832414133455,0.03939279724285069,0.04041157607813702,397,431,CONVERGENCE: RELATIVE REDUCTION OF F <= FACTR*EPSMCH,-3.0278682011865787,0.060278107567369024,False,0.4927276000380516,14,14
8,nearest,mirror,False,45,0.005329610056678223,0.059433510846261,0.05643151511277012,0.05767760286194258,15077,16835,CONVERGENCE: RELATIVE REDUCTION OF F <= FACTR*EPSMCH,-4.00840865967796,7.2671281342748655,False,29.691296400036663,14,14
8,nearest,mirror,False,46,0.004223961829971191,0.04501395824678216,0.04040165298197648,0.04152872445414499,7598,8695,CONVERGENCE: RELATIVE REDUCTION OF F <= FACTR*EPSMCH,1.6305603157116535,7.999999981242893,True,13.119407800026238,14,14
8,nearest,mirror,False,47,0.003799496377322467,0.039484604901203126,0.03539217848281511,0.03680914985638013,16490,18011,CONVERGENCE: RELATIVE REDUCTION OF F <= FACTR*EPSMCH,0.3476544600253516,7.999385570587161,True,45.98899019998498,14,14
8,nearest,mirror,False,48,0.0040195547054313295,0.047244282316899866,0.041502586068468066,0.04215801845362351,13429,14864,CONVERGENCE: RELATIVE REDUCTION OF F <= FACTR*EPSMCH,-3.6258001429795836,5.753995254798515,False,22.14609230007045,14,14
8,nearest,mirror,False,49,0.0037994806413473676,0.039483353089938784,0.035392741710661584,0.0368094354634496,16746,19035,CONVERGENCE: RELATIVE REDUCTION OF F <= FACTR*EPSMCH,0.22085707264340929,8.0,True,45.10240720002912,14,14
8,nearest,mirror,False,50,0.004055611888828393,0.047118761229815655,0.04128052593700723,0.04194537585139035,8769,9902,CONVERGENCE: RELATIVE REDUCTION OF F <= FACTR*EPSMCH,-3.607287333862612,7.36166338347669,False,21.842324399971403,14,14
8,nearest,mirror,False,51,0.007951517174808407,0.07927224615582203,0.07346342118417716,0.07520871798740873,13290,14596,CONVERGENCE: RELATIVE REDUCTION OF F <= FACTR*EPSMCH,-2.5266421441306925,7.980883824263978,True,20.109083599993028,14,14
8,nearest,mirror,False,52,0.00507864091886687,0.05360093798791134,0.04971993509899695,0.051106888486359484,9766,10715,CONVERGENCE: RELATIVE REDUCTION OF F <= FACTR*EPSMCH,-2.610974074615572,6.948866204015008,False,26.7504489000421,14,14
8,nearest,mirror,False,53,0.0037996910206114674,0.039483707358723405,0.035395522390971206,0.03681187561984047,10219,11729,CONVERGENCE: RELATIVE REDUCTION OF F <= FACTR*EPSMCH,-0.28774118211861405,8.0,True,16.05512519995682,14,14
8,nearest,mirror,False,54,0.0042019730750975206,0.048513320763851564,0.04323783414848007,0.04383417534462491,4059,4494,CONVERGENCE: RELATIVE REDUCTION OF F <= FACTR*EPSMCH,-3.663786924970702,7.992195403440057,True,6.090498799923807,14,14
8,nearest,mirror,False,55,0.004154927195572942,0.044390853721451476,0.039392811406413056,0.040411585741070635,326,345,CONVERGENCE: RELATIVE REDUCTION OF F <= FACTR*EPSMCH,-3.0278829667294147,0.06028370303318229,False,0.4712824000744149,14,14
8,nearest,mirror,False,56,0.0039501111988310845,0.04647989168511956,0.041454024991006894,0.04241571284725914,6999,7721,CONVERGENCE: RELATIVE REDUCTION OF F <= FACTR*EPSMCH,-3.206585716988802,7.769652269707063,False,14.117525500012562,14,14
8,nearest,mirror,False,57,0.004307707519832767,0.04963363869648003,0.04402888890286238,0.04457333693277483,2030,2324,CONVERGENCE: RELATIVE REDUCTION OF F <= FACTR*EPSMCH,-8.0,7.998823935220657,True,3.164929399965331,14,14
8,nearest,mirror,False,58,0.004154927195637713,0.0443908460083511,0.03939280641988724,0.04041158573587524,331,356,CONVERGENCE: RELATIVE REDUCTION OF F <= FACTR*EPSMCH,-3.02787354537806,0.06027443171008942,False,0.5504503999836743,14,14
8,nearest,mirror,False,59,0.007407051444061863,0.07561448934126802,0.06887349861934079,0.07017842133718276,1999,2267,CONVERGENCE: RELATIVE REDUCTION OF F <= FACTR*EPSMCH,-7.9233161244357655,7.999555035643138,True,3.15018290001899,14,14
8,nearest,mirror,False,60,0.0038134440394713273,0.03962824408318022,0.03550990572359869,0.036906152844742544,3415,3805,CONVERGENCE: RELATIVE REDUCTION OF F <= FACTR*EPSMCH,-2.1536575490166023,7.997765833445234,True,5.510689900023863,14,14
8,nearest,mirror,False,61,0.004681414589413712,0.05389145021393135,0.04902609316326879,0.050783735327998646,14744,16154,CONVERGENCE: RELATIVE REDUCTION OF F <= FACTR*EPSMCH,0.7329852739817435,5.950046288487783,False,21.709361499990337,14,14
8,nearest,mirror,False,62,0.003814546635426362,0.03963122816203028,0.03553048053451971,0.036928483834489684,5260,6033,CONVERGENCE: RELATIVE REDUCTION OF F <= FACTR*EPSMCH,-2.1113390907908673,7.999357282170194,True,10.212431199965067,14,14
8,nearest,mirror,False,63,0.004308955842240901,0.04964433902470719,0.044044201586692755,0.04458944664128526,2733,3300,CONVERGENCE: RELATIVE REDUCTION OF F <= FACTR*EPSMCH,-8.0,8.0,True,6.9252789000747725,14,14
8,nearest,mirror,False,64,0.0043087771552649,0.04964402488437754,0.044039080850996705,0.044583871373783855,1805,2089,CONVERGENCE: RELATIVE REDUCTION OF F <= FACTR*EPSMCH,-8.0,7.957859498585856,True,2.850879200035706,14,14
8,nearest,mirror,False,65,0.0037994854796221133,0.03948324879865056,0.03539290137686799,0.036809575239455015,68161,76697,CONVERGENCE: RELATIVE REDUCTION OF F <= FACTR*EPSMCH,0.1843442934705498,7.976431238716395,True,119.45393570000306,14,14
8,nearest,mirror,False,66,0.006407050145786471,0.06765960449651551,0.06307654881758272,0.06434620117054315,37407,42432,CONVERGENCE: RELATIVE REDUCTION OF F <= FACTR*EPSMCH,-2.798225234250629,6.359823619121594,False,64.77581850008573,14,14
8,nearest,mirror,False,67,0.006110532080839966,0.0649144155511667,0.05863243057182009,0.05969544833327245,15543,18138,CONVERGENCE: RELATIVE REDUCTION OF F <= FACTR*EPSMCH,-2.6748793160384516,7.992943248778357,True,34.02612629998475,14,14
8,nearest,mirror,False,68,0.00379965139790158,0.039483455872404705,0.03539510416817257,0.03681147489515172,13596,15667,CONVERGENCE: RELATIVE REDUCTION OF F <= FACTR*EPSMCH,-0.23655233315080776,7.999249227844207,True,25.137470800080337,14,14
8,nearest,mirror,False,69,0.005349156025003002,0.05554010398287689,0.051183697084424155,0.05249262643795293,8613,10214,CONVERGENCE: RELATIVE REDUCTION OF F <= FACTR*EPSMCH,0.2267613070059351,7.996849416253562,True,16.364229200058617,14,14
8,nearest,mirror,False,70,0.004040859606137729,0.047331015419344674,0.04145677500298635,0.042344575277595546,10261,11281,CONVERGENCE: RELATIVE REDUCTION OF F <= FACTR*EPSMCH,-2.9982885427395094,5.3580490995729715,False,20.47675499995239,14,14
8,nearest,mirror,False,71,0.004171014014234944,0.044328568282091904,0.03955413056544934,0.04070539404286673,25304,28165,CONVERGENCE: RELATIVE REDUCTION OF F <= FACTR*EPSMCH,0.19986299843223773,6.396788666363647,False,40.49961619998794,14,14
8,nearest,mirror,False,72,0.004154927195589348,0.044390844375924624,0.039392803861700756,0.04041157681106527,322,347,CONVERGENCE: RELATIVE REDUCTION OF F <= FACTR*EPSMCH,-3.027881033369021,0.06029702960279025,False,0.6933511000825092,14,14
8,nearest,mirror,False,73,0.005478658166806028,0.06062136477481731,0.057932196987625806,0.05904924893081718,5145,5939,CONVERGENCE: RELATIVE REDUCTION OF F <= FACTR*EPSMCH,-7.642717589485444,8.0,True,7.942896900000051,14,14
8,nearest,mirror,False,74,0.0045449356264845,0.052288658043554315,0.04764133873336312,0.049260346508947346,8439,10151,CONVERGENCE: RELATIVE REDUCTION OF F <= FACTR*EPSMCH,-1.0639587135680988,4.6407800774975305,False,18.171160399913788,14,14
8,nearest,mirror,False,75,0.004154927195704292,0.04439084970007924,0.03939279770363458,0.040411571160622974,305,328,CONVERGENCE: RELATIVE REDUCTION OF F <= FACTR*EPSMCH,-3.0278815943683934,0.060290945168580475,False,0.4561709000263363,14,14
8,nearest,mirror,False,76,0.003799491028455889,0.03948420100360918,0.03539239004012992,0.036809317383619256,20721,23013,CONVERGENCE: RELATIVE REDUCTION OF F <= FACTR*EPSMCH,0.31991557185753605,8.0,True,39.818843799992464,14,14
8,nearest,mirror,False,77,0.004312893852605933,0.04967561173879644,0.044062441648089395,0.044603038958946184,14862,17579,CONVERGENCE: RELATIVE REDUCTION OF F <= FACTR*EPSMCH,-8.0,8.0,True,25.78955749992747,14,14
8,nearest,mirror,False,78,0.004055616765836994,0.047120791125393,0.0412823080990066,0.041949051078453155,7803,8749,CONVERGENCE: RELATIVE REDUCTION OF F <= FACTR*EPSMCH,-3.609090987459904,7.46618075579801,False,10.818875800003298,14,14
8,nearest,mirror,False,79,0.004154927195577429,0.0443908461938769,0.03939280712208699,0.04041158308148938,400,445,CONVERGENCE: RELATIVE REDUCTION OF F <= FACTR*EPSMCH,-3.0278764333667483,0.06028391764273869,False,0.8597286000149325,14,14
8,nearest,mirror,False,80,0.003937036253804154,0.04634267708168244,0.04135210492793896,0.04232842242604523,20861,23322,CONVERGENCE: RELATIVE REDUCTION OF F <= FACTR*EPSMCH,-1.366118549482684,7.998777339939414,True,41.5759913000511,14,14
8,nearest,mirror,False,81,0.0037994814174420006,0.03948359261031147,0.035392656084367015,0.03680936705207071,15052,16681,CONVERGENCE: RELATIVE REDUCTION OF F <= FACTR*EPSMCH,0.2533976118020248,7.999992888357012,True,23.77561540005263,14,14
8,nearest,mirror,False,82,0.004313152110042055,0.04967277574923016,0.04405772042969328,0.04459705471082541,2376,2686,CONVERGENCE: RELATIVE REDUCTION OF F <= FACTR*EPSMCH,-8.0,7.962138169138359,True,2.8018298000097275,14,14
8,nearest,mirror,False,83,0.003799482167086153,0.03948322145718827,0.035392900055515895,0.03680954424248011,28542,32279,CONVERGENCE: RELATIVE REDUCTION OF F <= FACTR*EPSMCH,0.19608673438105192,8.0,True,45.115145599935204,14,14
8,nearest,mirror,False,84,0.004154927195981125,0.04439085677074958,0.03939278964590277,0.04041155411667557,429,467,CONVERGENCE: RELATIVE REDUCTION OF F <= FACTR*EPSMCH,-3.027906533356902,0.060335825309900316,False,0.9864252000115812,14,14
8,nearest,mirror,False,85,0.0040408461732564715,0.04733149346708445,0.04145845122146713,0.042347661948786766,9198,10150,CONVERGENCE: RELATIVE REDUCTION OF F <= FACTR*EPSMCH,-2.996590066167013,5.557010118611864,False,15.774441300076433,14,14
8,nearest,mirror,False,86,0.006407083865551076,0.06765936811729871,0.0630767619794132,0.06434616529363049,14275,15641,CONVERGENCE: RELATIVE REDUCTION OF F <= FACTR*EPSMCH,-2.7952617420157586,4.663697419806336,False,20.81541800010018,14,14
8,nearest,mirror,False,87,0.004019570909388119,0.04724407192809861,0.04150364258645662,0.042158788833671385,10185,11342,CONVERGENCE: RELATIVE REDUCTION OF F <= FACTR*EPSMCH,-3.62771190262439,5.597207501991061,False,23.719905500067398,14,14
8,nearest,mirror,False,88,0.00618059301688332,0.06615278552728011,0.05969562344849849,0.06062452458696108,493,578,CONVERGENCE: RELATIVE REDUCTION OF F <= FACTR*EPSMCH,-2.7855634070545094,-0.13111548464029094,False,1.005593299982138,14,14
8,nearest,mirror,False,89,0.003799838511199412,0.03948491024026063,0.035396681231304475,0.036812966971874576,25292,28633,CONVERGENCE: RELATIVE REDUCTION OF F <= FACTR*EPSMCH,-0.4452396457179082,7.995640501934693,True,43.316634199931286,14,14
8,nearest,mirror,False,90,0.0037994857991151924,0.03948311502194321,0.03539295621393624,0.036809656434144127,24656,27064,CONVERGENCE: RELATIVE REDUCTION OF F <= FACTR*EPSMCH,0.16737098305629908,7.994356951867633,True,48.36269839992747,14,14
8,nearest,mirror,False,91,0.0037994836099394347,0.039483738985064416,0.03539262411846226,0.03680940534998079,20041,22360,CONVERGENCE: RELATIVE REDUCTION OF F <= FACTR*EPSMCH,0.26961913122449993,8.0,True,39.25981179997325,14,14
8,nearest,mirror,False,92,0.004310042862081008,0.04964583770818357,0.04405662226868481,0.044604136517800395,11011,13078,CONVERGENCE: RELATIVE REDUCTION OF F <= FACTR*EPSMCH,-8.0,7.997722879421634,True,25.73942590004299,14,14
8,nearest,mirror,False,93,0.009472824431978425,0.08823197318775115,0.08412888382768464,0.08568800467754518,22369,27292,CONVERGENCE: RELATIVE REDUCTION OF F <= FACTR*EPSMCH,-8.0,7.985527640111963,True,46.395493200048804,14,14
8,nearest,mirror,False,94,0.004259768462251111,0.0496428008334628,0.04411555104598291,0.04465028086016988,10217,11429,CONVERGENCE: RELATIVE REDUCTION OF F <= FACTR*EPSMCH,-8.0,7.99991147888833,True,21.546376600046642,14,14
8,nearest,mirror,False,95,0.008063374979583229,0.07820037578532399,0.074062748111549,0.07530276321857313,2899,3321,CONVERGENCE: RELATIVE REDUCTION OF F <= FACTR*EPSMCH,-8.0,7.980060210114807,True,6.921011300059035,14,14
8,nearest,mirror,False,96,0.0037994894168368954,0.03948388441803656,0.03539257708181908,0.036809285563548254,13967,15716,CONVERGENCE: RELATIVE REDUCTION OF F <= FACTR*EPSMCH,0.29151163701953897,8.0,True,27.085984400007874,14,14
8,nearest,mirror,False,97,0.0076321430887002824,0.07710708105407382,0.07139486496716765,0.07310290458264285,8199,9284,CONVERGENCE: RELATIVE REDUCTION OF F <= FACTR*EPSMCH,-8.0,7.4605766821950645,True,12.853345099953003,14,14
8,nearest,mirror,False,98,0.00415492719559464,0.04439084966429319,0.03939280778462462,0.040411581259544437,404,445,CONVERGENCE: RELATIVE REDUCTION OF F <= FACTR*EPSMCH,-3.027883881316837,0.06029587688621491,False,0.585703199962154,14,14
8,nearest,mirror,False,99,0.00430915688011627,0.04963548146981068,0.04402388301967642,0.04456317184815008,886,1027,CONVERGENCE: RELATIVE REDUCTION OF F <= FACTR*EPSMCH,-8.0,8.0,True,2.5351634999969974,14,14
8,nearest,mirror,False,100,0.004311768398757266,0.04966453574483058,0.04404969433752987,0.04458549897150316,3099,3649,CONVERGENCE: RELATIVE REDUCTION OF F <= FACTR*EPSMCH,-8.0,7.999997018187274,True,7.1105096999090165,14,14
8,nearest,mirror,False,101,0.003809496963041903,0.0395768426132824,0.03549839225957744,0.0368992812434249,2590,2953,CONVERGENCE: RELATIVE REDUCTION OF F <= FACTR*EPSMCH,-0.9122972032032262,7.999631376862525,True,3.8037901999196038,14,14
8,nearest,mirror,False,102,0.004154927195667412,0.04439085131175786,0.039392818009478206,0.04041159264248482,356,380,CONVERGENCE: RELATIVE REDUCTION OF F <= FACTR*EPSMCH,-3.027870969383352,0.06027734213695753,False,0.8131792000494897,14,14
8,nearest,mirror,False,103,0.007633263121624403,0.07717535123258518,0.07153666988485312,0.07322318444206204,5336,6086,CONVERGENCE: RELATIVE REDUCTION OF F <= FACTR*EPSMCH,-4.8153795339668815,6.775706153949781,False,12.090710200020112,14,14
8,nearest,mirror,False,104,0.004260652924676458,0.04965185957937478,0.04413690255616269,0.044677454680365075,3746,4257,CONVERGENCE: RELATIVE REDUCTION OF F <= FACTR*EPSMCH,-8.0,7.999401661269502,True,6.320184099953622,14,14
8,nearest,mirror,False,105,0.004154927195586723,0.04439085629274408,0.03939280936207904,0.040411578728026476,308,337,CONVERGENCE: RELATIVE REDUCTION OF F <= FACTR*EPSMCH,-3.027887867374827,0.06030421930298622,False,0.3661997999297455,14,14
8,nearest,mirror,False,106,0.005344255326394239,0.05934913496571601,0.056495168779226106,0.0576991399942558,10991,13247,CONVERGENCE: RELATIVE REDUCTION OF F <= FACTR*EPSMCH,-2.6394341785375666,5.546571203798953,False,26.612393000046723,14,14
8,nearest,mirror,False,107,0.004154927195583184,0.0443908535096129,0.03939281074277933,0.04041158451398008,351,386,CONVERGENCE: RELATIVE REDUCTION OF F <= FACTR*EPSMCH,-3.0278754528737664,0.06028089877359985,False,0.48136789991986006,14,14
8,nearest,mirror,False,108,0.0039364742679784265,0.04633783735120157,0.041338474459741065,0.04230897440973919,12349,13710,CONVERGENCE: RELATIVE REDUCTION OF F <= FACTR*EPSMCH,-1.1031007950384484,8.0,True,22.764433200005442,14,14
8,nearest,mirror,False,109,0.004223796802952866,0.04498644436547956,0.04039658693277252,0.04152140901971795,11854,13481,CONVERGENCE: RELATIVE REDUCTION OF F <= FACTR*EPSMCH,0.7226183507689952,6.184235590123501,False,21.69988260010723,14,14
8,nearest,mirror,False,110,0.004223997560237164,0.04499008098698675,0.040396953832729426,0.04152184183361814,8701,9870,CONVERGENCE: RELATIVE REDUCTION OF F <= FACTR*EPSMCH,0.20382495574275325,5.1486362697299155,False,11.761109300074168,14,14
8,nearest,mirror,False,111,0.005341593999094447,0.05549893152236378,0.05122750301421493,0.05255694253084869,3420,3966,CONVERGENCE: RELATIVE REDUCTION OF F <= FACTR*EPSMCH,-1.8551529519218892,5.743995702635059,False,4.485574800055474,14,14
8,nearest,mirror,False,112,0.004154927195589736,0.044390852694541225,0.03939280595144819,0.04041157873714748,420,457,CONVERGENCE: RELATIVE REDUCTION OF F <= FACTR*EPSMCH,-3.0278795112887615,0.060294544351093965,False,1.0209005000069737,14,14
8,nearest,mirror,False,113,0.004170926569172288,0.04432817379791234,0.03955354927706193,0.04070491852062571,19672,22259,CONVERGENCE: RELATIVE REDUCTION OF F <= FACTR*EPSMCH,0.9799838070426178,7.956641327989154,True,33.3433270000387,14,14
8,nearest,mirror,False,114,0.007211259897669264,0.0717195682906964,0.06566071364897991,0.067467734949039,6203,7163,CONVERGENCE: RELATIVE REDUCTION OF F <= FACTR*EPSMCH,-2.2997339422721703,7.575898647757916,False,9.636054900009185,14,14
8,nearest,mirror,False,115,0.004154927195749263,0.04439084679709557,0.03939281574683842,0.040411595173797284,361,386,CONVERGENCE: RELATIVE REDUCTION OF F <= FACTR*EPSMCH,-3.0278704548285433,0.060269589953042345,False,0.4644147999351844,14,14
8,nearest,mirror,False,116,0.005029882511664516,0.05605079643161139,0.052286720369475535,0.053577524577118354,9427,10398,CONVERGENCE: RELATIVE REDUCTION OF F <= FACTR*EPSMCH,-3.329456029795605,7.299771698904681,False,13.448772700037807,14,14
8,nearest,mirror,False,117,0.007952654791658926,0.0792782487081465,0.07347066152017219,0.0752166230249354,7474,8421,CONVERGENCE: RELATIVE REDUCTION OF F <= FACTR*EPSMCH,-2.7250568537209157,7.9596871749940705,True,12.810049600084312,14,14
8,nearest,mirror,False,118,0.004154927195654428,0.04439084424876655,0.039392805480931686,0.04041158134407056,377,406,CONVERGENCE: RELATIVE REDUCTION OF F <= FACTR*EPSMCH,-3.0278822398857224,0.06028918646086544,False,0.9000489000463858,14,14
8,nearest,mirror,False,119,0.004309757337304232,0.04964757746277927,0.04403235300318498,0.044572336419004675,307,380,CONVERGENCE: RELATIVE REDUCTION OF F <= FACTR*EPSMCH,-8.0,8.0,True,0.7342697000131011,14,14
8,nearest,mirror,False,120,0.0040408349567909365,0.047331640524975536,0.04145851662755024,0.04234803297880016,14831,16311,CONVERGENCE: RELATIVE REDUCTION OF F <= FACTR*EPSMCH,-2.9962517085097806,5.894998636737376,False,21.232970800017938,14,14
8,nearest,mirror,False,121,0.005342994258583181,0.05935427710114253,0.05652273361726667,0.057719551090622746,30754,36041,CONVERGENCE: RELATIVE REDUCTION OF F <= FACTR*EPSMCH,-2.7652856631228784,6.91326836865889,False,47.194417600054294,14,14
8,nearest,mirror,False,122,0.004154927195645096,0.04439086076326263,0.03939280710205606,0.040411573012110465,440,491,CONVERGENCE: RELATIVE REDUCTION OF F <= FACTR*EPSMCH,-3.027894020703141,0.06031253252778356,False,0.5436366000212729,14,14
8,nearest,mirror,False,123,0.004154927195699245,0.04439087026760916,0.039392823780968436,0.04041159519934025,377,398,CONVERGENCE: RELATIVE REDUCTION OF F <= FACTR*EPSMCH,-3.027877730417153,0.06027959284401172,False,0.4953852000180632,14,14
8,nearest,mirror,False,124,0.007649386550869207,0.07731985085048518,0.07169689782022277,0.07336023441163537,12213,14408,CONVERGENCE: RELATIVE REDUCTION OF F <= FACTR*EPSMCH,-2.8469003094291594,6.516209348676175,False,19.24493699998129,14,14
8,nearest,mirror,False,125,0.004154927195580133,0.044390856960764405,0.03939280721446083,0.04041158023087547,352,380,CONVERGENCE: RELATIVE REDUCTION OF F <= FACTR*EPSMCH,-3.0278832586847972,0.06028474053197479,False,0.4394957999465987,14,14
8,nearest,mirror,False,126,0.0041549271955940645,0.044390852939508334,0.03939280809382313,0.040411584942921235,427,464,CONVERGENCE: RELATIVE REDUCTION OF F <= FACTR*EPSMCH,-3.0278730126527154,0.060274863330847576,False,0.5621213000267744,14,14
8,nearest,mirror,False,127,0.004312158051264698,0.049675972182632026,0.04407703985914748,0.04462172375901218,2254,2680,CONVERGENCE: RELATIVE REDUCTION OF F <= FACTR*EPSMCH,-8.0,8.0,True,2.8844177999999374,14,14
8,nearest,mirror,False,128,0.004545175208055232,0.05229187751888769,0.04764026990067726,0.049262006472978646,8293,9873,CONVERGENCE: RELATIVE REDUCTION OF F <= FACTR*EPSMCH,-1.3030702240244725,5.912039928139535,False,11.864697400014848,14,14
8,nearest,mirror,False,129,0.007264918322117472,0.0737795385812604,0.0685027197582972,0.06976228225045855,46665,52362,CONVERGENCE: RELATIVE REDUCTION OF F <= FACTR*EPSMCH,-3.0471492262873965,8.0,True,61.28930310008582,14,14
8,nearest,mirror,False,130,0.003936577979133546,0.04633604153456833,0.04135790131513025,0.04234329625520153,14759,16520,CONVERGENCE: RELATIVE REDUCTION OF F <= FACTR*EPSMCH,-2.0151474651353376,7.999942306868735,True,21.451205200050026,14,14
8,nearest,mirror,False,131,0.00618059301693649,0.06615278579573057,0.059695597861697494,0.060624491348730845,194,231,CONVERGENCE: RELATIVE REDUCTION OF F <= FACTR*EPSMCH,-2.8909152418853656,-0.341791246055016,False,0.3845827999757603,14,14
8,nearest,mirror,False,132,0.0041549271955788015,0.04439085841306598,0.03939280862179837,0.040411582288239475,302,328,CONVERGENCE: RELATIVE REDUCTION OF F <= FACTR*EPSMCH,-3.027882997649327,0.06028765099304844,False,0.3191787999821827,14,14
8,nearest,mirror,False,133,0.00415492719559657,0.044390848037078406,0.03939281576338486,0.040411594751464865,569,622,CONVERGENCE: RELATIVE REDUCTION OF F <= FACTR*EPSMCH,-3.0278754601876727,0.06027525003596631,False,0.6786507000215352,14,14
8,nearest,mirror,False,134,0.004154927195654037,0.04439085764688621,0.0393928112127984,0.04041158364492087,484,547,CONVERGENCE: RELATIVE REDUCTION OF F <= FACTR*EPSMCH,-3.027880169518906,0.06028757229849663,False,0.6007697000168264,14,14
8,nearest,mirror,False,135,0.004154927195618274,0.04439084568385799,0.03939281248437201,0.040411585495186836,358,386,CONVERGENCE: RELATIVE REDUCTION OF F <= FACTR*EPSMCH,-3.027875876661359,0.0602905132426702,False,0.4506887999596074,14,14
8,nearest,mirror,False,136,0.0040557240681640076,0.04712142228753945,0.041263842755397497,0.04192979571289373,8455,9548,CONVERGENCE: RELATIVE REDUCTION OF F <= FACTR*EPSMCH,-3.5983864696156416,7.458260297566201,False,11.847765500075184,14,14
8,nearest,mirror,False,137,0.004154927195694857,0.04439085161870895,0.03939279966443311,0.040411568909047,351,380,CONVERGENCE: RELATIVE REDUCTION OF F <= FACTR*EPSMCH,-3.0278873150804606,0.06030892659736801,False,0.4711114999372512,14,14
8,nearest,mirror,False,138,0.004309532542889099,0.0496330018290961,0.04403087212652531,0.044577654085026584,2364,2732,CONVERGENCE: RELATIVE REDUCTION OF F <= FACTR*EPSMCH,-8.0,8.0,True,3.3358665000414476,14,14
8,nearest,mirror,False,139,0.004154927195601508,0.04439086190426563,0.03939280613030872,0.040411578029053236,353,380,CONVERGENCE: RELATIVE REDUCTION OF F <= FACTR*EPSMCH,-3.0278850214926183,0.06029158996851118,False,0.37325699999928474,14,14
8,nearest,mirror,False,140,0.0072112881523924725,0.07172188289477473,0.06565653757778445,0.06745819313431593,2960,3329,CONVERGENCE: RELATIVE REDUCTION OF F <= FACTR*EPSMCH,-1.6333686836026486,8.0,True,4.061587400035933,14,14
8,nearest,mirror,False,141,0.004264864626964978,0.04969277533447766,0.04417445926748665,0.044710630636375,5899,6691,CONVERGENCE: RELATIVE REDUCTION OF F <= FACTR*EPSMCH,-8.0,7.999467867138011,True,8.412577099981718,14,14
8,nearest,mirror,False,142,0.0037995193298482584,0.03948553457689228,0.035391952528230866,0.03680905205889765,15241,16906,CONVERGENCE: RELATIVE REDUCTION OF F <= FACTR*EPSMCH,0.4058180829557287,8.0,True,19.022767700022087,14,14
8,nearest,mirror,False,143,0.00415492719557041,0.044390850960246746,0.03939280720564439,0.0404115801343349,366,396,CONVERGENCE: RELATIVE REDUCTION OF F <= FACTR*EPSMCH,-3.027880948042495,0.0602890395500842,False,0.46619020006619394,14,14
8,nearest,mirror,False,144,0.004154927195704884,0.04439085779430353,0.0393928142806182,0.04041158924023131,387,416,CONVERGENCE: RELATIVE REDUCTION OF F <= FACTR*EPSMCH,-3.0278662669114214,0.060273517303283515,False,0.43120930006261915,14,14
8,nearest,mirror,False,145,0.006180593016932585,0.0661527859785702,0.059695600804747916,0.060624494383654186,374,433,CONVERGENCE: RELATIVE REDUCTION OF F <= FACTR*EPSMCH,-2.426805532582903,0.7608831583254722,False,0.47168620000593364,14,14
8,nearest,mirror,False,146,0.004154927195948666,0.0443908507931277,0.03939279432212399,0.040411565769307024,448,489,CONVERGENCE: RELATIVE REDUCTION OF F <= FACTR*EPSMCH,-3.0278915299941964,0.0603066620785444,False,0.5567481000907719,14,14
8,nearest,mirror,False,147,0.004154927195635434,0.04439084950209538,0.039392813549496794,0.04041158961048906,278,302,CONVERGENCE: RELATIVE REDUCTION OF F <= FACTR*EPSMCH,-3.027867147788789,0.06027120010138083,False,0.3396432999288663,14,14
8,nearest,mirror,False,148,0.003799490186209012,0.039483077983566275,0.03539307750791295,0.03680970696331693,15158,17139,CONVERGENCE: RELATIVE REDUCTION OF F <= FACTR*EPSMCH,0.14260482677151384,7.968668583794127,True,19.88395099993795,14,14
8,nearest,mirror,False,149,0.005348728401690046,0.05553761729296832,0.05118189071754649,0.0524915116729406,6178,7348,CONVERGENCE: RELATIVE REDUCTION OF F <= FACTR*EPSMCH,0.7140993235269637,7.999996124257841,True,8.482803000020795,14,14
8,nearest,mirror,False,150,0.007211287701785274,0.0717212371223051,0.0656575836779264,0.0674609249237644,7053,8128,CONVERGENCE: RELATIVE REDUCTION OF F <= FACTR*EPSMCH,-1.9497675282738345,7.837903409790784,False,9.128037399961613,14,14
8,nearest,mirror,False,151,0.0037994838618130118,0.03948316700567837,0.035392913329654364,0.03680962412690807,32594,37253,CONVERGENCE: RELATIVE REDUCTION OF F <= FACTR*EPSMCH,0.1816601480268108,7.9955980413327525,True,46.944844000041485,14,14
8,nearest,mirror,False,152,0.004154927195648613,0.044390845887056066,0.039392811451980383,0.04041158352254932,313,340,CONVERGENCE: RELATIVE REDUCTION OF F <= FACTR*EPSMCH,-3.0278797171731684,0.06029091364740317,False,0.5002377000637352,14,14
8,nearest,mirror,False,153,0.007188785344291265,0.07424683716933288,0.0681535927428131,0.06955033744296689,15159,17452,CONVERGENCE: RELATIVE REDUCTION OF F <= FACTR*EPSMCH,-7.237784433915075,7.329175798106095,False,20.06848929997068,14,14
8,nearest,mirror,False,154,0.004223749594700177,0.04498872553637101,0.04039522026229403,0.041519234553395234,24150,27208,CONVERGENCE: RELATIVE REDUCTION OF F <= FACTR*EPSMCH,1.0266935719426686,6.796325113676384,False,30.6654070999939,14,14
8,nearest,mirror,False,155,0.00379949244464045,0.03948292256235836,0.03539322559711388,0.03680986462487637,10937,12492,CONVERGENCE: RELATIVE REDUCTION OF F <= FACTR*EPSMCH,0.1122161096563091,7.997267147414334,True,17.608612400013953,14,14
8,nearest,mirror,False,156,0.0037995889946281928,0.03948305482277398,0.03539448169940511,0.036810877563288644,30371,35254,CONVERGENCE: RELATIVE REDUCTION OF F <= FACTR*EPSMCH,-0.1415020941317006,7.963377942140243,True,40.371465599979274,14,14
8,nearest,mirror,False,157,0.005331012827320751,0.059433275277548964,0.05646728626712357,0.057708071541968914,9720,10879,CONVERGENCE: RELATIVE REDUCTION OF F <= FACTR*EPSMCH,-4.014441129767407,6.049313574328137,False,15.855823199963197,14,14
8,nearest,mirror,False,158,0.0037994847243223526,0.03948382892938491,0.0353925424554274,0.036809354047765905,16985,19335,CONVERGENCE: RELATIVE REDUCTION OF F <= FACTR*EPSMCH,0.279587547318544,8.0,True,23.757675200002268,14,14
8,nearest,mirror,False,159,0.0037995290635923374,0.039482776030847544,0.03539380531982721,0.03681029027960598,12279,13967,CONVERGENCE: RELATIVE REDUCTION OF F <= FACTR*EPSMCH,-0.015869011225894295,7.999139293230382,True,19.77660670003388,14,14
8,nearest,mirror,False,160,0.00406347685094461,0.04707014533723303,0.04111714313200769,0.042043022375472965,8619,10002,CONVERGENCE: RELATIVE REDUCTION OF F <= FACTR*EPSMCH,-2.983381542706068,7.456767821397146,False,11.72011230001226,14,14
8,nearest,mirror,False,161,0.00430888669792263,0.04964361823594017,0.04402726946996984,0.044566796507425954,2614,3063,CONVERGENCE: RELATIVE REDUCTION OF F <= FACTR*EPSMCH,-8.0,8.0,True,4.980035100015812,14,14
8,nearest,mirror,False,162,0.004223753386955159,0.04498884494082321,0.04039599204665088,0.04152044063498676,17969,20322,CONVERGENCE: RELATIVE REDUCTION OF F <= FACTR*EPSMCH,0.9958623806546067,6.732612325828769,False,27.09639459999744,14,14
8,nearest,mirror,False,163,0.0041549271955907685,0.044390856221115535,0.039392806415667656,0.040411579043243204,298,321,CONVERGENCE: RELATIVE REDUCTION OF F <= FACTR*EPSMCH,-3.027882211139898,0.06029262056734326,False,0.3451690999791026,14,14
8,nearest,mirror,False,164,0.004312532799869186,0.04967736387704938,0.04405263102753815,0.04460046345829758,919,1086,CONVERGENCE: RELATIVE REDUCTION OF F <= FACTR*EPSMCH,-8.0,7.999170772338575,True,1.2045480000087991,14,14
8,nearest,mirror,False,165,0.004154927195573748,0.044390855644167,0.039392809678364185,0.04041158378340672,476,512,CONVERGENCE: RELATIVE REDUCTION OF F <= FACTR*EPSMCH,-3.027879706726005,0.060287250562293296,False,0.5808660999173298,14,14
8,nearest,mirror,False,166,0.004019580700266186,0.047244255987877924,0.04150157581655341,0.042157249076120284,18312,20128,CONVERGENCE: RELATIVE REDUCTION OF F <= FACTR*EPSMCH,-3.6256859374774297,5.534990214262868,False,24.56069140008185,14,14
8,nearest,mirror,False,167,0.0041549271955894605,0.04439086184491947,0.03939281353291863,0.040411586077067886,527,568,CONVERGENCE: RELATIVE REDUCTION OF F <= FACTR*EPSMCH,-3.027886294883982,0.0602892764064246,False,0.5857761000515893,14,14
8,nearest,mirror,False,168,0.0042533628832818375,0.0472081557097608,0.04246613713678751,0.04387778411376807,9414,10568,CONVERGENCE: RELATIVE REDUCTION OF F <= FACTR*EPSMCH,-0.10064536654061777,8.0,True,12.217412200057879,14,14
8,nearest,mirror,False,169,0.006407051250271384,0.06765935613100234,0.06307783874238364,0.06434777955920776,18631,20527,CONVERGENCE: RELATIVE REDUCTION OF F <= FACTR*EPSMCH,-2.798575046727993,5.408567987363182,False,26.835748100071214,14,14
8,nearest,mirror,False,170,0.004154927195586666,0.0443908556116322,0.03939280885114187,0.04041158222841475,396,421,CONVERGENCE: RELATIVE REDUCTION OF F <= FACTR*EPSMCH,-3.027880081894586,0.06028653723609625,False,0.5302749999100342,14,14
8,nearest,mirror,False,171,0.00401953363419502,0.04724431310663225,0.041502632295192736,0.04215812913334193,9387,10344,CONVERGENCE: RELATIVE REDUCTION OF F <= FACTR*EPSMCH,-3.6240438801985118,5.980720775446637,False,11.774291099980474,14,14
8,nearest,mirror,False,172,0.0037997108563995073,0.03948382342472005,0.03539574013243698,0.03681196526770603,17451,20019,CONVERGENCE: RELATIVE REDUCTION OF F <= FACTR*EPSMCH,-0.2959064239456227,8.0,True,26.535614599939436,14,14
8,nearest,mirror,False,173,0.004154927195623069,0.0443908564505719,0.039392806894193486,0.040411576770933946,403,434,CONVERGENCE: RELATIVE REDUCTION OF F <= FACTR*EPSMCH,-3.027889878392154,0.0603067435900696,False,0.5079589000670239,14,14
8,nearest,mirror,False,174,0.0041549271956987065,0.04439084925314183,0.03939281078711608,0.04041158532855618,364,389,CONVERGENCE: RELATIVE REDUCTION OF F <= FACTR*EPSMCH,-3.0278786799797484,0.06028767107839377,False,0.4215218999888748,14,14
8,nearest,mirror,False,175,0.003799482034776089,0.039483223512233157,0.03539285683360675,0.03680954957717668,14652,16822,CONVERGENCE: RELATIVE REDUCTION OF F <= FACTR*EPSMCH,0.199718153876027,8.0,True,19.112493499997072,14,14
8,nearest,mirror,False,176,0.004154927195600053,0.04439085903344942,0.0393928184482604,0.04041159036820643,321,355,CONVERGENCE: RELATIVE REDUCTION OF F <= FACTR*EPSMCH,-3.0278823619967756,0.06028648104649505,False,0.3789195000426844,14,14
8,nearest,mirror,False,177,0.00430912321146713,0.04964644972993221,0.044043856855806696,0.044589546443098954,5567,6403,CONVERGENCE: RELATIVE REDUCTION OF F <= FACTR*EPSMCH,-8.0,7.999990463113841,True,7.090915499953553,14,14
8,nearest,mirror,False,178,0.004264748173769216,0.04969277880557297,0.0441736295938246,0.044710547811363736,5280,5935,CONVERGENCE: RELATIVE REDUCTION OF F <= FACTR*EPSMCH,-8.0,6.241092429192094,True,6.650066400063224,14,14
8,nearest,mirror,False,179,0.006180593016875296,0.06615278564191795,0.05969561918826156,0.060624518812158135,400,482,CONVERGENCE: RELATIVE REDUCTION OF F <= FACTR*EPSMCH,-2.865987833995993,-0.2919622696053512,False,0.544589199940674,14,14
8,nearest,mirror,False,180,0.003799481681907249,0.039483226912471296,0.03539281998597222,0.0368095816157365,19534,21411,CONVERGENCE: RELATIVE REDUCTION OF F <= FACTR*EPSMCH,0.19354772619142777,8.0,True,24.251004499965347,14,14
8,nearest,mirror,False,181,0.004040862016513561,0.04733122936732822,0.041457404385254686,0.04234611112347341,9534,10403,CONVERGENCE: RELATIVE REDUCTION OF F <= FACTR*EPSMCH,-2.9970246158246625,5.31694749489087,False,11.514459699974395,14,14
8,nearest,mirror,False,182,0.00415492719556615,0.044390853131030715,0.039392809057631116,0.04041157997972022,385,419,CONVERGENCE: RELATIVE REDUCTION OF F <= FACTR*EPSMCH,-3.0278797181540256,0.060295691314934015,False,0.4562192000448704,14,14
8,nearest,mirror,False,183,0.004322660000950586,0.049772404794504926,0.04372151070893352,0.04419559781688923,2112,2389,CONVERGENCE: RELATIVE REDUCTION OF F <= FACTR*EPSMCH,-8.0,8.0,True,2.7677792999893427,14,14
8,nearest,mirror,False,184,0.0037998280467097796,0.03948473972592307,0.035396717037144886,0.03681304473573437,18570,21014,CONVERGENCE: RELATIVE REDUCTION OF F <= FACTR*EPSMCH,-0.43404313034304004,7.999992034668528,True,23.738300899975002,14,14
8,nearest,mirror,False,185,0.003799548660365155,0.03948658017335831,0.035391787586031564,0.036808960147900985,6889,7721,CONVERGENCE: RELATIVE REDUCTION OF F <= FACTR*EPSMCH,0.46111399180412355,8.0,True,8.6665248000063,14,14
8,nearest,mirror,False,186,0.0043093800678598955,0.0496344035227221,0.04401327538542493,0.04455764892035919,12847,15114,CONVERGENCE: RELATIVE REDUCTION OF F <= FACTR*EPSMCH,-8.0,7.998941859811312,True,17.816933699999936,14,14
8,nearest,mirror,False,187,0.004154927195607984,0.044390847673147035,0.039392808486605646,0.04041158430758261,363,396,CONVERGENCE: RELATIVE REDUCTION OF F <= FACTR*EPSMCH,-3.027869965595996,0.060278101681463296,False,0.4750537999207154,14,14
8,nearest,mirror,False,188,0.0037994823758557457,0.03948361348282771,0.03539267847659435,0.03680945170636096,15342,17343,CONVERGENCE: RELATIVE REDUCTION OF F <= FACTR*EPSMCH,0.25577110099280176,8.0,True,19.316659300005995,14,14
8,nearest,mirror,False,189,0.0061805930168716845,0.06615278575362607,0.059695614003601724,0.06062451152938385,283,328,CONVERGENCE: RELATIVE REDUCTION OF F <= FACTR*EPSMCH,-2.8968901643479987,-0.353764982157126,False,0.3821403000038117,14,14
8,nearest,mirror,False,190,0.0053375144955367625,0.05952109247954356,0.05650567667804361,0.05774308836512326,6937,7577,CONVERGENCE: RELATIVE REDUCTION OF F <= FACTR*EPSMCH,-3.9412032308090823,6.533233188438887,False,8.315289599937387,14,14
8,nearest,mirror,False,191,0.006180593016971188,0.06615278465021397,0.059695603652649795,0.06062449725350116,508,591,CONVERGENCE: RELATIVE REDUCTION OF F <= FACTR*EPSMCH,-2.570418315114949,0.41695634276504634,False,0.6509929999010637,14,14
8,nearest,mirror,False,192,0.00538303666801646,0.059722856292769126,0.05699185662951867,0.05816837900454319,10194,12001,CONVERGENCE: RELATIVE REDUCTION OF F <= FACTR*EPSMCH,-3.4499539634961356,7.990546224239185,True,13.385904400027357,14,14
8,nearest,mirror,False,193,0.003799490681785823,0.03948429272742413,0.03539235780929813,0.03680922695311285,9211,10152,CONVERGENCE: RELATIVE REDUCTION OF F <= FACTR*EPSMCH,0.3244581430164909,8.0,True,11.453658599988557,14,14
8,nearest,mirror,False,194,0.003799497645223724,0.0394846177066332,0.035392236229308704,0.036809167919470046,10922,12412,CONVERGENCE: RELATIVE REDUCTION OF F <= FACTR*EPSMCH,0.35002985059921243,8.0,True,14.554950100020505,14,14
8,nearest,mirror,False,195,0.004019532991394335,0.047244455559184995,0.041506574118852176,0.04216246624433295,23221,25755,CONVERGENCE: RELATIVE REDUCTION OF F <= FACTR*EPSMCH,-3.626489315807305,6.169783386515608,False,29.286893900018185,14,14
8,nearest,mirror,False,196,0.004309253953139992,0.04963567773430103,0.04402411228060992,0.04456298444998189,1177,1332,CONVERGENCE: RELATIVE REDUCTION OF F <= FACTR*EPSMCH,-8.0,7.9999717703707525,True,1.5867123000789434,14,14
8,nearest,mirror,False,197,0.004309729514825537,0.049642499957959406,0.044031259104116434,0.044572819640781317,713,837,CONVERGENCE: RELATIVE REDUCTION OF F <= FACTR*EPSMCH,-8.0,8.0,True,0.9723876999923959,14,14
8,nearest,mirror,False,198,0.0037994865791735393,0.039483054124699615,0.035393027802921646,0.03680968011312838,33386,37617,CONVERGENCE: RELATIVE REDUCTION OF F <= FACTR*EPSMCH,0.15642668260576587,7.986395345761365,True,43.62274839996826,14,14
8,nearest,mirror,False,199,0.005337963544350879,0.059525635522418706,0.056507238314693,0.05774502293847587,2233,2550,CONVERGENCE: RELATIVE REDUCTION OF F <= FACTR*EPSMCH,-3.638043534169326,5.891748072990928,False,2.8438836000859737,14,14
8,nearest,crossed,False,0,0.004013261042582717,0.04659526716683971,0.04154288194783377,0.042527078639951074,31353,36595,CONVERGENCE: RELATIVE REDUCTION OF F <= FACTR*EPSMCH,-3.491058969694303,7.993746829811373,True,42.06802359991707,14,14
8,nearest,crossed,False,1,0.004310638107777442,0.04965961350634702,0.04404559745533553,0.04458181913058226,769,932,CONVERGENCE: RELATIVE REDUCTION OF F <= FACTR*EPSMCH,-8.0,8.0,True,1.2665957999415696,14,14
8,nearest,crossed,False,2,0.0072647736736285475,0.07377197019734023,0.06850204458378152,0.06975670243226553,12608,13986,CONVERGENCE: RELATIVE REDUCTION OF F <= FACTR*EPSMCH,-3.091035600893238,8.0,True,16.643474700045772,14,14
8,nearest,crossed,False,3,0.007654356718413209,0.0772471797035847,0.07162247372548113,0.07328711709663305,2883,3360,CONVERGENCE: RELATIVE REDUCTION OF F <= FACTR*EPSMCH,-8.0,6.086890696986149,True,7.655250599957071,14,14
8,nearest,crossed,False,4,0.004311835027523351,0.04967311819178358,0.044091208417941584,0.044635937539699654,16927,20894,CONVERGENCE: RELATIVE REDUCTION OF F <= FACTR*EPSMCH,-8.0,8.0,True,23.91512599994894,14,14
8,nearest,crossed,False,5,0.003999956344424916,0.046475690128241105,0.0413925508676576,0.042348135717137886,17080,20198,CONVERGENCE: RELATIVE REDUCTION OF F <= FACTR*EPSMCH,-3.4136795532443602,8.0,True,23.367005600011908,14,14
8,nearest,crossed,False,6,0.004553472789961227,0.05244826148386047,0.04771658988377762,0.049370785689497494,25740,30918,CONVERGENCE: RELATIVE REDUCTION OF F <= FACTR*EPSMCH,-1.0553222404059992,7.998651582175168,True,90.24340489995666,14,14
8,nearest,crossed,False,7,0.0043140010773630826,0.04966734031857817,0.044053780386950105,0.04459022949537191,560,654,CONVERGENCE: RELATIVE REDUCTION OF F <= FACTR*EPSMCH,-8.0,8.0,True,1.076180599979125,14,14
8,nearest,crossed,False,8,0.004055397302003806,0.04712087986313019,0.04128820025778166,0.04195470164346082,5543,6641,CONVERGENCE: RELATIVE REDUCTION OF F <= FACTR*EPSMCH,-3.6071517529273542,8.0,True,7.393498599994928,14,14
8,nearest,crossed,False,9,0.004008590799650555,0.04654967079477536,0.04149969867095154,0.04248003196544502,12501,14800,CONVERGENCE: RELATIVE REDUCTION OF F <= FACTR*EPSMCH,-3.488059376948739,8.0,True,17.434455099981278,14,14
8,nearest,crossed,False,10,0.003995397680219479,0.0463836341105119,0.041315682506212495,0.04227802582053648,23265,27596,CONVERGENCE: RELATIVE REDUCTION OF F <= FACTR*EPSMCH,-3.0022612037096152,7.885026039274895,False,87.26642700005323,14,14
8,nearest,crossed,False,11,0.003897515415998341,0.04591088856992341,0.041045371977273454,0.04206047755304928,53046,62409,CONVERGENCE: RELATIVE REDUCTION OF F <= FACTR*EPSMCH,-2.316975762911184,8.0,True,89.28603509999812,14,14
8,nearest,crossed,False,12,0.005310455418770878,0.05904057816035869,0.05603122889533367,0.05726983723837296,21801,25089,CONVERGENCE: RELATIVE REDUCTION OF F <= FACTR*EPSMCH,-2.276825916286347,8.0,True,69.23179280001204,14,14
8,nearest,crossed,False,13,0.004311637608958007,0.049645028005656254,0.044032568234559186,0.04457386428070647,12902,15235,CONVERGENCE: RELATIVE REDUCTION OF F <= FACTR*EPSMCH,-8.0,7.981133668695168,True,33.59905850002542,14,14
8,nearest,crossed,False,14,0.003961289148101032,0.04136296541487721,0.037382617423250074,0.038808416421724105,22518,26216,CONVERGENCE: RELATIVE REDUCTION OF F <= FACTR*EPSMCH,1.7477059261170962,7.979262678864831,True,40.31225939991418,14,14
8,nearest,crossed,False,15,0.004055767277853727,0.04711768979350873,0.041268029240276505,0.04193425398841284,10970,12346,CONVERGENCE: RELATIVE REDUCTION OF F <= FACTR*EPSMCH,-3.603224839150787,6.6261794452269225,False,20.097757800016552,14,14
8,nearest,crossed,False,16,0.003997183815188956,0.046423563822362186,0.04134386724990451,0.042299287603842335,15113,17810,CONVERGENCE: RELATIVE REDUCTION OF F <= FACTR*EPSMCH,-2.8717873063097072,7.999979449618183,True,66.22296010004357,14,14
8,nearest,crossed,False,17,0.004010037591253428,0.0465495410241213,0.041498786087157506,0.04248213233807341,11861,13115,CONVERGENCE: RELATIVE REDUCTION OF F <= FACTR*EPSMCH,-3.4944084162519604,8.0,True,21.651457899948582,14,14
8,nearest,crossed,False,18,0.004013879621860093,0.04656328271109174,0.04152341444689112,0.042508536352966086,29142,33164,CONVERGENCE: RELATIVE REDUCTION OF F <= FACTR*EPSMCH,-3.130383320882038,8.0,True,52.42575010005385,14,14
8,nearest,crossed,False,19,0.003994167083818386,0.04633686419657192,0.04128081757374352,0.04224881675643226,39466,45900,CONVERGENCE: RELATIVE REDUCTION OF F <= FACTR*EPSMCH,-2.646790880343601,8.0,True,66.92369219998363,14,14
8,nearest,crossed,False,20,0.003994881484763743,0.046354435111251244,0.04128827985621404,0.042251412154386395,9174,10721,CONVERGENCE: RELATIVE REDUCTION OF F <= FACTR*EPSMCH,-2.7235460688742075,8.0,True,16.548563500051387,14,14
8,nearest,crossed,False,21,0.003996611095286207,0.04641542723767882,0.041346786261580795,0.04230874869706294,9868,11666,CONVERGENCE: RELATIVE REDUCTION OF F <= FACTR*EPSMCH,-2.9850482005618115,8.0,True,18.025734600028954,14,14
8,nearest,crossed,False,22,0.00405514955485479,0.04711947699804869,0.041287231221511976,0.04195316542239858,9882,11301,CONVERGENCE: RELATIVE REDUCTION OF F <= FACTR*EPSMCH,-3.604253366600437,7.5349896419815625,False,17.245879699941725,14,14
8,nearest,crossed,False,23,0.004008621397012432,0.04654388630092208,0.04149595232861738,0.042477493067455026,19985,23136,CONVERGENCE: RELATIVE REDUCTION OF F <= FACTR*EPSMCH,-3.3898612626971745,8.0,True,30.87222160003148,14,14
8,nearest,crossed,False,24,0.003995061216768136,0.04636873528996305,0.04129897057509316,0.04225904919358337,27863,32639,CONVERGENCE: RELATIVE REDUCTION OF F <= FACTR*EPSMCH,-2.814571425139636,7.999996362580375,True,49.31128719996195,14,14
8,nearest,crossed,False,25,0.003959829265367122,0.04138670993518299,0.03729505484143531,0.038744634322885614,30857,35308,CONVERGENCE: RELATIVE REDUCTION OF F <= FACTR*EPSMCH,1.8472983519576345,7.377840773776468,False,57.59167029999662,14,14
8,nearest,crossed,False,26,0.003994531357947935,0.04634904691929667,0.04128706101087097,0.0422524166070214,16455,19163,CONVERGENCE: RELATIVE REDUCTION OF F <= FACTR*EPSMCH,-2.7574930220009595,7.973571013397395,True,38.16218149999622,14,14
8,nearest,crossed,False,27,0.003993815577556101,0.04632581585377477,0.04127364513098062,0.04224407583086425,12870,15250,CONVERGENCE: RELATIVE REDUCTION OF F <= FACTR*EPSMCH,-2.6723306296537115,8.0,True,27.165057199890725,14,14
8,nearest,crossed,False,28,0.00399603146292211,0.046393940561781095,0.0413239734257321,0.04228467485976262,12016,13975,CONVERGENCE: RELATIVE REDUCTION OF F <= FACTR*EPSMCH,-2.8383708265847174,7.994190288719563,True,26.03509360004682,14,14
8,nearest,crossed,False,29,0.0055624646193744905,0.059154728064315446,0.05287980522997283,0.05454941165843731,6731,7509,CONVERGENCE: RELATIVE REDUCTION OF F <= FACTR*EPSMCH,3.1111880169886983,7.999855235752409,True,10.85320499993395,14,14
8,nearest,crossed,False,30,0.007196369965429825,0.07422970693475825,0.06813656345593683,0.06953234475811833,1823,2041,CONVERGENCE: RELATIVE REDUCTION OF F <= FACTR*EPSMCH,-8.0,7.999876894999803,True,2.04651430004742,14,14
8,nearest,crossed,False,31,0.003961298704774453,0.04136271925289022,0.03738332067829153,0.03880840076401077,9921,11305,CONVERGENCE: RELATIVE REDUCTION OF F <= FACTR*EPSMCH,2.1631821393347406,7.9999994571608966,True,14.424009899958037,14,14
8,nearest,crossed,False,32,0.00399568377316849,0.04640589328109642,0.04133481461205023,0.04229623424592246,26525,31705,CONVERGENCE: RELATIVE REDUCTION OF F <= FACTR*EPSMCH,-3.2112417956589265,7.828385746814053,False,50.3476957998937,14,14
8,nearest,crossed,False,33,0.007654337670771656,0.07724721535129726,0.07162090736548195,0.07328639765587287,3252,3883,CONVERGENCE: RELATIVE REDUCTION OF F <= FACTR*EPSMCH,-8.0,7.015007341164588,True,8.068764899973758,14,14
8,nearest,crossed,False,34,0.003993649625490592,0.046325317148681946,0.04126677657202862,0.04223393331921616,33695,40237,CONVERGENCE: RELATIVE REDUCTION OF F <= FACTR*EPSMCH,-2.7520468783372345,8.0,True,81.93341880000662,14,14
8,nearest,crossed,False,35,0.0040557859687674076,0.04712860734584686,0.04125910151620083,0.041927816209443074,4652,5331,CONVERGENCE: RELATIVE REDUCTION OF F <= FACTR*EPSMCH,-3.586424906208211,7.99962104535296,True,8.774221299914643,14,14
8,nearest,crossed,False,36,0.007402059066155982,0.07560666818895127,0.06885044612693446,0.07013526121058088,6198,7072,CONVERGENCE: RELATIVE REDUCTION OF F <= FACTR*EPSMCH,-8.0,7.920204402062313,True,9.95532439998351,14,14
8,nearest,crossed,False,37,0.004312480141064921,0.04967561028553539,0.04406168841560808,0.044598740297516586,695,834,CONVERGENCE: RELATIVE REDUCTION OF F <= FACTR*EPSMCH,-8.0,8.0,True,0.9170336000388488,14,14
8,nearest,crossed,False,38,0.003993653482253093,0.046326394766596134,0.041269361909930725,0.04223725778344453,14232,16587,CONVERGENCE: RELATIVE REDUCTION OF F <= FACTR*EPSMCH,-2.7575414849054214,8.0,True,35.194241199991666,14,14
8,nearest,crossed,False,39,0.003996793057627657,0.046422689201303935,0.0413475023444675,0.042307283005341444,19755,23641,CONVERGENCE: RELATIVE REDUCTION OF F <= FACTR*EPSMCH,-3.3223725108354345,7.962838807226616,True,45.836774999974295,14,14
8,nearest,crossed,False,40,0.003995466300100543,0.0463758926923199,0.0413140351332929,0.04227977387321078,42125,50145,CONVERGENCE: RELATIVE REDUCTION OF F <= FACTR*EPSMCH,-2.8348258400441693,8.0,True,97.80743220006116,14,14
8,nearest,crossed,False,41,0.003994166290434786,0.046332267417983845,0.041266619197412126,0.0422296922106069,7733,9126,CONVERGENCE: RELATIVE REDUCTION OF F <= FACTR*EPSMCH,-2.75806314665671,8.0,True,19.574819199973717,14,14
8,nearest,crossed,False,42,0.003959720469072084,0.04137744456609318,0.03730530938764218,0.03875143934617087,9574,10736,CONVERGENCE: RELATIVE REDUCTION OF F <= FACTR*EPSMCH,1.5452103718619095,6.77090103189955,False,38.475279800011776,14,14
8,nearest,crossed,False,43,0.003959723508650743,0.04137487778940699,0.03731243341484024,0.038755776145358356,13202,14758,CONVERGENCE: RELATIVE REDUCTION OF F <= FACTR*EPSMCH,1.4121601654031157,6.505692354583266,False,46.399124399991706,14,14
8,nearest,crossed,False,44,0.003945882779244637,0.04643142967297395,0.04143341371861197,0.04241064855840362,22040,24405,CONVERGENCE: RELATIVE REDUCTION OF F <= FACTR*EPSMCH,-3.4766953175430815,7.983022509939984,True,51.83991460001562,14,14
8,nearest,crossed,False,45,0.004311435596730253,0.049672454714366834,0.044073553032308366,0.04461700404993276,1472,1736,CONVERGENCE: RELATIVE REDUCTION OF F <= FACTR*EPSMCH,-8.0,8.0,True,13.031267700018361,14,14
8,nearest,crossed,False,46,0.0038979734394584903,0.045918632408629444,0.04104958688860303,0.042062949898307986,38160,45138,CONVERGENCE: RELATIVE REDUCTION OF F <= FACTR*EPSMCH,-2.473612207475691,8.0,True,129.03631360002328,14,14
8,nearest,crossed,False,47,0.003961411837751205,0.04136407625157036,0.0373821301553147,0.038809358960074126,2867,3332,CONVERGENCE: RELATIVE REDUCTION OF F <= FACTR*EPSMCH,1.2635989798629221,7.19390898066118,False,4.366430199937895,14,14
8,nearest,crossed,False,48,0.003994505183118052,0.04636633864585019,0.04130048489965398,0.042263883828808066,31054,36863,CONVERGENCE: RELATIVE REDUCTION OF F <= FACTR*EPSMCH,-2.9010927991485866,8.0,True,115.0334607999539,14,14
8,nearest,crossed,False,49,0.005051406147016629,0.05631173113762534,0.05254488591763675,0.05381308830724419,24419,27861,CONVERGENCE: RELATIVE REDUCTION OF F <= FACTR*EPSMCH,-1.8184503453022047,8.0,True,64.58781950001139,14,14
8,nearest,crossed,False,50,0.00513186782470604,0.05714916957832517,0.05384836386095519,0.054995251974781036,22472,25302,CONVERGENCE: RELATIVE REDUCTION OF F <= FACTR*EPSMCH,-2.136693058714854,8.0,True,68.31086940004025,14,14
8,nearest,crossed,False,51,0.00396247136484054,0.04142204688698002,0.037324350861245845,0.03877468648641522,34271,39124,CONVERGENCE: RELATIVE REDUCTION OF F <= FACTR*EPSMCH,2.1580878181050323,8.0,True,93.73589940008242,14,14
8,nearest,crossed,False,52,0.00399811176983516,0.04645579623153975,0.041375547411217885,0.04233312757095407,23463,27758,CONVERGENCE: RELATIVE REDUCTION OF F <= FACTR*EPSMCH,-3.380852221451376,8.0,True,83.47632769995835,14,14
8,nearest,crossed,False,53,0.00399559165804322,0.04640034223866155,0.04132069403942546,0.04227833664024788,7248,8710,CONVERGENCE: RELATIVE REDUCTION OF F <= FACTR*EPSMCH,-2.937673856597926,7.999617646593043,True,33.641492500086315,14,14
8,nearest,crossed,False,54,0.009506536237838776,0.08842876696599422,0.08428540253424639,0.08580341544382358,8940,10976,CONVERGENCE: RELATIVE REDUCTION OF F <= FACTR*EPSMCH,-8.0,7.99993194428775,True,31.686085999943316,14,14
8,nearest,crossed,False,55,0.0039955672066395165,0.0463996994582128,0.0413349723719485,0.04229864181190901,10041,11746,CONVERGENCE: RELATIVE REDUCTION OF F <= FACTR*EPSMCH,-3.033171823087237,7.9999866156500925,True,22.34752159996424,14,14
8,nearest,crossed,False,56,0.00740225171660812,0.07560717529784908,0.06886072610522102,0.07015000330776286,10136,11976,CONVERGENCE: RELATIVE REDUCTION OF F <= FACTR*EPSMCH,-8.0,7.999999999400185,True,39.685245399945416,14,14
8,nearest,crossed,False,57,0.005496283851909021,0.06088907550867151,0.05659977269846987,0.0578274000206849,17487,20175,CONVERGENCE: RELATIVE REDUCTION OF F <= FACTR*EPSMCH,-1.9414754774160266,6.356157846718269,False,38.445710200001486,14,14
8,nearest,crossed,False,58,0.004009269216456986,0.046557527220406535,0.041505798900982056,0.042486046222023836,13397,15662,CONVERGENCE: RELATIVE REDUCTION OF F <= FACTR*EPSMCH,-3.4751048245929432,8.0,True,49.084771200083196,14,14
8,nearest,crossed,False,59,0.003996206966586089,0.04640372726665532,0.04133067212191303,0.042290764356644146,7765,9043,CONVERGENCE: RELATIVE REDUCTION OF F <= FACTR*EPSMCH,-2.9801286202829673,7.929733969753595,True,19.492327800020576,14,14
8,nearest,crossed,False,60,0.00405514965013234,0.0471215411622912,0.04126036907308141,0.04192848881617923,15407,17464,CONVERGENCE: RELATIVE REDUCTION OF F <= FACTR*EPSMCH,-3.595696805683964,7.8150432862288035,False,46.02568779990543,14,14
8,nearest,crossed,False,61,0.0043102320458451,0.04965394435059369,0.04404138209335102,0.0445797023634406,2056,2424,CONVERGENCE: RELATIVE REDUCTION OF F <= FACTR*EPSMCH,-8.0,7.998312192054908,True,6.864245399949141,14,14
8,nearest,crossed,False,62,0.003961282448348683,0.04136323225458073,0.03738107161346117,0.038807435167368225,5783,6394,CONVERGENCE: RELATIVE REDUCTION OF F <= FACTR*EPSMCH,1.5942982259204768,6.941738395663293,False,14.734292899956927,14,14
8,nearest,crossed,False,63,0.0052767761458315755,0.05870626150660349,0.05533905507094293,0.05658723846482456,56568,65136,CONVERGENCE: RELATIVE REDUCTION OF F <= FACTR*EPSMCH,-1.8781277362188622,8.0,True,140.45808479993138,14,14
8,nearest,crossed,False,64,0.0064272128147089954,0.06803607930201862,0.060709822965901994,0.061304668653516976,4912,5495,CONVERGENCE: RELATIVE REDUCTION OF F <= FACTR*EPSMCH,-0.35409222788142675,4.657886668081339,False,7.366335200029425,14,14
8,nearest,crossed,False,65,0.003995338671472181,0.04637398086553036,0.04130752724692449,0.04227083078747659,20046,24151,CONVERGENCE: RELATIVE REDUCTION OF F <= FACTR*EPSMCH,-2.9161981059461977,7.9003433559482446,True,72.38733030005824,14,14
8,nearest,crossed,False,66,0.003897626535322628,0.045913244828302356,0.041044235067336954,0.042057338968942336,24603,28837,CONVERGENCE: RELATIVE REDUCTION OF F <= FACTR*EPSMCH,-2.390448621410368,7.999998781460088,True,66.19268340000417,14,14
8,nearest,crossed,False,67,0.005558751930070287,0.05913949279554887,0.052870824513504305,0.054547390198695374,13361,15642,CONVERGENCE: RELATIVE REDUCTION OF F <= FACTR*EPSMCH,2.3068815931093756,7.944653309137261,True,39.50345640000887,14,14
8,nearest,crossed,False,68,0.00394559127658331,0.04643117527367156,0.04142950936553326,0.04240375903574275,11100,12197,CONVERGENCE: RELATIVE REDUCTION OF F <= FACTR*EPSMCH,-3.4731763522799732,8.0,True,32.66208849998657,14,14
8,nearest,crossed,False,69,0.0039616720449320905,0.04136760444186779,0.03738657418497819,0.038812494960870324,11950,13563,CONVERGENCE: RELATIVE REDUCTION OF F <= FACTR*EPSMCH,2.0337749334811894,7.999999513221272,True,28.35170759994071,14,14
8,nearest,crossed,False,70,0.004552846514415743,0.05244522379691327,0.047691646529043064,0.04935198340556056,8009,9715,CONVERGENCE: RELATIVE REDUCTION OF F <= FACTR*EPSMCH,-1.4742368850309253,5.3915771975451054,False,20.8851545000216,14,14
8,nearest,crossed,False,71,0.00395964064341694,0.04137462958006749,0.037307875786954624,0.038752801551632916,11288,12825,CONVERGENCE: RELATIVE REDUCTION OF F <= FACTR*EPSMCH,1.882923110504878,7.44432390040206,False,32.673908500000834,14,14
8,nearest,crossed,False,72,0.005559159849495416,0.05913908116597025,0.05287010363038618,0.054546547552234675,39866,44443,CONVERGENCE: RELATIVE REDUCTION OF F <= FACTR*EPSMCH,2.4897759510019757,8.0,True,94.21880809997674,14,14
8,nearest,crossed,False,73,0.006843720062653654,0.07087598509868437,0.06268970013743172,0.06279146523233492,3891,4612,CONVERGENCE: RELATIVE REDUCTION OF F <= FACTR*EPSMCH,-7.969546242413932,7.128612634272588,True,5.668884699931368,14,14
8,nearest,crossed,False,74,0.003998642576819865,0.04645949133678475,0.04137796540068977,0.042334507903745856,15327,18229,CONVERGENCE: RELATIVE REDUCTION OF F <= FACTR*EPSMCH,-3.4083312646824244,7.986679345814154,True,33.40638709999621,14,14
8,nearest,crossed,False,75,0.003959792469462698,0.041382189626086356,0.03730026731987672,0.038747927310662185,5001,5545,CONVERGENCE: RELATIVE REDUCTION OF F <= FACTR*EPSMCH,1.2649246462226489,6.213243187085883,False,8.617676099995151,14,14
8,nearest,crossed,False,76,0.00453828401256734,0.05226849386368971,0.047567060334454486,0.04920319906889366,8132,9478,CONVERGENCE: RELATIVE REDUCTION OF F <= FACTR*EPSMCH,-1.6920282358374206,6.683087031284746,False,13.187298099976033,14,14
8,nearest,crossed,False,77,0.004311674133757321,0.04967544573300084,0.044105890533266405,0.04465435188966968,4785,5565,CONVERGENCE: RELATIVE REDUCTION OF F <= FACTR*EPSMCH,-8.0,8.0,True,7.254631599993445,14,14
8,nearest,crossed,False,78,0.003997754105954872,0.04643756204287321,0.04136530663908774,0.04232553638828335,24576,29345,CONVERGENCE: RELATIVE REDUCTION OF F <= FACTR*EPSMCH,-3.1259215534064286,8.0,True,65.84805920009967,14,14
8,nearest,crossed,False,79,0.0039968466439193155,0.046416271809098145,0.04134451050680875,0.04230458332591022,16561,19643,CONVERGENCE: RELATIVE REDUCTION OF F <= FACTR*EPSMCH,-2.988587220461817,7.999859661927123,True,34.28774339996744,14,14
8,nearest,crossed,False,80,0.004311936559097958,0.04967577599017294,0.04407826172487477,0.04462207603237787,5300,6266,CONVERGENCE: RELATIVE REDUCTION OF F <= FACTR*EPSMCH,-8.0,7.9997059708765965,True,7.889430599985644,14,14
8,nearest,crossed,False,81,0.003998389709985611,0.04645735204281335,0.041377534880978895,0.04233500406864041,20801,25091,CONVERGENCE: RELATIVE REDUCTION OF F <= FACTR*EPSMCH,-3.29095012429132,7.999993230814417,True,58.396766799967736,14,14
8,nearest,crossed,False,82,0.006844057022459992,0.0708788691963599,0.06268536359498922,0.06278361001429038,3554,4143,CONVERGENCE: RELATIVE REDUCTION OF F <= FACTR*EPSMCH,-8.0,7.999999844552657,True,5.431752100004815,14,14
8,nearest,crossed,False,83,0.00399429682019918,0.04635253291152933,0.04129376515299295,0.04226009500596432,18713,22118,CONVERGENCE: RELATIVE REDUCTION OF F <= FACTR*EPSMCH,-2.7783118602685675,8.0,True,38.244641500059515,14,14
8,nearest,crossed,False,84,0.00399634447108667,0.04641059769323262,0.041345767774449683,0.042310486658974814,23744,28397,CONVERGENCE: RELATIVE REDUCTION OF F <= FACTR*EPSMCH,-3.0779032720973887,7.958511089769185,True,62.35141149989795,14,14
8,nearest,crossed,False,85,0.0039983804403667025,0.04646545796732781,0.04138034545489082,0.04233481167337687,10691,12750,CONVERGENCE: RELATIVE REDUCTION OF F <= FACTR*EPSMCH,-3.41167161969597,8.0,True,25.72149799996987,14,14
8,nearest,crossed,False,86,0.0039941963721519275,0.04635855993070738,0.041296612620464815,0.04226207457902021,21034,24644,CONVERGENCE: RELATIVE REDUCTION OF F <= FACTR*EPSMCH,-2.8172631840539974,8.0,True,34.359525299980305,14,14
8,nearest,crossed,False,87,0.00684345505259332,0.07087259374138397,0.06269590751251036,0.06280127202900014,4498,5296,CONVERGENCE: RELATIVE REDUCTION OF F <= FACTR*EPSMCH,-7.379825215505954,7.992255734071038,True,7.507113700034097,14,14
8,nearest,crossed,False,88,0.0039957190415726655,0.0463889245338192,0.04132300708315743,0.04228577458782517,7556,8830,CONVERGENCE: RELATIVE REDUCTION OF F <= FACTR*EPSMCH,-2.9098958918188336,7.783016554818108,False,13.731408399995416,14,14
8,nearest,crossed,False,89,0.003939647917642167,0.046372312567153275,0.04136858581949263,0.04233798462894317,7690,8504,CONVERGENCE: RELATIVE REDUCTION OF F <= FACTR*EPSMCH,-1.861678743427379,7.465900510888073,False,10.849888100055978,14,14
8,nearest,crossed,False,90,0.0039599729015021385,0.04139487685934912,0.03728735708670407,0.03873992277566667,10337,11659,CONVERGENCE: RELATIVE REDUCTION OF F <= FACTR*EPSMCH,2.1561190684688256,7.999999999851178,True,15.159742400050163,14,14
8,nearest,crossed,False,91,0.009524050281743808,0.088385806468864,0.08424031970542549,0.0857614927219595,5515,6681,CONVERGENCE: RELATIVE REDUCTION OF F <= FACTR*EPSMCH,-8.0,7.93594059220973,True,8.373677399940789,14,14
8,nearest,crossed,False,92,0.003959685306190931,0.04137840636979018,0.03730463116864872,0.03875033186545036,26773,30839,CONVERGENCE: RELATIVE REDUCTION OF F <= FACTR*EPSMCH,1.6704772167708026,7.023718772180441,False,40.575660899979994,14,14
8,nearest,crossed,False,93,0.003961300243706152,0.04136349418635412,0.03738151289405493,0.03880773728289733,7522,8380,CONVERGENCE: RELATIVE REDUCTION OF F <= FACTR*EPSMCH,1.5296029335430656,6.944739123172778,False,10.068833200028166,14,14
8,nearest,crossed,False,94,0.007196357339298225,0.07422963557417166,0.0681372057130789,0.06953320004261242,2390,2680,CONVERGENCE: RELATIVE REDUCTION OF F <= FACTR*EPSMCH,-8.0,8.0,True,3.244226799928583,14,14
8,nearest,crossed,False,95,0.005488290206218418,0.06072884180333069,0.058054635435895174,0.059152578426982454,10778,13136,CONVERGENCE: RELATIVE REDUCTION OF F <= FACTR*EPSMCH,-8.0,6.302131418023825,True,17.519784800009802,14,14
8,nearest,crossed,False,96,0.0039957420532458505,0.04640051593870584,0.04132881234377717,0.042289119692536056,19466,22668,CONVERGENCE: RELATIVE REDUCTION OF F <= FACTR*EPSMCH,-2.9360460666809667,7.999997481887338,True,29.906626099953428,14,14
8,nearest,crossed,False,97,0.003961376285510151,0.041364204969946,0.03738251735810648,0.03880883276670564,4565,5123,CONVERGENCE: RELATIVE REDUCTION OF F <= FACTR*EPSMCH,1.295620017527266,6.594421815980398,False,6.4404203000012785,14,14
8,nearest,crossed,False,98,0.003993631248519245,0.04632702169537711,0.04127029963033288,0.04223840747581919,54908,64636,CONVERGENCE: RELATIVE REDUCTION OF F <= FACTR*EPSMCH,-2.741396869313355,8.0,True,106.97907679993659,14,14
8,nearest,crossed,False,99,0.003959831021335348,0.04138724698082855,0.03729256512371549,0.03874370707081698,14148,15918,CONVERGENCE: RELATIVE REDUCTION OF F <= FACTR*EPSMCH,1.9061834066884467,7.495396734942311,False,31.224430000060238,14,14
8,nearest,crossed,False,100,0.005559405297294256,0.05914491930059891,0.05287731994348971,0.05455398313025324,48402,57769,CONVERGENCE: RELATIVE REDUCTION OF F <= FACTR*EPSMCH,0.5289367720341662,7.478280972533503,False,83.41727289999835,14,14
8,nearest,crossed,False,101,0.00725281441566603,0.07193506662475425,0.06605498882153515,0.06804982748677678,5889,7171,CONVERGENCE: RELATIVE REDUCTION OF F <= FACTR*EPSMCH,-2.958694634573357,8.0,True,15.456262700026855,14,14
8,nearest,crossed,False,102,0.003996667762266253,0.04641880812169124,0.041341951143839595,0.04230006376676165,21946,25895,CONVERGENCE: RELATIVE REDUCTION OF F <= FACTR*EPSMCH,-3.043507862830394,8.0,True,52.26862240000628,14,14
8,nearest,crossed,False,103,0.003995021250031503,0.04636308093113899,0.04130455410005503,0.04227119311813496,26178,30996,CONVERGENCE: RELATIVE REDUCTION OF F <= FACTR*EPSMCH,-2.7320099578903854,8.0,True,58.32410120009445,14,14
8,nearest,crossed,False,104,0.003996992380803188,0.046419861514420804,0.04134794325374492,0.042308929401074016,8072,9360,CONVERGENCE: RELATIVE REDUCTION OF F <= FACTR*EPSMCH,-2.9740790325770172,7.99998305979105,True,11.06494680000469,14,14
8,nearest,crossed,False,105,0.006427226502394701,0.06803617728785279,0.060709533561448537,0.061304233402773516,8341,9321,CONVERGENCE: RELATIVE REDUCTION OF F <= FACTR*EPSMCH,-0.7071150131417578,3.952434948968944,False,12.127707900013775,14,14
8,nearest,crossed,False,106,0.00401081949271724,0.04654684674312927,0.04149544019317623,0.04247817940058033,26508,31009,CONVERGENCE: RELATIVE REDUCTION OF F <= FACTR*EPSMCH,-3.038072934861909,8.0,True,51.325196699937806,14,14
8,nearest,crossed,False,107,0.003993619931226511,0.04632158059727808,0.0412637126567439,0.04223091075711292,14010,16500,CONVERGENCE: RELATIVE REDUCTION OF F <= FACTR*EPSMCH,-2.6771579681867013,8.0,True,41.356302300002426,14,14
8,nearest,crossed,False,108,0.003994080952101511,0.04632350473813556,0.04126397679240472,0.04223042936007027,15553,17788,CONVERGENCE: RELATIVE REDUCTION OF F <= FACTR*EPSMCH,-2.751515737766841,7.79514695725743,False,30.378782199928537,14,14
8,nearest,crossed,False,109,0.004009417221563807,0.04654172035207845,0.041495485234132365,0.04247640266716782,8311,9556,CONVERGENCE: RELATIVE REDUCTION OF F <= FACTR*EPSMCH,-3.485408282022816,8.0,True,15.550608600024134,14,14
8,nearest,crossed,False,110,0.004004525078254169,0.04652426059969389,0.041418805469384416,0.0423625642412761,17887,20931,CONVERGENCE: RELATIVE REDUCTION OF F <= FACTR*EPSMCH,-3.1752277985906567,8.0,True,51.869247899972834,14,14
8,nearest,crossed,False,111,0.004055435598412799,0.04711855982298608,0.04127933298806723,0.041944768287241765,12642,14658,CONVERGENCE: RELATIVE REDUCTION OF F <= FACTR*EPSMCH,-3.607897811268307,7.176487231514538,False,18.52859330002684,14,14
8,nearest,crossed,False,112,0.007402850113064951,0.07560328441376983,0.06883888155622105,0.07011936522386852,6728,8152,CONVERGENCE: RELATIVE REDUCTION OF F <= FACTR*EPSMCH,-8.0,6.92779734729231,True,15.579729999997653,14,14
8,nearest,crossed,False,113,0.005346457557369167,0.0555674237993565,0.05127454704900811,0.05257003855057945,47053,55612,CONVERGENCE: RELATIVE REDUCTION OF F <= FACTR*EPSMCH,0.6461799470636904,7.976336159288691,True,90.31327770010103,14,14
8,nearest,crossed,False,114,0.003994021333690382,0.046333528071714015,0.04127522618948519,0.04224212972583432,15770,18907,CONVERGENCE: RELATIVE REDUCTION OF F <= FACTR*EPSMCH,-2.67594318304489,7.993956776172588,True,31.915828500059433,14,14
8,nearest,crossed,False,115,0.005132401979031156,0.05713983145724063,0.05384716045770751,0.05499464048969481,6287,7369,CONVERGENCE: RELATIVE REDUCTION OF F <= FACTR*EPSMCH,-2.1703024840385328,7.999999751644577,True,9.160536799929105,14,14
8,nearest,crossed,False,116,0.0038976488669585216,0.04591419471091042,0.04104644615176804,0.042060396181215993,82862,97566,CONVERGENCE: RELATIVE REDUCTION OF F <= FACTR*EPSMCH,-2.3931701548139617,7.9999979618094015,True,154.73900679999497,14,14
8,nearest,crossed,False,117,0.0038977802371350317,0.04591611718296937,0.04104518401345151,0.04205714107489249,41547,48904,CONVERGENCE: RELATIVE REDUCTION OF F <= FACTR*EPSMCH,-2.4238345531446743,7.9488030446244125,True,95.547147699981,14,14
8,nearest,crossed,False,118,0.004553712654278227,0.05245130135010824,0.04770355031389528,0.04936338617052286,8113,9317,CONVERGENCE: RELATIVE REDUCTION OF F <= FACTR*EPSMCH,-1.1307414426480358,7.017144338922359,False,16.713862899923697,14,14
8,nearest,crossed,False,119,0.003950174446194512,0.04647338927666003,0.04145435604693271,0.04242548034520814,32318,37823,CONVERGENCE: RELATIVE REDUCTION OF F <= FACTR*EPSMCH,-2.71124797191628,7.997682243462579,True,62.26826959999744,14,14
8,nearest,crossed,False,120,0.005474448099077229,0.06058732809228759,0.057880111702271725,0.05900138824942552,8009,9418,CONVERGENCE: RELATIVE REDUCTION OF F <= FACTR*EPSMCH,-4.889820256407505,7.9999304129818825,True,16.94851989997551,14,14
8,nearest,crossed,False,121,0.004261340130288761,0.04964480047181397,0.04411512972252369,0.04464889677381943,32796,38993,CONVERGENCE: RELATIVE REDUCTION OF F <= FACTR*EPSMCH,-8.0,7.9695645762756575,True,64.97752529999707,14,14
8,nearest,crossed,False,122,0.003994633076797177,0.04633459182317233,0.04127529739378932,0.04224268149288993,23598,27379,CONVERGENCE: RELATIVE REDUCTION OF F <= FACTR*EPSMCH,-2.7084317069362576,8.0,True,40.779490699991584,14,14
8,nearest,crossed,False,123,0.003995823241943738,0.046394590832844126,0.04132841377476695,0.04229200784947161,19655,23106,CONVERGENCE: RELATIVE REDUCTION OF F <= FACTR*EPSMCH,-2.910100423174678,8.0,True,47.61953939998057,14,14
8,nearest,crossed,False,124,0.0040027551694937985,0.046501640641651486,0.04130770970972676,0.04218923770263082,374,449,CONVERGENCE: RELATIVE REDUCTION OF F <= FACTR*EPSMCH,-3.4997176941982397,7.993985860865493,True,0.6165669000474736,14,14
8,nearest,crossed,False,125,0.003994024995801363,0.04633497879573169,0.04127551124338151,0.04224207488024852,15830,18358,CONVERGENCE: RELATIVE REDUCTION OF F <= FACTR*EPSMCH,-2.7138358078022673,8.0,True,25.04009059991222,14,14
8,nearest,crossed,False,126,0.0039960989223163275,0.0464003553204137,0.041330096785767316,0.04229129666943929,10534,12583,CONVERGENCE: RELATIVE REDUCTION OF F <= FACTR*EPSMCH,-2.909492724438094,8.0,True,22.862688699970022,14,14
8,nearest,crossed,False,127,0.005558873293732346,0.05913881836298664,0.05286967696006813,0.05454615898557338,46899,52298,CONVERGENCE: RELATIVE REDUCTION OF F <= FACTR*EPSMCH,2.4800965567405413,7.774290895772483,False,89.39437419991009,14,14
8,nearest,crossed,False,128,0.003994223298426802,0.046349862096033416,0.04128890745032146,0.04225520350221025,39586,47777,CONVERGENCE: RELATIVE REDUCTION OF F <= FACTR*EPSMCH,-2.8337352357158703,8.0,True,86.886492599966,14,14
8,nearest,crossed,False,129,0.004309131301167248,0.04964315793491583,0.044042381334318946,0.044587604255644404,10612,12670,CONVERGENCE: RELATIVE REDUCTION OF F <= FACTR*EPSMCH,-8.0,8.0,True,24.207823600037955,14,14
8,nearest,crossed,False,130,0.0038975014492691022,0.045908673096984084,0.04104311547201702,0.04205799827034289,11634,13321,CONVERGENCE: RELATIVE REDUCTION OF F <= FACTR*EPSMCH,-2.2332267533699266,8.0,True,23.731809100019746,14,14
8,nearest,crossed,False,131,0.003994296248423873,0.046347522695145145,0.04128839204215482,0.04225499568240549,12903,15254,CONVERGENCE: RELATIVE REDUCTION OF F <= FACTR*EPSMCH,-2.7343570285816927,8.0,True,33.39635009993799,14,14
8,nearest,crossed,False,132,0.003995371960705822,0.04638671179678667,0.04132126718166629,0.042284720632673974,16785,19789,CONVERGENCE: RELATIVE REDUCTION OF F <= FACTR*EPSMCH,-2.897762060910363,8.0,True,33.082947599934414,14,14
8,nearest,crossed,False,133,0.005479082581194311,0.0606281269833967,0.0579279553167419,0.05904649957833341,4185,4905,CONVERGENCE: RELATIVE REDUCTION OF F <= FACTR*EPSMCH,-7.996781421903849,5.915425091256644,True,7.651958200032823,14,14
8,nearest,crossed,False,134,0.005558979626470518,0.05914039847102945,0.05287062037305508,0.05454553841886036,39084,45794,CONVERGENCE: RELATIVE REDUCTION OF F <= FACTR*EPSMCH,2.584603424342469,7.887476723539005,False,85.79140370001551,14,14
8,nearest,crossed,False,135,0.003996200803555489,0.04637052811661273,0.04130496534320173,0.04226767109528981,10787,12842,CONVERGENCE: RELATIVE REDUCTION OF F <= FACTR*EPSMCH,-2.631236137307145,8.0,True,16.83109210000839,14,14
8,nearest,crossed,False,136,0.004310725212177271,0.04966378333134957,0.04405772648057595,0.04459998841617332,5945,6846,CONVERGENCE: RELATIVE REDUCTION OF F <= FACTR*EPSMCH,-8.0,7.9411369353542725,True,12.966597400023602,14,14
8,nearest,crossed,False,137,0.003945670193602266,0.04643127708099712,0.04143148076261713,0.04240767695323506,25077,28842,CONVERGENCE: RELATIVE REDUCTION OF F <= FACTR*EPSMCH,-3.3624617202416944,7.936931476628396,True,51.5767935999902,14,14
8,nearest,crossed,False,138,0.006844693676897342,0.07088446201977935,0.06269291898822996,0.06279202348784635,2581,2992,CONVERGENCE: RELATIVE REDUCTION OF F <= FACTR*EPSMCH,-8.0,6.0592498267696,True,6.614122100058012,14,14
8,nearest,crossed,False,139,0.003995282402410842,0.04638839756940487,0.0413208036890841,0.042283081072065465,15640,18250,CONVERGENCE: RELATIVE REDUCTION OF F <= FACTR*EPSMCH,-2.8748301330435675,8.0,True,33.814890099922195,14,14
8,nearest,crossed,False,140,0.003994672747566204,0.04636384261746648,0.041297008444946895,0.04225920901011371,17527,20498,CONVERGENCE: RELATIVE REDUCTION OF F <= FACTR*EPSMCH,-2.7853879350558275,7.9911422092732725,True,26.66465270007029,14,14
8,nearest,crossed,False,141,0.004258487401079709,0.049631132181647455,0.04411196899238085,0.044651106667818734,23797,28325,CONVERGENCE: RELATIVE REDUCTION OF F <= FACTR*EPSMCH,-7.999166444442053,7.999075333546513,True,37.72301910002716,14,14
8,nearest,crossed,False,142,0.00399489206000548,0.046379314467472794,0.04131591487965659,0.04228107568467989,14257,16811,CONVERGENCE: RELATIVE REDUCTION OF F <= FACTR*EPSMCH,-2.9651023397670304,7.974542442652752,True,21.033476799959317,14,14
8,nearest,crossed,False,143,0.0055592002610066645,0.059137414560698015,0.052868192174904675,0.054544929879241894,26696,30345,CONVERGENCE: RELATIVE REDUCTION OF F <= FACTR*EPSMCH,2.4655184020884517,7.758904756032163,False,41.484398199943826,14,14
8,nearest,crossed,False,144,0.003997761566561713,0.04644423569622302,0.04137464061492402,0.042337888576915755,26325,31586,CONVERGENCE: RELATIVE REDUCTION OF F <= FACTR*EPSMCH,-3.344850714806418,8.0,True,42.573090499965474,14,14
8,nearest,crossed,False,145,0.005941841983623981,0.06349516863733304,0.05683792487634792,0.05763139360179465,56462,65745,CONVERGENCE: RELATIVE REDUCTION OF F <= FACTR*EPSMCH,-2.3474871620662823,8.0,True,87.06876419996843,14,14
8,nearest,crossed,False,146,0.003994055135407986,0.046359178655165624,0.04130030566075296,0.042266873899244196,23319,27111,CONVERGENCE: RELATIVE REDUCTION OF F <= FACTR*EPSMCH,-2.8723487483930152,8.0,True,33.697035699966364,14,14
8,nearest,crossed,False,147,0.003897563969586779,0.04591171085037368,0.04104493750981316,0.04205917020100848,55754,65933,CONVERGENCE: RELATIVE REDUCTION OF F <= FACTR*EPSMCH,-2.32393089326038,8.0,True,98.91707269998733,14,14
8,nearest,crossed,False,148,0.0039944799227398745,0.046362889838675446,0.04130524990692874,0.04227293759369464,8808,10241,CONVERGENCE: RELATIVE REDUCTION OF F <= FACTR*EPSMCH,-2.8210158741780034,8.0,True,12.863998100045137,14,14
8,nearest,crossed,False,149,0.01640292358509345,0.12074254468042972,0.1148793607395139,0.11563197621689283,3440,4030,CONVERGENCE: RELATIVE REDUCTION OF F <= FACTR*EPSMCH,-8.0,7.99998759578917,True,5.161449799896218,14,14
8,nearest,crossed,False,150,0.011367660941161439,0.0983241013051918,0.09294191437219942,0.09458662705808273,4426,5451,CONVERGENCE: RELATIVE REDUCTION OF F <= FACTR*EPSMCH,-2.7703621225312904,8.0,True,8.955432999995537,14,14
8,nearest,crossed,False,151,0.0039599013738144005,0.04137905555871108,0.03730934780595497,0.03875457384681206,30404,33697,CONVERGENCE: RELATIVE REDUCTION OF F <= FACTR*EPSMCH,0.9477019496692017,5.576807756094862,False,41.82354730006773,14,14
8,nearest,crossed,False,152,0.0038974682940581176,0.04590801947237377,0.04104181190877667,0.042056005937411524,38408,44516,CONVERGENCE: RELATIVE REDUCTION OF F <= FACTR*EPSMCH,-2.2036403688583586,8.0,True,57.87239869998302,14,14
8,nearest,crossed,False,153,0.005563439195086213,0.05917142667228677,0.05290443460523242,0.054579820830020456,11121,12216,CONVERGENCE: RELATIVE REDUCTION OF F <= FACTR*EPSMCH,2.562377624803843,7.999970094956321,True,16.752865799935535,14,14
8,nearest,crossed,False,154,0.003995158977332422,0.04636840370242994,0.041304900804394695,0.042269076165068774,10344,12067,CONVERGENCE: RELATIVE REDUCTION OF F <= FACTR*EPSMCH,-2.7580831642530206,8.0,True,17.224903199938126,14,14
8,nearest,crossed,False,155,0.005276435752816843,0.05869797684174951,0.055321785138249764,0.05657159266883011,31538,37293,CONVERGENCE: RELATIVE REDUCTION OF F <= FACTR*EPSMCH,-1.8509833920112997,8.0,True,46.57710080000106,14,14
8,nearest,crossed,False,156,0.0040086302680960376,0.04654103030833573,0.041495247825815394,0.042477651128940114,22618,25814,CONVERGENCE: RELATIVE REDUCTION OF F <= FACTR*EPSMCH,-3.455013644620772,8.0,True,37.1371476999484,14,14
8,nearest,crossed,False,157,0.009472820632404925,0.08822812838977795,0.08413170950890837,0.08567958213315544,10860,12990,CONVERGENCE: RELATIVE REDUCTION OF F <= FACTR*EPSMCH,-8.0,8.0,True,15.374185499968007,14,14
8,nearest,crossed,False,158,0.003993761849153962,0.04631954367024075,0.04126259754724483,0.04223010659253517,33147,39674,CONVERGENCE: RELATIVE REDUCTION OF F <= FACTR*EPSMCH,-2.6256918168934744,8.0,True,53.192629000055604,14,14
8,nearest,crossed,False,159,0.003948339853877057,0.046462284794357975,0.041447458843353414,0.04241500343287979,13399,15065,CONVERGENCE: RELATIVE REDUCTION OF F <= FACTR*EPSMCH,-3.3905191742349094,7.9999985308073365,True,23.5076234000735,14,14
8,nearest,crossed,False,160,0.0040081738644750856,0.0465435231154606,0.041495811636990086,0.042477220593269534,19280,22280,CONVERGENCE: RELATIVE REDUCTION OF F <= FACTR*EPSMCH,-3.479746326104233,8.0,True,28.47601479990408,14,14
8,nearest,crossed,False,161,0.005309873991001322,0.05904305936757298,0.05603986703259361,0.05727463685868839,5981,6827,CONVERGENCE: RELATIVE REDUCTION OF F <= FACTR*EPSMCH,-3.310185171506608,7.554715027207452,False,7.975911299930885,14,14
8,nearest,crossed,False,162,0.004552220521173288,0.052444421906687196,0.047680088526416003,0.04934124097161924,27862,31952,CONVERGENCE: RELATIVE REDUCTION OF F <= FACTR*EPSMCH,-0.9172492592601638,5.154961597429053,False,44.54802600003313,14,14
8,nearest,crossed,False,163,0.0054788370275623294,0.06062597678960047,0.0579292454786971,0.05904717160398961,4900,6046,CONVERGENCE: RELATIVE REDUCTION OF F <= FACTR*EPSMCH,-7.985841869381631,5.412328374746738,True,9.471673700027168,14,14
8,nearest,crossed,False,164,0.003961334138732924,0.041363486488578655,0.037383209731556934,0.03880845859582878,11090,12244,CONVERGENCE: RELATIVE REDUCTION OF F <= FACTR*EPSMCH,1.6576009183859286,7.21450999549993,False,17.261038700002246,14,14
8,nearest,crossed,False,165,0.003995134759005783,0.04636962011493628,0.04130348872172799,0.04226642662497313,7814,9122,CONVERGENCE: RELATIVE REDUCTION OF F <= FACTR*EPSMCH,-2.744418541149896,8.0,True,12.973823299980722,14,14
8,nearest,crossed,False,166,0.0039596247289131106,0.04137511853136361,0.03730652214482277,0.03875149744360543,11752,13460,CONVERGENCE: RELATIVE REDUCTION OF F <= FACTR*EPSMCH,2.083150421045481,7.84602964900438,False,20.716026399983093,14,14
8,nearest,crossed,False,167,0.003937169082569767,0.046343256222258024,0.041348035746415226,0.04232157135780241,17884,20707,CONVERGENCE: RELATIVE REDUCTION OF F <= FACTR*EPSMCH,-2.7183611702367365,7.9995198268502605,True,31.792259500012733,14,14
8,nearest,crossed,False,168,0.005050973094141846,0.05630567251593925,0.05253907275038363,0.0538087559934088,21371,24290,CONVERGENCE: RELATIVE REDUCTION OF F <= FACTR*EPSMCH,-2.069373222244347,8.0,True,37.6397328999592,14,14
8,nearest,crossed,False,169,0.006427214708504344,0.06803584112762545,0.06070712218898003,0.0613009481222825,10430,11646,CONVERGENCE: RELATIVE REDUCTION OF F <= FACTR*EPSMCH,0.7506111602368741,6.869692464164178,False,17.81431749998592,14,14
8,nearest,crossed,False,170,0.003994082534551776,0.04634369083467338,0.04128377588190059,0.04225061488453217,45716,54346,CONVERGENCE: RELATIVE REDUCTION OF F <= FACTR*EPSMCH,-2.855136649518904,8.0,True,77.80389129999094,14,14
8,nearest,crossed,False,171,0.003958407808950515,0.04654840987733402,0.041524923590276944,0.042508279760754254,13200,15109,CONVERGENCE: RELATIVE REDUCTION OF F <= FACTR*EPSMCH,-3.466491870008462,7.995769558853728,True,24.191216700011864,14,14
8,nearest,crossed,False,172,0.0055597420924887175,0.059146940004770165,0.05287950121648426,0.05455689287349226,13577,16226,CONVERGENCE: RELATIVE REDUCTION OF F <= FACTR*EPSMCH,0.5992419103640914,7.999979563789873,True,22.897179099963978,14,14
8,nearest,crossed,False,173,0.003996495981095216,0.04641320726393914,0.04134152752423794,0.042302268389144936,9462,10995,CONVERGENCE: RELATIVE REDUCTION OF F <= FACTR*EPSMCH,-2.9959494397724398,7.972181387791039,True,17.496545500005595,14,14
8,nearest,crossed,False,174,0.003995478216775365,0.04637228121928862,0.041308456142212915,0.04227301464261062,13822,16460,CONVERGENCE: RELATIVE REDUCTION OF F <= FACTR*EPSMCH,-2.910681697747508,7.938545865915641,True,33.594547100015916,14,14
8,nearest,crossed,False,175,0.004552851243785001,0.0524449555347261,0.04769272017658255,0.04935308211464846,13367,15587,CONVERGENCE: RELATIVE REDUCTION OF F <= FACTR*EPSMCH,-1.3514852816947096,5.543064262233575,False,18.759188600000925,14,14
8,nearest,crossed,False,176,0.0052768681818060065,0.05870881400402957,0.05534821264895632,0.05659533277712105,66724,78138,CONVERGENCE: RELATIVE REDUCTION OF F <= FACTR*EPSMCH,-1.8704095095624433,8.0,True,115.69342160003725,14,14
8,nearest,crossed,False,177,0.004311355594012948,0.04967322050229607,0.044057895364371234,0.044592919284248134,4874,5594,CONVERGENCE: RELATIVE REDUCTION OF F <= FACTR*EPSMCH,-8.0,7.999567735632684,True,6.75196959997993,14,14
8,nearest,crossed,False,178,0.004312073992742761,0.04967110468085103,0.04406243844318606,0.044604502584388965,2339,2700,CONVERGENCE: RELATIVE REDUCTION OF F <= FACTR*EPSMCH,-8.0,8.0,True,3.306861100019887,14,14
8,nearest,crossed,False,179,0.003995605392182507,0.046380427614024805,0.04131539247905957,0.042278593939891265,15548,18238,CONVERGENCE: RELATIVE REDUCTION OF F <= FACTR*EPSMCH,-2.7594675951181564,8.0,True,37.398131099995226,14,14
8,nearest,crossed,False,180,0.00395975455105464,0.041371975542311756,0.03732457191892892,0.038764277895807345,19981,22814,CONVERGENCE: RELATIVE REDUCTION OF F <= FACTR*EPSMCH,2.158719914762368,7.998912035656594,True,40.118957399972714,14,14
8,nearest,crossed,False,181,0.005346455297776929,0.05556810420308071,0.051271626274219544,0.05256714536358399,15494,18240,CONVERGENCE: RELATIVE REDUCTION OF F <= FACTR*EPSMCH,1.7988007502017618,7.999621210331284,True,22.21044129994698,14,14
8,nearest,crossed,False,182,0.003995323398577548,0.046400219071150384,0.04133203874097052,0.04229456917825192,8856,10210,CONVERGENCE: RELATIVE REDUCTION OF F <= FACTR*EPSMCH,-3.092746666838263,7.903503238972677,True,12.685537400073372,14,14
8,nearest,crossed,False,183,0.007195265706655705,0.0742566311460653,0.06816617468875127,0.06956138539397816,9344,11103,CONVERGENCE: RELATIVE REDUCTION OF F <= FACTR*EPSMCH,-7.995481712537797,7.382871854119704,True,18.648021900095046,14,14
8,nearest,crossed,False,184,0.003993728536164637,0.046318331388464175,0.041262469880811774,0.04223054821011645,14655,17091,CONVERGENCE: RELATIVE REDUCTION OF F <= FACTR*EPSMCH,-2.6192220233003902,8.0,True,20.957959500025027,14,14
8,nearest,crossed,False,185,0.003961261726941052,0.0413645287921029,0.037379247405270134,0.03880592670027726,7955,8802,CONVERGENCE: RELATIVE REDUCTION OF F <= FACTR*EPSMCH,2.162477863351294,7.998677341304787,True,10.356115499977022,14,14
8,nearest,crossed,False,186,0.004311948678377137,0.04967562902433513,0.04406342249021321,0.04460360662582442,1041,1227,CONVERGENCE: RELATIVE REDUCTION OF F <= FACTR*EPSMCH,-8.0,7.999999977888211,True,4.287179099977948,14,14
8,nearest,crossed,False,187,0.003937979691142213,0.046352156492359964,0.04135877192613415,0.04233331094545095,35634,40737,CONVERGENCE: RELATIVE REDUCTION OF F <= FACTR*EPSMCH,-2.8611997528286555,7.999399704171433,True,73.32440499996301,14,14
8,nearest,crossed,False,188,0.005131957726912025,0.057151215938881644,0.05384969002104498,0.05499636193133344,8895,10232,CONVERGENCE: RELATIVE REDUCTION OF F <= FACTR*EPSMCH,-2.02984974620224,7.999738253742628,True,12.705958399921656,14,14
8,nearest,crossed,False,189,0.003995102622293586,0.04637518123601033,0.04131126322296328,0.04227557016129041,13293,15219,CONVERGENCE: RELATIVE REDUCTION OF F <= FACTR*EPSMCH,-2.8077321333550582,8.0,True,29.569085199967958,14,14
8,nearest,crossed,False,190,0.003993699529189,0.04633412061374476,0.041273068504050374,0.04223878013348465,11958,13835,CONVERGENCE: RELATIVE REDUCTION OF F <= FACTR*EPSMCH,-2.794333994155907,7.999575852308603,True,27.603506200015545,14,14
8,nearest,crossed,False,191,0.003997390451102334,0.046440822986020334,0.04136568547094466,0.042325327075081916,8844,10725,CONVERGENCE: RELATIVE REDUCTION OF F <= FACTR*EPSMCH,-3.2456686711087177,7.98521950953735,True,12.586630800040439,14,14
8,nearest,crossed,False,192,0.0039992412892132685,0.04647404796180172,0.041387139257214434,0.042341113452724226,7078,8558,CONVERGENCE: RELATIVE REDUCTION OF F <= FACTR*EPSMCH,-3.4392160835010803,7.9979168479634435,True,10.022283999947831,14,14
8,nearest,crossed,False,193,0.0038974583768602478,0.04590912035192082,0.0410436126164513,0.04205848337603782,65691,76919,CONVERGENCE: RELATIVE REDUCTION OF F <= FACTR*EPSMCH,-2.257354887911464,8.0,True,120.58852190000471,14,14
8,nearest,crossed,False,194,0.0052753842919872306,0.05868623262668645,0.055311606788506384,0.05655867361962348,39865,45779,CONVERGENCE: RELATIVE REDUCTION OF F <= FACTR*EPSMCH,-2.1873064230083523,7.999343151574366,True,42.35441099992022,14,14
8,nearest,crossed,False,195,0.00399622951724298,0.04641341769611453,0.04134153435212078,0.04230227381181744,23586,28634,CONVERGENCE: RELATIVE REDUCTION OF F <= FACTR*EPSMCH,-3.09413953680806,7.999963606312888,True,27.74156839994248,14,14
8,nearest,crossed,False,196,0.003996693885309748,0.04642121442275997,0.04135641167682199,0.04232131855062245,8577,10251,CONVERGENCE: RELATIVE REDUCTION OF F <= FACTR*EPSMCH,-3.1695235256254586,7.99320012454603,True,19.000507000018843,14,14
8,nearest,crossed,False,197,0.00547934577910276,0.0606296949989469,0.05792898306614733,0.059048514228935874,16919,19971,CONVERGENCE: RELATIVE REDUCTION OF F <= FACTR*EPSMCH,-8.0,7.320165260493929,True,33.79183699993882,14,14
8,nearest,crossed,False,198,0.003994470627981226,0.046363739989334324,0.041296954660545296,0.04226005026255562,50652,59902,CONVERGENCE: RELATIVE REDUCTION OF F <= FACTR*EPSMCH,-2.8793260123021036,8.0,True,59.90184239996597,14,14
8,nearest,crossed,False,199,0.005478834352543907,0.060625971654178046,0.057929915171503095,0.05904865395608023,13635,16732,CONVERGENCE: RELATIVE REDUCTION OF F <= FACTR*EPSMCH,-7.935867821760724,4.071317696108032,True,15.689275500015356,14,14
8,mirror,nearest,False,0,0.0037995460499432006,0.03948650016698719,0.03539176787699506,0.0368089911661564,9803,10769,CONVERGENCE: RELATIVE REDUCTION OF F <= FACTR*EPSMCH,0.457532472321268,8.0,True,13.592558900010772,14,14
8,mirror,nearest,False,1,0.004310310456588717,0.04964758448216825,0.04405493500463141,0.044601167806966185,1546,1793,CONVERGENCE: RELATIVE REDUCTION OF F <= FACTR*EPSMCH,-8.0,7.999981110060295,True,2.1838151999982074,14,14
8,mirror,nearest,False,2,0.005728050868278227,0.06270148334209098,0.056764435079434086,0.05770950764695305,17128,19186,CONVERGENCE: RELATIVE REDUCTION OF F <= FACTR*EPSMCH,1.307976116233279,6.835917283244572,False,34.95694079995155,14,14
8,mirror,nearest,False,3,0.007211358922138793,0.07172204441956727,0.06565393784970833,0.06745487853099043,8734,10584,CONVERGENCE: RELATIVE REDUCTION OF F <= FACTR*EPSMCH,-2.2613786017624116,7.999389027514715,True,10.310024500009604,14,14
8,mirror,nearest,False,4,0.004223770609834073,0.044990501447409376,0.04039518399089097,0.04152068562659804,8001,8966,CONVERGENCE: RELATIVE REDUCTION OF F <= FACTR*EPSMCH,0.9824953515955911,6.704557075228202,False,17.953051100019366,14,14
8,mirror,nearest,False,5,0.006180593016871952,0.06615278580538844,0.05969561837095074,0.06062451780534458,446,524,CONVERGENCE: RELATIVE REDUCTION OF F <= FACTR*EPSMCH,-2.823991051529586,-0.20796906420996297,False,2.248225799994543,14,14
8,mirror,nearest,False,6,0.004154927195575652,0.044390846534409334,0.03939280547166737,0.04041158042683755,429,463,CONVERGENCE: RELATIVE REDUCTION OF F <= FACTR*EPSMCH,-3.027876454969685,0.060282771269607155,False,2.0910069999517873,14,14
8,mirror,nearest,False,7,0.004261127525919368,0.04965800387299764,0.04413419264826079,0.044672780648182454,10401,12064,CONVERGENCE: RELATIVE REDUCTION OF F <= FACTR*EPSMCH,-8.0,7.999999587900691,True,14.54672570002731,14,14
8,mirror,nearest,False,8,0.004154927195561597,0.04439085317778084,0.039392808019474715,0.040411579011514896,483,527,CONVERGENCE: RELATIVE REDUCTION OF F <= FACTR*EPSMCH,-3.0278800077712473,0.06029315014248134,False,0.5384288999484852,14,14
8,mirror,nearest,False,9,0.003799532445304581,0.039482799114250434,0.035393850699627194,0.03681034570518076,19086,21927,CONVERGENCE: RELATIVE REDUCTION OF F <= FACTR*EPSMCH,-0.022375280517783133,7.999910544418606,True,21.647693100036122,14,14
8,mirror,nearest,False,10,0.0037995087613810026,0.03948286201458459,0.035393475068190725,0.036809954279319726,13473,14895,CONVERGENCE: RELATIVE REDUCTION OF F <= FACTR*EPSMCH,0.05261169787900683,7.988503451306837,True,13.926165799959563,14,14
8,mirror,nearest,False,11,0.005479655984946789,0.06063329090972351,0.057940432733604316,0.05905729897189385,7759,9400,CONVERGENCE: RELATIVE REDUCTION OF F <= FACTR*EPSMCH,-8.0,7.886684161983109,True,8.625645900028758,14,14
8,mirror,nearest,False,12,0.00530690164572265,0.059008894199777395,0.05597177519867239,0.05721354679216515,11424,13154,CONVERGENCE: RELATIVE REDUCTION OF F <= FACTR*EPSMCH,-2.9028594916821975,7.999999999020592,True,12.698279300006106,14,14
8,mirror,nearest,False,13,0.004154927195592803,0.04439085194723287,0.03939281361932272,0.040411588813311555,352,377,CONVERGENCE: RELATIVE REDUCTION OF F <= FACTR*EPSMCH,-3.027876610090003,0.06028131944969981,False,0.3696023999946192,14,14
8,mirror,nearest,False,14,0.003802298207723344,0.03951087009692149,0.035419779355947506,0.03683980145146821,8698,9884,CONVERGENCE: RELATIVE REDUCTION OF F <= FACTR*EPSMCH,0.36066896887841304,7.999976441821754,True,9.876693999976851,14,14
8,mirror,nearest,False,15,0.004223762053265452,0.04499026577825045,0.04039467493341954,0.04151793804881629,12795,14820,CONVERGENCE: RELATIVE REDUCTION OF F <= FACTR*EPSMCH,1.1539801740344848,7.051580924112748,False,13.763013600022532,14,14
8,mirror,nearest,False,16,0.0041549271956528,0.04439084041261643,0.0393928141200881,0.04041158930015111,305,328,CONVERGENCE: RELATIVE REDUCTION OF F <= FACTR*EPSMCH,-3.027868103623926,0.06028121943454848,False,0.3192593000130728,14,14
8,mirror,nearest,False,17,0.01320978445500312,0.1068307683153253,0.09922096367491268,0.10043250297187466,2530,3108,CONVERGENCE: RELATIVE REDUCTION OF F <= FACTR*EPSMCH,-7.723660061823113,6.8936271193418985,False,2.780036900076084,14,14
8,mirror,nearest,False,18,0.0037994844427664772,0.0394835784482365,0.035392656446342,0.03680940923301903,12770,14307,CONVERGENCE: RELATIVE REDUCTION OF F <= FACTR*EPSMCH,0.2475970412887815,8.0,True,13.109631299972534,14,14
8,mirror,nearest,False,19,0.004154927195642961,0.04439085603833367,0.039392803076813025,0.040411574024130946,303,323,CONVERGENCE: RELATIVE REDUCTION OF F <= FACTR*EPSMCH,-3.0278851421562685,0.060297367646532644,False,0.37701779999770224,14,14
8,mirror,nearest,False,20,0.004154927195593345,0.04439085554329579,0.03939280532485731,0.040411578422305326,459,491,CONVERGENCE: RELATIVE REDUCTION OF F <= FACTR*EPSMCH,-3.0278841232535405,0.06029472259246997,False,0.42941929993685335,14,14
8,mirror,nearest,False,21,0.004154927195574626,0.044390856921160814,0.039392806547185945,0.04041157682349982,432,470,CONVERGENCE: RELATIVE REDUCTION OF F <= FACTR*EPSMCH,-3.0278834223045212,0.06029373234934524,False,0.4384968000231311,14,14
8,mirror,nearest,False,22,0.004055874775945561,0.04711967966837378,0.04127866741827078,0.041943245022767035,15418,18119,CONVERGENCE: RELATIVE REDUCTION OF F <= FACTR*EPSMCH,-3.6109143470894023,7.709042461368648,False,17.121296599972993,14,14
8,mirror,nearest,False,23,0.004019543677736241,0.047244305790902,0.041501276093340395,0.042156801682317016,14826,16267,CONVERGENCE: RELATIVE REDUCTION OF F <= FACTR*EPSMCH,-3.625638236959615,6.017702834290049,False,16.435098499991,14,14
8,mirror,nearest,False,24,0.004154927195785024,0.044390850196247514,0.03939280771803355,0.04041158093253448,381,404,CONVERGENCE: RELATIVE REDUCTION OF F <= FACTR*EPSMCH,-3.0278861931209664,0.06029665621604342,False,0.5214429999468848,14,14
8,mirror,nearest,False,25,0.0037994921763159113,0.03948354962549429,0.03539280679746041,0.036809538656478846,17326,19807,CONVERGENCE: RELATIVE REDUCTION OF F <= FACTR*EPSMCH,0.1968174497847729,7.925098087833558,True,19.963508300017565,14,14
8,mirror,nearest,False,26,0.003799481284470165,0.03948352022752881,0.03539266861553058,0.03680942457337291,15023,16731,CONVERGENCE: RELATIVE REDUCTION OF F <= FACTR*EPSMCH,0.2419322149265721,8.0,True,15.566034600022249,14,14
8,mirror,nearest,False,27,0.007235208354640354,0.0718246903982186,0.06588209889147895,0.06788301811551559,861,1033,CONVERGENCE: RELATIVE REDUCTION OF F <= FACTR*EPSMCH,-2.4254460053082583,7.969507620050621,True,0.9035983999492601,14,14
8,mirror,nearest,False,28,0.004055460834690621,0.04711911081339819,0.041283226018960506,0.04194980061366735,7232,8231,CONVERGENCE: RELATIVE REDUCTION OF F <= FACTR*EPSMCH,-3.6049395077549566,7.520583013164968,False,8.977004300104454,14,14
8,mirror,nearest,False,29,0.007633170068433745,0.07717471855502013,0.07153655395950867,0.07322286071569005,11237,13039,CONVERGENCE: RELATIVE REDUCTION OF F <= FACTR*EPSMCH,-5.988594253720057,6.4077435210558615,False,12.064047499909066,14,14
8,mirror,nearest,False,30,0.003799488846468231,0.03948380435079817,0.03539262206317795,0.0368094552589496,13971,15655,CONVERGENCE: RELATIVE REDUCTION OF F <= FACTR*EPSMCH,0.26337619478462104,7.971932827086068,True,14.409191599930637,14,14
8,mirror,nearest,False,31,0.008058698891725474,0.0781786963623392,0.07403135748557478,0.07526970899759347,528,625,CONVERGENCE: RELATIVE REDUCTION OF F <= FACTR*EPSMCH,-8.0,8.0,True,0.5806510000256822,14,14
8,mirror,nearest,False,32,0.004154927195617643,0.04439085822972681,0.03939280989723225,0.040411579856943235,423,458,CONVERGENCE: RELATIVE REDUCTION OF F <= FACTR*EPSMCH,-3.027882178209378,0.06029553193022746,False,0.3826377000659704,14,14
8,mirror,nearest,False,33,0.004154927195565418,0.0443908502575855,0.03939280581018117,0.040411579864320604,353,392,CONVERGENCE: RELATIVE REDUCTION OF F <= FACTR*EPSMCH,-3.027880740625873,0.060292044447450524,False,0.37506859994027764,14,14
8,mirror,nearest,False,34,0.007234604407716852,0.0718077978395289,0.06588093625704958,0.06788770401372592,3346,3893,CONVERGENCE: RELATIVE REDUCTION OF F <= FACTR*EPSMCH,-2.6418350656645075,8.0,True,3.7498563000699505,14,14
8,mirror,nearest,False,35,0.005479445004560933,0.06063071370896841,0.05793255510993199,0.05905121580426563,4267,5022,CONVERGENCE: RELATIVE REDUCTION OF F <= FACTR*EPSMCH,-8.0,6.325498585813472,True,4.478088399977423,14,14
8,mirror,nearest,False,36,0.004154927195632251,0.04439085414617916,0.03939280008561871,0.04041157406978575,353,384,CONVERGENCE: RELATIVE REDUCTION OF F <= FACTR*EPSMCH,-3.027886668101177,0.06028831816129415,False,0.45894670009147376,14,14
8,mirror,nearest,False,37,0.004154927195577597,0.044390854974535786,0.039392806763514525,0.04041157727502777,440,475,CONVERGENCE: RELATIVE REDUCTION OF F <= FACTR*EPSMCH,-3.0278835538464737,0.06029305931904658,False,0.5167705999920145,14,14
8,mirror,nearest,False,38,0.004311077565173011,0.04963035674484686,0.04401228943660079,0.044550992898701854,833,941,CONVERGENCE: RELATIVE REDUCTION OF F <= FACTR*EPSMCH,-8.0,8.0,True,0.8922972000436857,14,14
8,mirror,nearest,False,39,0.007191884301370826,0.07431617932644269,0.06821215480554443,0.06960612215992847,29604,34734,CONVERGENCE: RELATIVE REDUCTION OF F <= FACTR*EPSMCH,-6.410757953959464,6.90034802748325,False,33.30235460004769,14,14
8,mirror,nearest,False,40,0.004154927195619202,0.04439086109943847,0.03939281195427121,0.040411582480517544,419,457,CONVERGENCE: RELATIVE REDUCTION OF F <= FACTR*EPSMCH,-3.0278799689867286,0.06029058637126078,False,0.45946809998713434,14,14
8,mirror,nearest,False,41,0.0038087292441863043,0.039567280450580875,0.035479661223572136,0.036899621712788655,3159,3594,CONVERGENCE: RELATIVE REDUCTION OF F <= FACTR*EPSMCH,-1.7140689842780454,7.998881150676527,True,3.1296741000842303,14,14
8,mirror,nearest,False,42,0.004200449405249371,0.04851589954654245,0.04322804247806664,0.04382183629602865,2085,2355,CONVERGENCE: RELATIVE REDUCTION OF F <= FACTR*EPSMCH,-3.7152375018185153,8.0,True,2.0550506999716163,14,14
8,mirror,nearest,False,43,0.004308374719850265,0.0496390811976729,0.044033552676529066,0.04457796286263063,8255,9924,CONVERGENCE: RELATIVE REDUCTION OF F <= FACTR*EPSMCH,-8.0,7.875998722859177,True,9.217145500006154,14,14
8,mirror,nearest,False,44,0.004154927195581831,0.04439086274408888,0.039392814906661765,0.04041158409235674,476,513,CONVERGENCE: RELATIVE REDUCTION OF F <= FACTR*EPSMCH,-3.0278842820594063,0.06029711364355482,False,0.4680712999543175,14,14
8,mirror,nearest,False,45,0.005331675849458102,0.05943542754596659,0.056480279265871784,0.05771871812500055,8526,9598,CONVERGENCE: RELATIVE REDUCTION OF F <= FACTR*EPSMCH,-4.190287041392794,6.04735444918286,False,9.081010700087063,14,14
8,mirror,nearest,False,46,0.0042238684026246415,0.044985828106353994,0.040395852305507726,0.04152055801947479,20331,23065,CONVERGENCE: RELATIVE REDUCTION OF F <= FACTR*EPSMCH,0.4965609703000288,5.732973504355925,False,22.220191000029445,14,14
8,mirror,nearest,False,47,0.0037998372988545,0.039484882667181864,0.03539673764613131,0.03681307508560836,14347,16383,CONVERGENCE: RELATIVE REDUCTION OF F <= FACTR*EPSMCH,-0.4363043361958855,7.99841986952456,True,15.266442200052552,14,14
8,mirror,nearest,False,48,0.004019552533070947,0.047244168305695555,0.041501984788129394,0.042157087469782056,10605,11744,CONVERGENCE: RELATIVE REDUCTION OF F <= FACTR*EPSMCH,-3.6271608731942373,5.7609787002955235,False,10.94745249999687,14,14
8,mirror,nearest,False,49,0.0037994806987676935,0.03948342137003655,0.035392759367276115,0.036809481303167496,14662,16157,CONVERGENCE: RELATIVE REDUCTION OF F <= FACTR*EPSMCH,0.23035732167599202,8.0,True,16.150496599962935,14,14
8,mirror,nearest,False,50,0.004055329692684406,0.04711916812122011,0.04127904916078503,0.04194522845624114,12516,14154,CONVERGENCE: RELATIVE REDUCTION OF F <= FACTR*EPSMCH,-3.6069160874406023,7.683457813354732,False,13.108122500008903,14,14
8,mirror,nearest,False,51,0.007951814443521138,0.07927393553941664,0.07346513884111883,0.07521205138758853,5044,5584,CONVERGENCE: RELATIVE REDUCTION OF F <= FACTR*EPSMCH,-2.4335528418379577,8.0,True,5.256772399996407,14,14
8,mirror,nearest,False,52,0.005078885958288636,0.05360172118463717,0.0497146564824435,0.051104726684084445,6264,6975,CONVERGENCE: RELATIVE REDUCTION OF F <= FACTR*EPSMCH,-2.576208115531509,6.357420834823008,False,6.663195399916731,14,14
8,mirror,nearest,False,53,0.0037994817309119047,0.039483247877592643,0.03539284224470374,0.036809498094790186,35577,41095,CONVERGENCE: RELATIVE REDUCTION OF F <= FACTR*EPSMCH,0.19384554636399087,8.0,True,38.87751240003854,14,14
8,mirror,nearest,False,54,0.0042020021777378295,0.0485142466407236,0.04324332846188292,0.04384108095808104,6180,6790,CONVERGENCE: RELATIVE REDUCTION OF F <= FACTR*EPSMCH,-3.530502047227239,7.999262468166682,True,6.331898699980229,14,14
8,mirror,nearest,False,55,0.004154927195571994,0.0443908515446354,0.03939280680585095,0.04041157815406635,358,380,CONVERGENCE: RELATIVE REDUCTION OF F <= FACTR*EPSMCH,-3.027879372245097,0.06029354277203255,False,0.36384170001838356,14,14
8,mirror,nearest,False,56,0.003950606790627808,0.046483298466543525,0.041466016045074834,0.04243490139006003,5275,5806,CONVERGENCE: RELATIVE REDUCTION OF F <= FACTR*EPSMCH,-3.0659145915998747,6.951891926482533,False,5.318789299926721,14,14
8,mirror,nearest,False,57,0.004307584167529429,0.04963240510559809,0.04402762506124075,0.04457200673214637,1907,2159,CONVERGENCE: RELATIVE REDUCTION OF F <= FACTR*EPSMCH,-8.0,7.9938824798886445,True,2.0609025000594556,14,14
8,mirror,nearest,False,58,0.004154927195567002,0.04439084745796613,0.03939280756253607,0.04041158140706205,317,340,CONVERGENCE: RELATIVE REDUCTION OF F <= FACTR*EPSMCH,-3.0278797857770843,0.06028880206428449,False,0.3411371000111103,14,14
8,mirror,nearest,False,59,0.007406946019836799,0.07561413566908465,0.06886817438798742,0.07017718770365272,2229,2604,CONVERGENCE: RELATIVE REDUCTION OF F <= FACTR*EPSMCH,-7.982791754885337,7.998480489331251,True,2.4596679999958724,14,14
8,mirror,nearest,False,60,0.003799484992127269,0.039483080501441094,0.035393004695217466,0.03680966988320177,21377,24009,CONVERGENCE: RELATIVE REDUCTION OF F <= FACTR*EPSMCH,0.16430332643524795,8.0,True,22.221814499935135,14,14
8,mirror,nearest,False,61,0.004681389238514965,0.05388951070736828,0.049025120611752834,0.05078342907007321,12258,13681,CONVERGENCE: RELATIVE REDUCTION OF F <= FACTR*EPSMCH,1.1621302338069108,6.817131633772797,False,12.615559099940583,14,14
8,mirror,nearest,False,62,0.0037994989788207793,0.03948302812180475,0.035393240732974,0.03680984040613987,34194,39036,CONVERGENCE: RELATIVE REDUCTION OF F <= FACTR*EPSMCH,0.10471274838103013,7.946257117528509,True,41.26927320007235,14,14
8,mirror,nearest,False,63,0.004308576561792419,0.04964329851056155,0.044038908057090605,0.044583472379739766,1521,1853,CONVERGENCE: RELATIVE REDUCTION OF F <= FACTR*EPSMCH,-8.0,8.0,True,1.8910094000166282,14,14
8,mirror,nearest,False,64,0.004308944549262097,0.04964701335362467,0.04404571978504242,0.04459170685489899,3059,3576,CONVERGENCE: RELATIVE REDUCTION OF F <= FACTR*EPSMCH,-8.0,7.9999243758521565,True,3.2704771000426263,14,14
8,mirror,nearest,False,65,0.0037995017964236894,0.039484828133738506,0.03539216307551829,0.036809146453735696,11584,12628,CONVERGENCE: RELATIVE REDUCTION OF F <= FACTR*EPSMCH,0.36622655234652884,8.0,True,11.572420299984515,14,14
8,mirror,nearest,False,66,0.00641099492834445,0.06769261134105917,0.06297745394649541,0.06421989494289138,20455,23949,CONVERGENCE: RELATIVE REDUCTION OF F <= FACTR*EPSMCH,-1.0224294313379254,7.99989235959537,True,22.134421999915503,14,14
8,mirror,nearest,False,67,0.00611077511999813,0.06491018758002023,0.05863066778129488,0.059699482850776184,19145,22440,CONVERGENCE: RELATIVE REDUCTION OF F <= FACTR*EPSMCH,-2.674899501276849,7.852192624404808,False,26.110914299963042,14,14
8,mirror,nearest,False,68,0.0037994903126259147,0.039483924145636604,0.03539258333949012,0.0368094516279696,17211,19128,CONVERGENCE: RELATIVE REDUCTION OF F <= FACTR*EPSMCH,0.27543476815891926,8.0,True,17.582816099980846,14,14
8,mirror,nearest,False,69,0.005348689393992532,0.055535973589295365,0.0511857946453277,0.0524950737565334,17887,21160,CONVERGENCE: RELATIVE REDUCTION OF F <= FACTR*EPSMCH,2.018450612423756,8.0,True,19.664211899973452,14,14
8,mirror,nearest,False,70,0.004040846404622735,0.04733200598390611,0.04145746080044816,0.0423460804428028,8069,8856,CONVERGENCE: RELATIVE REDUCTION OF F <= FACTR*EPSMCH,-2.997103317664126,5.644093968900975,False,10.78019660001155,14,14
8,mirror,nearest,False,71,0.004170925434540369,0.044327381276820066,0.039553206028831195,0.040704077032530275,21156,23639,CONVERGENCE: RELATIVE REDUCTION OF F <= FACTR*EPSMCH,0.9811099555002765,7.960633791434645,True,25.70149730006233,14,14
8,mirror,nearest,False,72,0.004154927195701324,0.044390853896000046,0.039392812569133476,0.040411582332086804,319,343,CONVERGENCE: RELATIVE REDUCTION OF F <= FACTR*EPSMCH,-3.027890264794181,0.0602994357050935,False,0.3192000000271946,14,14
8,mirror,nearest,False,73,0.005478865180433447,0.06062114836495168,0.05793350387952664,0.05904995230812753,4583,5293,CONVERGENCE: RELATIVE REDUCTION OF F <= FACTR*EPSMCH,-7.596027424557585,7.510589550757326,False,5.201347999973223,14,14
8,mirror,nearest,False,74,0.004549113472666821,0.0523286808223728,0.047674365708134665,0.0492969528655939,39985,46253,CONVERGENCE: RELATIVE REDUCTION OF F <= FACTR*EPSMCH,0.6813621519163753,7.941575157355581,True,47.71669489995111,14,14
8,mirror,nearest,False,75,0.004154927195813131,0.044390860675516494,0.03939281171033026,0.04041158206425972,281,304,CONVERGENCE: RELATIVE REDUCTION OF F <= FACTR*EPSMCH,-3.0278852438752617,0.060295213117483176,False,0.3615664999233559,14,14
8,mirror,nearest,False,76,0.0038014480329381494,0.0394960922516268,0.03541201962479484,0.036821450941311396,4161,4787,CONVERGENCE: RELATIVE REDUCTION OF F <= FACTR*EPSMCH,-0.443715402476506,7.995264310708195,True,4.187625600025058,14,14
8,mirror,nearest,False,77,0.004313349940368638,0.04967493335145523,0.044047691404168685,0.044586255737777164,1690,1970,CONVERGENCE: RELATIVE REDUCTION OF F <= FACTR*EPSMCH,-8.0,8.0,True,1.9179353000363335,14,14
8,mirror,nearest,False,78,0.0040554943041075054,0.04711970433982172,0.041284930661669654,0.04195080923584384,5128,5748,CONVERGENCE: RELATIVE REDUCTION OF F <= FACTR*EPSMCH,-3.6097569122571067,7.667913013089945,False,5.970443299971521,14,14
8,mirror,nearest,False,79,0.004154927195624792,0.04439084915404092,0.03939280845759138,0.040411586090974325,435,466,CONVERGENCE: RELATIVE REDUCTION OF F <= FACTR*EPSMCH,-3.027874063342456,0.06027700629743828,False,0.4027458999771625,14,14
8,mirror,nearest,False,80,0.003936224530475619,0.04633374181921632,0.04134457888759854,0.04232132789641799,14165,15528,CONVERGENCE: RELATIVE REDUCTION OF F <= FACTR*EPSMCH,-1.2285451764986293,7.9999977817018495,True,16.198496700031683,14,14
8,mirror,nearest,False,81,0.0037997999377471243,0.03948457023675224,0.035396459455649315,0.036812657457631084,25104,28621,CONVERGENCE: RELATIVE REDUCTION OF F <= FACTR*EPSMCH,-0.40802230831908615,7.986984928724134,True,25.93643660005182,14,14
8,mirror,nearest,False,82,0.004309866987111815,0.04965512339227096,0.04404199388543678,0.04457978715231842,8182,9720,CONVERGENCE: RELATIVE REDUCTION OF F <= FACTR*EPSMCH,-8.0,7.897417569740396,True,8.854901999933645,14,14
8,mirror,nearest,False,83,0.0038190760114095723,0.03979254076622823,0.03555778762348495,0.036920703505101155,4764,5501,CONVERGENCE: RELATIVE REDUCTION OF F <= FACTR*EPSMCH,-2.5243013325122043,7.635926604354572,False,4.8820698000490665,14,14
8,mirror,nearest,False,84,0.004154927195613639,0.04439085263765317,0.03939281318553956,0.040411584055556705,444,486,CONVERGENCE: RELATIVE REDUCTION OF F <= FACTR*EPSMCH,-3.0278745126097726,0.06028489108233751,False,0.5298243999714032,14,14
8,mirror,nearest,False,85,0.004040858120755117,0.047330897888918366,0.04145918078927342,0.042349753296186524,13123,14396,CONVERGENCE: RELATIVE REDUCTION OF F <= FACTR*EPSMCH,-2.995633507141661,5.378167581297991,False,15.143214600044303,14,14
8,mirror,nearest,False,86,0.006407051393994785,0.06765925624755893,0.06307724275942414,0.06434669860405641,22125,24293,CONVERGENCE: RELATIVE REDUCTION OF F <= FACTR*EPSMCH,-2.7973693853346915,5.118870757829157,False,22.24984800000675,14,14
8,mirror,nearest,False,87,0.004019508203786281,0.04724439506866634,0.04150166913765475,0.04215698313658598,13461,14951,CONVERGENCE: RELATIVE REDUCTION OF F <= FACTR*EPSMCH,-3.6277951747968578,7.065284119036587,False,13.667547899996862,14,14
8,mirror,nearest,False,88,0.006180593016897775,0.06615278554626963,0.05969563077121099,0.06062453424434231,520,595,CONVERGENCE: RELATIVE REDUCTION OF F <= FACTR*EPSMCH,-2.7311395075651763,-0.02228124858112723,False,0.5643988000229001,14,14
8,mirror,nearest,False,89,0.0037994809859201633,0.03948351750214284,0.03539265477953202,0.03680937420161462,16695,18757,CONVERGENCE: RELATIVE REDUCTION OF F <= FACTR*EPSMCH,0.2420826334874689,7.999198807615302,True,18.196293200016953,14,14
8,mirror,nearest,False,90,0.003800405731102064,0.0394895982290485,0.03540180709556509,0.03681778882635163,11070,12550,CONVERGENCE: RELATIVE REDUCTION OF F <= FACTR*EPSMCH,-0.7909437559605849,7.999958331028989,True,11.601409900002182,14,14
8,mirror,nearest,False,91,0.003799488663452476,0.03948389752489105,0.03539258131735978,0.03680947389431227,18279,20109,CONVERGENCE: RELATIVE REDUCTION OF F <= FACTR*EPSMCH,0.28351902883815894,7.986914691736987,True,18.489472400047816,14,14
8,mirror,nearest,False,92,0.00432165023482169,0.04975054809571013,0.04373947592582359,0.044220663180205406,14657,17276,CONVERGENCE: RELATIVE REDUCTION OF F <= FACTR*EPSMCH,-8.0,8.0,True,16.76381529995706,14,14
8,mirror,nearest,False,93,0.009472866974965341,0.08823226054375068,0.08412822807295608,0.08568651527937038,6465,7687,CONVERGENCE: RELATIVE REDUCTION OF F <= FACTR*EPSMCH,-8.0,7.994671423671433,True,7.085371799999848,14,14
8,mirror,nearest,False,94,0.004259908695124168,0.04964320198710562,0.044114074931563316,0.04464822545886279,6469,7268,CONVERGENCE: RELATIVE REDUCTION OF F <= FACTR*EPSMCH,-8.0,7.999665646626276,True,6.78816180001013,14,14
8,mirror,nearest,False,95,0.008063048989887994,0.07820432217711223,0.0740649518364001,0.0753059765808217,788,930,CONVERGENCE: RELATIVE REDUCTION OF F <= FACTR*EPSMCH,-8.0,7.999999999940236,True,0.7799139000708237,14,14
8,mirror,nearest,False,96,0.003799522888760421,0.03948282801694679,0.035393660794572006,0.036810063325548585,20680,23415,CONVERGENCE: RELATIVE REDUCTION OF F <= FACTR*EPSMCH,0.01590445332174509,7.981275701911874,True,21.152342200046405,14,14
8,mirror,nearest,False,97,0.007632146636936206,0.07710699388395569,0.0713941276855012,0.07310250272871746,5606,6419,CONVERGENCE: RELATIVE REDUCTION OF F <= FACTR*EPSMCH,-8.0,6.163029849259308,True,5.683560199919157,14,14
8,mirror,nearest,False,98,0.004154927195655026,0.04439084830404816,0.03939280268641121,0.04041157686280086,384,422,CONVERGENCE: RELATIVE REDUCTION OF F <= FACTR*EPSMCH,-3.027885737873673,0.060293303998868605,False,0.3962675000075251,14,14
8,mirror,nearest,False,99,0.004309186498582871,0.04963442055124822,0.04402287573154244,0.044562262363279544,953,1128,CONVERGENCE: RELATIVE REDUCTION OF F <= FACTR*EPSMCH,-8.0,8.0,True,1.0634513000259176,14,14
8,mirror,nearest,False,100,0.004313505774961472,0.04965591454064188,0.04404022247849138,0.04457540327777803,2805,3336,CONVERGENCE: RELATIVE REDUCTION OF F <= FACTR*EPSMCH,-8.0,8.0,True,2.9935324999969453,14,14
8,mirror,nearest,False,101,0.0037994848517737727,0.03948311781798865,0.035392959286455555,0.036809597762346394,13910,15857,CONVERGENCE: RELATIVE REDUCTION OF F <= FACTR*EPSMCH,0.16774798956463893,7.9904731078736475,True,14.862311400007457,14,14
8,mirror,nearest,False,102,0.004154927195578043,0.0443908588527709,0.03939281084455897,0.04041158188243327,414,446,CONVERGENCE: RELATIVE REDUCTION OF F <= FACTR*EPSMCH,-3.0278826908977714,0.06029085110469577,False,0.4378046999918297,14,14
8,mirror,nearest,False,103,0.007633232670370221,0.07717516110471803,0.07153885052283906,0.07322465034376843,6387,7316,CONVERGENCE: RELATIVE REDUCTION OF F <= FACTR*EPSMCH,-4.992838036686161,6.776153519396067,False,6.251686200033873,14,14
8,mirror,nearest,False,104,0.00425933259674949,0.049640039595100445,0.04412488105729774,0.04466438330577589,13995,15926,CONVERGENCE: RELATIVE REDUCTION OF F <= FACTR*EPSMCH,-8.0,7.9988672323092285,True,14.881468400009908,14,14
8,mirror,nearest,False,105,0.004154927195650483,0.04439085493799646,0.039392806055402414,0.040411575603518476,286,311,CONVERGENCE: RELATIVE REDUCTION OF F <= FACTR*EPSMCH,-3.02789449303269,0.06030785288308695,False,0.27081070002168417,14,14
8,mirror,nearest,False,106,0.005343586773956313,0.05935502818063411,0.05651850778311731,0.057716138162582836,13059,15549,CONVERGENCE: RELATIVE REDUCTION OF F <= FACTR*EPSMCH,-2.6293501152779544,5.910633250064913,False,30.03746089991182,14,14
8,mirror,nearest,False,107,0.004154927195655155,0.04439087105568051,0.03939281805230913,0.04041158772777914,429,461,CONVERGENCE: RELATIVE REDUCTION OF F <= FACTR*EPSMCH,-3.0278856822336166,0.06028882034667199,False,1.545065899961628,14,14
8,mirror,nearest,False,108,0.003937679334223072,0.04635115867235431,0.04134955829221537,0.04231895160104202,24904,27855,CONVERGENCE: RELATIVE REDUCTION OF F <= FACTR*EPSMCH,-2.7397221902920683,6.979663649092829,False,28.218047500005923,14,14
8,mirror,nearest,False,109,0.004223739951198378,0.04498860251013364,0.040394823372666006,0.04151903404917231,23626,26867,CONVERGENCE: RELATIVE REDUCTION OF F <= FACTR*EPSMCH,1.2189256364168322,7.177966457290182,False,76.20299649995286,14,14
8,mirror,nearest,False,110,0.004223817782699024,0.044987374932478195,0.04039515259891092,0.041519992276083426,12322,14016,CONVERGENCE: RELATIVE REDUCTION OF F <= FACTR*EPSMCH,0.626980925804977,5.99410279008113,False,25.659625800093636,14,14
8,mirror,nearest,False,111,0.00534158775289522,0.05549901156878207,0.051227546638123574,0.05255685168892311,3217,3872,CONVERGENCE: RELATIVE REDUCTION OF F <= FACTR*EPSMCH,-1.7287233109690658,7.2694601647599875,False,4.8987323000328615,14,14
8,mirror,nearest,False,112,0.004154927196137387,0.044390845115101885,0.039392802369630275,0.040411576747179274,361,389,CONVERGENCE: RELATIVE REDUCTION OF F <= FACTR*EPSMCH,-3.0278661795001462,0.06028333574042961,False,0.36503979994449764,14,14
8,mirror,nearest,False,113,0.004170927278460777,0.04432717587439224,0.03955300438445835,0.040703596225239856,18379,20796,CONVERGENCE: RELATIVE REDUCTION OF F <= FACTR*EPSMCH,0.9907283217471937,7.980857472789707,True,40.494060099939816,14,14
8,mirror,nearest,False,114,0.007211644835612624,0.07172331852571746,0.06566961049783959,0.0674903312800377,2657,3070,CONVERGENCE: RELATIVE REDUCTION OF F <= FACTR*EPSMCH,-2.243014633039355,7.526598700280224,False,9.049231700017117,14,14
8,mirror,nearest,False,115,0.0041549271956622166,0.044390855092875506,0.03939281367553807,0.04041159170128489,444,483,CONVERGENCE: RELATIVE REDUCTION OF F <= FACTR*EPSMCH,-3.027871676521202,0.060269866594681795,False,1.3280324999941513,14,14
8,mirror,nearest,False,116,0.0050298753755177285,0.056052994459347576,0.0522980880393079,0.053584596845884014,7212,8025,CONVERGENCE: RELATIVE REDUCTION OF F <= FACTR*EPSMCH,-3.129222783217163,7.999880371727424,True,26.616182300029323,14,14
8,mirror,nearest,False,117,0.007952417385060272,0.07927847082710195,0.07346706886282171,0.07521280890651866,8273,9337,CONVERGENCE: RELATIVE REDUCTION OF F <= FACTR*EPSMCH,-2.5170267211864643,7.999998473366337,True,27.025185200036503,14,14
8,mirror,nearest,False,118,0.004154927195647673,0.044390850516937225,0.039392801027516994,0.040411575310042094,385,413,CONVERGENCE: RELATIVE REDUCTION OF F <= FACTR*EPSMCH,-3.0278874454012823,0.06029957663577925,False,1.2699018999701366,14,14
8,mirror,nearest,False,119,0.004309754512352023,0.049647518252512304,0.044032294288197854,0.044572275250594345,319,400,CONVERGENCE: RELATIVE REDUCTION OF F <= FACTR*EPSMCH,-8.0,8.0,True,0.7697473999578506,14,14
8,mirror,nearest,False,120,0.004040831923162133,0.04733211540194483,0.041457678267128865,0.04234571362882826,8465,9314,CONVERGENCE: RELATIVE REDUCTION OF F <= FACTR*EPSMCH,-2.997625206733306,6.0676227814530295,False,27.46770789998118,14,14
8,mirror,nearest,False,121,0.00543244479892528,0.060228339765794135,0.05765295095803703,0.05876077084021551,19012,21928,CONVERGENCE: RELATIVE REDUCTION OF F <= FACTR*EPSMCH,-4.329657107243655,7.417139630695951,False,47.81274239998311,14,14
8,mirror,nearest,False,122,0.00415492719563664,0.04439084532298177,0.039392795574965334,0.04041156998458971,426,465,CONVERGENCE: RELATIVE REDUCTION OF F <= FACTR*EPSMCH,-3.027884145468219,0.06029970839375902,False,0.7216836999868974,14,14
8,mirror,nearest,False,123,0.004154927195575667,0.04439084576868394,0.03939280814173858,0.040411586298147055,393,421,CONVERGENCE: RELATIVE REDUCTION OF F <= FACTR*EPSMCH,-3.0278721897754903,0.06027820483438643,False,0.6208769000368193,14,14
8,mirror,nearest,False,124,0.0071866757574351944,0.07430613746594113,0.06821340783371077,0.06960990914145708,32362,38233,CONVERGENCE: RELATIVE REDUCTION OF F <= FACTR*EPSMCH,-5.540828136775085,5.227929969108832,False,74.4184615999693,14,14
8,mirror,nearest,False,125,0.004154927195667491,0.04439085527749725,0.03939281314410295,0.040411583004304065,355,383,CONVERGENCE: RELATIVE REDUCTION OF F <= FACTR*EPSMCH,-3.0278836245269756,0.06029065426362259,False,0.5541480999672785,14,14
8,mirror,nearest,False,126,0.004154927195768111,0.04439084646427458,0.03939281998618021,0.04041159565703006,384,425,CONVERGENCE: RELATIVE REDUCTION OF F <= FACTR*EPSMCH,-3.027866483856334,0.06026603559466075,False,0.6031677999999374,14,14
8,mirror,nearest,False,127,0.0043122662101113644,0.04967675259937527,0.044067024890490136,0.044608614663474204,1853,2176,CONVERGENCE: RELATIVE REDUCTION OF F <= FACTR*EPSMCH,-8.0,8.0,True,3.006548599922098,14,14
8,mirror,nearest,False,128,0.004545004984022988,0.052287964490612154,0.04764281551972522,0.04926175901061598,12082,13974,CONVERGENCE: RELATIVE REDUCTION OF F <= FACTR*EPSMCH,-1.0724252099743883,5.405736187183171,False,28.351458700024523,14,14
8,mirror,nearest,False,129,0.007265393281247115,0.07378086841499713,0.06850801937071557,0.06976602114910938,31344,35126,CONVERGENCE: RELATIVE REDUCTION OF F <= FACTR*EPSMCH,-3.0237432032695484,7.963564385933997,True,50.22731760004535,14,14
8,mirror,nearest,False,130,0.0039383387509643,0.04635491123910061,0.041362978848844885,0.042338734538631566,7908,8776,CONVERGENCE: RELATIVE REDUCTION OF F <= FACTR*EPSMCH,-3.010633719875689,7.999989682912122,True,10.562766000046395,14,14
8,mirror,nearest,False,131,0.0061805930168703175,0.06615278589468994,0.05969561468607116,0.06062451277824246,228,269,CONVERGENCE: RELATIVE REDUCTION OF F <= FACTR*EPSMCH,-2.891261621046045,-0.34250785063597616,False,0.32031729992013425,14,14
8,mirror,nearest,False,132,0.004154927195599744,0.04439085790081279,0.03939281588089916,0.04041158828181602,338,361,CONVERGENCE: RELATIVE REDUCTION OF F <= FACTR*EPSMCH,-3.0278754299191464,0.06029376250912451,False,0.6874456000514328,14,14
8,mirror,nearest,False,133,0.004154927195707944,0.044390859199499706,0.039392809388688985,0.04041158180069887,522,568,CONVERGENCE: RELATIVE REDUCTION OF F <= FACTR*EPSMCH,-3.027876835848229,0.06028822251263977,False,0.9152124000247568,14,14
8,mirror,nearest,False,134,0.004154927195611195,0.04439086046994397,0.039392814512441,0.04041158791998094,519,580,CONVERGENCE: RELATIVE REDUCTION OF F <= FACTR*EPSMCH,-3.0278778132569766,0.060278738460008884,False,0.8715457000071183,14,14
8,mirror,nearest,False,135,0.00415492719559115,0.04439084965800943,0.03939280785502652,0.04041158007461842,331,355,CONVERGENCE: RELATIVE REDUCTION OF F <= FACTR*EPSMCH,-3.027879549980997,0.060288242831160535,False,0.48403330007568,14,14
8,mirror,nearest,False,136,0.004055218144309092,0.04712060703984534,0.04127075733854672,0.04193791171667356,4468,4998,CONVERGENCE: RELATIVE REDUCTION OF F <= FACTR*EPSMCH,-3.599679672062672,8.0,True,5.600251600029878,14,14
8,mirror,nearest,False,137,0.004154927195634301,0.044390849083064336,0.039392798391661765,0.04041157222099781,358,390,CONVERGENCE: RELATIVE REDUCTION OF F <= FACTR*EPSMCH,-3.0278826798316563,0.06029538426552916,False,0.4611149000702426,14,14
8,mirror,nearest,False,138,0.004308190573414118,0.049624612692183274,0.044013759443158426,0.044556382750627836,9542,11142,CONVERGENCE: RELATIVE REDUCTION OF F <= FACTR*EPSMCH,-8.0,7.9948667277400265,True,14.206463599926792,14,14
8,mirror,nearest,False,139,0.00415492719572299,0.04439085460688046,0.03939279733375567,0.040411566777405226,340,373,CONVERGENCE: RELATIVE REDUCTION OF F <= FACTR*EPSMCH,-3.027894081765133,0.06031387516363946,False,0.44903130002785474,14,14
8,mirror,nearest,False,140,0.007211286881886771,0.07172276197720197,0.06565632501343353,0.06745695132300891,6002,6647,CONVERGENCE: RELATIVE REDUCTION OF F <= FACTR*EPSMCH,-1.669655147507059,8.0,True,8.693708600010723,14,14
8,mirror,nearest,False,141,0.004265177442368568,0.04969451572352862,0.04416807424224382,0.04470324841695458,9706,11019,CONVERGENCE: RELATIVE REDUCTION OF F <= FACTR*EPSMCH,-8.0,7.999996194730138,True,12.217553099966608,14,14
8,mirror,nearest,False,142,0.0037996398730395287,0.03948333280177307,0.0353949919614884,0.03681133838859935,14440,16339,CONVERGENCE: RELATIVE REDUCTION OF F <= FACTR*EPSMCH,-0.2248486596252009,7.995536369328076,True,18.79028279997874,14,14
8,mirror,nearest,False,143,0.004154927195605453,0.044390855580936035,0.03939280778335439,0.04041158416824019,453,484,CONVERGENCE: RELATIVE REDUCTION OF F <= FACTR*EPSMCH,-3.0278737510006577,0.06027567631841462,False,0.511830999981612,14,14
8,mirror,nearest,False,144,0.004154927195694517,0.04439084230112042,0.039392804356294144,0.04041158124308176,473,512,CONVERGENCE: RELATIVE REDUCTION OF F <= FACTR*EPSMCH,-3.027873733315759,0.06028636833848722,False,0.6490150999743491,14,14
8,mirror,nearest,False,145,0.006180593016945346,0.06615278530974336,0.05969560582683357,0.060624499680606465,525,601,CONVERGENCE: RELATIVE REDUCTION OF F <= FACTR*EPSMCH,-2.532608619640439,0.5097497108590797,False,0.6880456999642774,14,14
8,mirror,nearest,False,146,0.004154927195656258,0.044390857095026715,0.03939280301966355,0.040411573750030766,396,424,CONVERGENCE: RELATIVE REDUCTION OF F <= FACTR*EPSMCH,-3.0278890484317316,0.06030206980933561,False,0.47926719998940825,14,14
8,mirror,nearest,False,147,0.004154927195993245,0.04439084424269931,0.03939279760513316,0.04041157100622486,325,350,CONVERGENCE: RELATIVE REDUCTION OF F <= FACTR*EPSMCH,-3.027881213492062,0.06029274145554314,False,0.4067664999747649,14,14
8,mirror,nearest,False,148,0.0037994811040855253,0.03948333452516526,0.035392773205699245,0.03680956061960334,43291,49177,CONVERGENCE: RELATIVE REDUCTION OF F <= FACTR*EPSMCH,0.21732358557710757,8.0,True,63.037933800020255,14,14
8,mirror,nearest,False,149,0.005348551937413801,0.055535807037837726,0.051182137840029306,0.052492061589254055,10541,12561,CONVERGENCE: RELATIVE REDUCTION OF F <= FACTR*EPSMCH,0.257660596662609,7.999999295341951,True,18.7605532000307,14,14
8,mirror,nearest,False,150,0.007211989269926233,0.07172786778519291,0.06565843394654176,0.06745495250267051,11401,13022,CONVERGENCE: RELATIVE REDUCTION OF F <= FACTR*EPSMCH,-0.46486326712420944,8.0,True,15.31679020007141,14,14
8,mirror,nearest,False,151,0.0037994951845797156,0.0394844840870212,0.035392301695962546,0.03680920142181323,17114,19092,CONVERGENCE: RELATIVE REDUCTION OF F <= FACTR*EPSMCH,0.33946220658169124,8.0,True,24.14759489998687,14,14
8,mirror,nearest,False,152,0.00415492719563724,0.044390859752066594,0.039392814013568096,0.040411586381239886,360,392,CONVERGENCE: RELATIVE REDUCTION OF F <= FACTR*EPSMCH,-3.0278781438334326,0.060281839611972914,False,0.42913709999993443,14,14
8,mirror,nearest,False,153,0.0071878072194230275,0.07423887902892759,0.06814521888277272,0.06954117872412079,12919,14926,CONVERGENCE: RELATIVE REDUCTION OF F <= FACTR*EPSMCH,-6.203346920134599,4.063255342997122,False,16.798711699899286,14,14
8,mirror,nearest,False,154,0.004223892046124372,0.04500085873194954,0.04040088987576061,0.041526180969461514,8934,10147,CONVERGENCE: RELATIVE REDUCTION OF F <= FACTR*EPSMCH,1.6267045365819093,7.989827174338849,True,11.606438199989498,14,14
8,mirror,nearest,False,155,0.0037994909228831883,0.03948304423378544,0.03539310148826628,0.03680971568679855,26716,30159,CONVERGENCE: RELATIVE REDUCTION OF F <= FACTR*EPSMCH,0.13952584876094445,7.9975612672465495,True,45.62062119995244,14,14
8,mirror,nearest,False,156,0.003799484112995068,0.03948366355805634,0.03539261003826429,0.03680939939457501,19821,22788,CONVERGENCE: RELATIVE REDUCTION OF F <= FACTR*EPSMCH,0.25048055624251525,7.994073004633323,True,27.181263399892487,14,14
8,mirror,nearest,False,157,0.005331098085218993,0.05943494454748769,0.05647205839674061,0.05771170520779646,14125,15785,CONVERGENCE: RELATIVE REDUCTION OF F <= FACTR*EPSMCH,-4.153389036279949,7.999999904917555,True,28.152732699993066,14,14
8,mirror,nearest,False,158,0.0037994840768778254,0.039483167475481556,0.03539294370750309,0.036809610469187216,19185,21555,CONVERGENCE: RELATIVE REDUCTION OF F <= FACTR*EPSMCH,0.18775731708808457,8.0,True,26.96735469996929,14,14
8,mirror,nearest,False,159,0.00379987176994862,0.039485191725464844,0.035397096774552814,0.03681340911350038,12971,14849,CONVERGENCE: RELATIVE REDUCTION OF F <= FACTR*EPSMCH,-0.469350812431427,7.852652910892029,False,17.606867900001816,14,14
8,mirror,nearest,False,160,0.00406359821512634,0.0470707532292361,0.04111947557921669,0.04205092128879743,11110,12720,CONVERGENCE: RELATIVE REDUCTION OF F <= FACTR*EPSMCH,-2.9798344257725784,7.280193464794346,False,16.14207029994577,14,14
8,mirror,nearest,False,161,0.0043089938596361545,0.04964494062083794,0.044030503820226045,0.04457138710656501,2453,2845,CONVERGENCE: RELATIVE REDUCTION OF F <= FACTR*EPSMCH,-8.0,8.0,True,3.2349320999346673,14,14
8,mirror,nearest,False,162,0.00422395744130135,0.044990651303284036,0.04039651215075242,0.04152119990161226,15183,17117,CONVERGENCE: RELATIVE REDUCTION OF F <= FACTR*EPSMCH,0.26578737853504936,5.2725745663292685,False,29.85026080009993,14,14
8,mirror,nearest,False,163,0.0041549271956035,0.04439085329954697,0.03939281195639018,0.04041158731118217,284,308,CONVERGENCE: RELATIVE REDUCTION OF F <= FACTR*EPSMCH,-3.0278765018996427,0.06027715101046304,False,0.37824540003202856,14,14
8,mirror,nearest,False,164,0.004312271885218266,0.04967415893095961,0.0440926695510832,0.04463750777726004,3671,4299,CONVERGENCE: RELATIVE REDUCTION OF F <= FACTR*EPSMCH,-8.0,8.0,True,5.597327600000426,14,14
8,mirror,nearest,False,165,0.004154927195657489,0.04439085537687175,0.03939281841927622,0.040411595359552424,409,442,CONVERGENCE: RELATIVE REDUCTION OF F <= FACTR*EPSMCH,-3.0278682396965846,0.06026833700375302,False,0.4778244999470189,14,14
8,mirror,nearest,False,166,0.004019668321926064,0.04724388817488008,0.04150025275163941,0.04215551214822094,11317,12490,CONVERGENCE: RELATIVE REDUCTION OF F <= FACTR*EPSMCH,-3.625997787493702,5.148179261692437,False,15.006400700076483,14,14
8,mirror,nearest,False,167,0.004154927195570451,0.04439085893828436,0.03939281254079409,0.04041158280183311,450,479,CONVERGENCE: RELATIVE REDUCTION OF F <= FACTR*EPSMCH,-3.0278843407901666,0.060291023261315295,False,0.6702877000207081,14,14
8,mirror,nearest,False,168,0.004253346851730733,0.04720872767369223,0.04246649467787623,0.043877521115984024,17987,20274,CONVERGENCE: RELATIVE REDUCTION OF F <= FACTR*EPSMCH,-0.0907573151427704,8.0,True,25.050338999950327,14,14
8,mirror,nearest,False,169,0.006407084802835786,0.0676594058310733,0.0630767701793629,0.06434606599331806,8582,9471,CONVERGENCE: RELATIVE REDUCTION OF F <= FACTR*EPSMCH,-2.7939343296023673,4.645139888938681,False,11.701227399986237,14,14
8,mirror,nearest,False,170,0.004154927196023066,0.04439083958988059,0.03939281937410833,0.040411591125295375,402,429,CONVERGENCE: RELATIVE REDUCTION OF F <= FACTR*EPSMCH,-3.027868539206967,0.06028069282282998,False,0.5206372999818996,14,14
8,mirror,nearest,False,171,0.004019536870663504,0.047243972986149255,0.04149993134456461,0.04215472143240698,11755,12975,CONVERGENCE: RELATIVE REDUCTION OF F <= FACTR*EPSMCH,-3.6280336821044328,5.985830672637362,False,13.976232299930416,14,14
8,mirror,nearest,False,172,0.0037994862003651922,0.03948391367016363,0.03539248951566202,0.03680932837370674,44637,51879,CONVERGENCE: RELATIVE REDUCTION OF F <= FACTR*EPSMCH,0.2842605330008754,8.0,True,59.39331160008442,14,14
8,mirror,nearest,False,173,0.0041549271955719615,0.04439085634743002,0.039392812000258896,0.040411583338752353,414,447,CONVERGENCE: RELATIVE REDUCTION OF F <= FACTR*EPSMCH,-3.0278796645371293,0.060286297669717166,False,0.48895529995206743,14,14
8,mirror,nearest,False,174,0.004154927195682277,0.044390856789249714,0.039392796515565015,0.040411562919156534,343,369,CONVERGENCE: RELATIVE REDUCTION OF F <= FACTR*EPSMCH,-3.027891271872683,0.06031157262751457,False,0.42008299997542053,14,14
8,mirror,nearest,False,175,0.004002833835245147,0.046533474224006374,0.04140832342021708,0.042338906767462804,2549,2844,CONVERGENCE: RELATIVE REDUCTION OF F <= FACTR*EPSMCH,-3.356507992492888,8.0,True,3.1450206000590697,14,14
8,mirror,nearest,False,176,0.004154927195606422,0.04439084595191699,0.03939280272456065,0.040411576527269163,392,424,CONVERGENCE: RELATIVE REDUCTION OF F <= FACTR*EPSMCH,-3.0278770290379255,0.06029186094470798,False,0.4679504999658093,14,14
8,mirror,nearest,False,177,0.004308793030784042,0.04964344835357521,0.04404304187168682,0.04458734481270044,4282,4960,CONVERGENCE: RELATIVE REDUCTION OF F <= FACTR*EPSMCH,-8.0,8.0,True,5.201797100016847,14,14
8,mirror,nearest,False,178,0.004264504309316667,0.049690709923365266,0.044162960133652666,0.0446986584764724,6169,6969,CONVERGENCE: RELATIVE REDUCTION OF F <= FACTR*EPSMCH,-8.0,6.563236446217906,True,7.63537259993609,14,14
8,mirror,nearest,False,179,0.00618059301693594,0.0661527855973594,0.05969559160055096,0.060624481412310666,448,519,CONVERGENCE: RELATIVE REDUCTION OF F <= FACTR*EPSMCH,-2.85777430904419,-0.27551410064909354,False,0.5834889999823645,14,14
8,mirror,nearest,False,180,0.003799515146665904,0.039482800184145815,0.03539363159070367,0.036810172635204044,19232,21199,CONVERGENCE: RELATIVE REDUCTION OF F <= FACTR*EPSMCH,0.03235249633362537,8.0,True,23.422240199986845,14,14
8,mirror,nearest,False,181,0.004040861573747731,0.04733100666878231,0.04145738280241744,0.04234657843106795,11031,12073,CONVERGENCE: RELATIVE REDUCTION OF F <= FACTR*EPSMCH,-2.9968033547968784,5.319712803601058,False,13.321273399982601,14,14
8,mirror,nearest,False,182,0.004154927195685817,0.04439085740256617,0.03939281364722792,0.04041158849870875,314,336,CONVERGENCE: RELATIVE REDUCTION OF F <= FACTR*EPSMCH,-3.027877354418056,0.06027723383489408,False,0.33806970005389303,14,14
8,mirror,nearest,False,183,0.00430950792680327,0.049646168076739765,0.04404502702662037,0.044590592366129035,10147,11950,CONVERGENCE: RELATIVE REDUCTION OF F <= FACTR*EPSMCH,-8.0,7.99999801294525,True,12.95433380000759,14,14
8,mirror,nearest,False,184,0.0037995019362391707,0.03948399644657957,0.035392354008023964,0.03680920586195624,15167,16875,CONVERGENCE: RELATIVE REDUCTION OF F <= FACTR*EPSMCH,0.2677000509871194,7.999997576372803,True,18.82306909991894,14,14
8,mirror,nearest,False,185,0.003799501636608255,0.03948471750861534,0.035392212868984876,0.03680910891024762,10519,11615,CONVERGENCE: RELATIVE REDUCTION OF F <= FACTR*EPSMCH,0.35943664019994154,8.0,True,12.919814100023359,14,14
8,mirror,nearest,False,186,0.004309733772751448,0.049635370187062974,0.04402253901013396,0.04456519286600007,2114,2531,CONVERGENCE: RELATIVE REDUCTION OF F <= FACTR*EPSMCH,-8.0,8.0,True,2.7499350999714807,14,14
8,mirror,nearest,False,187,0.004154927195703583,0.04439085082235722,0.03939281223332038,0.04041158975951461,409,443,CONVERGENCE: RELATIVE REDUCTION OF F <= FACTR*EPSMCH,-3.0278661504191025,0.06026226811300869,False,0.4797687999671325,14,14
8,mirror,nearest,False,188,0.003799492956574348,0.03948430683292904,0.035392326902945144,0.03680927224086475,20507,23054,CONVERGENCE: RELATIVE REDUCTION OF F <= FACTR*EPSMCH,0.328775452412051,8.0,True,25.481234699953347,14,14
8,mirror,nearest,False,189,0.00618059301687021,0.06615278578532187,0.0596956125043285,0.060624509937744334,255,294,CONVERGENCE: RELATIVE REDUCTION OF F <= FACTR*EPSMCH,-2.8969238032060876,-0.3538308184068883,False,0.32888739998452365,14,14
8,mirror,nearest,False,190,0.005329756474368747,0.05943321486694475,0.05641745047212506,0.05766821822586387,10308,11585,CONVERGENCE: RELATIVE REDUCTION OF F <= FACTR*EPSMCH,-4.006779155517185,7.998960769336368,True,12.688019399996847,14,14
8,mirror,nearest,False,191,0.006180593017055164,0.06615278558829056,0.05969560546573435,0.060624498510857,434,511,CONVERGENCE: RELATIVE REDUCTION OF F <= FACTR*EPSMCH,-2.6949302744686947,0.0970538600963931,False,0.5488167000003159,14,14
8,mirror,nearest,False,192,0.005364694526045279,0.05962467210901504,0.05694368458724927,0.058083159885220795,6353,7697,CONVERGENCE: RELATIVE REDUCTION OF F <= FACTR*EPSMCH,-3.437363004964921,7.005128627628444,False,8.491787899984047,14,14
8,mirror,nearest,False,193,0.003799489181919784,0.03948415432073536,0.03539247305118067,0.03680921159364069,27243,29762,CONVERGENCE: RELATIVE REDUCTION OF F <= FACTR*EPSMCH,0.3111038489406945,8.0,True,36.10288319992833,14,14
8,mirror,nearest,False,194,0.0037995429822520153,0.039482596052919476,0.03539254483299548,0.03680970727676,8191,9317,CONVERGENCE: RELATIVE REDUCTION OF F <= FACTR*EPSMCH,-0.04704318860040582,7.999977530884091,True,11.247811099980026,14,14
8,mirror,nearest,False,195,0.004019541822185006,0.047244444050065934,0.04150945439079861,0.042164509622577936,24576,27027,CONVERGENCE: RELATIVE REDUCTION OF F <= FACTR*EPSMCH,-3.630506820229214,6.167609967833407,False,30.41674619994592,14,14
8,mirror,nearest,False,196,0.004309210169843898,0.04963552217485065,0.04402399069538946,0.04456288554706936,1512,1685,CONVERGENCE: RELATIVE REDUCTION OF F <= FACTR*EPSMCH,-8.0,7.99999913886824,True,1.8777472999645397,14,14
8,mirror,nearest,False,197,0.004309708407411274,0.04964273732937456,0.04403240038181079,0.0445747217424255,909,1063,CONVERGENCE: RELATIVE REDUCTION OF F <= FACTR*EPSMCH,-8.0,8.0,True,1.195475700078532,14,14
8,mirror,nearest,False,198,0.003799488090751847,0.03948407593572638,0.03539240754655859,0.03680918037117427,16893,18550,CONVERGENCE: RELATIVE REDUCTION OF F <= FACTR*EPSMCH,0.30943134854627774,8.0,True,19.948498800047673,14,14
8,mirror,nearest,False,199,0.005329910737654936,0.05943064769186773,0.056444809273936046,0.057688795302162366,14754,16340,CONVERGENCE: RELATIVE REDUCTION OF F <= FACTR*EPSMCH,-4.082827538244931,6.527222509418405,False,23.19236019998789,14,14
8,mirror,mirror,True,0,0.003441653484725196,0.04054982385129476,0.03729635266282526,0.03833124633218462,234,280,CONVERGENCE: RELATIVE REDUCTION OF F <= FACTR*EPSMCH,-3.4975809916572596,-0.6742004368454332,False,0.32048139988910407,14,14
8,mirror,mirror,True,1,0.0036653853143137124,0.04328347415256282,0.039831492031878406,0.040713006336268884,546,639,CONVERGENCE: RELATIVE REDUCTION OF F <= FACTR*EPSMCH,-8.0,-0.0915248341333306,True,0.7657748000929132,14,14
8,mirror,mirror,True,2,0.0034416534847315945,0.040549822849824835,0.03729636406164751,0.038331260027763214,260,309,CONVERGENCE: RELATIVE REDUCTION OF F <= FACTR*EPSMCH,-3.497580586169484,-0.6741936613795408,False,0.3269543999340385,14,14
8,mirror,mirror,True,3,0.003441653484726351,0.04054982438349133,0.037296345408928504,0.03833123713375375,179,204,CONVERGENCE: RELATIVE REDUCTION OF F <= FACTR*EPSMCH,-3.4975879970043677,-0.6741952335898889,False,0.2466934999683872,14,14
8,mirror,mirror,True,4,0.0035881090917566933,0.03768043089902551,0.0347374355263427,0.03583782199733823,92,101,CONVERGENCE: RELATIVE REDUCTION OF F <= FACTR*EPSMCH,-3.203340226497658,-0.6364066328892437,False,0.11215309996623546,14,14
8,mirror,mirror,True,5,0.003588109091752656,0.0376804276121204,0.03473743277542841,0.03583781891892073,84,92,CONVERGENCE: RELATIVE REDUCTION OF F <= FACTR*EPSMCH,-3.203338970775641,-0.63640589368608,False,0.10266610002145171,14,14
8,mirror,mirror,True,6,0.0035881090917575602,0.03768042139702142,0.034737428287562946,0.0358378139721565,88,97,CONVERGENCE: RELATIVE REDUCTION OF F <= FACTR*EPSMCH,-3.2033350180300273,-0.6364073863697886,False,0.11061460000928491,14,14
8,mirror,mirror,True,7,0.0036653853143245657,0.04328347379012582,0.03983149265155768,0.04071300783429164,1240,1461,CONVERGENCE: RELATIVE REDUCTION OF F <= FACTR*EPSMCH,-8.0,-0.09177618297907908,True,1.6220285999588668,14,14
8,mirror,mirror,True,8,0.014708317865974468,0.11337474693415824,0.10463376495936261,0.10535439527697714,4168,5103,CONVERGENCE: RELATIVE REDUCTION OF F <= FACTR*EPSMCH,-8.0,7.999991667745683,True,5.675673800054938,14,14
8,mirror,mirror,True,9,0.0036653853143139474,0.043283473852571766,0.03983150074251511,0.04071301577276084,609,720,CONVERGENCE: RELATIVE REDUCTION OF F <= FACTR*EPSMCH,-8.0,-0.09160031883128794,True,0.7510632999474183,14,14
8,mirror,mirror,True,10,0.004531878085606354,0.047633260243598124,0.04314144222772685,0.044731419066753486,2421,2810,CONVERGENCE: RELATIVE REDUCTION OF F <= FACTR*EPSMCH,-2.2468447588186837,4.648640182080105,False,2.8946934998966753,14,14
8,mirror,mirror,True,11,0.003441653484898135,0.04054982418353526,0.03729634383435121,0.03833123816675685,371,441,CONVERGENCE: RELATIVE REDUCTION OF F <= FACTR*EPSMCH,-3.49760772125316,-0.674187218442129,False,0.4610601000022143,14,14
8,mirror,mirror,True,12,0.0034416534847690177,0.0405498256513071,0.03729635518658087,0.038331248224649776,189,216,CONVERGENCE: RELATIVE REDUCTION OF F <= FACTR*EPSMCH,-3.4975684669943683,-0.6741989562632085,False,0.22883119992911816,14,14
8,mirror,mirror,True,13,0.0036653853143403152,0.04328347571163545,0.039831476704607426,0.040712986535464256,479,566,CONVERGENCE: RELATIVE REDUCTION OF F <= FACTR*EPSMCH,-8.0,-0.09140166715704938,True,0.6085785999894142,14,14
8,mirror,mirror,True,14,0.00358810909175207,0.037680426708642405,0.03473743307484285,0.03583781940095657,94,106,CONVERGENCE: RELATIVE REDUCTION OF F <= FACTR*EPSMCH,-3.203338451052145,-0.6364055807919441,False,0.10377249994780868,14,14
8,mirror,mirror,True,15,0.003588109091761653,0.037680433308402234,0.03473744035444087,0.03583782536889085,87,94,CONVERGENCE: RELATIVE REDUCTION OF F <= FACTR*EPSMCH,-3.203341751329265,-0.6364083946529518,False,0.09894779999740422,14,14
8,mirror,mirror,True,16,0.0034416534847387234,0.04054982417840115,0.037296358995493384,0.03833125378025313,273,327,CONVERGENCE: RELATIVE REDUCTION OF F <= FACTR*EPSMCH,-3.4975874048715676,-0.6741942422440818,False,0.3610886000096798,14,14
8,mirror,mirror,True,17,0.0035881090917531198,0.03768042307462556,0.03473743091497642,0.03583781673447331,86,95,CONVERGENCE: RELATIVE REDUCTION OF F <= FACTR*EPSMCH,-3.203336805362505,-0.6364053872429178,False,0.12963870004750788,14,14
8,mirror,mirror,True,18,0.003441653484738138,0.04054982348011869,0.037296353720378664,0.03833124961776332,238,278,CONVERGENCE: RELATIVE REDUCTION OF F <= FACTR*EPSMCH,-3.4975924543782786,-0.6741910351056655,False,0.3460283000022173,14,14
8,mirror,mirror,True,19,0.0034416534847207213,0.04054982499665633,0.03729636268975136,0.03833125888780559,247,290,CONVERGENCE: RELATIVE REDUCTION OF F <= FACTR*EPSMCH,-3.497586173346146,-0.6741958159582566,False,0.3198350000893697,14,14
8,mirror,mirror,True,20,0.0035881090917572467,0.037680421804476436,0.03473743094634375,0.035837816250855255,87,92,CONVERGENCE: RELATIVE REDUCTION OF F <= FACTR*EPSMCH,-3.2033388559134264,-0.6364041629297252,False,0.0956311000045389,14,14
8,mirror,mirror,True,21,0.003441653484724805,0.04054982520952509,0.03729635375008389,0.038331246638014745,211,250,CONVERGENCE: RELATIVE REDUCTION OF F <= FACTR*EPSMCH,-3.4975904332477215,-0.6741932424047978,False,0.29916599998250604,14,14
8,mirror,mirror,True,22,0.0035881090917522784,0.03768042748378423,0.034737432898345286,0.03583781932188484,116,126,CONVERGENCE: RELATIVE REDUCTION OF F <= FACTR*EPSMCH,-3.203338526343441,-0.6364051926951003,False,0.146610299940221,14,14
8,mirror,mirror,True,23,0.0045318780785534455,0.047633653941359204,0.04314184581829218,0.0447323597731517,2450,2764,CONVERGENCE: RELATIVE REDUCTION OF F <= FACTR*EPSMCH,-2.2466285562083343,4.710761926578002,False,2.9974075000500306,14,14
8,mirror,mirror,True,24,0.0034416534847229135,0.04054982235231622,0.03729634734449254,0.038331240403419065,202,229,CONVERGENCE: RELATIVE REDUCTION OF F <= FACTR*EPSMCH,-3.497573602589473,-0.6741974789721062,False,0.21224910009186715,14,14
8,mirror,mirror,True,25,0.0045318782734451125,0.04763321419743177,0.04314128515431636,0.044731202012872846,1903,2231,CONVERGENCE: RELATIVE REDUCTION OF F <= FACTR*EPSMCH,-2.2468953237912994,4.625338408340355,False,2.3627046999754384,14,14
8,mirror,mirror,True,26,0.0035881090917520495,0.03768042564413306,0.03473743288436378,0.0358378187610605,92,102,CONVERGENCE: RELATIVE REDUCTION OF F <= FACTR*EPSMCH,-3.203337712214356,-0.636405942488877,False,0.09472239995375276,14,14
8,mirror,mirror,True,27,0.0034416534847312875,0.04054982640198647,0.03729635492184776,0.03833124771352792,250,297,CONVERGENCE: RELATIVE REDUCTION OF F <= FACTR*EPSMCH,-3.4975833566288443,-0.6741989684466902,False,0.2792390000540763,14,14
8,mirror,mirror,True,28,0.0035881090917525274,0.037680426513728014,0.03473743272022001,0.035837818820605105,99,110,CONVERGENCE: RELATIVE REDUCTION OF F <= FACTR*EPSMCH,-3.2033391118140604,-0.6364046692738844,False,0.11313799989875406,14,14
8,mirror,mirror,True,29,0.0034416534847616313,0.04054982167771434,0.03729635654404836,0.03833125113659527,207,249,CONVERGENCE: RELATIVE REDUCTION OF F <= FACTR*EPSMCH,-3.4975662522167053,-0.674199958617726,False,0.2932420000433922,14,14
8,mirror,mirror,True,30,0.003441653484715768,0.040549823985602355,0.03729635559484262,0.038331250146515325,228,278,CONVERGENCE: RELATIVE REDUCTION OF F <= FACTR*EPSMCH,-3.4975821114249346,-0.6741940574906146,False,0.29330579994712025,14,14
8,mirror,mirror,True,31,0.0034416534847226724,0.040549823203605465,0.03729635104307196,0.03833124379450251,203,244,CONVERGENCE: RELATIVE REDUCTION OF F <= FACTR*EPSMCH,-3.4975862178027883,-0.674195020996721,False,0.25355160003528,14,14
8,mirror,mirror,True,32,0.0035881090917531102,0.03768042849991355,0.034737434542734716,0.0358378209054964,97,114,CONVERGENCE: RELATIVE REDUCTION OF F <= FACTR*EPSMCH,-3.2033374493074147,-0.6364069221101698,False,0.12494989996775985,14,14
8,mirror,mirror,True,33,0.0035881090917537503,0.03768042563328085,0.03473743422111609,0.035837820262631964,107,118,CONVERGENCE: RELATIVE REDUCTION OF F <= FACTR*EPSMCH,-3.2033389889037123,-0.6364064833515282,False,0.11601359990891069,14,14
8,mirror,mirror,True,34,0.0034416534847078795,0.04054982473815843,0.03729635173718389,0.03833124510934451,189,223,CONVERGENCE: RELATIVE REDUCTION OF F <= FACTR*EPSMCH,-3.497581847485953,-0.6741962575583658,False,0.23881480004638433,14,14
8,mirror,mirror,True,35,0.0036653853143076,0.043283474340835536,0.03983149087542272,0.04071300398032695,509,593,CONVERGENCE: RELATIVE REDUCTION OF F <= FACTR*EPSMCH,-8.0,-0.09162467550826345,True,0.5992171999532729,14,14
8,mirror,mirror,True,36,0.004256584179699303,0.048583977630942486,0.042958337888762695,0.043471496262770914,2782,3186,CONVERGENCE: RELATIVE REDUCTION OF F <= FACTR*EPSMCH,-4.061195831838494,8.0,True,3.3282301001017913,14,14
8,mirror,mirror,True,37,0.003441653484743486,0.04054982116424728,0.03729633292182627,0.03833122461357954,231,265,CONVERGENCE: RELATIVE REDUCTION OF F <= FACTR*EPSMCH,-3.497577835099472,-0.6741950019580923,False,0.2789671999635175,14,14
8,mirror,mirror,True,38,0.0034416534848076795,0.04054982197690792,0.037296359796453626,0.038331250039494204,300,349,CONVERGENCE: RELATIVE REDUCTION OF F <= FACTR*EPSMCH,-3.4975640050230803,-0.674197811908485,False,0.40446130000054836,14,14
8,mirror,mirror,True,39,0.007220187666690649,0.07429677811746503,0.06824525450845687,0.06965876414410345,2578,2965,CONVERGENCE: RELATIVE REDUCTION OF F <= FACTR*EPSMCH,-8.0,4.359746656852582,True,2.9484351000282913,14,14
8,mirror,mirror,True,40,0.0036653853143585715,0.04328347593609166,0.03983148551947911,0.040713000004385894,518,631,CONVERGENCE: RELATIVE REDUCTION OF F <= FACTR*EPSMCH,-8.0,-0.09196290424288332,True,0.6550914000254124,14,14
8,mirror,mirror,True,41,0.0034416534847163905,0.04054982363157182,0.03729635541117961,0.03833124906647244,260,311,CONVERGENCE: RELATIVE REDUCTION OF F <= FACTR*EPSMCH,-3.497582334184153,-0.6741919101663402,False,0.29465699999127537,14,14
8,mirror,mirror,True,42,0.003441653484707285,0.0405498225687402,0.037296354187684316,0.03833124773437876,249,298,CONVERGENCE: RELATIVE REDUCTION OF F <= FACTR*EPSMCH,-3.4975819396850647,-0.6741944566040966,False,0.34080360003281385,14,14
8,mirror,mirror,True,43,0.0034416534847091533,0.04054982317514314,0.03729635230694353,0.038331247171569334,222,263,CONVERGENCE: RELATIVE REDUCTION OF F <= FACTR*EPSMCH,-3.497578643259175,-0.674198308934608,False,0.2669044000795111,14,14
8,mirror,mirror,True,44,0.003441653484715174,0.040549821870363774,0.03729635257301967,0.03833124624506981,174,199,CONVERGENCE: RELATIVE REDUCTION OF F <= FACTR*EPSMCH,-3.4975791719564753,-0.6741943195185494,False,0.23268979997374117,14,14
8,mirror,mirror,True,45,0.003665385314324843,0.04328347533610738,0.039831487860500316,0.04071300361602809,846,1017,CONVERGENCE: RELATIVE REDUCTION OF F <= FACTR*EPSMCH,-8.0,-0.09155626720152289,True,1.0645138999680057,14,14
8,mirror,mirror,True,46,0.003588109091754196,0.03768042308769529,0.03473742885387669,0.035837815349659546,87,96,CONVERGENCE: RELATIVE REDUCTION OF F <= FACTR*EPSMCH,-3.2033359283529435,-0.6364062247523392,False,0.1064630999462679,14,14
8,mirror,mirror,True,47,0.0034416534847094694,0.04054982372062453,0.037296354420912683,0.03833124868175825,312,365,CONVERGENCE: RELATIVE REDUCTION OF F <= FACTR*EPSMCH,-3.4975800890104263,-0.6741981978773561,False,0.3798614999977872,14,14
8,mirror,mirror,True,48,0.0034416534848491502,0.040549820745140526,0.03729636017050537,0.0383312599388313,286,338,CONVERGENCE: RELATIVE REDUCTION OF F <= FACTR*EPSMCH,-3.4975614639958943,-0.6742031141541271,False,0.3496554000303149,14,14
8,mirror,mirror,True,49,0.003441653484716416,0.040549823261251325,0.037296347593377334,0.038331242355306064,278,326,CONVERGENCE: RELATIVE REDUCTION OF F <= FACTR*EPSMCH,-3.497584327115372,-0.6741981429000934,False,0.38071199995465577,14,14
8,mirror,mirror,True,50,0.005868527681488251,0.060210097692455465,0.05595575463625868,0.05734832172266814,5789,6660,CONVERGENCE: RELATIVE REDUCTION OF F <= FACTR*EPSMCH,-2.6958511191277448,8.0,True,7.5868174999486655,14,14
8,mirror,mirror,True,51,0.003441653484719656,0.040549821943177175,0.03729633850940997,0.03833123377548962,236,277,CONVERGENCE: RELATIVE REDUCTION OF F <= FACTR*EPSMCH,-3.4975810170982293,-0.6741930409210528,False,0.4232081000227481,14,14
8,mirror,mirror,True,52,0.003588109091777846,0.03768043113848447,0.03473743491622635,0.03583782115961331,92,103,CONVERGENCE: RELATIVE REDUCTION OF F <= FACTR*EPSMCH,-3.203343180187734,-0.6364002401939398,False,0.0937766000861302,14,14
8,mirror,mirror,True,53,0.0036653853143225955,0.043283473486695166,0.03983148900235433,0.0407130016698701,442,524,CONVERGENCE: RELATIVE REDUCTION OF F <= FACTR*EPSMCH,-8.0,-0.091504359690944,True,0.5279945998918265,14,14
8,mirror,mirror,True,54,0.0036653853143692686,0.043283473784603475,0.03983150144922558,0.040713014843226224,609,713,CONVERGENCE: RELATIVE REDUCTION OF F <= FACTR*EPSMCH,-8.0,-0.09142244113181983,True,0.7773270000470802,14,14
8,mirror,mirror,True,55,0.0035881090917571855,0.03768042581096385,0.03473743002029834,0.03583781625021353,96,106,CONVERGENCE: RELATIVE REDUCTION OF F <= FACTR*EPSMCH,-3.2033367732735534,-0.6364046546415553,False,0.16291930002626032,14,14
8,mirror,mirror,True,56,0.003441653484712137,0.04054982449320453,0.03729635609319702,0.03833125071474719,420,504,CONVERGENCE: RELATIVE REDUCTION OF F <= FACTR*EPSMCH,-3.4975775717051794,-0.6741967708101704,False,0.6998376999981701,14,14
8,mirror,mirror,True,57,0.0034416534847921,0.04054981969360712,0.03729635206839811,0.0383312490567551,257,304,CONVERGENCE: RELATIVE REDUCTION OF F <= FACTR*EPSMCH,-3.497592804120406,-0.6741831935452961,False,0.37209489999804646,14,14
8,mirror,mirror,True,58,0.0035881090917526163,0.03768042708749535,0.03473743258076214,0.035837818647328865,94,102,CONVERGENCE: RELATIVE REDUCTION OF F <= FACTR*EPSMCH,-3.203338063023349,-0.6364046948889227,False,0.12625920004211366,14,14
8,mirror,mirror,True,59,0.0036653853143561173,0.04328347338598989,0.039831498667449304,0.04071301487858741,718,862,CONVERGENCE: RELATIVE REDUCTION OF F <= FACTR*EPSMCH,-8.0,-0.09142257189511606,True,1.0373296000761911,14,14
8,mirror,mirror,True,60,0.0035881090917563242,0.037680422385703474,0.03473742821382803,0.03583781445625842,86,97,CONVERGENCE: RELATIVE REDUCTION OF F <= FACTR*EPSMCH,-3.203334354492333,-0.636405639031769,False,0.14217069989535958,14,14
8,mirror,mirror,True,61,0.00344165348477101,0.040549824773985284,0.0372963613121992,0.0383312569131534,215,252,CONVERGENCE: RELATIVE REDUCTION OF F <= FACTR*EPSMCH,-3.4975917710391817,-0.6741918451206685,False,0.3680903000058606,14,14
8,mirror,mirror,True,62,0.0035881090917519198,0.037680425525407735,0.03473743227858443,0.03583781835588369,101,120,CONVERGENCE: RELATIVE REDUCTION OF F <= FACTR*EPSMCH,-3.203337499425816,-0.6364059711404475,False,0.178363399929367,14,14
8,mirror,mirror,True,63,0.00527449985073497,0.05869453872828637,0.055376922114325274,0.0566360732708901,7430,8187,CONVERGENCE: RELATIVE REDUCTION OF F <= FACTR*EPSMCH,-3.0753200427717218,7.986204598596207,True,13.715905799996108,14,14
8,mirror,mirror,True,64,0.0034416534847131978,0.040549823044864076,0.03729635045668045,0.038331243971558016,250,298,CONVERGENCE: RELATIVE REDUCTION OF F <= FACTR*EPSMCH,-3.4975853674147244,-0.6741955331793422,False,0.4338237999472767,14,14
8,mirror,mirror,True,65,0.004339161413695737,0.04644415243927228,0.04163017357248943,0.04222482771838225,3923,4425,CONVERGENCE: RELATIVE REDUCTION OF F <= FACTR*EPSMCH,-3.5128854430638796,7.999988905955853,True,8.103427199996077,14,14
8,mirror,mirror,True,66,0.0035881090917527923,0.03768043009050662,0.034737433503921396,0.03583781916290626,94,102,CONVERGENCE: RELATIVE REDUCTION OF F <= FACTR*EPSMCH,-3.2033393478475802,-0.6364056311663986,False,0.1127375999931246,14,14
8,mirror,mirror,True,67,0.0034416534847119744,0.04054982324717674,0.03729634859909134,0.038331243481867415,238,282,CONVERGENCE: RELATIVE REDUCTION OF F <= FACTR*EPSMCH,-3.4975832427002107,-0.6741967832393543,False,0.33317120000720024,14,14
8,mirror,mirror,True,68,0.0035881090917527078,0.03768042326239917,0.03473743105875234,0.035837816445563796,79,89,CONVERGENCE: RELATIVE REDUCTION OF F <= FACTR*EPSMCH,-3.2033371679289835,-0.6364053585940865,False,0.08340590004809201,14,14
8,mirror,mirror,True,69,0.0041973608063170294,0.0489122182032593,0.043349459221071175,0.04384103519012077,8373,9288,CONVERGENCE: RELATIVE REDUCTION OF F <= FACTR*EPSMCH,-4.344712542016198,8.0,True,11.14853049989324,14,14
8,mirror,mirror,True,70,0.0035881090917525642,0.037680424251920815,0.034737432891116256,0.03583781888573868,78,83,CONVERGENCE: RELATIVE REDUCTION OF F <= FACTR*EPSMCH,-3.2033365284848365,-0.636406055492983,False,0.09706499997992069,14,14
8,mirror,mirror,True,71,0.0035881090917527034,0.03768042682392409,0.03473743334463788,0.03583781936887197,98,111,CONVERGENCE: RELATIVE REDUCTION OF F <= FACTR*EPSMCH,-3.20333789183468,-0.636406791621098,False,0.09859269997105002,14,14
8,mirror,mirror,True,72,0.007198513117745473,0.07437544795230068,0.06826947678239334,0.06966244090416401,3819,4342,CONVERGENCE: RELATIVE REDUCTION OF F <= FACTR*EPSMCH,-8.0,7.999790362821505,True,4.794011999969371,14,14
8,mirror,mirror,True,73,0.004356823368209106,0.04964572295280059,0.043943780448959954,0.044485935367233276,547,650,CONVERGENCE: RELATIVE REDUCTION OF F <= FACTR*EPSMCH,-8.0,8.0,True,0.6389223000733182,14,14
8,mirror,mirror,True,74,0.0049750222662062644,0.052184538119309544,0.04773659907821856,0.049364621687560235,25964,31037,CONVERGENCE: RELATIVE REDUCTION OF F <= FACTR*EPSMCH,-2.637940828809032,7.813323965989745,False,34.5392761999974,14,14
8,mirror,mirror,True,75,0.0035881090917520217,0.03768042582841453,0.034737433201986884,0.03583781904376422,88,97,CONVERGENCE: RELATIVE REDUCTION OF F <= FACTR*EPSMCH,-3.2033381810829495,-0.6364062160434211,False,0.12927479995414615,14,14
8,mirror,mirror,True,76,0.004257373921732334,0.048541244861843726,0.042950969553968585,0.04347434294109725,11297,13137,CONVERGENCE: RELATIVE REDUCTION OF F <= FACTR*EPSMCH,-3.992337683416719,8.0,True,14.445271100034006,14,14
8,mirror,mirror,True,77,0.0036653853143525945,0.04328347604630746,0.03983147794782782,0.04071298849190436,557,662,CONVERGENCE: RELATIVE REDUCTION OF F <= FACTR*EPSMCH,-8.0,-0.09141659918012392,True,0.7604089999804273,14,14
8,mirror,mirror,True,78,0.0035881090917523704,0.03768042822775299,0.03473743406340541,0.03583782010126089,124,146,CONVERGENCE: RELATIVE REDUCTION OF F <= FACTR*EPSMCH,-3.203338320001105,-0.6364064078046496,False,0.15266419993713498,14,14
8,mirror,mirror,True,79,0.003441653484738805,0.04054982115407653,0.037296354465447185,0.03833124877886399,211,246,CONVERGENCE: RELATIVE REDUCTION OF F <= FACTR*EPSMCH,-3.4975888975626326,-0.6741982599682769,False,0.2795310999499634,14,14
8,mirror,mirror,True,80,0.0036653853143964426,0.043283474644256685,0.03983148822418055,0.040713000026070055,507,596,CONVERGENCE: RELATIVE REDUCTION OF F <= FACTR*EPSMCH,-8.0,-0.09194736517478261,True,0.6663901000283659,14,14
8,mirror,mirror,True,81,0.0035881090917558485,0.03768043065667041,0.03473743466340693,0.03583782068020408,100,107,CONVERGENCE: RELATIVE REDUCTION OF F <= FACTR*EPSMCH,-3.2033409015924947,-0.6364050564461673,False,0.148187099955976,14,14
8,mirror,mirror,True,82,0.003441653484817023,0.040549821379450145,0.03729636216430483,0.03833125836016086,253,302,CONVERGENCE: RELATIVE REDUCTION OF F <= FACTR*EPSMCH,-3.497588910189214,-0.6741944624129182,False,0.46556739998050034,14,14
8,mirror,mirror,True,83,0.0034416534847895733,0.040549823459019224,0.03729638118536341,0.03833127082586048,369,434,CONVERGENCE: RELATIVE REDUCTION OF F <= FACTR*EPSMCH,-3.497572843370863,-0.674198605377794,False,0.5927047999575734,14,14
8,mirror,mirror,True,84,0.0034416534847207325,0.04054982572803732,0.03729635384377691,0.03833124655041314,245,286,CONVERGENCE: RELATIVE REDUCTION OF F <= FACTR*EPSMCH,-3.497586118291653,-0.6741938393973441,False,0.35017200000584126,14,14
8,mirror,mirror,True,85,0.0035881090917536797,0.03768042618606703,0.034737434914058604,0.03583782101942003,85,95,CONVERGENCE: RELATIVE REDUCTION OF F <= FACTR*EPSMCH,-3.2033380511883354,-0.6364051878221844,False,0.10950039990711957,14,14
8,mirror,mirror,True,86,0.003588109091763843,0.03768042415117225,0.03473743159704274,0.03583781827114371,90,99,CONVERGENCE: RELATIVE REDUCTION OF F <= FACTR*EPSMCH,-3.203337851216371,-0.6364013908885441,False,0.11111699999310076,14,14
8,mirror,mirror,True,87,0.0036653853143321256,0.043283473026223054,0.03983148490105621,0.04071299753761755,452,544,CONVERGENCE: RELATIVE REDUCTION OF F <= FACTR*EPSMCH,-8.0,-0.09145426351141572,True,0.6642465000040829,14,14
8,mirror,mirror,True,88,0.004339422760563014,0.04660506403311394,0.04170998951982831,0.04232725257503249,1643,1801,CONVERGENCE: RELATIVE REDUCTION OF F <= FACTR*EPSMCH,-3.545040761833082,5.459977691100883,False,2.0452486000722274,14,14
8,mirror,mirror,True,89,0.003441653484747325,0.04054982057910258,0.03729635943813154,0.03833125547234029,220,261,CONVERGENCE: RELATIVE REDUCTION OF F <= FACTR*EPSMCH,-3.4975820653870024,-0.6741957811103196,False,0.3037738000275567,14,14
8,mirror,mirror,True,90,0.003588109091760888,0.03768043176450312,0.034737437974628166,0.03583782473908438,87,93,CONVERGENCE: RELATIVE REDUCTION OF F <= FACTR*EPSMCH,-3.203342776192528,-0.6364050788124349,False,0.10602199996355921,14,14
8,mirror,mirror,True,91,0.0035881090917525386,0.03768042644067893,0.03473742994720434,0.03583781631752845,96,103,CONVERGENCE: RELATIVE REDUCTION OF F <= FACTR*EPSMCH,-3.2033374567798747,-0.6364055803838564,False,0.11118350003380328,14,14
8,mirror,mirror,True,92,0.003588109091752494,0.03768042596330016,0.03473743255234112,0.03583781885594801,94,106,CONVERGENCE: RELATIVE REDUCTION OF F <= FACTR*EPSMCH,-3.2033375963788315,-0.6364052978228387,False,0.14068889990448952,14,14
8,mirror,mirror,True,93,0.0034416534847129263,0.040549822720965634,0.03729634847845353,0.03833124232664649,171,203,CONVERGENCE: RELATIVE REDUCTION OF F <= FACTR*EPSMCH,-3.4975863847254467,-0.6741939318005259,False,0.21662610000930727,14,14
8,mirror,mirror,True,94,0.0034416534847577095,0.0405498271242529,0.03729635192181637,0.03833124656184132,295,343,CONVERGENCE: RELATIVE REDUCTION OF F <= FACTR*EPSMCH,-3.497594004321681,-0.6741974959430721,False,0.4154096998972818,14,14
8,mirror,mirror,True,95,0.003665385314342166,0.04328347503087979,0.03983148583586072,0.040712995062679065,491,585,CONVERGENCE: RELATIVE REDUCTION OF F <= FACTR*EPSMCH,-8.0,-0.09137789426221198,True,0.6784561999375001,14,14
8,mirror,mirror,True,96,0.003588109091751948,0.03768042446700872,0.03473743138504365,0.035837817339773224,89,95,CONVERGENCE: RELATIVE REDUCTION OF F <= FACTR*EPSMCH,-3.203337938930955,-0.6364053178860924,False,0.10407350002788007,14,14
8,mirror,mirror,True,97,0.0034416534847369227,0.04054982268543607,0.037296353545603615,0.0383312493635239,173,209,CONVERGENCE: RELATIVE REDUCTION OF F <= FACTR*EPSMCH,-3.4975756319254634,-0.674195464834258,False,0.2697372999973595,14,14
8,mirror,mirror,True,98,0.003441653484709677,0.040549823504706026,0.03729634871562246,0.03833124323677776,250,298,CONVERGENCE: RELATIVE REDUCTION OF F <= FACTR*EPSMCH,-3.497580457321913,-0.6741949731614542,False,0.3657596999546513,14,14
8,mirror,mirror,True,99,0.0034416534847107423,0.04054982310282677,0.037296349308249106,0.03833124591872556,339,398,CONVERGENCE: RELATIVE REDUCTION OF F <= FACTR*EPSMCH,-3.497580396278023,-0.6741978208538826,False,0.48193110001739115,14,14
8,mirror,mirror,True,100,0.007193835331094864,0.07437125000903895,0.06828744152704466,0.06968720455509227,1477,1705,CONVERGENCE: RELATIVE REDUCTION OF F <= FACTR*EPSMCH,-8.0,2.1427628828366583,True,1.92625819996465,14,14
8,mirror,mirror,True,101,0.0036653853143204275,0.043283473860470136,0.039831500676718236,0.040713014731048776,473,551,CONVERGENCE: RELATIVE REDUCTION OF F <= FACTR*EPSMCH,-8.0,-0.09172114304913594,True,0.6103023999603465,14,14
8,mirror,mirror,True,102,0.003588109091754047,0.03768042414213499,0.034737431591577314,0.035837817739469334,109,133,CONVERGENCE: RELATIVE REDUCTION OF F <= FACTR*EPSMCH,-3.2033387012735886,-0.6364040380118868,False,0.14505809999536723,14,14
8,mirror,mirror,True,103,0.0034416534847301165,0.04054981877812719,0.03729634773359701,0.038331241642792536,316,368,CONVERGENCE: RELATIVE REDUCTION OF F <= FACTR*EPSMCH,-3.4975797130596415,-0.6741910187886706,False,0.41500949999317527,14,14
8,mirror,mirror,True,104,0.0034416534847156836,0.040549821512708695,0.03729635082379587,0.038331246988575055,225,263,CONVERGENCE: RELATIVE REDUCTION OF F <= FACTR*EPSMCH,-3.49758152337848,-0.6741931300346727,False,0.3146866998868063,14,14
8,mirror,mirror,True,105,0.0035881090917530213,0.03768042674852179,0.03473743403655921,0.03583782040517182,83,91,CONVERGENCE: RELATIVE REDUCTION OF F <= FACTR*EPSMCH,-3.2033370754952935,-0.6364062864710796,False,0.12417379999533296,14,14
8,mirror,mirror,True,106,0.0035881090917521544,0.037680427871360736,0.03473743424500105,0.03583782026997404,87,94,CONVERGENCE: RELATIVE REDUCTION OF F <= FACTR*EPSMCH,-3.2033390141835913,-0.6364063373163973,False,0.12850540003273636,14,14
8,mirror,mirror,True,107,0.003441653484794382,0.0405498183502087,0.03729635255981857,0.03833125070398352,240,282,CONVERGENCE: RELATIVE REDUCTION OF F <= FACTR*EPSMCH,-3.497573651069606,-0.6741906792827035,False,0.3599077999824658,14,14
8,mirror,mirror,True,108,0.0034416534847090284,0.04054982334193992,0.037296359685051024,0.038331253827164485,220,255,CONVERGENCE: RELATIVE REDUCTION OF F <= FACTR*EPSMCH,-3.4975834866175473,-0.6741941144350726,False,0.30880210001487285,14,14
8,mirror,mirror,True,109,0.003665385314324519,0.04328347425055707,0.0398314848343682,0.040712996741691494,512,601,CONVERGENCE: RELATIVE REDUCTION OF F <= FACTR*EPSMCH,-8.0,-0.09162467288108539,True,0.7407121000578627,14,14
8,mirror,mirror,True,110,0.003441653484713933,0.040549823303993336,0.03729635376457767,0.03833124883578515,332,400,CONVERGENCE: RELATIVE REDUCTION OF F <= FACTR*EPSMCH,-3.4975764904827344,-0.6741961150382421,False,0.484605300007388,14,14
8,mirror,mirror,True,111,0.0035830621432437187,0.04237938987843772,0.038955909427174015,0.039835684747636206,30572,34293,CONVERGENCE: RELATIVE REDUCTION OF F <= FACTR*EPSMCH,-4.3827078704011235,7.560477723540223,False,42.960920899990015,14,14
8,mirror,mirror,True,112,0.0034416534847478628,0.04054981820534577,0.03729635092312536,0.03833124868772,223,251,CONVERGENCE: RELATIVE REDUCTION OF F <= FACTR*EPSMCH,-3.497569029410227,-0.6741975697648928,False,0.3219579999567941,14,14
8,mirror,mirror,True,113,0.003441653484718345,0.0405498264835776,0.037296353186968105,0.038331246033105386,286,331,CONVERGENCE: RELATIVE REDUCTION OF F <= FACTR*EPSMCH,-3.497584685629506,-0.6741923481689948,False,0.4126371000893414,14,14
8,mirror,mirror,True,114,0.0034416534847387147,0.04054982422160174,0.03729635194209209,0.038331243619719436,367,441,CONVERGENCE: RELATIVE REDUCTION OF F <= FACTR*EPSMCH,-3.4975891022179395,-0.674196255618025,False,0.4939460000023246,14,14
8,mirror,mirror,True,115,0.004256826042777402,0.04860826460348691,0.04296907471102905,0.04347731738971622,10484,11702,CONVERGENCE: RELATIVE REDUCTION OF F <= FACTR*EPSMCH,-4.068575111748612,8.0,True,13.155952800065279,14,14
8,mirror,mirror,True,116,0.003588109091752495,0.03768042669905802,0.0347374334408038,0.035837818855649885,83,91,CONVERGENCE: RELATIVE REDUCTION OF F <= FACTR*EPSMCH,-3.2033377058191568,-0.6364066252203894,False,0.0821222000522539,14,14
8,mirror,mirror,True,117,0.003588109091751656,0.03768042620431856,0.03473743261602584,0.035837818697109926,77,87,CONVERGENCE: RELATIVE REDUCTION OF F <= FACTR*EPSMCH,-3.2033380574253427,-0.6364055614970626,False,0.08354420005343854,14,14
8,mirror,mirror,True,118,0.004531877557915436,0.047632937091228685,0.04314163391696517,0.04473177721204648,2352,2786,CONVERGENCE: RELATIVE REDUCTION OF F <= FACTR*EPSMCH,-2.2466297152683117,4.895960180256433,False,2.929634499945678,14,14
8,mirror,mirror,True,119,0.0035881090917525785,0.03768042431982844,0.03473742946486156,0.03583781545870325,82,88,CONVERGENCE: RELATIVE REDUCTION OF F <= FACTR*EPSMCH,-3.203338169572887,-0.6364048985870303,False,0.11423989990726113,14,14
8,mirror,mirror,True,120,0.003665385314305394,0.04328347442974039,0.039831492574971636,0.04071300629192594,578,684,CONVERGENCE: RELATIVE REDUCTION OF F <= FACTR*EPSMCH,-8.0,-0.09158550028076748,True,0.7464335999684408,14,14
8,mirror,mirror,True,121,0.0035881090917526887,0.03768042819973526,0.0347374343601821,0.03583782006702778,84,92,CONVERGENCE: RELATIVE REDUCTION OF F <= FACTR*EPSMCH,-3.203337683548638,-0.6364065137358066,False,0.1134649000596255,14,14
8,mirror,mirror,True,122,0.0035881090917521717,0.03768042705035914,0.03473743237908504,0.035837818671159545,91,101,CONVERGENCE: RELATIVE REDUCTION OF F <= FACTR*EPSMCH,-3.2033369533344915,-0.6364062619860066,False,0.1219285000115633,14,14
8,mirror,mirror,True,123,0.0034416534847210474,0.04054982087276915,0.037296350149223806,0.03833124367510982,229,276,CONVERGENCE: RELATIVE REDUCTION OF F <= FACTR*EPSMCH,-3.4975807358977,-0.6741903590974997,False,0.2765225999755785,14,14
8,mirror,mirror,True,124,0.007707365304885843,0.07475171308865455,0.07332279024194795,0.0743348152501818,4247,4861,CONVERGENCE: RELATIVE REDUCTION OF F <= FACTR*EPSMCH,-3.055592815453245,7.518192458107979,False,6.065734099945985,14,14
8,mirror,mirror,True,125,0.0035881090917528813,0.03768042405210095,0.03473743252129662,0.035837818458420184,104,117,CONVERGENCE: RELATIVE REDUCTION OF F <= FACTR*EPSMCH,-3.2033366205181975,-0.6364061503726327,False,0.14763709995895624,14,14
8,mirror,mirror,True,126,0.003441653484718363,0.040549821922175704,0.03729635238589202,0.03833124703046108,288,331,CONVERGENCE: RELATIVE REDUCTION OF F <= FACTR*EPSMCH,-3.4975760810451555,-0.6741979482911107,False,0.38462729996535927,14,14
8,mirror,mirror,True,127,0.0036653853143155243,0.043283474504919726,0.03983149380386467,0.040713008377334506,548,639,CONVERGENCE: RELATIVE REDUCTION OF F <= FACTR*EPSMCH,-8.0,-0.09150017433997554,True,0.6970434000249952,14,14
8,mirror,mirror,True,128,0.004531877336524845,0.04763363340020322,0.04314221103204164,0.04473208350263736,2830,3298,CONVERGENCE: RELATIVE REDUCTION OF F <= FACTR*EPSMCH,-2.246967090080543,5.11533028892378,False,4.302433200064115,14,14
8,mirror,mirror,True,129,0.0035881090917516843,0.0376804260079091,0.034737432172124154,0.03583781830274642,118,130,CONVERGENCE: RELATIVE REDUCTION OF F <= FACTR*EPSMCH,-3.2033381927150724,-0.6364055691790486,False,0.1258513000793755,14,14
8,mirror,mirror,True,130,0.0035881090917534437,0.037680427918111783,0.03473743125888043,0.03583781708332349,91,103,CONVERGENCE: RELATIVE REDUCTION OF F <= FACTR*EPSMCH,-3.203337779413485,-0.6364064857044517,False,0.11428420001175255,14,14
8,mirror,mirror,True,131,0.0034416534848760068,0.0405498234818041,0.03729635100622964,0.038331246916103116,279,325,CONVERGENCE: RELATIVE REDUCTION OF F <= FACTR*EPSMCH,-3.497598524350105,-0.6741826135024003,False,0.3973781999666244,14,14
8,mirror,mirror,True,132,0.003441653484875331,0.04054981905103991,0.03729635437955635,0.038331248258397094,275,324,CONVERGENCE: RELATIVE REDUCTION OF F <= FACTR*EPSMCH,-3.4975582101359537,-0.6741913097107743,False,0.49042479996569455,14,14
8,mirror,mirror,True,133,0.0035881090917547443,0.03768042418432132,0.034737430579121736,0.03583781698735169,102,116,CONVERGENCE: RELATIVE REDUCTION OF F <= FACTR*EPSMCH,-3.203336556505103,-0.6364040482225019,False,0.21911109995562583,14,14
8,mirror,mirror,True,134,0.0034416534847816005,0.04054982452128622,0.037296361047058545,0.03833125569129239,219,258,CONVERGENCE: RELATIVE REDUCTION OF F <= FACTR*EPSMCH,-3.4975693191903563,-0.6742060052973198,False,0.44414459995459765,14,14
8,mirror,mirror,True,135,0.0034416534847140977,0.04054982476870088,0.037296356998955504,0.0383312513994711,337,398,CONVERGENCE: RELATIVE REDUCTION OF F <= FACTR*EPSMCH,-3.4975812516315012,-0.6741977248605749,False,0.5622239999938756,14,14
8,mirror,mirror,True,136,0.0035881090917531397,0.03768042597081447,0.034737430868689016,0.035837817356088326,88,95,CONVERGENCE: RELATIVE REDUCTION OF F <= FACTR*EPSMCH,-3.203336618259707,-0.636406273364412,False,0.1102938000112772,14,14
8,mirror,mirror,True,137,0.0034416534847205417,0.04054982532716788,0.03729634951495384,0.0383312430665138,318,371,CONVERGENCE: RELATIVE REDUCTION OF F <= FACTR*EPSMCH,-3.497586657957382,-0.6741957932137957,False,0.4668194999685511,14,14
8,mirror,mirror,True,138,0.0034416534847122662,0.04054982383598923,0.03729635589899791,0.03833124791467977,242,285,CONVERGENCE: RELATIVE REDUCTION OF F <= FACTR*EPSMCH,-3.497582666339557,-0.6741966967423103,False,0.34264589997474104,14,14
8,mirror,mirror,True,139,0.00358810909175688,0.037680419943105455,0.03473742571615234,0.035837811433422934,92,103,CONVERGENCE: RELATIVE REDUCTION OF F <= FACTR*EPSMCH,-3.2033347282958577,-0.6364060722988789,False,0.12543150002602488,14,14
8,mirror,mirror,True,140,0.0034416534847139073,0.04054982410407645,0.03729634925857948,0.03833124268741479,332,392,CONVERGENCE: RELATIVE REDUCTION OF F <= FACTR*EPSMCH,-3.4975785429388404,-0.6741959374683485,False,0.4097532000159845,14,14
8,mirror,mirror,True,141,0.0067902218476577235,0.07036844870879348,0.061025333211228654,0.0607289484208769,3245,3898,CONVERGENCE: RELATIVE REDUCTION OF F <= FACTR*EPSMCH,-8.0,4.290384078565888,True,4.3351141000166535,14,14
8,mirror,mirror,True,142,0.0034416534847203795,0.04054982294316979,0.037296362234922296,0.03833125546783617,379,453,CONVERGENCE: RELATIVE REDUCTION OF F <= FACTR*EPSMCH,-3.497585429539752,-0.6741933281472745,False,0.5201901999535039,14,14
8,mirror,mirror,True,143,0.0034416534847344464,0.04054982298214572,0.03729635873861985,0.038331254848554645,245,289,CONVERGENCE: RELATIVE REDUCTION OF F <= FACTR*EPSMCH,-3.4975771785905647,-0.6741989147056233,False,0.30409749993123114,14,14
8,mirror,mirror,True,144,0.0035881090917547777,0.03768042072264702,0.034737428546537545,0.03583781522875176,93,104,CONVERGENCE: RELATIVE REDUCTION OF F <= FACTR*EPSMCH,-3.203335030595067,-0.6364059577876398,False,0.1041197000304237,14,14
8,mirror,mirror,True,145,0.0034416534847115047,0.040549823609753205,0.03729635246732199,0.038331246073407654,197,235,CONVERGENCE: RELATIVE REDUCTION OF F <= FACTR*EPSMCH,-3.497583037620437,-0.6741937982672589,False,0.28721320000477135,14,14
8,mirror,mirror,True,146,0.0034416534847082217,0.04054982232331262,0.037296357289705095,0.038331251082389155,242,284,CONVERGENCE: RELATIVE REDUCTION OF F <= FACTR*EPSMCH,-3.497581515119162,-0.6741953468822406,False,0.32080960005987436,14,14
8,mirror,mirror,True,147,0.003441653484923825,0.040549813008715414,0.03729635570094889,0.03833125595580671,304,361,CONVERGENCE: RELATIVE REDUCTION OF F <= FACTR*EPSMCH,-3.4975595428879735,-0.6741912630050818,False,0.39575270004570484,14,14
8,mirror,mirror,True,148,0.0035881090917636626,0.03768043497234282,0.03473744094271253,0.035837825533464165,119,132,CONVERGENCE: RELATIVE REDUCTION OF F <= FACTR*EPSMCH,-3.2033427670203256,-0.6364068761229708,False,0.1590808000182733,14,14
8,mirror,mirror,True,149,0.0035881090917523864,0.037680427293326955,0.03473743263734605,0.035837818749574424,70,73,CONVERGENCE: RELATIVE REDUCTION OF F <= FACTR*EPSMCH,-3.2033386696332884,-0.6364061029335301,False,0.08829500002320856,14,14
8,mirror,mirror,True,150,0.003588109091752223,0.03768042490214787,0.034737431413420755,0.035837817632997926,95,103,CONVERGENCE: RELATIVE REDUCTION OF F <= FACTR*EPSMCH,-3.203337250825685,-0.6364052188002433,False,0.1078721999656409,14,14
8,mirror,mirror,True,151,0.003441653484710437,0.04054982283812893,0.03729635639456566,0.038331248118436835,214,258,CONVERGENCE: RELATIVE REDUCTION OF F <= FACTR*EPSMCH,-3.497580567514925,-0.6741974026733987,False,0.3001401999499649,14,14
8,mirror,mirror,True,152,0.0034416534847516765,0.04054982522391235,0.0372963588299107,0.03833125139002956,231,272,CONVERGENCE: RELATIVE REDUCTION OF F <= FACTR*EPSMCH,-3.4975718011172354,-0.6742050014084725,False,0.2884902000660077,14,14
8,mirror,mirror,True,153,0.003441653484708747,0.04054982343928002,0.03729635776418193,0.03833125183604535,256,286,CONVERGENCE: RELATIVE REDUCTION OF F <= FACTR*EPSMCH,-3.497580986044457,-0.6741944057034818,False,0.3373340000398457,14,14
8,mirror,mirror,True,154,0.00344165348471121,0.04054982419214148,0.03729635464408023,0.03833124801509855,247,293,CONVERGENCE: RELATIVE REDUCTION OF F <= FACTR*EPSMCH,-3.4975806764524204,-0.674198669891205,False,0.32449239993002266,14,14
8,mirror,mirror,True,155,0.003588109091754019,0.0376804277871967,0.0347374348442456,0.035837821130273485,74,83,CONVERGENCE: RELATIVE REDUCTION OF F <= FACTR*EPSMCH,-3.2033390301955693,-0.636404361011115,False,0.10475409997161478,14,14
8,mirror,mirror,True,156,0.0034416534848143443,0.04054982129622622,0.03729633496390955,0.03833122917525661,193,222,CONVERGENCE: RELATIVE REDUCTION OF F <= FACTR*EPSMCH,-3.4975742508640866,-0.6741844513494615,False,0.2463889999780804,14,14
8,mirror,mirror,True,157,0.0036653853143183606,0.043283472945744896,0.0398314921056031,0.04071300589626835,505,607,CONVERGENCE: RELATIVE REDUCTION OF F <= FACTR*EPSMCH,-8.0,-0.09148296828547836,True,0.7418981000082567,14,14
8,mirror,mirror,True,158,0.0034416534847221186,0.040549822973207354,0.0372963546087016,0.0383312497754849,295,358,CONVERGENCE: RELATIVE REDUCTION OF F <= FACTR*EPSMCH,-3.4975725764871357,-0.6741963136080494,False,0.4283119000028819,14,14
8,mirror,mirror,True,159,0.004339433209775827,0.046574609552529844,0.041705647296386025,0.042318463889653955,1594,1808,CONVERGENCE: RELATIVE REDUCTION OF F <= FACTR*EPSMCH,-3.5384800078990417,4.6518435883433105,False,2.028106299927458,14,14
8,mirror,mirror,True,160,0.003665385372859268,0.04328348586432294,0.03983150239118745,0.040713003207942786,193,221,CONVERGENCE: RELATIVE REDUCTION OF F <= FACTR*EPSMCH,-8.0,-0.10704111328073355,True,0.27993980003520846,14,14
8,mirror,mirror,True,161,0.00366538531431473,0.0432834740235294,0.039831492857400876,0.04071300651218539,759,899,CONVERGENCE: RELATIVE REDUCTION OF F <= FACTR*EPSMCH,-8.0,-0.0915313414467019,True,1.0638978999340907,14,14
8,mirror,mirror,True,162,0.005220905275257031,0.05577098611768236,0.05117955045154422,0.05293673189662113,5585,6284,CONVERGENCE: RELATIVE REDUCTION OF F <= FACTR*EPSMCH,-2.9218948686754076,7.965823659014246,True,10.665268999990076,14,14
8,mirror,mirror,True,163,0.0034416534847511943,0.04054982189267758,0.03729635149982628,0.03833124669847214,165,198,CONVERGENCE: RELATIVE REDUCTION OF F <= FACTR*EPSMCH,-3.497570462449454,-0.6741977271306524,False,0.2672882000915706,14,14
8,mirror,mirror,True,164,0.004215900044925103,0.04937575935672842,0.04356966123987368,0.043982870439986776,8700,9680,CONVERGENCE: RELATIVE REDUCTION OF F <= FACTR*EPSMCH,-4.508440205482717,7.304176724949516,False,15.091211899998598,14,14
8,mirror,mirror,True,165,0.003441653484711433,0.04054982244891398,0.037296355552124294,0.038331249796597085,278,334,CONVERGENCE: RELATIVE REDUCTION OF F <= FACTR*EPSMCH,-3.4975819583398815,-0.6741945875406957,False,0.3969539999961853,14,14
8,mirror,mirror,True,166,0.0034416534847088757,0.04054982297872552,0.03729635014814884,0.03833124507160763,230,273,CONVERGENCE: RELATIVE REDUCTION OF F <= FACTR*EPSMCH,-3.497582828106853,-0.674196435320612,False,0.2970711000962183,14,14
8,mirror,mirror,True,167,0.0035881090917530075,0.0376804275865735,0.03473743171321356,0.03583781824469902,89,98,CONVERGENCE: RELATIVE REDUCTION OF F <= FACTR*EPSMCH,-3.20333667020194,-0.6364065073152606,False,0.10357759997714311,14,14
8,mirror,mirror,True,168,0.0035881090917592,0.03768042523714013,0.03473742850612385,0.03583781470266882,77,85,CONVERGENCE: RELATIVE REDUCTION OF F <= FACTR*EPSMCH,-3.203338140099877,-0.6364020769249616,False,0.12354540009982884,14,14
8,mirror,mirror,True,169,0.0035881090917533644,0.037680424401078674,0.03473742948791306,0.03583781581452715,80,87,CONVERGENCE: RELATIVE REDUCTION OF F <= FACTR*EPSMCH,-3.2033368142334373,-0.6364065079778518,False,0.1042107999091968,14,14
8,mirror,mirror,True,170,0.003441653484789251,0.04054982487308071,0.037296347081874674,0.03833123859336654,186,232,CONVERGENCE: RELATIVE REDUCTION OF F <= FACTR*EPSMCH,-3.4976002404672024,-0.6741961068969814,False,0.2812485999893397,14,14
8,mirror,mirror,True,171,0.003441653484717808,0.04054982352575648,0.03729635481108503,0.038331249920158086,193,224,CONVERGENCE: RELATIVE REDUCTION OF F <= FACTR*EPSMCH,-3.4975786420738264,-0.6741915624683653,False,0.25223899993579835,14,14
8,mirror,mirror,True,172,0.0036653853143087355,0.04328347410357109,0.0398314932230209,0.040713007127113905,398,468,CONVERGENCE: RELATIVE REDUCTION OF F <= FACTR*EPSMCH,-8.0,-0.09158836160883536,True,0.6301938000833616,14,14
8,mirror,mirror,True,173,0.003441653484712856,0.040549824222398174,0.03729635241846503,0.03833124611527993,273,324,CONVERGENCE: RELATIVE REDUCTION OF F <= FACTR*EPSMCH,-3.4975778783676996,-0.6741980684343608,False,0.4356424999423325,14,14
8,mirror,mirror,True,174,0.0034416534848256937,0.04054982290150828,0.037296358292912606,0.038331252116116425,271,319,CONVERGENCE: RELATIVE REDUCTION OF F <= FACTR*EPSMCH,-3.4975767601564662,-0.674210842981522,False,0.4825872000074014,14,14
8,mirror,mirror,True,175,0.004339395261039944,0.046599152464982925,0.0417057415721613,0.04232365137854426,1707,1884,CONVERGENCE: RELATIVE REDUCTION OF F <= FACTR*EPSMCH,-3.540974916825575,4.468186682512977,False,4.287400500033982,14,14
8,mirror,mirror,True,176,0.005868537137135168,0.06021108586440224,0.05596325432433038,0.057356374556735916,19739,23622,CONVERGENCE: RELATIVE REDUCTION OF F <= FACTR*EPSMCH,-2.6954823403748223,7.946634589064726,True,40.7681023000041,14,14
8,mirror,mirror,True,177,0.003441653484730677,0.04054982109996661,0.03729635288489889,0.03833124935658856,238,285,CONVERGENCE: RELATIVE REDUCTION OF F <= FACTR*EPSMCH,-3.4975844391078983,-0.6741909591692617,False,0.3281948999501765,14,14
8,mirror,mirror,True,178,0.003665385314495186,0.043283472323951584,0.03983149075964474,0.04071300351063777,723,863,CONVERGENCE: RELATIVE REDUCTION OF F <= FACTR*EPSMCH,-8.0,-0.09079244023898209,True,0.9343812000006437,14,14
8,mirror,mirror,True,179,0.0035881090917518864,0.03768042661350428,0.034737432951768385,0.03583781891671782,83,95,CONVERGENCE: RELATIVE REDUCTION OF F <= FACTR*EPSMCH,-3.203338609037498,-0.6364056159573162,False,0.11015039996709675,14,14
8,mirror,mirror,True,180,0.0035881090917568347,0.037680424942854805,0.03473743326010752,0.035837817652980365,104,119,CONVERGENCE: RELATIVE REDUCTION OF F <= FACTR*EPSMCH,-3.2033383273962577,-0.636406829511149,False,0.1300959000363946,14,14
8,mirror,mirror,True,181,0.0034416534847252285,0.040549824269349284,0.037296349286460063,0.03833124249442323,207,245,CONVERGENCE: RELATIVE REDUCTION OF F <= FACTR*EPSMCH,-3.4975874979595893,-0.6741945148091345,False,0.2877004999900237,14,14
8,mirror,mirror,True,182,0.0034416534847124904,0.04054982559254414,0.03729635047462942,0.038331243755975304,247,281,CONVERGENCE: RELATIVE REDUCTION OF F <= FACTR*EPSMCH,-3.497584723483125,-0.674196102154335,False,0.3462035999400541,14,14
8,mirror,mirror,True,183,0.0034416534847103437,0.04054982339539031,0.03729634840360509,0.038331242304451826,160,187,CONVERGENCE: RELATIVE REDUCTION OF F <= FACTR*EPSMCH,-3.4975803976902236,-0.6741964459971111,False,0.23502979998011142,14,14
8,mirror,mirror,True,184,0.003588109091753161,0.03768042453988636,0.034737430860580246,0.03583781732238258,101,108,CONVERGENCE: RELATIVE REDUCTION OF F <= FACTR*EPSMCH,-3.2033381372222056,-0.6364045677650019,False,0.12279870000202209,14,14
8,mirror,mirror,True,185,0.003588109091753445,0.03768042989735231,0.03473743405669324,0.03583782005988235,110,123,CONVERGENCE: RELATIVE REDUCTION OF F <= FACTR*EPSMCH,-3.20333958452834,-0.6364047328859342,False,0.12812749994918704,14,14
8,mirror,mirror,True,186,0.003665385314341205,0.04328347226962271,0.039831504724634564,0.040713019266610875,592,705,CONVERGENCE: RELATIVE REDUCTION OF F <= FACTR*EPSMCH,-8.0,-0.09177594252217837,True,0.8142005000263453,14,14
8,mirror,mirror,True,187,0.003588109091752342,0.03768042841362132,0.03473743290557886,0.035837819124875,83,88,CONVERGENCE: RELATIVE REDUCTION OF F <= FACTR*EPSMCH,-3.2033381428865386,-0.636406143265643,False,0.10698809998575598,14,14
8,mirror,mirror,True,188,0.00344165348475457,0.04054982270523484,0.037296350889858776,0.03833124537712935,234,272,CONVERGENCE: RELATIVE REDUCTION OF F <= FACTR*EPSMCH,-3.4975927390906643,-0.6741879207100627,False,0.3134779999963939,14,14
8,mirror,mirror,True,189,0.0035881090917528075,0.03768042506309837,0.03473743031743269,0.035837816887532944,104,117,CONVERGENCE: RELATIVE REDUCTION OF F <= FACTR*EPSMCH,-3.203336469615638,-0.6364058243556691,False,0.1308580000186339,14,14
8,mirror,mirror,True,190,0.0034416534847088896,0.04054982193433183,0.037296346697001374,0.03833124120940948,210,242,CONVERGENCE: RELATIVE REDUCTION OF F <= FACTR*EPSMCH,-3.497582315733568,-0.6741952549612495,False,0.3234931000042707,14,14
8,mirror,mirror,True,191,0.003441653484746992,0.04054982250176245,0.03729634312747776,0.03833123672458591,291,346,CONVERGENCE: RELATIVE REDUCTION OF F <= FACTR*EPSMCH,-3.4975836543848637,-0.6741872816403096,False,0.48665690002962947,14,14
8,mirror,mirror,True,192,0.004268679535138868,0.04967697774393554,0.044075402289463085,0.04460172267271705,8111,9136,CONVERGENCE: RELATIVE REDUCTION OF F <= FACTR*EPSMCH,-8.0,8.0,True,14.387805299949832,14,14
8,mirror,mirror,True,193,0.004682726472684813,0.052199576089778064,0.04809364192207401,0.049467234968777564,822,950,CONVERGENCE: RELATIVE REDUCTION OF F <= FACTR*EPSMCH,-2.582131862894715,1.7873583920140903,False,2.9907358000054955,14,14
8,mirror,mirror,True,194,0.003665385314308746,0.04328347398891189,0.039831492056726474,0.04071300617921857,403,469,CONVERGENCE: RELATIVE REDUCTION OF F <= FACTR*EPSMCH,-8.0,-0.09167281873176986,True,0.982695100014098,14,14
8,mirror,mirror,True,195,0.003588109091752334,0.037680428461714564,0.034737434362861384,0.03583781989563121,90,101,CONVERGENCE: RELATIVE REDUCTION OF F <= FACTR*EPSMCH,-3.2033383667600543,-0.6364060225897643,False,0.23121310002170503,14,14
8,mirror,mirror,True,196,0.004374163268944496,0.04964883437092866,0.044018182576061646,0.044566550227605695,12933,14326,CONVERGENCE: RELATIVE REDUCTION OF F <= FACTR*EPSMCH,-8.0,8.0,True,27.92190230009146,14,14
8,mirror,mirror,True,197,0.003665385314327522,0.04328347312811951,0.03983149416298283,0.04071300768579749,704,824,CONVERGENCE: RELATIVE REDUCTION OF F <= FACTR*EPSMCH,-8.0,-0.09141998874224003,True,1.330288099939935,14,14
8,mirror,mirror,True,198,0.0035881090917527715,0.03768042694549414,0.03473743290953529,0.03583781889924417,74,79,CONVERGENCE: RELATIVE REDUCTION OF F <= FACTR*EPSMCH,-3.2033387783977103,-0.6364049416346166,False,0.10399930004496127,14,14
8,mirror,mirror,True,199,0.0034416534847329172,0.04054982369441347,0.03729634804056367,0.038331243180203166,340,401,CONVERGENCE: RELATIVE REDUCTION OF F <= FACTR*EPSMCH,-3.4975887798993957,-0.6741932432452271,False,0.5188412999268621,14,14
8,mirror,crossed,False,0,0.00400881092786906,0.04655279317653702,0.0415031519436313,0.04248364751877883,16050,19020,CONVERGENCE: RELATIVE REDUCTION OF F <= FACTR*EPSMCH,-3.4935670772268472,8.0,True,33.93621710001025,14,14
8,mirror,crossed,False,1,0.00431063715330068,0.04965959057881894,0.044045577794918064,0.044581800338897346,668,826,CONVERGENCE: RELATIVE REDUCTION OF F <= FACTR*EPSMCH,-8.0,8.0,True,0.9297311000991613,14,14
8,mirror,crossed,False,2,0.0072645244098540306,0.07377286911588665,0.06850301412601871,0.06975765943486328,6903,7656,CONVERGENCE: RELATIVE REDUCTION OF F <= FACTR*EPSMCH,-3.065572764432907,8.0,True,8.301050100009888,14,14
8,mirror,crossed,False,3,0.007654354133789502,0.07724725188512917,0.07162218191364447,0.07328703908135435,5145,5896,CONVERGENCE: RELATIVE REDUCTION OF F <= FACTR*EPSMCH,-8.0,5.803126684652266,True,6.866190399974585,14,14
8,mirror,crossed,False,4,0.004312331117638403,0.04967494561772649,0.044003866015551896,0.04453547207493343,14945,18273,CONVERGENCE: RELATIVE REDUCTION OF F <= FACTR*EPSMCH,-8.0,7.889950356799963,True,26.134463399997912,14,14
8,mirror,crossed,False,5,0.003998003400336035,0.046442356923255594,0.04136642256008492,0.04232485637166884,18282,21382,CONVERGENCE: RELATIVE REDUCTION OF F <= FACTR*EPSMCH,-3.1589631035978236,7.9037016863295575,True,25.40742540010251,14,14
8,mirror,crossed,False,6,0.004553554501739691,0.05244907625283705,0.04770345128768345,0.049362742817290105,16637,19250,CONVERGENCE: RELATIVE REDUCTION OF F <= FACTR*EPSMCH,-1.166822710521598,7.999942862123282,True,22.946158300037496,14,14
8,mirror,crossed,False,7,0.0043130577474418605,0.049652623569274,0.04404206042437074,0.04458039084022977,1606,1885,CONVERGENCE: RELATIVE REDUCTION OF F <= FACTR*EPSMCH,-8.0,8.0,True,2.1142410000320524,14,14
8,mirror,crossed,False,8,0.00405506550569147,0.04711990140160416,0.0412888156633612,0.041952839423331986,20645,23049,CONVERGENCE: RELATIVE REDUCTION OF F <= FACTR*EPSMCH,-3.612247937146652,8.0,True,26.892213299986906,14,14
8,mirror,crossed,False,9,0.004008567605015122,0.046547326252762464,0.04149451625914753,0.042473386849739295,22878,26889,CONVERGENCE: RELATIVE REDUCTION OF F <= FACTR*EPSMCH,-3.494573923657687,8.0,True,31.52618960000109,14,14
8,mirror,crossed,False,10,0.003994292735845953,0.04637208229257719,0.04130777732223503,0.042272275160924515,26816,32044,CONVERGENCE: RELATIVE REDUCTION OF F <= FACTR*EPSMCH,-3.0153204004678575,8.0,True,34.76991539995652,14,14
8,mirror,crossed,False,11,0.0038984140861957643,0.04592760865229344,0.04105381550513413,0.04205767998335628,17859,21282,CONVERGENCE: RELATIVE REDUCTION OF F <= FACTR*EPSMCH,-2.521377164220419,7.932179125954341,True,23.212667600018904,14,14
8,mirror,crossed,False,12,0.005389424487736317,0.059842490063672,0.05698773890736012,0.05810086667957223,5672,6424,CONVERGENCE: RELATIVE REDUCTION OF F <= FACTR*EPSMCH,-3.429986390722436,7.781430877134721,False,7.039725600043312,14,14
8,mirror,crossed,False,13,0.004309854463686966,0.04962633200127551,0.0440128527290844,0.04455412178254958,10199,11879,CONVERGENCE: RELATIVE REDUCTION OF F <= FACTR*EPSMCH,-8.0,7.955170347676945,True,14.416556699899957,14,14
8,mirror,crossed,False,14,0.003961451788666073,0.04136441711610472,0.03738463647827932,0.0388103056878531,6231,7271,CONVERGENCE: RELATIVE REDUCTION OF F <= FACTR*EPSMCH,1.1303143181471185,7.234532847992071,False,8.332439800025895,14,14
8,mirror,crossed,False,15,0.00405549507236776,0.047119609282391416,0.041271494533106516,0.04193971301681758,8722,9997,CONVERGENCE: RELATIVE REDUCTION OF F <= FACTR*EPSMCH,-3.5940706834019682,7.0229663262466,False,11.130871700006537,14,14
8,mirror,crossed,False,16,0.003995338614322267,0.04639242638446234,0.04132370966888057,0.04228597972705822,21852,25942,CONVERGENCE: RELATIVE REDUCTION OF F <= FACTR*EPSMCH,-2.9776236397812053,8.0,True,30.744378400035203,14,14
8,mirror,crossed,False,17,0.0040069715695116815,0.046539846844964865,0.04148571728399414,0.04246786446137795,25919,28757,CONVERGENCE: RELATIVE REDUCTION OF F <= FACTR*EPSMCH,-3.4242591734618,8.0,True,32.205520900082774,14,14
8,mirror,crossed,False,18,0.004011081379818837,0.0465605169530038,0.04151282657457763,0.04249579190359327,33590,39868,CONVERGENCE: RELATIVE REDUCTION OF F <= FACTR*EPSMCH,-3.2307407478780714,8.0,True,43.200017599971034,14,14
8,mirror,crossed,False,19,0.003996313106300489,0.046412584640719255,0.04134385853239864,0.042305902919151206,9982,11533,CONVERGENCE: RELATIVE REDUCTION OF F <= FACTR*EPSMCH,-3.021964253236083,8.0,True,13.844464599969797,14,14
8,mirror,crossed,False,20,0.003994061304894197,0.046355246743936956,0.041294137207865296,0.042259917090096216,42834,51006,CONVERGENCE: RELATIVE REDUCTION OF F <= FACTR*EPSMCH,-2.9097218445184314,7.999999748516009,True,56.992305399966426,14,14
8,mirror,crossed,False,21,0.003996232169106577,0.046414845302938185,0.04134364563531476,0.04230519060070708,15748,18820,CONVERGENCE: RELATIVE REDUCTION OF F <= FACTR*EPSMCH,-3.143405879416067,7.9599725260642105,True,20.639814699999988,14,14
8,mirror,crossed,False,22,0.004055542487206979,0.04711797275237734,0.04128408970336117,0.041949696400075086,13818,15644,CONVERGENCE: RELATIVE REDUCTION OF F <= FACTR*EPSMCH,-3.6091409094746636,7.121190500453451,False,18.63365229999181,14,14
8,mirror,crossed,False,23,0.004162907828164577,0.04794397180997753,0.04275471531073626,0.043708051181737,569,692,CONVERGENCE: RELATIVE REDUCTION OF F <= FACTR*EPSMCH,-4.17026588266975,7.999116431694268,True,0.7539039000403136,14,14
8,mirror,crossed,False,24,0.003994309585774618,0.0463579959695381,0.041296990668613906,0.04226299616913083,19448,22551,CONVERGENCE: RELATIVE REDUCTION OF F <= FACTR*EPSMCH,-2.828904657150441,8.0,True,24.47900229995139,14,14
8,mirror,crossed,False,25,0.003959695409948515,0.04138219016992833,0.03729910223370715,0.03874759702924944,30371,33758,CONVERGENCE: RELATIVE REDUCTION OF F <= FACTR*EPSMCH,1.851944516158583,7.385054279235106,False,36.68951980001293,14,14
8,mirror,crossed,False,26,0.003995411522875538,0.04636038357286929,0.04129990197529142,0.04226481888245655,10720,12355,CONVERGENCE: RELATIVE REDUCTION OF F <= FACTR*EPSMCH,-2.649942301656446,8.0,True,14.73238499998115,14,14
8,mirror,crossed,False,27,0.00399376518134935,0.04633249674547091,0.041273654935159707,0.04224080954143482,10893,12881,CONVERGENCE: RELATIVE REDUCTION OF F <= FACTR*EPSMCH,-2.7869540364936807,8.0,True,13.910456799902022,14,14
8,mirror,crossed,False,28,0.003995743842372912,0.04640192762280596,0.041329032159951554,0.042287997443771125,23136,27551,CONVERGENCE: RELATIVE REDUCTION OF F <= FACTR*EPSMCH,-3.1105849649971007,7.9999978437268595,True,30.972950599971227,14,14
8,mirror,crossed,False,29,0.005561979943566697,0.05915233353201644,0.05287906727803823,0.05455268592793374,5925,6601,CONVERGENCE: RELATIVE REDUCTION OF F <= FACTR*EPSMCH,3.1115803458974356,7.998907706962552,True,7.301028000074439,14,14
8,mirror,crossed,False,30,0.007196364697663195,0.07422968277765186,0.06813662153140938,0.06953242978697761,1605,1810,CONVERGENCE: RELATIVE REDUCTION OF F <= FACTR*EPSMCH,-8.0,7.999986244686474,True,2.3924058999400586,14,14
8,mirror,crossed,False,31,0.003959858014580528,0.041377379407399446,0.037311145167700045,0.038755480181221345,31258,34696,CONVERGENCE: RELATIVE REDUCTION OF F <= FACTR*EPSMCH,1.0276616127949623,5.73651864744462,False,37.17439469997771,14,14
8,mirror,crossed,False,32,0.003995338840186553,0.04637505420805902,0.04131087979674757,0.04227429792618493,6919,8236,CONVERGENCE: RELATIVE REDUCTION OF F <= FACTR*EPSMCH,-2.7608732107439593,8.0,True,8.990612499997951,14,14
8,mirror,crossed,False,33,0.007654363079894581,0.07724737239767275,0.07162166838746885,0.07328610478306359,3330,3911,CONVERGENCE: RELATIVE REDUCTION OF F <= FACTR*EPSMCH,-8.0,7.246857179697997,True,4.351213000016287,14,14
8,mirror,crossed,False,34,0.0039985869596987555,0.04645871285576605,0.04138474751419667,0.04234486062340001,12374,14825,CONVERGENCE: RELATIVE REDUCTION OF F <= FACTR*EPSMCH,-3.3607896843013587,7.999781185195435,True,16.55657490005251,14,14
8,mirror,crossed,False,35,0.004055291588057381,0.04711923367197709,0.041264417127829536,0.04193016363691831,9114,10194,CONVERGENCE: RELATIVE REDUCTION OF F <= FACTR*EPSMCH,-3.6000196200863215,7.5014189846471035,False,10.919281700043939,14,14
8,mirror,crossed,False,36,0.00740223475547128,0.0756081379690822,0.0688555347520241,0.07014085836269364,15417,17448,CONVERGENCE: RELATIVE REDUCTION OF F <= FACTR*EPSMCH,-8.0,6.843374989939477,True,19.487085199914873,14,14
8,mirror,crossed,False,37,0.004312475330530027,0.04967559641469593,0.04406145314758253,0.04459828079854478,811,980,CONVERGENCE: RELATIVE REDUCTION OF F <= FACTR*EPSMCH,-8.0,8.0,True,1.0695211000274867,14,14
8,mirror,crossed,False,38,0.00400226068540696,0.04650000072758397,0.04141191745703575,0.0423658566344809,9153,10861,CONVERGENCE: RELATIVE REDUCTION OF F <= FACTR*EPSMCH,-3.469314016728371,7.999939849664466,True,11.604053699993528,14,14
8,mirror,crossed,False,39,0.003995607888575943,0.04640563233684043,0.041336795664210675,0.0422994031726672,19874,23960,CONVERGENCE: RELATIVE REDUCTION OF F <= FACTR*EPSMCH,-3.1632465047474385,7.995631893594368,True,26.09759010002017,14,14
8,mirror,crossed,False,40,0.0039982940761191885,0.04644669516743178,0.041369144860054594,0.04232624675959277,17540,20786,CONVERGENCE: RELATIVE REDUCTION OF F <= FACTR*EPSMCH,-3.141732222008185,8.0,True,22.932917600031942,14,14
8,mirror,crossed,False,41,0.003994259534748157,0.04629506472046031,0.041239251116844934,0.042208423622361796,11750,13817,CONVERGENCE: RELATIVE REDUCTION OF F <= FACTR*EPSMCH,-2.602781121453667,8.0,True,14.663422199897468,14,14
8,mirror,crossed,False,42,0.003959818590204937,0.04137763745540336,0.037309296932823866,0.03875429328872371,21262,23723,CONVERGENCE: RELATIVE REDUCTION OF F <= FACTR*EPSMCH,1.1834637815224964,6.0477338386217925,False,27.508671200019307,14,14
8,mirror,crossed,False,43,0.003959951648521347,0.0413892950258832,0.03729196564308623,0.03874192484268241,27963,31803,CONVERGENCE: RELATIVE REDUCTION OF F <= FACTR*EPSMCH,2.1498571377244917,7.985495488204694,True,41.03358079993632,14,14
8,mirror,crossed,False,44,0.003946402604211524,0.04643405726966709,0.04143882413990417,0.0424182466429134,14339,16486,CONVERGENCE: RELATIVE REDUCTION OF F <= FACTR*EPSMCH,-3.061954305297841,8.0,True,18.237283600028604,14,14
8,mirror,crossed,False,45,0.004311525170383567,0.04967327991920583,0.044074373368470914,0.04461778448857673,1288,1508,CONVERGENCE: RELATIVE REDUCTION OF F <= FACTR*EPSMCH,-8.0,8.0,True,1.6448048000456765,14,14
8,mirror,crossed,False,46,0.003897480546150277,0.04590856046501106,0.04104257346222654,0.04205719502802963,44027,52111,CONVERGENCE: RELATIVE REDUCTION OF F <= FACTR*EPSMCH,-2.2439573104428887,8.0,True,64.46869759995025,14,14
8,mirror,crossed,False,47,0.003961296851901792,0.04136304411400921,0.037382983693277076,0.038809004477680646,12786,14457,CONVERGENCE: RELATIVE REDUCTION OF F <= FACTR*EPSMCH,1.6802026511152421,7.658519840176444,False,13.30428529996425,14,14
8,mirror,crossed,False,48,0.00399525614874309,0.046382045666045375,0.04131851881356207,0.04228289799776749,15640,18311,CONVERGENCE: RELATIVE REDUCTION OF F <= FACTR*EPSMCH,-2.8715335379622045,8.0,True,20.74426379997749,14,14
8,mirror,crossed,False,49,0.005052094701663439,0.056310851425791376,0.05253458850156376,0.05380850223296358,21001,24073,CONVERGENCE: RELATIVE REDUCTION OF F <= FACTR*EPSMCH,-1.615574740566752,8.0,True,27.066690500010736,14,14
8,mirror,crossed,False,50,0.005131927636556227,0.05715039632517106,0.05384969565032031,0.05499593985613942,23787,27213,CONVERGENCE: RELATIVE REDUCTION OF F <= FACTR*EPSMCH,-2.0510262041889433,8.0,True,34.31555419997312,14,14
8,mirror,crossed,False,51,0.003960740767756898,0.041409755098929066,0.03728767426061123,0.03874336421582125,19948,22928,CONVERGENCE: RELATIVE REDUCTION OF F <= FACTR*EPSMCH,2.0862310291819397,7.858428100939939,False,20.518234999966808,14,14
8,mirror,crossed,False,52,0.003998499625469812,0.04646383499522095,0.041384244830087055,0.0423415840304135,17706,21375,CONVERGENCE: RELATIVE REDUCTION OF F <= FACTR*EPSMCH,-3.4094758642648544,7.969031899408201,True,25.01504950004164,14,14
8,mirror,crossed,False,53,0.003994630316673951,0.04637700435491609,0.04131927450978624,0.04228745698205811,23639,28565,CONVERGENCE: RELATIVE REDUCTION OF F <= FACTR*EPSMCH,-2.9941075271350543,7.990214397748115,True,37.39135039993562,14,14
8,mirror,crossed,False,54,0.009505542043793759,0.08842345300858266,0.08428649321677363,0.08580622161952554,8699,10899,CONVERGENCE: RELATIVE REDUCTION OF F <= FACTR*EPSMCH,-8.0,7.981027228388391,True,9.92684420000296,14,14
8,mirror,crossed,False,55,0.0039941535492960655,0.04634104992983687,0.041274504206351946,0.042237534232666324,19130,22301,CONVERGENCE: RELATIVE REDUCTION OF F <= FACTR*EPSMCH,-2.8948301450378193,7.989422677474169,True,20.312138699926436,14,14
8,mirror,crossed,False,56,0.007402128625757505,0.07560645027311289,0.06886506923717657,0.0701564633684259,7394,8903,CONVERGENCE: RELATIVE REDUCTION OF F <= FACTR*EPSMCH,-8.0,7.997577732749347,True,9.63881599996239,14,14
8,mirror,crossed,False,57,0.003897693675231924,0.04591409004371215,0.04104634430181926,0.042060266244912284,41044,47989,CONVERGENCE: RELATIVE REDUCTION OF F <= FACTR*EPSMCH,-2.3883295288870547,8.0,True,43.307201899937354,14,14
8,mirror,crossed,False,58,0.004008998109273805,0.0465596207326517,0.041510970552124715,0.04249287554725301,18348,21351,CONVERGENCE: RELATIVE REDUCTION OF F <= FACTR*EPSMCH,-3.502713297636256,8.0,True,20.47835049999412,14,14
8,mirror,crossed,False,59,0.003995800731980781,0.04639629317270055,0.04132706602742871,0.042288982280821036,28571,33722,CONVERGENCE: RELATIVE REDUCTION OF F <= FACTR*EPSMCH,-2.962359526243082,7.91875919622831,True,32.859700099914335,14,14
8,mirror,crossed,False,60,0.004001273058363527,0.04649590811975067,0.041403465070647294,0.042353785169944834,19374,22942,CONVERGENCE: RELATIVE REDUCTION OF F <= FACTR*EPSMCH,-3.3840206419030014,8.0,True,20.335462799994275,14,14
8,mirror,crossed,False,61,0.0043141499541888145,0.04967020283240107,0.04404812953889076,0.044582308605775715,1060,1279,CONVERGENCE: RELATIVE REDUCTION OF F <= FACTR*EPSMCH,-8.0,8.0,True,1.2059498999733478,14,14
8,mirror,crossed,False,62,0.003960081885782962,0.04136283475205163,0.03734269122407638,0.038776553341986174,11790,13173,CONVERGENCE: RELATIVE REDUCTION OF F <= FACTR*EPSMCH,2.1613919445263443,7.999991628896658,True,12.206591500085779,14,14
8,mirror,crossed,False,63,0.005277226234227379,0.05870946890616427,0.05534645022947889,0.056592567124540236,42162,49004,CONVERGENCE: RELATIVE REDUCTION OF F <= FACTR*EPSMCH,-1.8037315643296887,7.999985438374755,True,46.93178410001565,14,14
8,mirror,crossed,False,64,0.006427244875262275,0.06803631527261933,0.06070954075942951,0.0613041946846358,3479,3914,CONVERGENCE: RELATIVE REDUCTION OF F <= FACTR*EPSMCH,-0.916235223680774,3.5344792567074785,False,3.4002727000042796,14,14
8,mirror,crossed,False,65,0.003996174768271522,0.046417181880164006,0.0413491614769,0.042312355355458,34747,42143,CONVERGENCE: RELATIVE REDUCTION OF F <= FACTR*EPSMCH,-3.179267320999624,7.99945305730407,True,39.01151260000188,14,14
8,mirror,crossed,False,66,0.00389771305012873,0.04591508874442775,0.04104638721240166,0.04205990760902843,37883,44543,CONVERGENCE: RELATIVE REDUCTION OF F <= FACTR*EPSMCH,-2.4227066839305396,8.0,True,42.648333800025284,14,14
8,mirror,crossed,False,67,0.005558901566877465,0.059141209080785254,0.052872261522706264,0.054547750750663544,6245,7339,CONVERGENCE: RELATIVE REDUCTION OF F <= FACTR*EPSMCH,1.4498305375634288,7.9999993739975235,True,6.498659700038843,14,14
8,mirror,crossed,False,68,0.003948185278777431,0.04645983216237941,0.04144698215333968,0.04241639369858371,7095,7661,CONVERGENCE: RELATIVE REDUCTION OF F <= FACTR*EPSMCH,-3.4015257440171167,6.726880827879483,False,6.7985306000337005,14,14
8,mirror,crossed,False,69,0.00396168545340291,0.04136742493957379,0.03738651247769751,0.038812503332531875,6255,7395,CONVERGENCE: RELATIVE REDUCTION OF F <= FACTR*EPSMCH,1.2965965441587242,7.999887939856852,True,6.93130330007989,14,14
8,mirror,crossed,False,70,0.004559974112972072,0.05250971308593536,0.047745785708694186,0.049409027489296715,1991,2455,CONVERGENCE: RELATIVE REDUCTION OF F <= FACTR*EPSMCH,-1.4944584904620815,5.05904317167803,False,2.4200840999837965,14,14
8,mirror,crossed,False,71,0.003959778762597477,0.04137298746748839,0.037316296296045,0.03875866645124491,6012,6717,CONVERGENCE: RELATIVE REDUCTION OF F <= FACTR*EPSMCH,1.3062942901867443,6.292976394884934,False,7.250203999923542,14,14
8,mirror,crossed,False,72,0.00555919918944146,0.05914176522419779,0.05287278897170805,0.054549009739947585,41305,46248,CONVERGENCE: RELATIVE REDUCTION OF F <= FACTR*EPSMCH,2.1495094830911,8.0,True,44.010110099916346,14,14
8,mirror,crossed,False,73,0.006843693786258389,0.07087659612713366,0.06268904531913981,0.0627906091552157,4518,5313,CONVERGENCE: RELATIVE REDUCTION OF F <= FACTR*EPSMCH,-7.927719963215342,7.214640880119321,True,5.1975682999473065,14,14
8,mirror,crossed,False,74,0.0040006448452832724,0.04648320517084353,0.0413943435116221,0.0423476707568469,13262,15951,CONVERGENCE: RELATIVE REDUCTION OF F <= FACTR*EPSMCH,-3.4229128458630718,8.0,True,14.166979699977674,14,14
8,mirror,crossed,False,75,0.0039612184855426485,0.04136263965258722,0.03738052521144175,0.03880641952888134,11720,12950,CONVERGENCE: RELATIVE REDUCTION OF F <= FACTR*EPSMCH,1.6848628535216557,7.042639976784522,False,11.459552800050005,14,14
8,mirror,crossed,False,76,0.00453833092061217,0.052269643505267756,0.04756831457827858,0.049204578757702,11116,12919,CONVERGENCE: RELATIVE REDUCTION OF F <= FACTR*EPSMCH,-1.8574332091035068,5.723005066315817,False,12.12212690000888,14,14
8,mirror,crossed,False,77,0.004312342190435107,0.04967958906520967,0.0441627671146209,0.044711446633550714,1999,2349,CONVERGENCE: RELATIVE REDUCTION OF F <= FACTR*EPSMCH,-8.0,7.999860718396468,True,2.0674592999275774,14,14
8,mirror,crossed,False,78,0.003998146271886624,0.04643964051946906,0.04136252802661053,0.04231976860171462,18965,22487,CONVERGENCE: RELATIVE REDUCTION OF F <= FACTR*EPSMCH,-3.0673249815394934,7.965231901572501,True,20.042891000048257,14,14
8,mirror,crossed,False,79,0.00399890636008309,0.046447756285450996,0.04137399548846188,0.042335244330390195,11512,13779,CONVERGENCE: RELATIVE REDUCTION OF F <= FACTR*EPSMCH,-3.2613123399942077,7.984776852480218,True,12.553475699969567,14,14
8,mirror,crossed,False,80,0.00431196857060635,0.049677446398543074,0.04407412732744829,0.04461687139734407,14775,17837,CONVERGENCE: RELATIVE REDUCTION OF F <= FACTR*EPSMCH,-8.0,7.999976549865193,True,16.108547699986957,14,14
8,mirror,crossed,False,81,0.003998689180138327,0.0464528884198678,0.04137420179729309,0.042331851869317934,21348,25367,CONVERGENCE: RELATIVE REDUCTION OF F <= FACTR*EPSMCH,-3.194991041948941,7.9981678764520305,True,22.760427300003357,14,14
8,mirror,crossed,False,82,0.006844079531760017,0.07087886047243029,0.06268299472066623,0.06278051038580439,5232,5998,CONVERGENCE: RELATIVE REDUCTION OF F <= FACTR*EPSMCH,-8.0,7.999952771960867,True,5.1666723000817,14,14
8,mirror,crossed,False,83,0.003994439398821445,0.04636621589438131,0.041297809853611395,0.04225906673516903,8652,10466,CONVERGENCE: RELATIVE REDUCTION OF F <= FACTR*EPSMCH,-2.8606595955802057,7.999949444707256,True,10.060128999990411,14,14
8,mirror,crossed,False,84,0.003994580812196252,0.04635174561918091,0.04129084797504944,0.042256006771124434,38901,46425,CONVERGENCE: RELATIVE REDUCTION OF F <= FACTR*EPSMCH,-2.70220240850623,8.0,True,42.515563400113024,14,14
8,mirror,crossed,False,85,0.004000790983639533,0.04648354261790757,0.041395333151271224,0.04234728797702987,12224,14474,CONVERGENCE: RELATIVE REDUCTION OF F <= FACTR*EPSMCH,-3.3007410802417483,8.0,True,12.610504999989644,14,14
8,mirror,crossed,False,86,0.00399405677280176,0.046326199633311534,0.04126504059955889,0.042231174724206545,24519,28734,CONVERGENCE: RELATIVE REDUCTION OF F <= FACTR*EPSMCH,-2.7013895242122943,7.999854721285031,True,24.558992499951273,14,14
8,mirror,crossed,False,87,0.006837015680845571,0.07083460456745311,0.06267444546671808,0.0628010585830386,11408,12873,CONVERGENCE: RELATIVE REDUCTION OF F <= FACTR*EPSMCH,-4.397090402611878,7.978304515935572,True,12.265126700047404,14,14
8,mirror,crossed,False,88,0.003994049532531572,0.046345040038528816,0.04128210796237089,0.04224663996921087,17582,20702,CONVERGENCE: RELATIVE REDUCTION OF F <= FACTR*EPSMCH,-2.7569993474603236,8.0,True,19.523784200078808,14,14
8,mirror,crossed,False,89,0.003939837384340077,0.04636857276221098,0.04138800680584001,0.04237357133608415,8805,9805,CONVERGENCE: RELATIVE REDUCTION OF F <= FACTR*EPSMCH,-3.152500981513144,7.997005677650266,True,8.519616900011897,14,14
8,mirror,crossed,False,90,0.003959850645138552,0.041375816523120716,0.037313999589863506,0.038757283495693566,16398,18114,CONVERGENCE: RELATIVE REDUCTION OF F <= FACTR*EPSMCH,1.06339746976275,5.80788378413147,False,15.953313700039871,14,14
8,mirror,crossed,False,91,0.00952202793992558,0.0883785462089926,0.08423357925682783,0.08575577777920025,8440,10096,CONVERGENCE: RELATIVE REDUCTION OF F <= FACTR*EPSMCH,-8.0,7.96286918140533,True,8.495722000021487,14,14
8,mirror,crossed,False,92,0.003961553289148213,0.04136599663400443,0.03738487556273562,0.03881099686360625,17793,21295,CONVERGENCE: RELATIVE REDUCTION OF F <= FACTR*EPSMCH,0.9626588599619695,7.99999372779974,True,19.2821945999749,14,14
8,mirror,crossed,False,93,0.00396120906768417,0.04136304597234028,0.037379026835106834,0.038805849106879474,5921,6596,CONVERGENCE: RELATIVE REDUCTION OF F <= FACTR*EPSMCH,1.5756218319829165,6.822497747050244,False,5.647227699984796,14,14
8,mirror,crossed,False,94,0.007196356692798721,0.07422961130702259,0.0681370118080786,0.06953302976484094,1940,2176,CONVERGENCE: RELATIVE REDUCTION OF F <= FACTR*EPSMCH,-8.0,7.996585592756409,True,1.9226033999584615,14,14
8,mirror,crossed,False,95,0.0054717378029094646,0.060562864706287155,0.05795387346929559,0.059075268315914364,19480,23923,CONVERGENCE: RELATIVE REDUCTION OF F <= FACTR*EPSMCH,-3.742722606011892,6.406252847079174,False,20.568274299963377,14,14
8,mirror,crossed,False,96,0.003997087328723335,0.046428369175267124,0.04135580563050286,0.04231610245339876,11000,13009,CONVERGENCE: RELATIVE REDUCTION OF F <= FACTR*EPSMCH,-3.0818155266480165,7.983532332969973,True,11.189075200003572,14,14
8,mirror,crossed,False,97,0.0039612894918742425,0.04136313790751621,0.03738148430604327,0.03880776028702642,8579,9619,CONVERGENCE: RELATIVE REDUCTION OF F <= FACTR*EPSMCH,2.164425745431479,7.999999973470163,True,8.338032500003465,14,14
8,mirror,crossed,False,98,0.004002231115265289,0.04651852643483821,0.04142135759688592,0.04237148101666327,48545,56257,CONVERGENCE: RELATIVE REDUCTION OF F <= FACTR*EPSMCH,-3.4395894302208223,7.987591294300485,True,51.637063700007275,14,14
8,mirror,crossed,False,99,0.003959829249259776,0.04137834977349676,0.0373086149689063,0.038753883958814114,8369,9435,CONVERGENCE: RELATIVE REDUCTION OF F <= FACTR*EPSMCH,1.0898284017495352,5.860999687270306,False,41.27883780002594,14,14
8,mirror,crossed,False,100,0.00556043430130556,0.05914207304191541,0.05287349900999573,0.05455113119594505,22503,25911,CONVERGENCE: RELATIVE REDUCTION OF F <= FACTR*EPSMCH,3.1123606744717947,8.0,True,23.19592160009779,14,14
8,mirror,crossed,False,101,0.007252627610307793,0.07193687999737468,0.06604998340412851,0.06804593627327778,5719,7118,CONVERGENCE: RELATIVE REDUCTION OF F <= FACTR*EPSMCH,-2.9627525865205726,8.0,True,6.548743600025773,14,14
8,mirror,crossed,False,102,0.003997786655414299,0.04643384425224097,0.04136020914597336,0.04232045852162404,15699,18634,CONVERGENCE: RELATIVE REDUCTION OF F <= FACTR*EPSMCH,-3.0747914221000614,8.0,True,31.267488199984655,14,14
8,mirror,crossed,False,103,0.003996204982214909,0.046414212380148485,0.04134373867442005,0.04230460649673688,10277,12271,CONVERGENCE: RELATIVE REDUCTION OF F <= FACTR*EPSMCH,-3.052583872466426,7.993164974906214,True,82.36969180009328,14,14
8,mirror,crossed,False,104,0.003995552337019431,0.04639476407493815,0.04132697204403067,0.042289578481852885,17381,20284,CONVERGENCE: RELATIVE REDUCTION OF F <= FACTR*EPSMCH,-2.9400074161932355,8.0,True,18.258038299973123,14,14
8,mirror,crossed,False,105,0.006427209874864219,0.06803602856078832,0.06070930050014079,0.061303933029260314,10698,11888,CONVERGENCE: RELATIVE REDUCTION OF F <= FACTR*EPSMCH,0.04516210987291568,5.456837826735731,False,10.500840699998662,14,14
8,mirror,crossed,False,106,0.0040127782900075985,0.046546863827183295,0.041500474138615656,0.04248532707725654,14473,16981,CONVERGENCE: RELATIVE REDUCTION OF F <= FACTR*EPSMCH,-3.437229059612316,8.0,True,60.90047669992782,14,14
8,mirror,crossed,False,107,0.003995151058362687,0.046350953196305,0.04128676735263371,0.04225073763840108,29055,34911,CONVERGENCE: RELATIVE REDUCTION OF F <= FACTR*EPSMCH,-2.5964478341767663,7.999998654087833,True,173.42194809997454,14,14
8,mirror,crossed,False,108,0.003995779574812537,0.04639416763485286,0.041327178394620204,0.0422900467976272,19713,22833,CONVERGENCE: RELATIVE REDUCTION OF F <= FACTR*EPSMCH,-2.9453396712443327,7.940538402325916,True,55.217100200010464,14,14
8,mirror,crossed,False,109,0.004008760508036872,0.0465493674589444,0.04150106143689915,0.04248255238443118,13623,15224,CONVERGENCE: RELATIVE REDUCTION OF F <= FACTR*EPSMCH,-3.494021114096808,7.929057015700581,True,107.85004449996632,14,14
8,mirror,crossed,False,110,0.004000245517050169,0.04648322535306153,0.04139122507386249,0.04234059003465056,11529,13474,CONVERGENCE: RELATIVE REDUCTION OF F <= FACTR*EPSMCH,-3.3186842435888315,7.999977112967969,True,57.75621040002443,14,14
8,mirror,crossed,False,111,0.003995472998434655,0.04640390365629319,0.04133779464548351,0.04230196307046468,12201,14678,CONVERGENCE: RELATIVE REDUCTION OF F <= FACTR*EPSMCH,-3.203169008961279,7.9999991243079,True,67.61295520002022,14,14
8,mirror,crossed,False,112,0.007404409526589415,0.07561337076598453,0.06885286888595722,0.07013787557348342,3079,3637,CONVERGENCE: RELATIVE REDUCTION OF F <= FACTR*EPSMCH,-8.0,7.429753887854842,True,21.065034299972467,14,14
8,mirror,crossed,False,113,0.005346352348311857,0.0555663947769395,0.05127346271562967,0.052569453342428414,24742,29121,CONVERGENCE: RELATIVE REDUCTION OF F <= FACTR*EPSMCH,0.6455901602470437,7.999540692022571,True,157.12199870008044,14,14
8,mirror,crossed,False,114,0.003994139044486793,0.046339518388898764,0.041279444152525664,0.0422458016349129,13121,15860,CONVERGENCE: RELATIVE REDUCTION OF F <= FACTR*EPSMCH,-2.7385193452589203,7.999083786105782,True,84.12395040004048,14,14
8,mirror,crossed,False,115,0.005133666143202237,0.05716852527982301,0.053889890693122,0.055029964015873206,3507,4101,CONVERGENCE: RELATIVE REDUCTION OF F <= FACTR*EPSMCH,-2.1317356026436385,7.943268117638874,True,16.128757700091228,14,14
8,mirror,crossed,False,116,0.003897698678969513,0.04591458992953998,0.04104587871131175,0.04205903563849236,30636,35844,CONVERGENCE: RELATIVE REDUCTION OF F <= FACTR*EPSMCH,-2.3892963110871435,8.0,True,174.09904500003904,14,14
8,mirror,crossed,False,117,0.003897443552199683,0.04590893414786028,0.04104285140554482,0.04205729621385291,33455,39376,CONVERGENCE: RELATIVE REDUCTION OF F <= FACTR*EPSMCH,-2.258659879888865,8.0,True,168.25818910007365,14,14
8,mirror,crossed,False,118,0.0045549143979516605,0.05246154408830967,0.04769424859220719,0.0493632043349141,17411,20812,CONVERGENCE: RELATIVE REDUCTION OF F <= FACTR*EPSMCH,-1.6616468825064792,7.999899160317659,True,48.54136090003885,14,14
8,mirror,crossed,False,119,0.003958845844430202,0.04654896684818843,0.0415031430301209,0.04248319348581088,23566,27095,CONVERGENCE: RELATIVE REDUCTION OF F <= FACTR*EPSMCH,-3.356022122459628,7.759178327226641,False,95.88679189991672,14,14
8,mirror,crossed,False,120,0.0053091155218465275,0.059034644848782486,0.056024670431005605,0.05726026308128546,28318,32453,CONVERGENCE: RELATIVE REDUCTION OF F <= FACTR*EPSMCH,-2.463752979479747,7.999145293913182,True,154.88536810001824,14,14
8,mirror,crossed,False,121,0.004281207705149622,0.04966522223262184,0.04406636883616954,0.04460433360678841,2204,2545,CONVERGENCE: RELATIVE REDUCTION OF F <= FACTR*EPSMCH,-8.0,7.9992740363678,True,18.274616400012746,14,14
8,mirror,crossed,False,122,0.0039936853168124585,0.046326259203151234,0.041266914094096656,0.04223359359002155,28148,32824,CONVERGENCE: RELATIVE REDUCTION OF F <= FACTR*EPSMCH,-2.781342667341253,8.0,True,92.17654070002027,14,14
8,mirror,crossed,False,123,0.0039960146705717466,0.046393954334666886,0.04132198517683708,0.042282519741944274,9447,10881,CONVERGENCE: RELATIVE REDUCTION OF F <= FACTR*EPSMCH,-2.9185831256236563,7.97379226617069,True,30.267899199970998,14,14
8,mirror,crossed,False,124,0.003998752632740892,0.04646698195331403,0.04138295954237263,0.04233768617089958,14697,17730,CONVERGENCE: RELATIVE REDUCTION OF F <= FACTR*EPSMCH,-3.4073794361991463,8.0,True,75.95371150004212,14,14
8,mirror,crossed,False,125,0.003994113926777432,0.046337643152033564,0.04128451473696692,0.042255304780608766,12702,14861,CONVERGENCE: RELATIVE REDUCTION OF F <= FACTR*EPSMCH,-2.7874996687894473,8.0,True,71.311298500048,14,14
8,mirror,crossed,False,126,0.003997842418470532,0.046441328989237765,0.041370206022177045,0.042331765418102345,10860,12958,CONVERGENCE: RELATIVE REDUCTION OF F <= FACTR*EPSMCH,-3.261923445297407,8.0,True,39.39633919997141,14,14
8,mirror,crossed,False,127,0.005566720341772183,0.05917978546051682,0.05290500640889445,0.05457398737554771,6074,6815,CONVERGENCE: RELATIVE REDUCTION OF F <= FACTR*EPSMCH,2.5974351483565883,7.999980675582472,True,17.61545289994683,14,14
8,mirror,crossed,False,128,0.0039945991071064476,0.04635852744233204,0.04129203484981723,0.042255449308322604,45179,54163,CONVERGENCE: RELATIVE REDUCTION OF F <= FACTR*EPSMCH,-2.9903233841143733,7.991064423093226,True,182.93385000003036,14,14
8,mirror,crossed,False,129,0.004309419078865992,0.049650142012025694,0.04403951729881141,0.04458060747835821,12710,15071,CONVERGENCE: RELATIVE REDUCTION OF F <= FACTR*EPSMCH,-8.0,8.0,True,44.40076799993403,14,14
8,mirror,crossed,False,130,0.0038975657556124094,0.04591187706390566,0.04104430452413624,0.04205810570101769,21648,24881,CONVERGENCE: RELATIVE REDUCTION OF F <= FACTR*EPSMCH,-2.3467154247288375,8.0,True,113.19737890001852,14,14
8,mirror,crossed,False,131,0.003994532466175529,0.04636768576243073,0.041305535241253306,0.04227029885434471,10617,12662,CONVERGENCE: RELATIVE REDUCTION OF F <= FACTR*EPSMCH,-2.82030866107041,8.0,True,35.26651129999664,14,14
8,mirror,crossed,False,132,0.003994476785763718,0.04637081957360378,0.04130680660483249,0.04227094628083952,15319,17849,CONVERGENCE: RELATIVE REDUCTION OF F <= FACTR*EPSMCH,-2.8863524721007128,7.999833438145678,True,42.22142119996715,14,14
8,mirror,crossed,False,133,0.005479083024008751,0.06062832893057248,0.05792863374033108,0.05904691104256678,5184,6078,CONVERGENCE: RELATIVE REDUCTION OF F <= FACTR*EPSMCH,-7.988399080558987,5.2068938863246945,True,18.00891909992788,14,14
8,mirror,crossed,False,134,0.005561011256227757,0.05914727285311866,0.052879014762273344,0.054555558231747694,20048,22759,CONVERGENCE: RELATIVE REDUCTION OF F <= FACTR*EPSMCH,3.112084288811877,7.999993681848686,True,102.37879779993091,14,14
8,mirror,crossed,False,135,0.003995862074033601,0.04639678562451943,0.04133642159861121,0.042303271179758614,18605,22216,CONVERGENCE: RELATIVE REDUCTION OF F <= FACTR*EPSMCH,-2.9563392340903354,7.998209287700691,True,69.75214630004484,14,14
8,mirror,crossed,False,136,0.004311570637949007,0.049663585464252445,0.044057589510685856,0.04460028096239941,912,1048,CONVERGENCE: RELATIVE REDUCTION OF F <= FACTR*EPSMCH,-8.0,7.999996193803233,True,3.1528293999144807,14,14
8,mirror,crossed,False,137,0.00394718340813151,0.04644401741496091,0.04144413675870554,0.04242309097122201,21418,24912,CONVERGENCE: RELATIVE REDUCTION OF F <= FACTR*EPSMCH,-3.4495637545656,7.999999999999162,True,104.28120650001802,14,14
8,mirror,crossed,False,138,0.006844643143481574,0.07088272768682094,0.06269850554329155,0.06280009882651655,5154,5953,CONVERGENCE: RELATIVE REDUCTION OF F <= FACTR*EPSMCH,-8.0,7.298060546378267,True,26.804022400057875,14,14
8,mirror,crossed,False,139,0.003995635756340595,0.04638830727017683,0.04133110795620161,0.042299419183524214,18765,22148,CONVERGENCE: RELATIVE REDUCTION OF F <= FACTR*EPSMCH,-2.9471922403210673,8.0,True,63.81530370004475,14,14
8,mirror,crossed,False,140,0.0039992760227669216,0.04646603309764214,0.041379694716001676,0.04233392477969767,20797,24838,CONVERGENCE: RELATIVE REDUCTION OF F <= FACTR*EPSMCH,-3.3481330051486373,8.0,True,92.63327450002544,14,14
8,mirror,crossed,False,141,0.0042585496730712154,0.049631486161164175,0.04411094394346853,0.044649642074010155,30486,36084,CONVERGENCE: RELATIVE REDUCTION OF F <= FACTR*EPSMCH,-7.9998375652240865,8.0,True,95.15186079998966,14,14
8,mirror,crossed,False,142,0.004026893157621984,0.0463503245561442,0.04120518489253427,0.042135400674556074,819,960,CONVERGENCE: RELATIVE REDUCTION OF F <= FACTR*EPSMCH,-1.6142340767897647,7.998754048611004,True,1.401077999966219,14,14
8,mirror,crossed,False,143,0.005560089972242091,0.05914351365651997,0.052874830485040235,0.05455119787395031,22977,25700,CONVERGENCE: RELATIVE REDUCTION OF F <= FACTR*EPSMCH,2.5760962289703837,7.963263926232944,True,67.16546960000414,14,14
8,mirror,crossed,False,144,0.00399543248791785,0.04639217746922539,0.04133735063946018,0.0423070412062092,8060,9485,CONVERGENCE: RELATIVE REDUCTION OF F <= FACTR*EPSMCH,-3.0218329426522237,7.999470748248682,True,29.13715759990737,14,14
8,mirror,crossed,False,145,0.005795362494263734,0.06231951683294659,0.05460986538627499,0.05515592745813573,89976,104617,CONVERGENCE: RELATIVE REDUCTION OF F <= FACTR*EPSMCH,1.1958769067931434,7.900584146460167,True,379.9785987000214,14,14
8,mirror,crossed,False,146,0.003994649377276668,0.04637105494493271,0.0413075546473932,0.04227208322175591,10349,12106,CONVERGENCE: RELATIVE REDUCTION OF F <= FACTR*EPSMCH,-2.8969922981740246,7.999556225341821,True,36.908011699910276,14,14
8,mirror,crossed,False,147,0.0038974739640676844,0.04590886681569308,0.0410430330661254,0.04205761822216758,46772,54973,CONVERGENCE: RELATIVE REDUCTION OF F <= FACTR*EPSMCH,-2.24000817179806,8.0,True,164.02438880002592,14,14
8,mirror,crossed,False,148,0.003993892617022857,0.0463356737612007,0.04127725760176028,0.04224431329026229,16084,18611,CONVERGENCE: RELATIVE REDUCTION OF F <= FACTR*EPSMCH,-2.7257263094879343,8.0,True,48.85065320006106,14,14
8,mirror,crossed,False,149,0.016384050224050557,0.120665682250418,0.11479635471105158,0.11554648258048208,24002,28139,CONVERGENCE: RELATIVE REDUCTION OF F <= FACTR*EPSMCH,-8.0,7.8536595118403465,True,64.10436570004094,14,14
8,mirror,crossed,False,150,0.00756318758669796,0.07661157766271354,0.07044899836789771,0.07215794222724298,20854,25534,CONVERGENCE: RELATIVE REDUCTION OF F <= FACTR*EPSMCH,-8.0,7.970917900224817,True,100.45142559998203,14,14
8,mirror,crossed,False,151,0.003959759655944096,0.04137017898766139,0.0373211784177077,0.03876209372535881,11149,12394,CONVERGENCE: RELATIVE REDUCTION OF F <= FACTR*EPSMCH,1.6794591447874776,7.037637830387427,False,84.13819470000453,14,14
8,mirror,crossed,False,152,0.0038974566455382193,0.045909214909007096,0.04104312205918471,0.04205760870020183,66987,78180,CONVERGENCE: RELATIVE REDUCTION OF F <= FACTR*EPSMCH,-2.2598801397625934,8.0,True,256.50414520001505,14,14
8,mirror,crossed,False,153,0.005561539557778871,0.059158770401380185,0.05288995994028683,0.054564098462087235,21532,23696,CONVERGENCE: RELATIVE REDUCTION OF F <= FACTR*EPSMCH,2.529816646236223,7.932345033111222,True,114.76941289997194,14,14
8,mirror,crossed,False,154,0.0039975320865066844,0.04644112593080714,0.0413658286707895,0.04232500695473995,28927,34319,CONVERGENCE: RELATIVE REDUCTION OF F <= FACTR*EPSMCH,-3.213261755591774,8.0,True,117.99438269995153,14,14
8,mirror,crossed,False,155,0.005275258246772824,0.05868700438346176,0.055303199280554834,0.05655397343258611,15647,18493,CONVERGENCE: RELATIVE REDUCTION OF F <= FACTR*EPSMCH,-2.2526971243304614,8.0,True,63.03585479990579,14,14
8,mirror,crossed,False,156,0.004009964832105131,0.046547644285409036,0.041503543995103476,0.042486286443040415,18447,20733,CONVERGENCE: RELATIVE REDUCTION OF F <= FACTR*EPSMCH,-3.3819125900866007,8.0,True,81.4658502000384,14,14
8,mirror,crossed,False,157,0.009474275261403682,0.08822573939959255,0.08412997229542186,0.08567496438065697,5542,6535,CONVERGENCE: RELATIVE REDUCTION OF F <= FACTR*EPSMCH,-8.0,7.992566228479794,True,36.73511679994408,14,14
8,mirror,crossed,False,158,0.003995627822963382,0.0463986625085601,0.04133093246031086,0.04229308691192948,6875,8246,CONVERGENCE: RELATIVE REDUCTION OF F <= FACTR*EPSMCH,-2.953725428323365,8.0,True,59.43510709994007,14,14
8,mirror,crossed,False,159,0.003946058816455044,0.04643226348092176,0.04143535067308192,0.04241290905983809,16204,18399,CONVERGENCE: RELATIVE REDUCTION OF F <= FACTR*EPSMCH,-3.2982091692311317,8.0,True,73.22523129999172,14,14
8,mirror,crossed,False,160,0.00400890722872149,0.04657237588368714,0.04153584432677527,0.04252465404175564,14676,17266,CONVERGENCE: RELATIVE REDUCTION OF F <= FACTR*EPSMCH,-3.3248404033300054,8.0,True,71.83340669993777,14,14
8,mirror,crossed,False,161,0.005309233820868946,0.05903719033882532,0.05603058320071227,0.057265543526113544,5152,5810,CONVERGENCE: RELATIVE REDUCTION OF F <= FACTR*EPSMCH,-3.420003798939625,7.27985061608997,False,19.279031199985184,14,14
8,mirror,crossed,False,162,0.004554068636788605,0.05245443844653428,0.04771064338518426,0.049369152394179626,8361,9918,CONVERGENCE: RELATIVE REDUCTION OF F <= FACTR*EPSMCH,-1.3271257179616054,7.970168916047474,True,27.021856599953026,14,14
8,mirror,crossed,False,163,0.005478819220274148,0.06062451430215712,0.057925897239289446,0.05904578640783394,4657,5774,CONVERGENCE: RELATIVE REDUCTION OF F <= FACTR*EPSMCH,-7.984144554262847,4.94622462395344,True,17.659843700006604,14,14
8,mirror,crossed,False,164,0.003959831567612487,0.04138157779765777,0.03730317009058037,0.03875019296459327,39129,43175,CONVERGENCE: RELATIVE REDUCTION OF F <= FACTR*EPSMCH,1.1050551758698244,5.892425814587732,False,155.61691930005327,14,14
8,mirror,crossed,False,165,0.003998215335854202,0.046422717288021616,0.041351688545175555,0.04231168560999737,11491,13706,CONVERGENCE: RELATIVE REDUCTION OF F <= FACTR*EPSMCH,-2.9117649708705304,8.0,True,32.672962600016035,14,14
8,mirror,crossed,False,166,0.003959926990627642,0.04138173466952677,0.03730583748060165,0.03875237547667434,32364,36135,CONVERGENCE: RELATIVE REDUCTION OF F <= FACTR*EPSMCH,0.9223107819704495,5.5267093890664185,False,63.51850409992039,14,14
8,mirror,crossed,False,167,0.003936987837815309,0.04634163365417014,0.04135358910193532,0.04233163868383564,9052,10293,CONVERGENCE: RELATIVE REDUCTION OF F <= FACTR*EPSMCH,-2.5933971997799947,7.015862138128081,False,17.677260900032707,14,14
8,mirror,crossed,False,168,0.005051766256022271,0.05630989885909214,0.05255504737387175,0.053822974182788495,24454,28279,CONVERGENCE: RELATIVE REDUCTION OF F <= FACTR*EPSMCH,-1.7235282066756559,8.0,True,113.9216349000344,14,14
8,mirror,crossed,False,169,0.006427262647216688,0.06803654215005159,0.06071092838554583,0.061305917730432716,9687,11111,CONVERGENCE: RELATIVE REDUCTION OF F <= FACTR*EPSMCH,0.7216325239323983,6.808114495380915,False,24.682542400085367,14,14
8,mirror,crossed,False,170,0.00399707387690816,0.04641948258633879,0.041346358154297935,0.04230741153394673,5930,6869,CONVERGENCE: RELATIVE REDUCTION OF F <= FACTR*EPSMCH,-3.0280139217693463,7.981544764948083,True,10.628027400001884,14,14
8,mirror,crossed,False,171,0.003957297017747689,0.04654284108855877,0.04150867871405501,0.0424841788351856,15964,18653,CONVERGENCE: RELATIVE REDUCTION OF F <= FACTR*EPSMCH,-3.465014908349777,7.995737377523667,True,29.51092510006856,14,14
8,mirror,crossed,False,172,0.005560500596640397,0.05915258482504848,0.05288549520654282,0.054560992622744005,41889,49241,CONVERGENCE: RELATIVE REDUCTION OF F <= FACTR*EPSMCH,-0.012536575583503332,7.996313702540072,True,87.35995209997054,14,14
8,mirror,crossed,False,173,0.003995250817821913,0.04637886258248782,0.04131229203247522,0.042275841586555944,16520,19382,CONVERGENCE: RELATIVE REDUCTION OF F <= FACTR*EPSMCH,-2.9108295670918407,8.0,True,29.872145400033332,14,14
8,mirror,crossed,False,174,0.003994674114693111,0.046344567791153236,0.04128730756817234,0.04225456618357034,12930,15086,CONVERGENCE: RELATIVE REDUCTION OF F <= FACTR*EPSMCH,-2.6559728824517985,8.0,True,18.252697400050238,14,14
8,mirror,crossed,False,175,0.0045534057808177915,0.05245348623565355,0.047692094382590346,0.04935449643833271,11389,13005,CONVERGENCE: RELATIVE REDUCTION OF F <= FACTR*EPSMCH,0.3330609037717036,7.999924107423324,True,19.292667699977756,14,14
8,mirror,crossed,False,176,0.005275283495977618,0.05869097758706474,0.05530646478755836,0.05655611408850739,45451,53202,CONVERGENCE: RELATIVE REDUCTION OF F <= FACTR*EPSMCH,-2.306918299396107,8.0,True,89.3564563000109,14,14
8,mirror,crossed,False,177,0.004311366160682538,0.049673083358207915,0.04405774782331683,0.04459282500008506,1833,2091,CONVERGENCE: RELATIVE REDUCTION OF F <= FACTR*EPSMCH,-8.0,7.999999458409236,True,2.616925199981779,14,14
8,mirror,crossed,False,178,0.004311695029193361,0.04967543423710247,0.04406486519050789,0.04460583151027653,6261,7143,CONVERGENCE: RELATIVE REDUCTION OF F <= FACTR*EPSMCH,-8.0,7.999914292734579,True,8.616668300004676,14,14
8,mirror,crossed,False,179,0.003995752096198424,0.04635082637710196,0.041291962881506626,0.04225794921044733,15995,18965,CONVERGENCE: RELATIVE REDUCTION OF F <= FACTR*EPSMCH,-2.597541952772467,8.0,True,26.64591099997051,14,14
8,mirror,crossed,False,180,0.003961261313876623,0.041362932427266755,0.037380727646128174,0.03880730515168312,26250,29507,CONVERGENCE: RELATIVE REDUCTION OF F <= FACTR*EPSMCH,1.8414137338271581,7.5110237831756494,False,51.4262418000726,14,14
8,mirror,crossed,False,181,0.005347498902835734,0.05557974881244777,0.051283030690980336,0.052574758587709894,4861,5750,CONVERGENCE: RELATIVE REDUCTION OF F <= FACTR*EPSMCH,-0.12212561959198989,7.99994915481097,True,12.087590200011618,14,14
8,mirror,crossed,False,182,0.003993841646319471,0.0463155957709295,0.041259356017054744,0.04222750066777585,17974,20614,CONVERGENCE: RELATIVE REDUCTION OF F <= FACTR*EPSMCH,-2.6099259182689174,8.0,True,25.547490800032392,14,14
8,mirror,crossed,False,183,0.007196382166085347,0.07423077399098986,0.06813755874797588,0.06953322969392851,9031,10497,CONVERGENCE: RELATIVE REDUCTION OF F <= FACTR*EPSMCH,-8.0,7.99997670984456,True,16.386493799975142,14,14
8,mirror,crossed,False,184,0.003994040625310418,0.04635347194138001,0.041292547115400584,0.042258176560356235,26932,31461,CONVERGENCE: RELATIVE REDUCTION OF F <= FACTR*EPSMCH,-2.8227727224652917,8.0,True,43.716670499998145,14,14
8,mirror,crossed,False,185,0.00396125052248478,0.04136413278175227,0.03737891097303335,0.038805707861295134,13370,14783,CONVERGENCE: RELATIVE REDUCTION OF F <= FACTR*EPSMCH,1.7207010410033814,7.114698320428384,False,21.645325999939814,14,14
8,mirror,crossed,False,186,0.004311989915281478,0.0496764308075357,0.04406704754728046,0.04460762288967821,2183,2560,CONVERGENCE: RELATIVE REDUCTION OF F <= FACTR*EPSMCH,-8.0,7.9999995243105175,True,3.147377200075425,14,14
8,mirror,crossed,False,187,0.0039376814757705915,0.04634946659672395,0.04135875412900619,0.04233542375987145,22768,26586,CONVERGENCE: RELATIVE REDUCTION OF F <= FACTR*EPSMCH,-2.6465397147368126,7.99995810740246,True,36.8445822999347,14,14
8,mirror,crossed,False,188,0.005133967054152112,0.05715324125254865,0.053849927952200456,0.05501006166265274,7297,8567,CONVERGENCE: RELATIVE REDUCTION OF F <= FACTR*EPSMCH,-1.9983647160809603,7.999426619936548,True,10.351710899965838,14,14
8,mirror,crossed,False,189,0.003996231242946435,0.046405546089891024,0.0413371584042474,0.04229915560284745,15072,17567,CONVERGENCE: RELATIVE REDUCTION OF F <= FACTR*EPSMCH,-2.930295740847869,8.0,True,26.390290900017135,14,14
8,mirror,crossed,False,190,0.003993824826432361,0.04632721256859728,0.04126953000151672,0.04223642249656622,20614,23692,CONVERGENCE: RELATIVE REDUCTION OF F <= FACTR*EPSMCH,-2.666532206898144,8.0,True,36.43080239999108,14,14
8,mirror,crossed,False,191,0.003998963168870957,0.046444386206804654,0.04136583835262451,0.04232193139247686,9024,10764,CONVERGENCE: RELATIVE REDUCTION OF F <= FACTR*EPSMCH,-2.9884044603824798,8.0,True,14.742774000042118,14,14
8,mirror,crossed,False,192,0.003999029895364871,0.04646827974040596,0.04139023979166522,0.04234928209671485,28315,33990,CONVERGENCE: RELATIVE REDUCTION OF F <= FACTR*EPSMCH,-3.423986084395842,8.0,True,48.22959360003006,14,14
8,mirror,crossed,False,193,0.0038975259779137307,0.04590722283242685,0.04104134825193421,0.04205586593440484,32385,38045,CONVERGENCE: RELATIVE REDUCTION OF F <= FACTR*EPSMCH,-2.1732569361257763,7.999987467525281,True,63.0191675000824,14,14
8,mirror,crossed,False,194,0.005275339354482472,0.05869147933020116,0.05531573497845752,0.056564017696743824,16355,19537,CONVERGENCE: RELATIVE REDUCTION OF F <= FACTR*EPSMCH,-2.2557030993362037,7.998877604266499,True,28.765590099967085,14,14
8,mirror,crossed,False,195,0.003996572959803529,0.0463856959205816,0.041317075732076075,0.042278552997963875,15757,18771,CONVERGENCE: RELATIVE REDUCTION OF F <= FACTR*EPSMCH,-2.8874315112191846,7.625740824111035,False,24.18371669994667,14,14
8,mirror,crossed,False,196,0.0039960923963005815,0.04639363059841304,0.04132369030813189,0.04228440062130613,9461,11022,CONVERGENCE: RELATIVE REDUCTION OF F <= FACTR*EPSMCH,-2.8218939054084817,7.998550309897305,True,14.047174999956042,14,14
8,mirror,crossed,False,197,0.005480006037905022,0.06063667386636107,0.05794313615261298,0.05905997758852747,5175,6011,CONVERGENCE: RELATIVE REDUCTION OF F <= FACTR*EPSMCH,-8.0,7.419458733786663,True,11.515813800040632,14,14
8,mirror,crossed,False,198,0.003995418217225205,0.04638500923947183,0.04132026881418719,0.042284490314380585,21320,24812,CONVERGENCE: RELATIVE REDUCTION OF F <= FACTR*EPSMCH,-2.9136162162644323,7.999896800751737,True,32.89174929994624,14,14
8,mirror,crossed,False,199,0.0054791979274057285,0.06062888544667828,0.057928474800134876,0.05904732268024485,5806,7007,CONVERGENCE: RELATIVE REDUCTION OF F <= FACTR*EPSMCH,-8.0,3.3898934503828264,True,13.8174598000478,14,14
8,crossed,nearest,False,0,0.00515689388320326,0.053964418279303664,0.04952580169437759,0.05113151104159468,71,74,CONVERGENCE: RELATIVE REDUCTION OF F <= FACTR*EPSMCH,-2.1621480595624534,-0.2499737333006238,False,0.0974725999403745,12,12
8,crossed,nearest,False,1,0.008112435605609014,0.07878029454053848,0.07301561429697732,0.074919052265783,1300,1546,CONVERGENCE: RELATIVE REDUCTION OF F <= FACTR*EPSMCH,-8.0,4.676063804024295,True,2.8545196000486612,12,12
8,crossed,nearest,False,2,0.007613199579019358,0.07709365376467493,0.07144801478808938,0.07312572708299825,1988,2281,CONVERGENCE: RELATIVE REDUCTION OF F <= FACTR*EPSMCH,-7.227047503819411,5.6457468106690625,False,4.266148000024259,12,12
8,crossed,nearest,False,3,0.00764108923285241,0.07716219861187373,0.07151519613788418,0.0732049843243319,4662,5483,CONVERGENCE: RELATIVE REDUCTION OF F <= FACTR*EPSMCH,-8.0,7.976013036295516,True,6.422797000035644,12,12
8,crossed,nearest,False,4,0.005156893883202873,0.05396441709581938,0.04952580067879618,0.0511315099266848,86,94,CONVERGENCE: RELATIVE REDUCTION OF F <= FACTR*EPSMCH,-2.022870331957304,0.014065602772186821,False,0.08225490001495928,12,12
8,crossed,nearest,False,5,0.005575808446854396,0.059175413085394736,0.05489644774174081,0.05654959320300318,2146,2574,CONVERGENCE: RELATIVE REDUCTION OF F <= FACTR*EPSMCH,-1.650011745931188,5.656697486633741,False,3.1264977999962866,12,12
8,crossed,nearest,False,6,0.0076418133967652326,0.07715681984570927,0.07150906820869181,0.07319933574699766,1751,2110,CONVERGENCE: RELATIVE REDUCTION OF F <= FACTR*EPSMCH,-8.0,7.168161609744781,True,2.309039600077085,12,12
8,crossed,nearest,False,7,0.0067733035697863115,0.07024580077676998,0.06305472478978845,0.06391799856880938,3213,3881,CONVERGENCE: RELATIVE REDUCTION OF F <= FACTR*EPSMCH,-8.0,7.9999238137465865,True,8.470767500111833,12,12
8,crossed,nearest,False,8,0.005575806432150289,0.059174933931951515,0.05489597613817072,0.05654913892610761,2173,2544,CONVERGENCE: RELATIVE REDUCTION OF F <= FACTR*EPSMCH,-1.7565831865825314,6.201376762120929,False,5.672221099957824,12,12
8,crossed,nearest,False,9,0.005156893883203268,0.05396441833584696,0.04952580225443493,0.051131511995924556,81,87,CONVERGENCE: RELATIVE REDUCTION OF F <= FACTR*EPSMCH,-1.9935805605009371,-0.39668262092717,False,0.15203300002031028,12,12
8,crossed,nearest,False,10,0.005575808130963618,0.05917588849546211,0.05489821940914037,0.05655085239942655,4735,5397,CONVERGENCE: RELATIVE REDUCTION OF F <= FACTR*EPSMCH,-1.0965865053004717,7.999349903160679,True,7.129864300019108,12,12
8,crossed,nearest,False,11,0.0053943297997601555,0.05977677521937522,0.05525432118557353,0.056934488003925796,4766,5378,CONVERGENCE: RELATIVE REDUCTION OF F <= FACTR*EPSMCH,-2.4264319302885373,5.533737442309902,False,6.817923900089227,12,12
8,crossed,nearest,False,12,0.00724144529463327,0.07254963757345724,0.06396190205371823,0.06472142314818677,211,235,CONVERGENCE: RELATIVE REDUCTION OF F <= FACTR*EPSMCH,-1.1173367299925994,1.3102498304744705,False,0.25984029995743185,12,12
8,crossed,nearest,False,13,0.0067736580618643965,0.07024362827089613,0.06305734576266452,0.0639230238631392,8700,10164,CONVERGENCE: RELATIVE REDUCTION OF F <= FACTR*EPSMCH,-8.0,8.0,True,14.377750199986622,12,12
8,crossed,nearest,False,14,0.005575809535835211,0.05917473717722722,0.05489621604706792,0.05654921678888647,4871,5556,CONVERGENCE: RELATIVE REDUCTION OF F <= FACTR*EPSMCH,-0.7148370535002555,7.2246690476612185,False,12.246237799990922,12,12
8,crossed,nearest,False,15,0.005156893883202673,0.053964416868103354,0.04952580143134729,0.05113150994024172,71,77,CONVERGENCE: RELATIVE REDUCTION OF F <= FACTR*EPSMCH,-1.8366186756903953,-0.394657057435925,False,0.1676739000249654,12,12
8,crossed,nearest,False,16,0.007241445335234875,0.0725495606783094,0.06396223262764893,0.06472205725931487,3224,3662,CONVERGENCE: RELATIVE REDUCTION OF F <= FACTR*EPSMCH,2.196234180602231,7.937400963820918,True,5.69686719996389,12,12
8,crossed,nearest,False,17,0.005156893883202307,0.0539644170667381,0.04952580005126798,0.05113150934191367,56,61,CONVERGENCE: RELATIVE REDUCTION OF F <= FACTR*EPSMCH,-2.172089748358241,-0.5643816694765602,False,0.1210462999297306,12,12
8,crossed,nearest,False,18,0.005156893883202877,0.053964416562831276,0.0495257997750133,0.0511315088295487,73,81,CONVERGENCE: RELATIVE REDUCTION OF F <= FACTR*EPSMCH,-2.23073464749301,-0.13819479255989306,False,0.152246099896729,12,12
8,crossed,nearest,False,19,0.005575815819782926,0.05917420778796817,0.05489560104468206,0.05654869469793947,4461,5107,CONVERGENCE: RELATIVE REDUCTION OF F <= FACTR*EPSMCH,-0.5313904083514097,7.7568492601348185,False,11.492419800022617,12,12
8,crossed,nearest,False,20,0.005575828781294747,0.05917467573214609,0.05489558954692176,0.05654878816188084,2415,2838,CONVERGENCE: RELATIVE REDUCTION OF F <= FACTR*EPSMCH,-1.0498386919815859,6.875240710029865,False,5.163293999969028,12,12
8,crossed,nearest,False,21,0.005575811493485756,0.059175439651534774,0.05489686806821847,0.05654988707615169,2436,2787,CONVERGENCE: RELATIVE REDUCTION OF F <= FACTR*EPSMCH,-1.9825051704389927,5.046444019091886,False,6.582971900003031,12,12
8,crossed,nearest,False,22,0.005957714063046331,0.06458736700965942,0.06109589104769892,0.062413830761484,13097,14872,CONVERGENCE: RELATIVE REDUCTION OF F <= FACTR*EPSMCH,-2.4508421458905985,7.046955196955124,False,26.27445489994716,12,12
8,crossed,nearest,False,23,0.005156893883203046,0.05396441683739896,0.049525800370352036,0.05113150938280395,70,75,CONVERGENCE: RELATIVE REDUCTION OF F <= FACTR*EPSMCH,-2.013526681907641,-0.07583233083944008,False,0.0915779999922961,12,12
8,crossed,nearest,False,24,0.005575805474680253,0.059175392706669744,0.05489658431672454,0.056549695392246024,3557,4182,CONVERGENCE: RELATIVE REDUCTION OF F <= FACTR*EPSMCH,-1.160034194075828,7.240869356529942,False,9.237151400069706,12,12
8,crossed,nearest,False,25,0.005156893883202232,0.053964417357360954,0.04952580034052595,0.05113150950339607,53,57,CONVERGENCE: RELATIVE REDUCTION OF F <= FACTR*EPSMCH,-2.1172532552509895,-0.6066255399303319,False,0.15831289999186993,12,12
8,crossed,nearest,False,26,0.005575808802256868,0.059174872906713215,0.05489717714906515,0.05654988083847237,2012,2335,CONVERGENCE: RELATIVE REDUCTION OF F <= FACTR*EPSMCH,-1.1874613218874055,7.733436303229979,False,4.03680959995836,12,12
8,crossed,nearest,False,27,0.0055758109678527585,0.05917564441504664,0.05489690760830622,0.056549954663380426,6272,7063,CONVERGENCE: RELATIVE REDUCTION OF F <= FACTR*EPSMCH,-0.33270676231385093,7.991503440904532,True,9.677317499998026,12,12
8,crossed,nearest,False,28,0.00557583076556294,0.05917494216807245,0.054896733304895605,0.05654963015993289,2818,3290,CONVERGENCE: RELATIVE REDUCTION OF F <= FACTR*EPSMCH,-1.4146777008405416,6.832567812595993,False,7.100925699924119,12,12
8,crossed,nearest,False,29,0.0055758155878629905,0.0591752032979173,0.0548965358482248,0.05654957674365566,4225,4847,CONVERGENCE: RELATIVE REDUCTION OF F <= FACTR*EPSMCH,-1.2462708479891547,7.470007239514591,False,8.206663599936292,12,12
8,crossed,nearest,False,30,0.00763260838749602,0.07717148405310119,0.07152210483568809,0.07321374636977654,5025,6100,CONVERGENCE: RELATIVE REDUCTION OF F <= FACTR*EPSMCH,-7.91479328379763,7.999991883775125,True,8.505389399942942,12,12
8,crossed,nearest,False,31,0.005692952065827621,0.05919421585304799,0.054336746145249824,0.056154189391400294,905,1030,CONVERGENCE: RELATIVE REDUCTION OF F <= FACTR*EPSMCH,-1.3870181501609473,7.999365372673374,True,1.2015972000081092,12,12
8,crossed,nearest,False,32,0.005156893883204167,0.05396441806626107,0.04952579953256879,0.05113150968769998,68,74,CONVERGENCE: RELATIVE REDUCTION OF F <= FACTR*EPSMCH,-2.018579413122812,-0.34695657651881073,False,0.09898530005011708,12,12
8,crossed,nearest,False,33,0.00557582287190505,0.059175580467766525,0.054896572822556416,0.05654970469769141,4041,4593,CONVERGENCE: RELATIVE REDUCTION OF F <= FACTR*EPSMCH,-0.6819651181533923,6.197285928226931,False,6.556304699974135,12,12
8,crossed,nearest,False,34,0.005575806420943569,0.05917493501927777,0.0548954710128855,0.056548791744356654,4375,5094,CONVERGENCE: RELATIVE REDUCTION OF F <= FACTR*EPSMCH,-1.398738031968085,6.008286715672335,False,6.943830900010653,12,12
8,crossed,nearest,False,35,0.005156893883203374,0.053964417196122806,0.04952579893095806,0.05113150829571051,67,71,CONVERGENCE: RELATIVE REDUCTION OF F <= FACTR*EPSMCH,-2.229889226798871,-0.06253852732167947,False,0.08362529997248203,12,12
8,crossed,nearest,False,36,0.007553172930878487,0.07317007999285267,0.0680862745618146,0.06952702767185123,1141,1400,CONVERGENCE: RELATIVE REDUCTION OF F <= FACTR*EPSMCH,-1.780008450679027,7.996734221470437,True,1.8693979000672698,12,12
8,crossed,nearest,False,37,0.005575808733434123,0.059175297419307764,0.054896368501329826,0.05654952859742014,3047,3471,CONVERGENCE: RELATIVE REDUCTION OF F <= FACTR*EPSMCH,-1.3556655952819112,7.775321827378792,False,5.304211899987422,12,12
8,crossed,nearest,False,38,0.005575808829118489,0.059175615953420725,0.054897342225169635,0.05655028447691371,1795,2143,CONVERGENCE: RELATIVE REDUCTION OF F <= FACTR*EPSMCH,-1.5169479577438374,7.499174974215567,False,3.0783658999716863,12,12
8,crossed,nearest,False,39,0.005575885950787984,0.059172631844963054,0.0548922326895398,0.05654593056534482,7297,8253,CONVERGENCE: RELATIVE REDUCTION OF F <= FACTR*EPSMCH,2.32301989667792,7.991618049062156,True,10.15372069994919,12,12
8,crossed,nearest,False,40,0.005575805433448223,0.05917511673952965,0.05489648894304992,0.05654951328174348,2791,3357,CONVERGENCE: RELATIVE REDUCTION OF F <= FACTR*EPSMCH,-0.8355426923944251,7.868104061268578,False,5.516041799914092,12,12
8,crossed,nearest,False,41,0.007241445294638835,0.07254963914742044,0.06396189575082649,0.06472141387210088,133,159,CONVERGENCE: RELATIVE REDUCTION OF F <= FACTR*EPSMCH,-2.082870873162015,-0.3138199421090979,False,0.3169121000682935,12,12
8,crossed,nearest,False,42,0.005156893883204197,0.0539644174265165,0.049525803104096947,0.05113151145402255,65,73,CONVERGENCE: RELATIVE REDUCTION OF F <= FACTR*EPSMCH,-1.9862647489309007,-0.320040931319562,False,0.12780559994280338,12,12
8,crossed,nearest,False,43,0.00539433519104125,0.05977710266881166,0.05525454902191029,0.05693484158170946,4134,4665,CONVERGENCE: RELATIVE REDUCTION OF F <= FACTR*EPSMCH,-2.463340972072766,5.472386575408961,False,5.818117499933578,12,12
8,crossed,nearest,False,44,0.005575808178124973,0.059174927672285244,0.05489683034094215,0.05654969093988809,3333,3839,CONVERGENCE: RELATIVE REDUCTION OF F <= FACTR*EPSMCH,-1.6813693503382696,7.999999930994855,True,4.833451099926606,12,12
8,crossed,nearest,False,45,0.005156893883202526,0.053964417789495296,0.049525801210440194,0.05113151066272829,80,97,CONVERGENCE: RELATIVE REDUCTION OF F <= FACTR*EPSMCH,-1.9704952208297406,-0.2546163409057875,False,0.11603940010536462,12,12
8,crossed,nearest,False,46,0.005156893883202566,0.05396441739303318,0.049525800052169326,0.0511315090253188,65,73,CONVERGENCE: RELATIVE REDUCTION OF F <= FACTR*EPSMCH,-2.0523610034432465,-0.3232293073744844,False,0.09794469992630184,12,12
8,crossed,nearest,False,47,0.005156893883202801,0.05396441791823813,0.049525801314825195,0.05113151066200946,67,75,CONVERGENCE: RELATIVE REDUCTION OF F <= FACTR*EPSMCH,-2.0131609082291724,-0.5448791581684496,False,0.101643200032413,12,12
8,crossed,nearest,False,48,0.0051568938832024,0.05396441734322996,0.04952579984204787,0.05113150913517798,66,73,CONVERGENCE: RELATIVE REDUCTION OF F <= FACTR*EPSMCH,-2.1313645905146434,-0.47426304339955744,False,0.11014779994729906,12,12
8,crossed,nearest,False,49,0.005575808476793742,0.05917510840559268,0.05489555088596312,0.05654890570153975,3243,3727,CONVERGENCE: RELATIVE REDUCTION OF F <= FACTR*EPSMCH,-2.239896849342556,5.688961200843783,False,4.559635499957949,12,12
8,crossed,nearest,False,50,0.007241445294637033,0.07254963807903378,0.06396189637859262,0.06472141521926363,115,126,CONVERGENCE: RELATIVE REDUCTION OF F <= FACTR*EPSMCH,-1.5046185422515224,0.5356890484133047,False,0.16421990003436804,12,12
8,crossed,nearest,False,51,0.005156893883203091,0.05396441746613013,0.0495258007608727,0.05113150959788539,69,75,CONVERGENCE: RELATIVE REDUCTION OF F <= FACTR*EPSMCH,-2.0890044241218026,-0.12724760534849647,False,0.11988160002510995,12,12
8,crossed,nearest,False,52,0.00557580511396612,0.05917524469125925,0.0548955852895733,0.056548972714281,4401,5164,CONVERGENCE: RELATIVE REDUCTION OF F <= FACTR*EPSMCH,-1.7776561559044282,6.107718550744182,False,6.6669242000207305,12,12
8,crossed,nearest,False,53,0.008112442198230858,0.07877906996360812,0.0730102867646971,0.07491417934035699,1969,2295,CONVERGENCE: RELATIVE REDUCTION OF F <= FACTR*EPSMCH,-8.0,6.527607282788557,True,3.6325675999978557,12,12
8,crossed,nearest,False,54,0.006771367980035588,0.070229295642962,0.06305230434652888,0.0639216527934351,1055,1278,CONVERGENCE: RELATIVE REDUCTION OF F <= FACTR*EPSMCH,-8.0,7.999999718840166,True,1.7352853999473155,12,12
8,crossed,nearest,False,55,0.005575809833122205,0.0591752796475836,0.05489699843711914,0.05654997397117442,3247,3764,CONVERGENCE: RELATIVE REDUCTION OF F <= FACTR*EPSMCH,-1.296740617323776,8.0,True,4.396459600073285,12,12
8,crossed,nearest,False,56,0.007633965003326075,0.07723994019678812,0.07159399207222875,0.07328185418092054,2793,3331,CONVERGENCE: RELATIVE REDUCTION OF F <= FACTR*EPSMCH,-6.283066487754625,6.56332420963423,False,4.197596900048666,12,12
8,crossed,nearest,False,57,0.005575814294468809,0.059174700385403144,0.054895597694875384,0.05654878813523052,1615,1916,CONVERGENCE: RELATIVE REDUCTION OF F <= FACTR*EPSMCH,-1.5063778627908604,5.168485284580537,False,2.3734608000377193,12,12
8,crossed,nearest,False,58,0.00515689388320977,0.05396441763465684,0.049525799316862025,0.05113151029331804,72,83,CONVERGENCE: RELATIVE REDUCTION OF F <= FACTR*EPSMCH,-2.158114033513263,-0.010468049736714917,False,0.11902280000504106,12,12
8,crossed,nearest,False,59,0.005575809473439048,0.0591756706858102,0.05489634874131578,0.056549582861204116,3787,4352,CONVERGENCE: RELATIVE REDUCTION OF F <= FACTR*EPSMCH,-0.6562438790404513,7.999999999992598,True,6.176776400068775,12,12
8,crossed,nearest,False,60,0.005156893883209047,0.05396441772902349,0.04952579792856402,0.051131508930466814,60,67,CONVERGENCE: RELATIVE REDUCTION OF F <= FACTR*EPSMCH,-2.1965163985073186,-0.498098817999687,False,0.07775359996594489,12,12
8,crossed,nearest,False,61,0.005575808092447726,0.05917486579406871,0.05489532160195811,0.05654866753301668,3977,4695,CONVERGENCE: RELATIVE REDUCTION OF F <= FACTR*EPSMCH,-1.3045655296117984,7.568102518103477,False,6.799415800021961,12,12
8,crossed,nearest,False,62,0.005156893883203579,0.053964418526565014,0.049525801569009126,0.051131510948770886,74,82,CONVERGENCE: RELATIVE REDUCTION OF F <= FACTR*EPSMCH,-2.2497758260463208,-0.11973503343380595,False,0.14857099996879697,12,12
8,crossed,nearest,False,63,0.005575808046842622,0.059175132872727354,0.0548960338661475,0.056549254524934804,4317,5019,CONVERGENCE: RELATIVE REDUCTION OF F <= FACTR*EPSMCH,-0.8410681048208644,7.999998973450605,True,6.454494199948385,12,12
8,crossed,nearest,False,64,0.0055758147893459125,0.05917505651158839,0.054895406166980666,0.056548800479112885,4575,5347,CONVERGENCE: RELATIVE REDUCTION OF F <= FACTR*EPSMCH,-1.6821361295191466,6.046793388168256,False,6.6990956999361515,12,12
8,crossed,nearest,False,65,0.005953120380471723,0.06359310076597445,0.05702326741903997,0.057859124033893934,14686,16601,CONVERGENCE: RELATIVE REDUCTION OF F <= FACTR*EPSMCH,-1.1543307285874482,6.492919355543266,False,20.627422099933028,12,12
8,crossed,nearest,False,66,0.005575805548066411,0.059175394077467504,0.05489683267677894,0.05654980926125376,2095,2439,CONVERGENCE: RELATIVE REDUCTION OF F <= FACTR*EPSMCH,-2.2583483113280796,5.6823600293855066,False,2.807991100009531,12,12
8,crossed,nearest,False,67,0.005955936074980911,0.063622172614007,0.05705017003997412,0.057881870376446494,8352,9497,CONVERGENCE: RELATIVE REDUCTION OF F <= FACTR*EPSMCH,-1.791001842305676,8.0,True,12.779612999991514,12,12
8,crossed,nearest,False,68,0.005156893883202998,0.05396441681281761,0.049525799216041284,0.05113150800920194,58,63,CONVERGENCE: RELATIVE REDUCTION OF F <= FACTR*EPSMCH,-2.2223099789039655,-0.6936448502291314,False,0.07691099995281547,12,12
8,crossed,nearest,False,69,0.005156893883202354,0.05396441715325629,0.04952580003096046,0.051131509344458904,63,68,CONVERGENCE: RELATIVE REDUCTION OF F <= FACTR*EPSMCH,-2.0651080028491466,-0.5872447703054532,False,0.09529699990525842,12,12
8,crossed,nearest,False,70,0.005156893883202339,0.05396441738459563,0.04952580075197881,0.051131509734885505,68,78,CONVERGENCE: RELATIVE REDUCTION OF F <= FACTR*EPSMCH,-1.9844806875100005,-0.26687733121114554,False,0.09106589993461967,12,12
8,crossed,nearest,False,71,0.005156893883203886,0.053964418422142967,0.04952580104935751,0.051131510937463015,80,85,CONVERGENCE: RELATIVE REDUCTION OF F <= FACTR*EPSMCH,-2.214123178264016,-0.4288708313006598,False,0.09885209996718913,12,12
8,crossed,nearest,False,72,0.0055758074627032025,0.059174924795351365,0.054894480865732044,0.056548179861329824,5570,6405,CONVERGENCE: RELATIVE REDUCTION OF F <= FACTR*EPSMCH,-0.1047704237098857,7.999881710375141,True,8.985302900080569,12,12
8,crossed,nearest,False,73,0.005575808432717526,0.05917548970339803,0.054896228947638036,0.05654945605662776,4619,5360,CONVERGENCE: RELATIVE REDUCTION OF F <= FACTR*EPSMCH,-0.29777925021631974,6.868760792710729,False,6.304866999969818,12,12
8,crossed,nearest,False,74,0.0051568938832022805,0.053964417618113686,0.04952580147705844,0.051131510500999476,77,82,CONVERGENCE: RELATIVE REDUCTION OF F <= FACTR*EPSMCH,-1.74970231818815,-0.3200100800396994,False,0.09856750001199543,12,12
8,crossed,nearest,False,75,0.005156893883202484,0.05396441772714653,0.04952580158327098,0.05113151064396909,67,72,CONVERGENCE: RELATIVE REDUCTION OF F <= FACTR*EPSMCH,-2.075249669516466,-0.3757654131278476,False,0.08883739996235818,12,12
8,crossed,nearest,False,76,0.005156893883202238,0.053964417502079254,0.049525801139515956,0.05113151023223181,62,66,CONVERGENCE: RELATIVE REDUCTION OF F <= FACTR*EPSMCH,-2.046792171017857,-0.3861427504738284,False,0.06833719997666776,12,12
8,crossed,nearest,False,77,0.006773321739639914,0.07024593539055295,0.06305706412555817,0.06392176622368492,814,996,CONVERGENCE: RELATIVE REDUCTION OF F <= FACTR*EPSMCH,-8.0,7.999999998143185,True,1.126518200035207,12,12
8,crossed,nearest,False,78,0.0051568938832037515,0.05396441664422416,0.049525797634895875,0.05113150713448894,74,80,CONVERGENCE: RELATIVE REDUCTION OF F <= FACTR*EPSMCH,-1.7123697646372706,-0.22070218790194893,False,0.08752050006296486,12,12
8,crossed,nearest,False,79,0.0055758055057876805,0.05917523608567378,0.05489593735331915,0.05654921096495098,5816,6635,CONVERGENCE: RELATIVE REDUCTION OF F <= FACTR*EPSMCH,-1.0643384918667016,7.178571417027158,False,9.288885199930519,12,12
8,crossed,nearest,False,80,0.005575805669404437,0.05917512368710186,0.05489593312415259,0.056549190044848784,2503,3002,CONVERGENCE: RELATIVE REDUCTION OF F <= FACTR*EPSMCH,-1.8206210394527313,6.623624636286361,False,5.062654700013809,12,12
8,crossed,nearest,False,81,0.005575811974750747,0.059175022234007967,0.05489669379061297,0.056549657483891694,3699,4332,CONVERGENCE: RELATIVE REDUCTION OF F <= FACTR*EPSMCH,-1.2661486373157198,7.04921368506788,False,4.961747599998489,12,12
8,crossed,nearest,False,82,0.01090665247370405,0.09553479722458864,0.08461783868428423,0.08355576574618487,1122,1349,CONVERGENCE: RELATIVE REDUCTION OF F <= FACTR*EPSMCH,-8.0,8.0,True,1.8140007000183687,12,12
8,crossed,nearest,False,83,0.005575807714732862,0.05917497964016383,0.054895895236246287,0.056549107228345184,4716,5498,CONVERGENCE: RELATIVE REDUCTION OF F <= FACTR*EPSMCH,-1.8197576121724954,6.557069518381688,False,6.259410300059244,12,12
8,crossed,nearest,False,84,0.008495999969628042,0.08109285166704523,0.07670718398916589,0.0783170306556186,120,137,CONVERGENCE: RELATIVE REDUCTION OF F <= FACTR*EPSMCH,-1.4498925669416718,0.14481173716768111,False,0.13709079998079687,12,12
8,crossed,nearest,False,85,0.005156893883202694,0.05396441781595775,0.04952579982790701,0.05113150921338853,51,54,CONVERGENCE: RELATIVE REDUCTION OF F <= FACTR*EPSMCH,-2.035575850652621,-0.3316995407762948,False,0.06294259999413043,12,12
8,crossed,nearest,False,86,0.005575840769084405,0.05917442824304249,0.05489501991758294,0.05654832946891471,1112,1270,CONVERGENCE: RELATIVE REDUCTION OF F <= FACTR*EPSMCH,-1.6057577779163916,4.540987170241154,False,1.4467733999481425,12,12
8,crossed,nearest,False,87,0.005575805075329965,0.059175003470652195,0.054895356693411494,0.05654875431903881,2991,3485,CONVERGENCE: RELATIVE REDUCTION OF F <= FACTR*EPSMCH,-2.247244743752151,5.976017221755813,False,4.187911399989389,12,12
8,crossed,nearest,False,88,0.005575807865496386,0.05917534523879592,0.05489665408799748,0.05654971029086345,4785,5487,CONVERGENCE: RELATIVE REDUCTION OF F <= FACTR*EPSMCH,-0.8753948593134867,6.252346373803343,False,6.368621699977666,12,12
8,crossed,nearest,False,89,0.0059577651841075645,0.06458795627951924,0.06109552159819229,0.062413749535403074,3339,3841,CONVERGENCE: RELATIVE REDUCTION OF F <= FACTR*EPSMCH,-2.385161176429353,6.778042647775263,False,4.84819609997794,12,12
8,crossed,nearest,False,90,0.005156893883202214,0.05396441749894942,0.04952580104479216,0.051131510157182154,69,74,CONVERGENCE: RELATIVE REDUCTION OF F <= FACTR*EPSMCH,-2.215916730715178,-0.39430009024938784,False,0.07660769997164607,12,12
8,crossed,nearest,False,91,0.0055758065430786315,0.05917533764624918,0.05489627305598257,0.056549428362397805,4427,5029,CONVERGENCE: RELATIVE REDUCTION OF F <= FACTR*EPSMCH,-2.2342343233558526,5.547438798391852,False,6.6076556000625715,12,12
8,crossed,nearest,False,92,0.005575824429010327,0.05917491082632937,0.054895829251025166,0.056549033212316996,4953,5689,CONVERGENCE: RELATIVE REDUCTION OF F <= FACTR*EPSMCH,-1.1006602006152932,7.9999873342443895,True,6.787282600067556,12,12
8,crossed,nearest,False,93,0.011584272418147017,0.09948487752076712,0.09418351738452663,0.09515061611914562,1777,2324,CONVERGENCE: RELATIVE REDUCTION OF F <= FACTR*EPSMCH,-8.0,7.992816589513468,True,3.0008900000248104,12,12
8,crossed,nearest,False,94,0.007642732209816155,0.07715056266229224,0.07150011173408637,0.07319105385433652,1578,1895,CONVERGENCE: RELATIVE REDUCTION OF F <= FACTR*EPSMCH,-8.0,7.993706198561859,True,2.176136099966243,12,12
8,crossed,nearest,False,95,0.00811238396432745,0.0787785819199737,0.07301531209381175,0.07491995987239143,2327,2895,CONVERGENCE: RELATIVE REDUCTION OF F <= FACTR*EPSMCH,-8.0,8.0,True,4.222585799987428,12,12
8,crossed,nearest,False,96,0.0055758057822141785,0.059175063319652464,0.0548959399573761,0.056549109220207776,3067,3519,CONVERGENCE: RELATIVE REDUCTION OF F <= FACTR*EPSMCH,-2.049618152346135,5.819745005504629,False,4.4975906000472605,12,12
8,crossed,nearest,False,97,0.006897774852045652,0.06972708203173703,0.06606750897462949,0.06748183535147935,5999,6828,CONVERGENCE: RELATIVE REDUCTION OF F <= FACTR*EPSMCH,-2.3578073505893573,7.998961407193629,True,8.588899099966511,12,12
8,crossed,nearest,False,98,0.0055758054651760675,0.05917529043628011,0.054897037808489896,0.05654993680596035,3025,3507,CONVERGENCE: RELATIVE REDUCTION OF F <= FACTR*EPSMCH,-1.9676188376069303,6.015496125388893,False,4.77049910009373,12,12
8,crossed,nearest,False,99,0.007631949210060765,0.07716635256544237,0.07151759238148506,0.07320845813327267,2929,3411,CONVERGENCE: RELATIVE REDUCTION OF F <= FACTR*EPSMCH,-7.944828079829488,4.217494170529369,True,4.6554167999420315,12,12
8,crossed,nearest,False,100,0.005575810882239552,0.05917583270453121,0.054896189056181655,0.05654952955286893,2511,2962,CONVERGENCE: RELATIVE REDUCTION OF F <= FACTR*EPSMCH,-1.4194425275687104,7.295041066433817,False,4.149620899930596,12,12
8,crossed,nearest,False,101,0.007236344974378923,0.07182185988037566,0.0658893433701039,0.06791221759748305,4854,5570,CONVERGENCE: RELATIVE REDUCTION OF F <= FACTR*EPSMCH,-2.5202224033615943,7.785326053508033,False,7.0598817999707535,12,12
8,crossed,nearest,False,102,0.005156893883204212,0.053964416424982266,0.049525796990852314,0.05113150658873357,80,85,CONVERGENCE: RELATIVE REDUCTION OF F <= FACTR*EPSMCH,-1.9013413731296647,-0.24989078920216135,False,0.08412960008718073,12,12
8,crossed,nearest,False,103,0.005575804938522526,0.0591749682783434,0.05489486239607413,0.05654842857605148,3921,4572,CONVERGENCE: RELATIVE REDUCTION OF F <= FACTR*EPSMCH,-2.08976116332719,6.031118068923354,False,5.571301899966784,12,12
8,crossed,nearest,False,104,0.005156893883202577,0.05396441719230402,0.049525799326309884,0.051131508956858085,65,71,CONVERGENCE: RELATIVE REDUCTION OF F <= FACTR*EPSMCH,-1.9188394178185633,-0.38457923608789796,False,0.08951039996463805,12,12
8,crossed,nearest,False,105,0.005394325215320198,0.05977589262216109,0.055254848817859706,0.0569347997012568,9398,10813,CONVERGENCE: RELATIVE REDUCTION OF F <= FACTR*EPSMCH,-2.5778392397177767,5.723130672705896,False,14.19290829997044,12,12
8,crossed,nearest,False,106,0.00515689388320241,0.053964417577794965,0.049525800981011135,0.05113151027403769,69,76,CONVERGENCE: RELATIVE REDUCTION OF F <= FACTR*EPSMCH,-2.0936721588250746,-0.32456085901098425,False,0.08380409993696958,12,12
8,crossed,nearest,False,107,0.005156893883202617,0.053964417089664304,0.0495257983484262,0.05113150785969382,68,74,CONVERGENCE: RELATIVE REDUCTION OF F <= FACTR*EPSMCH,-1.9979234752096062,-0.555872271160408,False,0.09457539999857545,12,12
8,crossed,nearest,False,108,0.008495999969621991,0.08109285052796568,0.07670718309548578,0.07831703047794045,92,103,CONVERGENCE: RELATIVE REDUCTION OF F <= FACTR*EPSMCH,-1.823143999511189,-0.017631800691508985,False,0.18195319990627468,12,12
8,crossed,nearest,False,109,0.0051568938832026595,0.0539644178282761,0.049525802056426045,0.05113151101784356,96,108,CONVERGENCE: RELATIVE REDUCTION OF F <= FACTR*EPSMCH,-2.240736970413875,0.2774244069297845,False,0.20325749996118248,12,12
8,crossed,nearest,False,110,0.005156893883202205,0.05396441720515287,0.04952579985094149,0.05113150916510282,63,66,CONVERGENCE: RELATIVE REDUCTION OF F <= FACTR*EPSMCH,-2.1961078477105116,-0.4578314352724355,False,0.20256810006685555,12,12
8,crossed,nearest,False,111,0.005156893883202684,0.05396441670757557,0.049525799815958435,0.05113150852850236,70,79,CONVERGENCE: RELATIVE REDUCTION OF F <= FACTR*EPSMCH,-1.9002835390541426,-0.4128912981888236,False,0.13279389997478575,12,12
8,crossed,nearest,False,112,0.010615543867050102,0.09445254986982707,0.08729574981885325,0.08945400134602025,739,980,CONVERGENCE: RELATIVE REDUCTION OF F <= FACTR*EPSMCH,-5.137148537119028,8.0,True,1.4283505999483168,12,12
8,crossed,nearest,False,113,0.005156893883202682,0.05396441753473333,0.04952580057914725,0.05113151006488384,69,78,CONVERGENCE: RELATIVE REDUCTION OF F <= FACTR*EPSMCH,-2.147334817175328,-0.4368692717311837,False,0.10152220004238188,12,12
8,crossed,nearest,False,114,0.0055758263188805356,0.05917494157113836,0.054895437093718885,0.056548776949877144,4206,5006,CONVERGENCE: RELATIVE REDUCTION OF F <= FACTR*EPSMCH,-1.0105094788236069,7.999999913741037,True,6.194180999998935,12,12
8,crossed,nearest,False,115,0.005920571969025289,0.06231599035860379,0.05584272298754366,0.05691947457613046,3874,4441,CONVERGENCE: RELATIVE REDUCTION OF F <= FACTR*EPSMCH,-0.7487527311280003,6.827369662026506,False,4.925811600056477,12,12
8,crossed,nearest,False,116,0.0059580609745863156,0.06459035166486331,0.06110743291178183,0.06242206702594717,7989,9318,CONVERGENCE: RELATIVE REDUCTION OF F <= FACTR*EPSMCH,-2.4772292035638324,7.516329858620475,False,11.46633159997873,12,12
8,crossed,nearest,False,117,0.008479172097522508,0.07924058911954841,0.07385652435988149,0.07584168211777607,4464,5165,CONVERGENCE: RELATIVE REDUCTION OF F <= FACTR*EPSMCH,-2.763854286503526,8.0,True,7.676505099982023,12,12
8,crossed,nearest,False,118,0.005156893883205728,0.053964415268589284,0.04952579695234352,0.05113150575181922,79,87,CONVERGENCE: RELATIVE REDUCTION OF F <= FACTR*EPSMCH,-1.9283067112511398,0.10706660970147715,False,0.0857771000592038,12,12
8,crossed,nearest,False,119,0.008704386258927341,0.08384352268907323,0.0787512717371891,0.08033213861737297,2450,2829,CONVERGENCE: RELATIVE REDUCTION OF F <= FACTR*EPSMCH,-2.475168526284633,7.9963368607232095,True,4.145645800046623,12,12
8,crossed,nearest,False,120,0.006773187438766261,0.07024422034895837,0.06305572728666177,0.06392049516136378,608,728,CONVERGENCE: RELATIVE REDUCTION OF F <= FACTR*EPSMCH,-8.0,8.0,True,0.8238645999226719,12,12
8,crossed,nearest,False,121,0.005156893883202564,0.05396441709989923,0.049525799063933874,0.05113150838509321,78,87,CONVERGENCE: RELATIVE REDUCTION OF F <= FACTR*EPSMCH,-1.9606394948100523,-0.5508408955375458,False,0.1215365999378264,12,12
8,crossed,nearest,False,122,0.005575807071746935,0.059175140151753736,0.05489625441727534,0.05654939281616994,3976,4478,CONVERGENCE: RELATIVE REDUCTION OF F <= FACTR*EPSMCH,-1.7612130788943487,5.763326510731467,False,4.983870500000194,12,12
8,crossed,nearest,False,123,0.005575814847494313,0.05917503752158689,0.054896397019387415,0.056549440376974965,4219,4890,CONVERGENCE: RELATIVE REDUCTION OF F <= FACTR*EPSMCH,-1.6388951040551771,7.040768448026109,False,7.9664255999960005,12,12
8,crossed,nearest,False,124,0.0055758268041265074,0.05917480603404048,0.054895721448979744,0.05654891231568285,1017,1148,CONVERGENCE: RELATIVE REDUCTION OF F <= FACTR*EPSMCH,-2.180457947271281,4.403815591391609,False,1.2695033999625593,12,12
8,crossed,nearest,False,125,0.005156893883204842,0.05396441777071912,0.04952579706469437,0.05113150743359555,70,79,CONVERGENCE: RELATIVE REDUCTION OF F <= FACTR*EPSMCH,-2.074786865454108,-0.3840253180683408,False,0.09545580006670207,12,12
8,crossed,nearest,False,126,0.007671899716272023,0.07498378310037693,0.06798615183717698,0.06940918085429552,6312,7493,CONVERGENCE: RELATIVE REDUCTION OF F <= FACTR*EPSMCH,-8.0,7.995550706614732,True,10.877878499915823,12,12
8,crossed,nearest,False,127,0.0055761604461367,0.05917093122674105,0.054890307158318094,0.05654404109261972,9706,10840,CONVERGENCE: RELATIVE REDUCTION OF F <= FACTR*EPSMCH,2.1715090260005785,8.0,True,18.2614207000006,12,12
8,crossed,nearest,False,128,0.010906538396743794,0.09553349989152618,0.08463220287024517,0.08357447200789463,1588,2102,CONVERGENCE: RELATIVE REDUCTION OF F <= FACTR*EPSMCH,-8.0,7.999999105822823,True,3.9795407000929117,12,12
8,crossed,nearest,False,129,0.005575805807930585,0.05917514045607094,0.054895442691900866,0.05654888216829694,3728,4450,CONVERGENCE: RELATIVE REDUCTION OF F <= FACTR*EPSMCH,-1.643625299075752,6.12262930879327,False,5.691270699957386,12,12
8,crossed,nearest,False,130,0.005575804998646473,0.0591749548260861,0.05489553086329742,0.05654884662079128,3039,3634,CONVERGENCE: RELATIVE REDUCTION OF F <= FACTR*EPSMCH,-1.2981480035759583,7.274480476637103,False,6.473452600068413,12,12
8,crossed,nearest,False,131,0.005575817519837353,0.05917453723346193,0.0548945320571331,0.05654810315504821,8125,9670,CONVERGENCE: RELATIVE REDUCTION OF F <= FACTR*EPSMCH,-0.33655966156394096,7.999263546237748,True,15.020802000071853,12,12
8,crossed,nearest,False,132,0.005156893883203508,0.053964416479914006,0.04952579743625801,0.05113150672835995,66,76,CONVERGENCE: RELATIVE REDUCTION OF F <= FACTR*EPSMCH,-2.1620909929054766,-0.15188062888317147,False,0.09374859998933971,12,12
8,crossed,nearest,False,133,0.007611284936361502,0.07355623154446131,0.06908244544702404,0.0707023577938967,1450,1725,CONVERGENCE: RELATIVE REDUCTION OF F <= FACTR*EPSMCH,-3.3254832425308742,7.79461873904916,False,1.874007900012657,12,12
8,crossed,nearest,False,134,0.007241090698443753,0.07186342436277245,0.06590478804363295,0.06793279539185378,3134,3840,CONVERGENCE: RELATIVE REDUCTION OF F <= FACTR*EPSMCH,-2.9005471691174387,7.905398230030198,True,6.8054815999930725,12,12
8,crossed,nearest,False,135,0.005575810307709959,0.0591750391912372,0.05489562674017995,0.05654887263451402,2533,2938,CONVERGENCE: RELATIVE REDUCTION OF F <= FACTR*EPSMCH,-1.8646829018299058,5.480259849354753,False,6.238001700025052,12,12
8,crossed,nearest,False,136,0.005575804171559843,0.05917509717327129,0.0548958142874679,0.05654910664131327,3889,4526,CONVERGENCE: RELATIVE REDUCTION OF F <= FACTR*EPSMCH,-1.9069050428161436,6.637097574230465,False,9.606854500016198,12,12
8,crossed,nearest,False,137,0.005156893883202798,0.05396441714120809,0.049525800914110685,0.05113150995467731,63,71,CONVERGENCE: RELATIVE REDUCTION OF F <= FACTR*EPSMCH,-2.148394400958722,-0.3891774569318519,False,0.08966399997007102,12,12
8,crossed,nearest,False,138,0.005575809448742088,0.0591751963430721,0.054896832124612036,0.05654976783890725,2367,2681,CONVERGENCE: RELATIVE REDUCTION OF F <= FACTR*EPSMCH,-0.8666844357231263,6.5284219922049225,False,3.6632587000494823,12,12
8,crossed,nearest,False,139,0.0055758064506766705,0.05917523183908535,0.05489667423840227,0.05654968261191313,4973,5834,CONVERGENCE: RELATIVE REDUCTION OF F <= FACTR*EPSMCH,-1.0233491118865399,6.335932125761411,False,7.113604499958456,12,12
8,crossed,nearest,False,140,0.005575823589729182,0.05917481040568993,0.05489318019885006,0.056547210959326154,3203,3811,CONVERGENCE: RELATIVE REDUCTION OF F <= FACTR*EPSMCH,-1.1665855886391887,7.245826394526771,False,5.54751139995642,12,12
8,crossed,nearest,False,141,0.00918992349859495,0.085061585084663,0.07929815788465305,0.08010853320698583,1121,1410,CONVERGENCE: RELATIVE REDUCTION OF F <= FACTR*EPSMCH,-8.0,7.993476359303316,True,1.6086594999069348,12,12
8,crossed,nearest,False,142,0.005575806488358011,0.0591751120020688,0.05489673844297294,0.05654969246657761,2889,3386,CONVERGENCE: RELATIVE REDUCTION OF F <= FACTR*EPSMCH,-2.1418532116991105,5.46808980825324,False,3.6415091999806464,12,12
8,crossed,nearest,False,143,0.006776937623892432,0.0702711752685996,0.06308090753219159,0.06394533247378266,1238,1481,CONVERGENCE: RELATIVE REDUCTION OF F <= FACTR*EPSMCH,-8.0,7.992486001925538,True,1.8446405000286177,12,12
8,crossed,nearest,False,144,0.005575821932003011,0.05917508776392416,0.05489711166492424,0.05654990015314408,4048,4572,CONVERGENCE: RELATIVE REDUCTION OF F <= FACTR*EPSMCH,-0.025447221690044833,7.999996320853208,True,5.792505700024776,12,12
8,crossed,nearest,False,145,0.007611312214660584,0.0735564537003999,0.06908271837740194,0.07070258525899112,383,461,CONVERGENCE: RELATIVE REDUCTION OF F <= FACTR*EPSMCH,-2.9389073273871285,8.0,True,0.5436241999268532,12,12
8,crossed,nearest,False,146,0.007241445294642231,0.07254963583994213,0.06396190935144482,0.06472143460930097,171,197,CONVERGENCE: RELATIVE REDUCTION OF F <= FACTR*EPSMCH,-0.917592196362764,1.7097361211089404,False,0.2408599000191316,12,12
8,crossed,nearest,False,147,0.007613501485678668,0.0771178073034759,0.07148742281751275,0.07317203214647255,9933,12286,CONVERGENCE: RELATIVE REDUCTION OF F <= FACTR*EPSMCH,-6.972578047690062,7.99999999947899,True,15.97864580003079,12,12
8,crossed,nearest,False,148,0.005575807113755242,0.05917534226637417,0.05489731551816979,0.056550150902766896,2324,2765,CONVERGENCE: RELATIVE REDUCTION OF F <= FACTR*EPSMCH,-0.9822579842154964,7.800722413433146,False,3.0053784999763593,12,12
8,crossed,nearest,False,149,0.005156893883202268,0.053964417349196415,0.049525800264367294,0.05113150946298129,59,65,CONVERGENCE: RELATIVE REDUCTION OF F <= FACTR*EPSMCH,-2.1565529131336305,-0.6773083127260996,False,0.06287710007745773,12,12
8,crossed,nearest,False,150,0.005156893883202605,0.053964416898293545,0.04952580093134784,0.05113150996549767,60,67,CONVERGENCE: RELATIVE REDUCTION OF F <= FACTR*EPSMCH,-2.031955077160827,-0.46519246443212264,False,0.0744040000718087,12,12
8,crossed,nearest,False,151,0.005156893883202117,0.053964417352444644,0.04952580044482883,0.0511315096691699,56,62,CONVERGENCE: RELATIVE REDUCTION OF F <= FACTR*EPSMCH,-2.199732890285835,-0.33721737336372487,False,0.07048200001008809,12,12
8,crossed,nearest,False,152,0.005156893883203385,0.05396441707039937,0.0495258010734697,0.05113150964084868,73,77,CONVERGENCE: RELATIVE REDUCTION OF F <= FACTR*EPSMCH,-2.214832870771041,-0.39493693954956044,False,0.09481470007449389,12,12
8,crossed,nearest,False,153,0.005575814114049758,0.059174612205004036,0.054895072502530305,0.05654827922228493,3338,3879,CONVERGENCE: RELATIVE REDUCTION OF F <= FACTR*EPSMCH,-0.8786952857872068,7.833758903511551,False,6.226266499958001,12,12
8,crossed,nearest,False,154,0.005575808104413111,0.0591749401713585,0.05489601039823342,0.05654916970172098,4194,5071,CONVERGENCE: RELATIVE REDUCTION OF F <= FACTR*EPSMCH,-0.5209270574893006,7.08485739232848,False,5.696966599905863,12,12
8,crossed,nearest,False,155,0.007241445294628716,0.0725496375868796,0.06396190205889121,0.06472142281811656,112,129,CONVERGENCE: RELATIVE REDUCTION OF F <= FACTR*EPSMCH,-1.769387817955077,0.006150056883843737,False,0.15120900003239512,12,12
8,crossed,nearest,False,156,0.005156893883202486,0.05396441728270818,0.049525800714419005,0.05113150973898291,65,70,CONVERGENCE: RELATIVE REDUCTION OF F <= FACTR*EPSMCH,-2.164815307905385,-0.6442328210896985,False,0.08061639999505132,12,12
8,crossed,nearest,False,157,0.011281872232749984,0.09793856739380492,0.09265639427300713,0.09468933655775975,2222,2695,CONVERGENCE: RELATIVE REDUCTION OF F <= FACTR*EPSMCH,-8.0,7.999100285483222,True,4.688335799961351,12,12
8,crossed,nearest,False,158,0.005575805531449947,0.05917542040142391,0.05489674575582005,0.05654979692905109,3642,4280,CONVERGENCE: RELATIVE REDUCTION OF F <= FACTR*EPSMCH,-1.369553679799437,6.537281402633093,False,4.950712600024417,12,12
8,crossed,nearest,False,159,0.0076131600914838005,0.07709396622867623,0.07144819702694487,0.07312607857229757,3081,3597,CONVERGENCE: RELATIVE REDUCTION OF F <= FACTR*EPSMCH,-5.989935284261721,7.963972794142494,True,4.627517299959436,12,12
8,crossed,nearest,False,160,0.005156893883202265,0.05396441727969931,0.04952579948086298,0.05113150894655597,80,87,CONVERGENCE: RELATIVE REDUCTION OF F <= FACTR*EPSMCH,-2.008426074318514,-0.5843458587251237,False,0.14841399993747473,12,12
8,crossed,nearest,False,161,0.0109065164944069,0.095534201894321,0.08461610299080434,0.08355353660698936,5808,7186,CONVERGENCE: RELATIVE REDUCTION OF F <= FACTR*EPSMCH,-8.0,7.999996753199844,True,9.613420899957418,12,12
8,crossed,nearest,False,162,0.005920571717122169,0.06231584903058197,0.055842836292405995,0.05691987688296955,3435,3938,CONVERGENCE: RELATIVE REDUCTION OF F <= FACTR*EPSMCH,-1.1836809363698249,7.147970045671928,False,4.964278500061482,12,12
8,crossed,nearest,False,163,0.005156893883410582,0.05396441039575917,0.0495258168744926,0.051131517929602736,759,858,CONVERGENCE: RELATIVE REDUCTION OF F <= FACTR*EPSMCH,-2.196378510263057,3.5334583570023432,False,1.2050058000022545,12,12
8,crossed,nearest,False,164,0.005156893883203033,0.05396441635731147,0.04952580065917361,0.05113150885543166,71,78,CONVERGENCE: RELATIVE REDUCTION OF F <= FACTR*EPSMCH,-1.9805050688032515,-0.2656867207601985,False,0.09265050000976771,12,12
8,crossed,nearest,False,165,0.005156893883202322,0.053964417559447996,0.04952580042262115,0.051131509776579515,88,105,CONVERGENCE: RELATIVE REDUCTION OF F <= FACTR*EPSMCH,-2.0108447509078977,-0.3519920715942102,False,0.18305570003576577,12,12
8,crossed,nearest,False,166,0.005156893883202503,0.05396441769109445,0.04952580122911281,0.051131510526312915,62,68,CONVERGENCE: RELATIVE REDUCTION OF F <= FACTR*EPSMCH,-2.106428112204237,-0.592841471375312,False,0.13490750000346452,12,12
8,crossed,nearest,False,167,0.005394314194076388,0.059775974620850277,0.05525383181399186,0.056934096272855915,7046,7854,CONVERGENCE: RELATIVE REDUCTION OF F <= FACTR*EPSMCH,-2.510681014681126,5.899999812878034,False,9.802186399931088,12,12
8,crossed,nearest,False,168,0.0055758060977151285,0.05917542255244715,0.0548962342482955,0.05654941359790055,3380,3969,CONVERGENCE: RELATIVE REDUCTION OF F <= FACTR*EPSMCH,-1.2216073129204255,7.529468436313529,False,4.642368300003,12,12
8,crossed,nearest,False,169,0.005953063522261429,0.06359190997833379,0.05702110944962152,0.057856047441229054,7745,8882,CONVERGENCE: RELATIVE REDUCTION OF F <= FACTR*EPSMCH,-2.1120136717691365,7.046354666600911,False,10.67083029996138,12,12
8,crossed,nearest,False,170,0.00764104041981609,0.07716173903321977,0.07151220370523159,0.07320298253968197,2086,2393,CONVERGENCE: RELATIVE REDUCTION OF F <= FACTR*EPSMCH,-8.0,7.999994785447633,True,2.9126013999339193,12,12
8,crossed,nearest,False,171,0.005394321272655127,0.0597762998420316,0.05525414260668873,0.0569344004044641,4015,4448,CONVERGENCE: RELATIVE REDUCTION OF F <= FACTR*EPSMCH,-2.311330326729657,5.7403794787937565,False,5.0061620000051335,12,12
8,crossed,nearest,False,172,0.005920570357793586,0.06231631677631649,0.05584296081616014,0.05691984320606995,3243,3685,CONVERGENCE: RELATIVE REDUCTION OF F <= FACTR*EPSMCH,-2.1860556704772827,6.679708766983426,False,4.229678300092928,12,12
8,crossed,nearest,False,173,0.005575960488430759,0.05917281524776543,0.054893095738962804,0.05654653040144502,2319,2646,CONVERGENCE: RELATIVE REDUCTION OF F <= FACTR*EPSMCH,0.766727147424534,7.998445634704975,True,3.4634244999615476,12,12
8,crossed,nearest,False,174,0.005575809762583824,0.05917480354285493,0.05489636198075351,0.05654939138840794,3359,3857,CONVERGENCE: RELATIVE REDUCTION OF F <= FACTR*EPSMCH,-1.3385123941030637,7.3407120043068685,False,4.739246599958278,12,12
8,crossed,nearest,False,175,0.005156893883202356,0.05396441722548362,0.049525800730217596,0.05113150972833688,83,98,CONVERGENCE: RELATIVE REDUCTION OF F <= FACTR*EPSMCH,-2.16987816352763,-0.4212573975251377,False,0.12061650003306568,12,12
8,crossed,nearest,False,176,0.006773116492625636,0.07024525189428851,0.06305713690421796,0.06392430142425104,4201,5168,CONVERGENCE: RELATIVE REDUCTION OF F <= FACTR*EPSMCH,-8.0,8.0,True,6.072462699958123,12,12
8,crossed,nearest,False,177,0.005920584118588754,0.062316107822502284,0.055842769708155236,0.05691956578049586,3316,3797,CONVERGENCE: RELATIVE REDUCTION OF F <= FACTR*EPSMCH,-0.535310124104123,7.386763912714944,False,4.589397400035523,12,12
8,crossed,nearest,False,178,0.010049626605051546,0.09000064389098746,0.083928433620334,0.08434580968854447,1044,1273,CONVERGENCE: RELATIVE REDUCTION OF F <= FACTR*EPSMCH,-8.0,7.710339137913612,True,1.3544531000079587,12,12
8,crossed,nearest,False,179,0.005156893883202511,0.05396441776506553,0.04952579996145679,0.051131509518211445,52,54,CONVERGENCE: RELATIVE REDUCTION OF F <= FACTR*EPSMCH,-2.1214979393467646,-0.636434506559636,False,0.05699449998792261,12,12
8,crossed,nearest,False,180,0.005156893883203412,0.0539644169146153,0.049525801256645116,0.051131509982133776,64,69,CONVERGENCE: RELATIVE REDUCTION OF F <= FACTR*EPSMCH,-1.9193336909374463,-0.3886041864624849,False,0.0960972000611946,12,12
8,crossed,nearest,False,181,0.005156893883203508,0.053964417149145016,0.04952580122045098,0.05113151015082942,78,90,CONVERGENCE: RELATIVE REDUCTION OF F <= FACTR*EPSMCH,-2.1084604028576805,-0.5898880128992319,False,0.10635849996469915,12,12
8,crossed,nearest,False,182,0.005575806330262013,0.05917528193284985,0.05489598290420788,0.05654923859516731,2442,2844,CONVERGENCE: RELATIVE REDUCTION OF F <= FACTR*EPSMCH,-1.6031261742133887,6.5749149115269985,False,3.266807800042443,12,12
8,crossed,nearest,False,183,0.009074573704815217,0.08594140697700231,0.08006762237632285,0.08179038739750116,1219,1512,CONVERGENCE: RELATIVE REDUCTION OF F <= FACTR*EPSMCH,-6.524174953497351,7.048816281609412,False,1.9961611999897286,12,12
8,crossed,nearest,False,184,0.005156893883203565,0.053964417481492236,0.04952579972617083,0.05113150964653216,52,56,CONVERGENCE: RELATIVE REDUCTION OF F <= FACTR*EPSMCH,-2.0736993599984666,-0.5515045251672674,False,0.07268899993505329,12,12
8,crossed,nearest,False,185,0.005394313206275476,0.05977568673712438,0.05525348302131929,0.056933460849214454,7229,8370,CONVERGENCE: RELATIVE REDUCTION OF F <= FACTR*EPSMCH,-2.3701979970827973,5.894323669728876,False,9.706213699886575,12,12
8,crossed,nearest,False,186,0.005156893883202736,0.05396441831526838,0.0495258002414782,0.05113151010180517,80,88,CONVERGENCE: RELATIVE REDUCTION OF F <= FACTR*EPSMCH,-1.9660153921028733,-0.1455682390733679,False,0.09836840000934899,12,12
8,crossed,nearest,False,187,0.005394311712703008,0.05977585946064562,0.05525444855983424,0.056934516624107694,6358,6989,CONVERGENCE: RELATIVE REDUCTION OF F <= FACTR*EPSMCH,-2.443075402700196,6.029569593007433,False,10.82091810007114,12,12
8,crossed,nearest,False,188,0.007236505397381717,0.07181950866434768,0.06588947245714377,0.06791267185243341,4274,5039,CONVERGENCE: RELATIVE REDUCTION OF F <= FACTR*EPSMCH,-2.6215710948655913,8.0,True,5.770265600061975,12,12
8,crossed,nearest,False,189,0.005156893883202507,0.05396441739682592,0.049525801279839916,0.05113151042394193,74,80,CONVERGENCE: RELATIVE REDUCTION OF F <= FACTR*EPSMCH,-2.2091804539267197,-0.5216634827295354,False,0.12188160000368953,12,12
8,crossed,nearest,False,190,0.0072414452946307425,0.07254963757524428,0.06396190854049377,0.06472143097388736,99,112,CONVERGENCE: RELATIVE REDUCTION OF F <= FACTR*EPSMCH,-1.6563010608995832,0.23232426673210652,False,0.14888579992111772,12,12
8,crossed,nearest,False,191,0.005575813336929582,0.05917507907486773,0.05489614888048901,0.05654930965482362,3579,4156,CONVERGENCE: RELATIVE REDUCTION OF F <= FACTR*EPSMCH,-0.7970898654101672,7.999967495870665,True,4.577776700025424,12,12
8,crossed,nearest,False,192,0.008495999969621335,0.08109285069060147,0.07670718363549811,0.07831703060166173,84,98,CONVERGENCE: RELATIVE REDUCTION OF F <= FACTR*EPSMCH,-1.6277479324836182,0.051570494815202296,False,0.13136350002605468,12,12
8,crossed,nearest,False,193,0.008479174487375667,0.07924031755960362,0.073855658638322,0.07584098517583102,6733,7633,CONVERGENCE: RELATIVE REDUCTION OF F <= FACTR*EPSMCH,-2.9107394438312433,8.0,True,9.002265400020406,12,12
8,crossed,nearest,False,194,0.006772864080428287,0.07024129422307553,0.06305318758827518,0.06391810204633606,845,1118,CONVERGENCE: RELATIVE REDUCTION OF F <= FACTR*EPSMCH,-8.0,7.999998711905507,True,1.416399099980481,12,12
8,crossed,nearest,False,195,0.00557580741752392,0.05917519204668301,0.05489657292468128,0.056549589190959475,3012,3413,CONVERGENCE: RELATIVE REDUCTION OF F <= FACTR*EPSMCH,-1.4079599413306547,5.783013609855038,False,6.4548977999947965,12,12
8,crossed,nearest,False,196,0.0072420776771838745,0.07255261506035923,0.06394825120203365,0.06471533247223718,980,1101,CONVERGENCE: RELATIVE REDUCTION OF F <= FACTR*EPSMCH,-0.6587263797197523,7.999999932876709,True,1.3189181999769062,12,12
8,crossed,nearest,False,197,0.006773668540633236,0.07024853717751328,0.06305916509283678,0.06392334649964324,1620,1979,CONVERGENCE: RELATIVE REDUCTION OF F <= FACTR*EPSMCH,-8.0,7.999998598775564,True,2.3891646000556648,12,12
8,crossed,nearest,False,198,0.005575808508043981,0.059175283085788226,0.05489616684117008,0.056549366513010686,1824,2127,CONVERGENCE: RELATIVE REDUCTION OF F <= FACTR*EPSMCH,-1.8333896406931391,5.646744183858656,False,4.941811400000006,12,12
8,crossed,nearest,False,199,0.006773419379999479,0.0702455987531145,0.06305566101169657,0.06391992097461155,615,789,CONVERGENCE: RELATIVE REDUCTION OF F <= FACTR*EPSMCH,-8.0,8.0,True,1.1132218000711873,12,12
8,crossed,mirror,False,0,0.005156893883204212,0.053964417952287416,0.049525800444376926,0.0511315096869929,86,95,CONVERGENCE: RELATIVE REDUCTION OF F <= FACTR*EPSMCH,-2.149433088624743,-0.13832006543451578,False,0.11944389995187521,12,12
8,crossed,mirror,False,1,0.006775430925416107,0.07025970733379477,0.06306837076342775,0.06393182927731321,1688,2011,CONVERGENCE: RELATIVE REDUCTION OF F <= FACTR*EPSMCH,-8.0,8.0,True,2.4221220000181347,12,12
8,crossed,mirror,False,2,0.005156893883202479,0.053964417213988466,0.0495258002690737,0.05113150954078095,63,67,CONVERGENCE: RELATIVE REDUCTION OF F <= FACTR*EPSMCH,-2.1458285222796207,-0.5215541164237638,False,0.0894259000197053,12,12
8,crossed,mirror,False,3,0.00763188551128022,0.07716594661521911,0.07151786517000822,0.07320848290546053,5414,6283,CONVERGENCE: RELATIVE REDUCTION OF F <= FACTR*EPSMCH,-7.99871538302907,6.357849922483975,True,9.765212300000712,12,12
8,crossed,mirror,False,4,0.00569288168920204,0.05919336429684797,0.05433610273009638,0.05615342018758376,843,987,CONVERGENCE: RELATIVE REDUCTION OF F <= FACTR*EPSMCH,-2.430222796281632,7.999999959872409,True,1.3082048000069335,12,12
8,crossed,mirror,False,5,0.005692881749105485,0.05919373612294943,0.05433652906443854,0.05615389761262621,854,983,CONVERGENCE: RELATIVE REDUCTION OF F <= FACTR*EPSMCH,-2.586901103234308,7.9996720236055365,True,1.0840093999868259,12,12
8,crossed,mirror,False,6,0.007631903743828635,0.07716606509418272,0.07151747592628589,0.07320830578016124,6562,7483,CONVERGENCE: RELATIVE REDUCTION OF F <= FACTR*EPSMCH,-7.860743577473881,4.928514616335887,False,8.596867599990219,12,12
8,crossed,mirror,False,7,0.007641927571586406,0.07715564631707371,0.07150548643387598,0.07319655293946427,3129,3784,CONVERGENCE: RELATIVE REDUCTION OF F <= FACTR*EPSMCH,-8.0,7.997857024897712,True,4.189290100010112,12,12
8,crossed,mirror,False,8,0.007242079446304148,0.0725526172226759,0.06394833145996597,0.06471549229476142,960,1093,CONVERGENCE: RELATIVE REDUCTION OF F <= FACTR*EPSMCH,-1.561661512526482,7.999997454481041,True,1.2575811999849975,12,12
8,crossed,mirror,False,9,0.006780396713862275,0.0702954224741139,0.06309970630732,0.06396115562541053,1545,1893,CONVERGENCE: RELATIVE REDUCTION OF F <= FACTR*EPSMCH,-8.0,7.76268300399879,True,2.0933586000464857,12,12
8,crossed,mirror,False,10,0.005156893883202661,0.053964416651876394,0.04952580094493176,0.051131509391583375,77,84,CONVERGENCE: RELATIVE REDUCTION OF F <= FACTR*EPSMCH,-2.108406283896034,-0.14644272389361626,False,0.10718479997012764,12,12
8,crossed,mirror,False,11,0.005156893883207876,0.053964415475878234,0.049525796862194424,0.05113150608297591,97,112,CONVERGENCE: RELATIVE REDUCTION OF F <= FACTR*EPSMCH,-2.1387221577489184,0.03003026651302483,False,0.13556500000413507,12,12
8,crossed,mirror,False,12,0.005692895526262608,0.059193865738765415,0.05433656380604844,0.05615395170712687,891,1049,CONVERGENCE: RELATIVE REDUCTION OF F <= FACTR*EPSMCH,-2.039190021669436,7.9984494436682265,True,1.147378999972716,12,12
8,crossed,mirror,False,13,0.006027957548430047,0.06421962043975349,0.05782393299356914,0.05875825170146828,7263,8359,CONVERGENCE: RELATIVE REDUCTION OF F <= FACTR*EPSMCH,-2.241469345665745,7.987223488376699,True,9.627543600043282,12,12
8,crossed,mirror,False,14,0.005156893883203265,0.05396441788190894,0.04952579944981993,0.05113150919458196,64,68,CONVERGENCE: RELATIVE REDUCTION OF F <= FACTR*EPSMCH,-2.1816268944458956,-0.6445063909483948,False,0.06610059994272888,12,12
8,crossed,mirror,False,15,0.0051568938832033265,0.05396441700410451,0.0495257996237289,0.051131508667152416,69,70,CONVERGENCE: RELATIVE REDUCTION OF F <= FACTR*EPSMCH,-1.8954491781938714,-0.4311474992436843,False,0.07457550009712577,12,12
8,crossed,mirror,False,16,0.005692880909053856,0.0591937325482475,0.05433645190753861,0.05615384756893227,999,1185,ABNORMAL: ,-2.577726734994785,7.999788949774151,True,1.4777138999197632,12,12
8,crossed,mirror,False,17,0.005692881501816443,0.05919362928289888,0.0543364185566808,0.05615376552043296,813,926,CONVERGENCE: RELATIVE REDUCTION OF F <= FACTR*EPSMCH,-2.610323394422145,7.997912714358955,True,1.0660893000895157,12,12
8,crossed,mirror,False,18,0.005156893883202283,0.05396441721402191,0.04952580079072003,0.05113150970136785,68,73,CONVERGENCE: RELATIVE REDUCTION OF F <= FACTR*EPSMCH,-2.105928272531171,-0.24733268739004732,False,0.08359569997992367,12,12
8,crossed,mirror,False,19,0.00540930241453586,0.05968836399363311,0.055181060610124594,0.056858157745291724,19776,24028,CONVERGENCE: RELATIVE REDUCTION OF F <= FACTR*EPSMCH,-2.413620441626166,8.0,True,27.25896880007349,12,12
8,crossed,mirror,False,20,0.007631888096474931,0.07716595131892666,0.07151779755815149,0.07320834228124762,3634,4343,CONVERGENCE: RELATIVE REDUCTION OF F <= FACTR*EPSMCH,-7.99999757192995,6.763374841192792,True,5.255363799980842,12,12
8,crossed,mirror,False,21,0.0056928805504775845,0.059193658090962394,0.054336463588356095,0.05615381200321193,1456,1603,CONVERGENCE: RELATIVE REDUCTION OF F <= FACTR*EPSMCH,-2.501366091142709,7.9997791039943795,True,1.8632627000333741,12,12
8,crossed,mirror,False,22,0.0056928824414841294,0.05919374828892808,0.05433646480496892,0.056153854523403955,1052,1172,CONVERGENCE: RELATIVE REDUCTION OF F <= FACTR*EPSMCH,-2.551365737757849,7.999930874832328,True,1.2379629000788555,12,12
8,crossed,mirror,False,23,0.005156893883203044,0.05396441763884515,0.04952580108679151,0.05113151009354804,68,74,CONVERGENCE: RELATIVE REDUCTION OF F <= FACTR*EPSMCH,-1.8280286827164813,-0.2810519501107839,False,0.09162970003671944,12,12
8,crossed,mirror,False,24,0.005971888426951619,0.06471430420159519,0.06116216512111513,0.06250422801328652,8721,10338,CONVERGENCE: RELATIVE REDUCTION OF F <= FACTR*EPSMCH,-2.6215837245691933,8.0,True,11.729907499975525,12,12
8,crossed,mirror,False,25,0.006010747450994859,0.0630869325092805,0.0567434221901931,0.05788932897303644,5869,6886,CONVERGENCE: RELATIVE REDUCTION OF F <= FACTR*EPSMCH,-2.1061264332567586,7.998750544310198,True,8.031284299911931,12,12
8,crossed,mirror,False,26,0.006776501104037083,0.07026736360051535,0.06307521519560183,0.06393631755643026,1024,1224,CONVERGENCE: RELATIVE REDUCTION OF F <= FACTR*EPSMCH,-8.0,7.999999999656494,True,1.3135700999991968,12,12
8,crossed,mirror,False,27,0.007631891915719903,0.0771659517078686,0.07151706186379038,0.07320798646554418,4861,5569,CONVERGENCE: RELATIVE REDUCTION OF F <= FACTR*EPSMCH,-7.596761617188269,5.732913198501647,False,6.866618099971674,12,12
8,crossed,mirror,False,28,0.005692964750260279,0.05919379244231561,0.05433616951352686,0.05615355066215533,2915,3230,CONVERGENCE: RELATIVE REDUCTION OF F <= FACTR*EPSMCH,-0.060609479699180284,7.948878017773093,True,3.8720467999810353,12,12
8,crossed,mirror,False,29,0.0076318835267628095,0.07716592666549726,0.07151745258447655,0.07320810040977511,3002,3522,CONVERGENCE: RELATIVE REDUCTION OF F <= FACTR*EPSMCH,-7.472303644084061,7.9987049720897145,True,4.274087499943562,12,12
8,crossed,mirror,False,30,0.005156893883202219,0.053964417162074965,0.0495258008860286,0.05113150988749592,71,77,CONVERGENCE: RELATIVE REDUCTION OF F <= FACTR*EPSMCH,-2.19229929368402,-0.4652049737002175,False,0.09618710004724562,12,12
8,crossed,mirror,False,31,0.005692887569035063,0.059193748493866376,0.05433639383129631,0.05615379984082074,864,989,CONVERGENCE: RELATIVE REDUCTION OF F <= FACTR*EPSMCH,-2.2756026498702693,7.9997912546158885,True,1.047878700075671,12,12
8,crossed,mirror,False,32,0.005156893883202204,0.05396441717423001,0.0495258006890268,0.051131509659217624,78,83,CONVERGENCE: RELATIVE REDUCTION OF F <= FACTR*EPSMCH,-1.9946442630812709,-0.23129579350167792,False,0.09238209994509816,12,12
8,crossed,mirror,False,33,0.008731878933545514,0.08257102982730098,0.07808991551495262,0.079605661065783,6144,7261,CONVERGENCE: RELATIVE REDUCTION OF F <= FACTR*EPSMCH,0.26784722987771176,7.99982988507761,True,8.1785697999876,12,12
8,crossed,mirror,False,34,0.007641319962600322,0.07716466058086406,0.07151739918066803,0.07320748674769506,3252,3828,CONVERGENCE: RELATIVE REDUCTION OF F <= FACTR*EPSMCH,-8.0,7.999999378801908,True,4.178594199940562,12,12
8,crossed,mirror,False,35,0.0051568938832035165,0.05396441756281091,0.0495258018538381,0.051131510583430836,58,64,CONVERGENCE: RELATIVE REDUCTION OF F <= FACTR*EPSMCH,-2.085078090521274,-0.11484729363651584,False,0.06291390000842512,12,12
8,crossed,mirror,False,36,0.005156893883203756,0.053964418395693756,0.04952580087405071,0.05113151100012332,60,66,CONVERGENCE: RELATIVE REDUCTION OF F <= FACTR*EPSMCH,-2.0219864238412675,-0.5257806906689696,False,0.06614269991405308,12,12
8,crossed,mirror,False,37,0.005692892944713682,0.059194004757717765,0.054336769505238525,0.05615417134075189,708,810,CONVERGENCE: RELATIVE REDUCTION OF F <= FACTR*EPSMCH,-2.1105038466051447,8.0,True,0.8647447000257671,12,12
8,crossed,mirror,False,38,0.005692879880981218,0.059193671315413254,0.054336475225375186,0.056153830225986676,969,1102,CONVERGENCE: RELATIVE REDUCTION OF F <= FACTR*EPSMCH,-2.6746373503068392,7.999999983228735,True,1.1798174000578001,12,12
8,crossed,mirror,False,39,0.007641057523957231,0.07716140473638532,0.07151177072211028,0.07320259048219463,3404,3936,CONVERGENCE: RELATIVE REDUCTION OF F <= FACTR*EPSMCH,-8.0,6.385265796071215,True,4.303457800066099,12,12
8,crossed,mirror,False,40,0.005692894848836559,0.05919388935648126,0.05433658613990376,0.05615399357631048,787,896,CONVERGENCE: RELATIVE REDUCTION OF F <= FACTR*EPSMCH,-1.9923031979554606,7.999510537692515,True,1.0061561000766233,12,12
8,crossed,mirror,False,41,0.005692902330088973,0.059198590719836054,0.05434101859386043,0.056159093479497865,762,888,CONVERGENCE: RELATIVE REDUCTION OF F <= FACTR*EPSMCH,-2.1162258837416354,7.994940114326476,True,1.0013074000598863,12,12
8,crossed,mirror,False,42,0.005614328394102856,0.05951238660390775,0.05518867761719907,0.056861063414765774,3305,3916,CONVERGENCE: RELATIVE REDUCTION OF F <= FACTR*EPSMCH,-0.29948416754363183,8.0,True,4.878196400008164,12,12
8,crossed,mirror,False,43,0.005692897525888868,0.0591936799282263,0.05433634343081719,0.05615372007336901,875,979,CONVERGENCE: RELATIVE REDUCTION OF F <= FACTR*EPSMCH,-1.8390238549560878,7.999985276698973,True,1.2931815999327227,12,12
8,crossed,mirror,False,44,0.005156893883202368,0.053964417012116565,0.049525800411984046,0.051131509309588784,73,81,CONVERGENCE: RELATIVE REDUCTION OF F <= FACTR*EPSMCH,-1.7599601441840098,-0.23560479438244744,False,0.07901410001795739,12,12
8,crossed,mirror,False,45,0.010540289848949218,0.0914015277126658,0.08637448992094311,0.0883119652019726,1128,1405,ABNORMAL: ,-8.0,8.0,True,1.8593987999483943,12,12
8,crossed,mirror,False,46,0.006781874491868619,0.07030422720902989,0.06311474573053016,0.06398004309200006,3815,4708,CONVERGENCE: RELATIVE REDUCTION OF F <= FACTR*EPSMCH,-8.0,7.999381977780575,True,5.530416900059208,12,12
8,crossed,mirror,False,47,0.005156893883207671,0.05396441799244132,0.049525802843409655,0.05113151150062604,64,69,CONVERGENCE: RELATIVE REDUCTION OF F <= FACTR*EPSMCH,-1.988396808921386,-0.48915730004620384,False,0.07236150000244379,12,12
8,crossed,mirror,False,48,0.00515689388320285,0.053964417453345064,0.049525800831763236,0.05113150991811316,65,71,CONVERGENCE: RELATIVE REDUCTION OF F <= FACTR*EPSMCH,-2.199604128175564,-0.7081094557244435,False,0.10435969999525696,12,12
8,crossed,mirror,False,49,0.005156893883204805,0.053964418094633294,0.049525802466799176,0.05113151084684627,84,97,CONVERGENCE: RELATIVE REDUCTION OF F <= FACTR*EPSMCH,-2.1733427179842284,-0.4387031350342833,False,0.12886210007127374,12,12
8,crossed,mirror,False,50,0.005970748379379987,0.06469961436048681,0.061150594431413303,0.06249192002052574,8879,10205,CONVERGENCE: RELATIVE REDUCTION OF F <= FACTR*EPSMCH,-2.1342001607003547,8.0,True,12.151099300011992,12,12
8,crossed,mirror,False,51,0.010918745611737751,0.0960671458459997,0.08839505608779379,0.09038435131193999,2747,3396,CONVERGENCE: RELATIVE REDUCTION OF F <= FACTR*EPSMCH,-5.8679379729196635,7.999311042040272,True,7.3001875000773,12,12
8,crossed,mirror,False,52,0.005692884821753611,0.059193676330350276,0.054336443219475804,0.056153806796093185,895,1044,CONVERGENCE: RELATIVE REDUCTION OF F <= FACTR*EPSMCH,-2.1362618562233724,7.999916702367449,True,1.172265800065361,12,12
8,crossed,mirror,False,53,0.005156893883203725,0.05396441747650514,0.049525802713871615,0.051131510905334465,96,112,CONVERGENCE: RELATIVE REDUCTION OF F <= FACTR*EPSMCH,-2.2108728283373944,-0.7154912719793332,False,0.11305560008622706,12,12
8,crossed,mirror,False,54,0.005692879769439758,0.05919381234028959,0.054336524624803706,0.05615392491468324,1063,1235,CONVERGENCE: RELATIVE REDUCTION OF F <= FACTR*EPSMCH,-2.7608743085049468,7.999840265429622,True,1.5581135998945683,12,12
8,crossed,mirror,False,55,0.005974163627387449,0.06473893097399706,0.061193298546960026,0.06253262912175919,4419,5239,CONVERGENCE: RELATIVE REDUCTION OF F <= FACTR*EPSMCH,-2.6172418699579603,7.890913235506479,False,6.281188299995847,12,12
8,crossed,mirror,False,56,0.00515689388320278,0.05396441794736338,0.04952580244309483,0.05113151125920381,60,64,CONVERGENCE: RELATIVE REDUCTION OF F <= FACTR*EPSMCH,-1.9893547819843647,-0.5890068437692945,False,0.07941340003162622,12,12
8,crossed,mirror,False,57,0.007242075103359406,0.07255261920613677,0.06394828913151866,0.06471536273872328,897,1080,CONVERGENCE: RELATIVE REDUCTION OF F <= FACTR*EPSMCH,-1.9012716889596646,7.999999996670795,True,1.1919070000294596,12,12
8,crossed,mirror,False,58,0.005399841841727196,0.05994848220426044,0.05546911821949836,0.05713250258389546,2208,2549,CONVERGENCE: RELATIVE REDUCTION OF F <= FACTR*EPSMCH,-2.6575014637267853,5.405316736416714,False,3.573926999932155,12,12
8,crossed,mirror,False,59,0.0067509414904136,0.07028107045072467,0.063105036720124,0.06396743266045786,8173,9773,CONVERGENCE: RELATIVE REDUCTION OF F <= FACTR*EPSMCH,-8.0,8.0,True,14.358692500041798,12,12
8,crossed,mirror,False,60,0.005156893883202826,0.05396441806224705,0.04952580105027324,0.051131510416329025,73,76,CONVERGENCE: RELATIVE REDUCTION OF F <= FACTR*EPSMCH,-2.1863874633768816,-0.302650551418185,False,0.13038310001138598,12,12
8,crossed,mirror,False,61,0.005156893883202259,0.05396441737169429,0.0495258000926607,0.05113150939824835,68,74,CONVERGENCE: RELATIVE REDUCTION OF F <= FACTR*EPSMCH,-1.7609241461834624,-0.20301957345566093,False,0.13268169993534684,12,12
8,crossed,mirror,False,62,0.009189690054694534,0.08506018155360727,0.07929561924601937,0.08010590382628663,2005,2439,ABNORMAL: ,-8.0,7.99905147647849,True,2.6967244000406936,12,12
8,crossed,mirror,False,63,0.007652432895835294,0.0772382238404454,0.07166137646471703,0.07332976302485482,5450,6347,CONVERGENCE: RELATIVE REDUCTION OF F <= FACTR*EPSMCH,-5.918118579974067,7.999999763429413,True,10.75776039995253,12,12
8,crossed,mirror,False,64,0.005692893744759945,0.05919380950718714,0.05433652971060647,0.05615392861086377,910,1094,CONVERGENCE: RELATIVE REDUCTION OF F <= FACTR*EPSMCH,-2.018276960331018,8.0,True,1.2545411000028253,12,12
8,crossed,mirror,False,65,0.005156893883202255,0.05396441732935825,0.04952580156290229,0.051131510393036095,93,108,CONVERGENCE: RELATIVE REDUCTION OF F <= FACTR*EPSMCH,-2.0216074143100706,-0.5250507379263788,False,0.17043709999416023,12,12
8,crossed,mirror,False,66,0.005692882200151296,0.059193788878623706,0.05433651276893887,0.056153911350768644,821,916,CONVERGENCE: RELATIVE REDUCTION OF F <= FACTR*EPSMCH,-2.553004593364911,7.998887194324291,True,2.0508432999486104,12,12
8,crossed,mirror,False,67,0.005692894573526898,0.059193887939067186,0.05433663098245755,0.05615403098916988,813,914,CONVERGENCE: RELATIVE REDUCTION OF F <= FACTR*EPSMCH,-2.064426641252708,7.999311368948582,True,2.895645499927923,12,12
8,crossed,mirror,False,68,0.005156893883202288,0.05396441738412389,0.04952580075390297,0.05113150979743701,62,68,CONVERGENCE: RELATIVE REDUCTION OF F <= FACTR*EPSMCH,-2.2072694223020672,-0.6922463321508568,False,0.17777179996483028,12,12
8,crossed,mirror,False,69,0.0051568938832024565,0.053964417690997094,0.049525801878655365,0.05113151070935538,63,72,CONVERGENCE: RELATIVE REDUCTION OF F <= FACTR*EPSMCH,-2.0169887465537366,-0.5764369948343897,False,0.17472440004348755,12,12
8,crossed,mirror,False,70,0.005156893883203503,0.05396441829762899,0.049525802013015874,0.05113151092842376,59,63,CONVERGENCE: RELATIVE REDUCTION OF F <= FACTR*EPSMCH,-1.9418271481280733,-0.29439959547551986,False,0.1631939000217244,12,12
8,crossed,mirror,False,71,0.0056928874516138095,0.05919796585518878,0.05434185417293532,0.05615966583850054,703,830,CONVERGENCE: RELATIVE REDUCTION OF F <= FACTR*EPSMCH,-2.5902069750307746,7.990572626593182,True,1.2922257999889553,12,12
8,crossed,mirror,False,72,0.00763189465607631,0.07716593574286082,0.07151764481343295,0.07320835534317223,2884,3343,CONVERGENCE: RELATIVE REDUCTION OF F <= FACTR*EPSMCH,-7.464414512680562,6.6535826225758905,False,3.8288936000317335,12,12
8,crossed,mirror,False,73,0.005156893883203647,0.053964416690110574,0.049525799925419785,0.05113150898698278,101,110,CONVERGENCE: RELATIVE REDUCTION OF F <= FACTR*EPSMCH,-2.1543146705515004,-0.0806921517125326,False,0.13255219999700785,12,12
8,crossed,mirror,False,74,0.005156893883203206,0.0539644172149189,0.04952579792539633,0.051131507558477056,75,84,CONVERGENCE: RELATIVE REDUCTION OF F <= FACTR*EPSMCH,-1.841410101571483,-0.33951269470832884,False,0.0954892000881955,12,12
8,crossed,mirror,False,75,0.0076113789644763705,0.07355933982767221,0.06907897530937217,0.07070056250342552,6928,7888,CONVERGENCE: RELATIVE REDUCTION OF F <= FACTR*EPSMCH,-3.385582962925426,7.999999801735446,True,8.999375800020061,12,12
8,crossed,mirror,False,76,0.005156893883202217,0.05396441755562448,0.04952580152053038,0.051131510585959467,60,65,CONVERGENCE: RELATIVE REDUCTION OF F <= FACTR*EPSMCH,-2.1543990375409283,-0.5551494111043777,False,0.07394700008444488,12,12
8,crossed,mirror,False,77,0.008124382413709077,0.07886511901216135,0.07295367375660067,0.07483607828911241,1431,1699,CONVERGENCE: RELATIVE REDUCTION OF F <= FACTR*EPSMCH,-8.0,8.0,True,1.9569087999407202,12,12
8,crossed,mirror,False,78,0.005156893883202877,0.05396441656975973,0.04952579806974558,0.051131507402981516,81,90,CONVERGENCE: RELATIVE REDUCTION OF F <= FACTR*EPSMCH,-1.6868845676760202,-0.20782491735530464,False,0.10856590000912547,12,12
8,crossed,mirror,False,79,0.0060278864827810925,0.06422038634437072,0.05782652285704625,0.05876282028136671,18196,21113,CONVERGENCE: RELATIVE REDUCTION OF F <= FACTR*EPSMCH,-2.137182440480294,8.0,True,24.401861099991947,12,12
8,crossed,mirror,False,80,0.007242082127931971,0.07255264739671444,0.06394838680795197,0.06471555618990293,1195,1353,CONVERGENCE: RELATIVE REDUCTION OF F <= FACTR*EPSMCH,-1.4666957635514,8.0,True,1.4874273999594152,12,12
8,crossed,mirror,False,81,0.005156893883202714,0.05396441753277671,0.04952580014006391,0.05113150962698344,60,65,CONVERGENCE: RELATIVE REDUCTION OF F <= FACTR*EPSMCH,-1.9421116183866056,-0.3422145353408531,False,0.07097210001666099,12,12
8,crossed,mirror,False,82,0.0075531529459602065,0.07316992208369248,0.06808607071684133,0.06952682856355749,1309,1493,CONVERGENCE: RELATIVE REDUCTION OF F <= FACTR*EPSMCH,-2.7711752263090816,7.9847730262900996,True,1.6905153999105096,12,12
8,crossed,mirror,False,83,0.005156893883202281,0.053964417378125344,0.0495258014306877,0.051131510401841496,69,77,CONVERGENCE: RELATIVE REDUCTION OF F <= FACTR*EPSMCH,-2.098898730761394,-0.41975638098008244,False,0.07853649999015033,12,12
8,crossed,mirror,False,84,0.005692893753166961,0.0591938501937633,0.054336565945391255,0.056153967185598036,846,937,CONVERGENCE: RELATIVE REDUCTION OF F <= FACTR*EPSMCH,-1.931638971290963,7.9999994899588485,True,1.0509948000544682,12,12
8,crossed,mirror,False,85,0.005156893883202679,0.05396441757896222,0.04952580024132354,0.051131509367491404,62,66,CONVERGENCE: RELATIVE REDUCTION OF F <= FACTR*EPSMCH,-1.9896115455562742,-0.288246234119465,False,0.08363989996723831,12,12
8,crossed,mirror,False,86,0.005692879385182315,0.05919379805627176,0.054336551065383855,0.05615394357620451,873,987,CONVERGENCE: RELATIVE REDUCTION OF F <= FACTR*EPSMCH,-2.789084113633846,7.999959871733623,True,1.1244944999925792,12,12
8,crossed,mirror,False,87,0.005692880789817959,0.059193747646356855,0.05433649203966559,0.056153877679846136,2005,2199,CONVERGENCE: RELATIVE REDUCTION OF F <= FACTR*EPSMCH,-2.674528472522296,7.999825372943126,True,2.4136820000130683,12,12
8,crossed,mirror,False,88,0.005156893883207699,0.05396441689430256,0.049525799583793564,0.051131508327933034,98,108,CONVERGENCE: RELATIVE REDUCTION OF F <= FACTR*EPSMCH,-2.1244557936747213,0.05766674401861982,False,0.13189050008077174,12,12
8,crossed,mirror,False,89,0.005156893883202304,0.05396441730340306,0.04952580031653176,0.0511315093872277,58,66,CONVERGENCE: RELATIVE REDUCTION OF F <= FACTR*EPSMCH,-2.1276760987425445,-0.42194063736792786,False,0.08609080000314862,12,12
8,crossed,mirror,False,90,0.005156893883203003,0.053964416781071646,0.049525797699490975,0.051131507208907086,83,95,CONVERGENCE: RELATIVE REDUCTION OF F <= FACTR*EPSMCH,-2.1017968675118097,-0.3368720019145034,False,0.12603210005909204,12,12
8,crossed,mirror,False,91,0.005394303454731833,0.05977543113639696,0.0552518803733803,0.05693227133609756,9273,10364,CONVERGENCE: RELATIVE REDUCTION OF F <= FACTR*EPSMCH,-2.663986646738551,6.290512775950443,False,11.845432700007223,12,12
8,crossed,mirror,False,92,0.005692895818598776,0.059193840827728966,0.05433651586030238,0.056153917851338706,1000,1124,CONVERGENCE: RELATIVE REDUCTION OF F <= FACTR*EPSMCH,-1.6468366235078131,7.9999899582910565,True,1.2931885999860242,12,12
8,crossed,mirror,False,93,0.011564997179079115,0.09937785487467404,0.0940888770942296,0.09505631237075958,1962,2450,CONVERGENCE: RELATIVE REDUCTION OF F <= FACTR*EPSMCH,-8.0,8.0,True,3.0741723000537604,12,12
8,crossed,mirror,False,94,0.005612153947189353,0.059506872940806685,0.05518560130201254,0.05685699801337109,2621,3023,CONVERGENCE: RELATIVE REDUCTION OF F <= FACTR*EPSMCH,-2.417826279254315,7.6915995240371196,False,3.160486100008711,12,12
8,crossed,mirror,False,95,0.011476846343434054,0.09710394228543044,0.09150170989173888,0.09283737557148612,4402,5334,CONVERGENCE: RELATIVE REDUCTION OF F <= FACTR*EPSMCH,-8.0,7.300407076317479,True,6.184659600025043,12,12
8,crossed,mirror,False,96,0.005692924499307346,0.05919578722517195,0.05433705205329013,0.056154636302236084,412,508,CONVERGENCE: RELATIVE REDUCTION OF F <= FACTR*EPSMCH,-1.5081499273085432,7.9994905865595705,True,0.5419405999127775,12,12
8,crossed,mirror,False,97,0.007631910167264905,0.07716608735244389,0.07151597624743088,0.07320754912690462,7663,9099,CONVERGENCE: RELATIVE REDUCTION OF F <= FACTR*EPSMCH,-8.0,6.713381516194216,True,10.40075159992557,12,12
8,crossed,mirror,False,98,0.0072420761900647695,0.0725525918986884,0.06394845294134863,0.06471561182808128,919,1084,CONVERGENCE: RELATIVE REDUCTION OF F <= FACTR*EPSMCH,-1.8775478734700803,8.0,True,1.2067858000518754,12,12
8,crossed,mirror,False,99,0.008731964426732935,0.08257225471737192,0.07809166592645228,0.07960758329867558,4500,5347,CONVERGENCE: RELATIVE REDUCTION OF F <= FACTR*EPSMCH,0.5416614463357242,7.998901401302147,True,6.4284985000267625,12,12
8,crossed,mirror,False,100,0.005692881950886516,0.05919389958657087,0.05433666782893312,0.05615406783964723,6575,7239,CONVERGENCE: RELATIVE REDUCTION OF F <= FACTR*EPSMCH,-2.5753019887428525,7.97893183066315,True,8.031821200042032,12,12
8,crossed,mirror,False,101,0.005692892234252197,0.05918872584299745,0.05433194646605391,0.056148191438387104,544,636,CONVERGENCE: RELATIVE REDUCTION OF F <= FACTR*EPSMCH,-2.108636384469602,7.9946020231988,True,0.7086348999291658,12,12
8,crossed,mirror,False,102,0.005394310223606333,0.0597758067967001,0.05525228348267684,0.05693242999777184,6520,7208,CONVERGENCE: RELATIVE REDUCTION OF F <= FACTR*EPSMCH,-2.396996543413771,5.901759735633847,False,8.574323800043203,12,12
8,crossed,mirror,False,103,0.0056928881970474896,0.05919380094561081,0.05433650936612975,0.056153908887284436,910,1065,CONVERGENCE: RELATIVE REDUCTION OF F <= FACTR*EPSMCH,-2.213041694768642,7.999541484734664,True,1.1917440000688657,12,12
8,crossed,mirror,False,104,0.005692884636655474,0.05919371846139172,0.05433643324831503,0.056153816737724474,806,908,CONVERGENCE: RELATIVE REDUCTION OF F <= FACTR*EPSMCH,-2.4239303294463053,7.999979140057065,True,1.029634099919349,12,12
8,crossed,mirror,False,105,0.005692894166038402,0.05919376704544553,0.054336489951390975,0.05615386465444839,1254,1402,CONVERGENCE: RELATIVE REDUCTION OF F <= FACTR*EPSMCH,-1.9584943961474788,7.999245804876853,True,1.488136800006032,12,12
8,crossed,mirror,False,106,0.005692881809756693,0.05919332346215204,0.05433603349197405,0.056153356054978155,933,1083,CONVERGENCE: RELATIVE REDUCTION OF F <= FACTR*EPSMCH,-2.4971977559430796,7.9999868509017915,True,1.2211280999472365,12,12
8,crossed,mirror,False,107,0.007553151869345359,0.07316991259325721,0.06808612336755596,0.06952683576227152,998,1137,CONVERGENCE: RELATIVE REDUCTION OF F <= FACTR*EPSMCH,-2.9652566351266936,7.992699615277111,True,1.322720600059256,12,12
8,crossed,mirror,False,108,0.005692879990234193,0.05919371613043967,0.05433647257414752,0.05615386189382257,934,1093,CONVERGENCE: RELATIVE REDUCTION OF F <= FACTR*EPSMCH,-2.7244896115615527,7.999991287351238,True,1.4774085000390187,12,12
8,crossed,mirror,False,109,0.005156893883202977,0.053964417530529836,0.0495257993777695,0.05113150909904398,73,82,CONVERGENCE: RELATIVE REDUCTION OF F <= FACTR*EPSMCH,-2.190260967324589,-0.31639692855724494,False,0.11190779996104538,12,12
8,crossed,mirror,False,110,0.0051568938832022545,0.053964417531131764,0.04952580070752257,0.051131510129777485,80,89,CONVERGENCE: RELATIVE REDUCTION OF F <= FACTR*EPSMCH,-1.921656152406608,-0.488618040779769,False,0.11360879999119788,12,12
8,crossed,mirror,False,111,0.007641072495940999,0.07716213811433184,0.07151251441655761,0.07320329903248103,2238,2612,CONVERGENCE: RELATIVE REDUCTION OF F <= FACTR*EPSMCH,-8.0,7.999999995638106,True,3.0461640999419615,12,12
8,crossed,mirror,False,112,0.007640950445881562,0.07716206802314562,0.07151137976455679,0.07320254146660314,1690,1994,CONVERGENCE: RELATIVE REDUCTION OF F <= FACTR*EPSMCH,-8.0,8.0,True,2.255622399970889,12,12
8,crossed,mirror,False,113,0.005399883975000279,0.05995147441014423,0.05547362889050011,0.057136781700364195,4657,5362,CONVERGENCE: RELATIVE REDUCTION OF F <= FACTR*EPSMCH,-2.6817035530285653,7.248245381209017,False,6.4175366999115795,12,12
8,crossed,mirror,False,114,0.007242086382231436,0.07255264296578376,0.06394814097145118,0.06471527856695088,1478,1680,CONVERGENCE: RELATIVE REDUCTION OF F <= FACTR*EPSMCH,-1.23228758137817,8.0,True,3.572247999953106,12,12
8,crossed,mirror,False,115,0.005156893883203007,0.05396441777744286,0.04952580075384616,0.05113150991400575,61,68,CONVERGENCE: RELATIVE REDUCTION OF F <= FACTR*EPSMCH,-2.2001490231891707,-0.6178254828842916,False,0.10514639993198216,12,12
8,crossed,mirror,False,116,0.005692885523421709,0.059193755009814226,0.05433647878622325,0.056153871763436045,725,834,CONVERGENCE: RELATIVE REDUCTION OF F <= FACTR*EPSMCH,-2.3240501571076098,7.999902740852682,True,1.1421711998991668,12,12
8,crossed,mirror,False,117,0.005156893883205623,0.05396441819446423,0.04952579950149472,0.05113150977627822,93,106,CONVERGENCE: RELATIVE REDUCTION OF F <= FACTR*EPSMCH,-2.1049973328970752,-0.13015491491680473,False,0.10997949994634837,12,12
8,crossed,mirror,False,118,0.005692903123250372,0.05919383593025704,0.05433650623886839,0.056153899650424624,964,1085,CONVERGENCE: RELATIVE REDUCTION OF F <= FACTR*EPSMCH,-1.9056852941559856,7.999949508701761,True,1.185803100001067,12,12
8,crossed,mirror,False,119,0.005394301823243495,0.05977543434273069,0.05525207008665829,0.05693244972237076,5557,6358,CONVERGENCE: RELATIVE REDUCTION OF F <= FACTR*EPSMCH,-2.6578516582897658,6.467869999678417,False,9.465102400048636,12,12
8,crossed,mirror,False,120,0.005156893883202974,0.053964416467448956,0.0495258007365102,0.05113150961347787,60,66,CONVERGENCE: RELATIVE REDUCTION OF F <= FACTR*EPSMCH,-2.1013954319554373,-0.6765254181950225,False,0.09809990006033331,12,12
8,crossed,mirror,False,121,0.007242083081847974,0.07255264633474445,0.06394847214201173,0.06471572260477744,2282,2621,CONVERGENCE: RELATIVE REDUCTION OF F <= FACTR*EPSMCH,-0.35903021373091115,7.999951483043832,True,2.7722693000687286,12,12
8,crossed,mirror,False,122,0.005692889938990591,0.05919377173046604,0.05433648808171746,0.05615388116401099,1062,1267,CONVERGENCE: RELATIVE REDUCTION OF F <= FACTR*EPSMCH,-2.1822828667483845,7.999997961552846,True,2.110400600009598,12,12
8,crossed,mirror,False,123,0.007242080380435516,0.0725525840586741,0.06394850084887514,0.06471577815801169,935,1194,ABNORMAL: ,-1.587338630945407,7.999941556733867,True,2.5547160001005977,12,12
8,crossed,mirror,False,124,0.006773971479773381,0.07024104494737647,0.06305957719943796,0.06392855177132822,623,741,CONVERGENCE: RELATIVE REDUCTION OF F <= FACTR*EPSMCH,-8.0,7.999986550387911,True,1.4757774999598041,12,12
8,crossed,mirror,False,125,0.007242085333017357,0.07255264720747191,0.06394823522021184,0.06471533851973653,1248,1410,CONVERGENCE: RELATIVE REDUCTION OF F <= FACTR*EPSMCH,-1.3664698958215125,7.999995262018922,True,2.9077374999178573,12,12
8,crossed,mirror,False,126,0.005692880661312824,0.05919340967131914,0.0543361047818926,0.05615344699199481,983,1118,CONVERGENCE: RELATIVE REDUCTION OF F <= FACTR*EPSMCH,-2.6724530446335555,7.99998730373319,True,1.5449168999912217,12,12
8,crossed,mirror,False,127,0.005156893883203691,0.05396441697526077,0.04952580150371789,0.051131509693129865,81,93,CONVERGENCE: RELATIVE REDUCTION OF F <= FACTR*EPSMCH,-2.0795459512245524,-0.39566620340338654,False,0.11507820000406355,12,12
8,crossed,mirror,False,128,0.007353765505206378,0.07114021927228828,0.06839582132613367,0.06950853127453552,8015,9953,CONVERGENCE: RELATIVE REDUCTION OF F <= FACTR*EPSMCH,-1.7411258897234234,7.999976603558652,True,11.861045999918133,12,12
8,crossed,mirror,False,129,0.005979939960108382,0.061321848519673997,0.05478271907162092,0.05619593394875524,3076,3556,CONVERGENCE: RELATIVE REDUCTION OF F <= FACTR*EPSMCH,-1.9732344307905472,7.271014960960355,False,4.174017200013623,12,12
8,crossed,mirror,False,130,0.005692893602022676,0.059193799999911305,0.05433648876327163,0.05615388717354645,842,972,CONVERGENCE: RELATIVE REDUCTION OF F <= FACTR*EPSMCH,-2.0492141025003736,7.999238820232409,True,1.4112103999359533,12,12
8,crossed,mirror,False,131,0.005613168980678311,0.059506139217012054,0.05518229357110596,0.05685456729396974,6024,7167,CONVERGENCE: RELATIVE REDUCTION OF F <= FACTR*EPSMCH,-0.6917676313827216,8.0,True,8.9225085999351,12,12
8,crossed,mirror,False,132,0.005406848796644567,0.059699468565406234,0.05518374605822099,0.05686246176300424,3848,4679,CONVERGENCE: RELATIVE REDUCTION OF F <= FACTR*EPSMCH,-2.5958841618629833,7.533916723472389,False,6.238905999925919,12,12
8,crossed,mirror,False,133,0.00515689388320445,0.05396441752224444,0.04952580229389673,0.051131511603624,81,87,CONVERGENCE: RELATIVE REDUCTION OF F <= FACTR*EPSMCH,-1.7924053777149882,-0.41838527601857106,False,0.100842299987562,12,12
8,crossed,mirror,False,134,0.010390651239243782,0.0925455560458732,0.08792422624112713,0.08974679173258672,13189,16343,CONVERGENCE: RELATIVE REDUCTION OF F <= FACTR*EPSMCH,-8.0,7.991254750482057,True,19.29507669992745,12,12
8,crossed,mirror,False,135,0.005973750881737571,0.06473483336157874,0.06119212551353427,0.06253050567281555,4399,5153,CONVERGENCE: RELATIVE REDUCTION OF F <= FACTR*EPSMCH,-2.4408068457335923,7.904985677896249,True,5.813188000000082,12,12
8,crossed,mirror,False,136,0.00873186522406226,0.08257448673016349,0.07809497580382062,0.07961157689090166,5836,6972,CONVERGENCE: RELATIVE REDUCTION OF F <= FACTR*EPSMCH,-0.8101703446064108,7.5029657443291535,False,8.262833600048907,12,12
8,crossed,mirror,False,137,0.005399888985495633,0.059948223269827364,0.055467970262267074,0.05713107420477464,6033,7254,CONVERGENCE: RELATIVE REDUCTION OF F <= FACTR*EPSMCH,-2.6318397867006142,7.999624796326033,True,8.756914200028405,12,12
8,crossed,mirror,False,138,0.00677989635010322,0.07029121722164704,0.0631070389439215,0.0639713848518818,2217,2763,CONVERGENCE: RELATIVE REDUCTION OF F <= FACTR*EPSMCH,-8.0,8.0,True,3.167635599966161,12,12
8,crossed,mirror,False,139,0.007553107842795083,0.07316967893866842,0.0680856965317254,0.06952654349228374,1533,1766,CONVERGENCE: RELATIVE REDUCTION OF F <= FACTR*EPSMCH,-1.8631237807554222,7.683936572131273,False,2.5191723000025377,12,12
8,crossed,mirror,False,140,0.005971650623608452,0.06470841289915294,0.06115992739763882,0.06250124758746106,4956,5892,CONVERGENCE: RELATIVE REDUCTION OF F <= FACTR*EPSMCH,-2.467211275069153,8.0,True,6.951175899943337,12,12
8,crossed,mirror,False,141,0.005692966563446087,0.05920314117722654,0.05434651479056071,0.056165249884479504,725,820,CONVERGENCE: RELATIVE REDUCTION OF F <= FACTR*EPSMCH,-1.419232070366261,7.986248744641013,True,0.9019290000433102,12,12
8,crossed,mirror,False,142,0.005156893883204846,0.05396441687581894,0.04952579641262785,0.05113150632931129,68,75,CONVERGENCE: RELATIVE REDUCTION OF F <= FACTR*EPSMCH,-2.079451171886004,-0.23745718863804974,False,0.06699510000180453,12,12
8,crossed,mirror,False,143,0.007242082689127961,0.07255257981517038,0.06394822936027743,0.06471542552257066,731,909,CONVERGENCE: RELATIVE REDUCTION OF F <= FACTR*EPSMCH,-1.4073084218285181,8.0,True,1.1984978000400588,12,12
8,crossed,mirror,False,144,0.005971362117562632,0.0647046303390366,0.06115255025207776,0.06249509544780299,18066,21467,CONVERGENCE: RELATIVE REDUCTION OF F <= FACTR*EPSMCH,-2.5980704190784576,8.0,True,62.10937489999924,12,12
8,crossed,mirror,False,145,0.0056928920595741665,0.05919381473763374,0.054336530759545205,0.05615392084866591,801,923,CONVERGENCE: RELATIVE REDUCTION OF F <= FACTR*EPSMCH,-2.116259788423811,7.999167530152544,True,4.852489400072955,12,12
8,crossed,mirror,False,146,0.0051568938832023846,0.05396441703497064,0.04952580059889497,0.05113150936702944,54,63,CONVERGENCE: RELATIVE REDUCTION OF F <= FACTR*EPSMCH,-2.070357448950583,-0.47753819879744996,False,0.23477430001366884,12,12
8,crossed,mirror,False,147,0.0056928818667146336,0.05919372215754601,0.0543364478504012,0.0561538348126394,803,955,CONVERGENCE: RELATIVE REDUCTION OF F <= FACTR*EPSMCH,-2.567525431471173,7.999523816225726,True,3.6871227000374347,12,12
8,crossed,mirror,False,148,0.005394303698041584,0.05977554569586991,0.05525198997043479,0.05693204312075457,5287,6008,CONVERGENCE: RELATIVE REDUCTION OF F <= FACTR*EPSMCH,-2.6702706605118154,6.1226691911523785,False,6.853790499968454,12,12
8,crossed,mirror,False,149,0.0051568938832039024,0.05396441718548718,0.04952580069584285,0.05113151035242638,62,72,CONVERGENCE: RELATIVE REDUCTION OF F <= FACTR*EPSMCH,-2.1682617018655725,-0.7412917045469015,False,0.06376260006800294,12,12
8,crossed,mirror,False,150,0.007631886909812546,0.07716590832705843,0.0715165609205535,0.07320772060751062,3686,4262,CONVERGENCE: RELATIVE REDUCTION OF F <= FACTR*EPSMCH,-7.7478953536538535,6.408445374533822,False,40.394788899924606,12,12
8,crossed,mirror,False,151,0.005156893883203508,0.05396441803944334,0.049525801318262334,0.051131511122210926,63,71,CONVERGENCE: RELATIVE REDUCTION OF F <= FACTR*EPSMCH,-2.1016799947175135,-0.4309125385923312,False,0.3668515000026673,12,12
8,crossed,mirror,False,152,0.008731881319344067,0.08257389082115021,0.07809361518506124,0.07961013902608588,4155,4898,CONVERGENCE: RELATIVE REDUCTION OF F <= FACTR*EPSMCH,0.9802114750551849,7.661342357970084,False,5.458692500018515,12,12
8,crossed,mirror,False,153,0.0076409944447786106,0.07716223316565794,0.07151220408002841,0.07320307537756775,8410,9744,CONVERGENCE: RELATIVE REDUCTION OF F <= FACTR*EPSMCH,-8.0,6.891162232183812,True,61.99971280002501,12,12
8,crossed,mirror,False,154,0.007242076196691127,0.07255260738811889,0.06394829045995651,0.0647153816304166,967,1108,CONVERGENCE: RELATIVE REDUCTION OF F <= FACTR*EPSMCH,-1.6250561041068499,7.999974239559508,True,3.9978050000499934,12,12
8,crossed,mirror,False,155,0.005156893883203966,0.053964418112277875,0.04952580225391059,0.05113151143058407,67,71,CONVERGENCE: RELATIVE REDUCTION OF F <= FACTR*EPSMCH,-2.1850675509384936,-0.4931141103108022,False,0.1967600000789389,12,12
8,crossed,mirror,False,156,0.005156893883202969,0.05396441742153251,0.049525800842173576,0.051131509717033716,127,154,CONVERGENCE: RELATIVE REDUCTION OF F <= FACTR*EPSMCH,-2.0931492389706308,-0.4353400933142228,False,0.17114719992969185,12,12
8,crossed,mirror,False,157,0.005156893883202907,0.053964417989034355,0.0495258011746724,0.05113151034773534,72,81,CONVERGENCE: RELATIVE REDUCTION OF F <= FACTR*EPSMCH,-2.1762828645241554,-0.5586224258233425,False,0.08417500008363277,12,12
8,crossed,mirror,False,158,0.005156893883203454,0.05396441738622402,0.049525800348673,0.051131510121358095,104,123,CONVERGENCE: RELATIVE REDUCTION OF F <= FACTR*EPSMCH,-2.131057114867775,0.0325901190177432,False,0.12101110001094639,12,12
8,crossed,mirror,False,159,0.005156893883202172,0.05396441728810342,0.049525800763298516,0.051131509772229064,65,74,CONVERGENCE: RELATIVE REDUCTION OF F <= FACTR*EPSMCH,-2.2192312793624227,-0.7696530173847983,False,0.07722759991884232,12,12
8,crossed,mirror,False,160,0.0054074642055043755,0.05968978724076469,0.05517947737212264,0.05685777808665163,5059,5854,CONVERGENCE: RELATIVE REDUCTION OF F <= FACTR*EPSMCH,-2.531877792544004,7.888400671138233,False,49.811264999909326,12,12
8,crossed,mirror,False,161,0.009192259936616388,0.08507519629756342,0.07930685883577802,0.08011860669890218,1207,1551,CONVERGENCE: RELATIVE REDUCTION OF F <= FACTR*EPSMCH,-8.0,7.999997680393237,True,5.473770900047384,12,12
8,crossed,mirror,False,162,0.0056928844771073385,0.05919567946193628,0.05433874011937812,0.0561566956748591,688,784,CONVERGENCE: RELATIVE REDUCTION OF F <= FACTR*EPSMCH,-2.372280609496645,7.991199128515694,True,2.808687699958682,12,12
8,crossed,mirror,False,163,0.005692887536656187,0.05919376026611859,0.054336499019260645,0.0561538826279204,767,904,CONVERGENCE: RELATIVE REDUCTION OF F <= FACTR*EPSMCH,-2.282121501747587,7.999945824907499,True,4.222793499939144,12,12
8,crossed,mirror,False,164,0.005156893883203042,0.05396441795386494,0.0495258009670158,0.05113151031307747,128,141,CONVERGENCE: RELATIVE REDUCTION OF F <= FACTR*EPSMCH,-1.8996756250571898,-0.24627778621933127,False,0.8864692999050021,12,12
8,crossed,mirror,False,165,0.0072369793111925285,0.0718235877331773,0.06589331259360913,0.06791621873307328,2404,2789,CONVERGENCE: RELATIVE REDUCTION OF F <= FACTR*EPSMCH,-2.1760786495934026,8.0,True,11.542551600025035,12,12
8,crossed,mirror,False,166,0.005612223375696167,0.05950683039557838,0.05518794003573286,0.05685869632631713,3683,4330,CONVERGENCE: RELATIVE REDUCTION OF F <= FACTR*EPSMCH,-2.4462463548804028,7.782421174914701,False,15.603275100002065,12,12
8,crossed,mirror,False,167,0.00569289527137571,0.05919377908889467,0.05433646488476836,0.05615385751046974,741,855,CONVERGENCE: RELATIVE REDUCTION OF F <= FACTR*EPSMCH,-2.0595107447134966,7.999828138387565,True,2.3793559999903664,12,12
8,crossed,mirror,False,168,0.0051568938832038305,0.05396441718429865,0.04952579883954829,0.05113150904274483,70,77,CONVERGENCE: RELATIVE REDUCTION OF F <= FACTR*EPSMCH,-2.017169374097715,-0.35837096367735927,False,0.3174350999761373,12,12
8,crossed,mirror,False,169,0.005692897317126751,0.059193882793747314,0.05433651429921181,0.05615392893441334,922,1023,CONVERGENCE: RELATIVE REDUCTION OF F <= FACTR*EPSMCH,-2.025219700724062,7.9993179383305675,True,3.557744499994442,12,12
8,crossed,mirror,False,170,0.009013617456046851,0.08439167832252813,0.0798708447904284,0.0813688537109224,5061,5820,CONVERGENCE: RELATIVE REDUCTION OF F <= FACTR*EPSMCH,-1.8154167290907581,8.0,True,19.969993399921805,12,12
8,crossed,mirror,False,171,0.005692886491780546,0.05919380083096714,0.05433650384322297,0.056153905125751725,987,1132,CONVERGENCE: RELATIVE REDUCTION OF F <= FACTR*EPSMCH,-2.3427612573090304,7.999031885438112,True,4.700682800030336,12,12
8,crossed,mirror,False,172,0.005394304267855913,0.05977549188813934,0.055251719187219245,0.056931914934025,5423,6151,CONVERGENCE: RELATIVE REDUCTION OF F <= FACTR*EPSMCH,-2.6299896926029467,6.335771631828902,False,20.726092100027017,12,12
8,crossed,mirror,False,173,0.005692880421488843,0.05919340548776498,0.05433609386697357,0.056153441531735626,9091,10250,CONVERGENCE: RELATIVE REDUCTION OF F <= FACTR*EPSMCH,-2.6204222151089653,7.932467028695689,True,26.203274099971168,12,12
8,crossed,mirror,False,174,0.005156893883203833,0.05396441656191021,0.04952580065879927,0.051131509132255656,65,69,CONVERGENCE: RELATIVE REDUCTION OF F <= FACTR*EPSMCH,-2.118371349192214,-0.11721545329911975,False,0.11460530001204461,12,12
8,crossed,mirror,False,175,0.005156893883203199,0.05396441660038213,0.04952579919832553,0.051131507947023584,86,96,CONVERGENCE: RELATIVE REDUCTION OF F <= FACTR*EPSMCH,-2.159022633315543,-0.29409572915927845,False,0.19832440000027418,12,12
8,crossed,mirror,False,176,0.005692890185001371,0.05919380134134776,0.054336495959145546,0.05615389787426287,1092,1281,CONVERGENCE: RELATIVE REDUCTION OF F <= FACTR*EPSMCH,-2.1741111674695115,7.999203634502413,True,3.4920950999949127,12,12
8,crossed,mirror,False,177,0.006773906945850045,0.07024804671709756,0.06306382160849427,0.06393093811800578,13083,15574,CONVERGENCE: RELATIVE REDUCTION OF F <= FACTR*EPSMCH,-8.0,8.0,True,43.80509399995208,12,12
8,crossed,mirror,False,178,0.008724124232184192,0.08108897683077067,0.0770505832535641,0.07849622655570418,804,930,CONVERGENCE: RELATIVE REDUCTION OF F <= FACTR*EPSMCH,-8.0,8.0,True,3.944518900010735,12,12
8,crossed,mirror,False,179,0.005156893883203253,0.05396441768833704,0.0495258032367445,0.05113151160230095,56,60,CONVERGENCE: RELATIVE REDUCTION OF F <= FACTR*EPSMCH,-2.025374029544856,-0.5174617538699194,False,0.270709199947305,12,12
8,crossed,mirror,False,180,0.005156893883202743,0.05396441811697915,0.04952580168146736,0.05113151090634436,61,66,CONVERGENCE: RELATIVE REDUCTION OF F <= FACTR*EPSMCH,-2.092418131318273,-0.5776416427677415,False,0.22933060000650585,12,12
8,crossed,mirror,False,181,0.0051568938832024895,0.053964417197214856,0.04952580041098864,0.05113150933875369,53,57,CONVERGENCE: RELATIVE REDUCTION OF F <= FACTR*EPSMCH,-2.1147996586597,-0.6392359966459885,False,0.1844783000415191,12,12
8,crossed,mirror,False,182,0.009013613444805389,0.08439164240543934,0.07987080865943658,0.08136880815775073,6901,7563,CONVERGENCE: RELATIVE REDUCTION OF F <= FACTR*EPSMCH,-1.6831794745950672,7.9999856363458965,True,25.18042880005669,12,12
8,crossed,mirror,False,183,0.005156893883203109,0.053964417081304665,0.04952579891261295,0.051131508679801915,78,90,CONVERGENCE: RELATIVE REDUCTION OF F <= FACTR*EPSMCH,-1.9039235971052784,-0.36284174656063245,False,0.2097660000436008,12,12
8,crossed,mirror,False,184,0.005692897779270291,0.05919431798580049,0.05433706126179083,0.05615452916799218,928,1099,CONVERGENCE: RELATIVE REDUCTION OF F <= FACTR*EPSMCH,-1.9980791611547677,7.994941505337242,True,3.079287500004284,12,12
8,crossed,mirror,False,185,0.005156893883215746,0.053964415244012014,0.04952579301078321,0.05113150369371936,56,63,CONVERGENCE: RELATIVE REDUCTION OF F <= FACTR*EPSMCH,-1.9075113248595392,-0.2596989933577259,False,0.16309970000293106,12,12
8,crossed,mirror,False,186,0.006775346814353957,0.07024053208668266,0.06305127872397581,0.06392856930586335,3056,3714,CONVERGENCE: RELATIVE REDUCTION OF F <= FACTR*EPSMCH,-8.0,7.99913561642296,True,11.690842800075188,12,12
8,crossed,mirror,False,187,0.005692902842138107,0.05919388015482215,0.05433655087176577,0.056153954994409665,952,1068,CONVERGENCE: RELATIVE REDUCTION OF F <= FACTR*EPSMCH,-1.8762880168818756,7.999962862349533,True,2.740961999981664,12,12
8,crossed,mirror,False,188,0.005156893883202385,0.05396441710302671,0.04952579963702226,0.05113150893518533,59,64,CONVERGENCE: RELATIVE REDUCTION OF F <= FACTR*EPSMCH,-2.0529341984561746,-0.5803193370962713,False,0.1478319000452757,12,12
8,crossed,mirror,False,189,0.005156893883204575,0.05396441825822795,0.04952580322218586,0.051131511753770065,74,80,CONVERGENCE: RELATIVE REDUCTION OF F <= FACTR*EPSMCH,-2.131770006338878,-0.47589778004180744,False,0.23911369999404997,12,12
8,crossed,mirror,False,190,0.006774622580761519,0.07025351487030784,0.06305897897437439,0.06392035785822123,2012,2384,CONVERGENCE: RELATIVE REDUCTION OF F <= FACTR*EPSMCH,-8.0,7.768783656335961,True,4.161787100019865,12,12
8,crossed,mirror,False,191,0.005692881202472525,0.05919377259244531,0.05433651099688054,0.056153902458588284,1188,1374,CONVERGENCE: RELATIVE REDUCTION OF F <= FACTR*EPSMCH,-2.6048090034472557,7.999954530232877,True,4.067774600000121,12,12
8,crossed,mirror,False,192,0.005692879228217334,0.05919368055315165,0.05433640954025465,0.056153792573943644,1209,1346,CONVERGENCE: RELATIVE REDUCTION OF F <= FACTR*EPSMCH,-2.822054481406854,7.999806500115852,True,2.2689283000072464,12,12
8,crossed,mirror,False,193,0.005692879584522604,0.059193748503692106,0.054336476157833644,0.056153868560212664,1108,1263,CONVERGENCE: RELATIVE REDUCTION OF F <= FACTR*EPSMCH,-2.784469787712253,7.999944266671044,True,2.201669599977322,12,12
8,crossed,mirror,False,194,0.005156893883204275,0.05396441710749156,0.04952580218784855,0.05113151024747439,109,130,CONVERGENCE: RELATIVE REDUCTION OF F <= FACTR*EPSMCH,-2.147410556580838,-0.739033571625591,False,0.42357879993505776,12,12
8,crossed,mirror,False,195,0.005692921062984743,0.059193897755229194,0.05433650447067645,0.05615390252011047,833,920,CONVERGENCE: RELATIVE REDUCTION OF F <= FACTR*EPSMCH,-1.6184950778743645,7.999312015905988,True,3.0225370000116527,12,12
8,crossed,mirror,False,196,0.005970989930466136,0.06470176862894832,0.061142223128096244,0.06248727718617262,16585,19493,CONVERGENCE: RELATIVE REDUCTION OF F <= FACTR*EPSMCH,-2.445637941203711,7.9412824723301405,True,70.74422410002444,12,12
8,crossed,mirror,False,197,0.008729487581590149,0.08131401334279921,0.07727934411980364,0.078761500994392,608,735,CONVERGENCE: RELATIVE REDUCTION OF F <= FACTR*EPSMCH,-8.0,8.0,True,1.8377591000171378,12,12
8,crossed,mirror,False,198,0.005156893883202422,0.0539644172266235,0.049525800085471555,0.05113150927370538,63,72,CONVERGENCE: RELATIVE REDUCTION OF F <= FACTR*EPSMCH,-2.0394139765069697,-0.37677413704466545,False,0.17046699998900294,12,12
8,crossed,mirror,False,199,0.006773776057312305,0.07024785449622259,0.06306544898828405,0.06393286164232949,8369,10186,CONVERGENCE: RELATIVE REDUCTION OF F <= FACTR*EPSMCH,-8.0,7.983894186620996,True,21.77901820000261,12,12
8,crossed,crossed,True,0,0.004620076272740213,0.05159844370854494,0.04707629453195165,0.04841538420993529,55,62,CONVERGENCE: RELATIVE REDUCTION OF F <= FACTR*EPSMCH,-2.0737193273692935,-1.4217547977443823,False,0.11362990003544837,13,13
8,crossed,crossed,True,1,0.006622582894724642,0.06939417639772727,0.06333032881484661,0.06427974244445296,3663,4318,CONVERGENCE: RELATIVE REDUCTION OF F <= FACTR*EPSMCH,-8.0,8.0,True,11.734786399989389,13,13
8,crossed,crossed,True,2,0.004620076272738449,0.05159844343462214,0.047076294409210476,0.04841538361869894,56,65,CONVERGENCE: RELATIVE REDUCTION OF F <= FACTR*EPSMCH,-2.1484759726996048,-1.3699668036532853,False,0.2597103000152856,13,13
8,crossed,crossed,True,3,0.004620076272738358,0.0515984433320974,0.047076293468606305,0.048415382992695745,156,176,CONVERGENCE: RELATIVE REDUCTION OF F <= FACTR*EPSMCH,-2.1239841310519414,0.554510701892482,False,0.769604800036177,13,13
8,crossed,crossed,True,4,0.0046200762727386015,0.051598442708887714,0.047076293342231616,0.04841538329243102,57,64,CONVERGENCE: RELATIVE REDUCTION OF F <= FACTR*EPSMCH,-1.9716678721924703,-0.5585068379738877,False,0.09666769998148084,13,13
8,crossed,crossed,True,5,0.00462007627273898,0.05159844342313612,0.0470762924006673,0.04841538147296196,75,85,CONVERGENCE: RELATIVE REDUCTION OF F <= FACTR*EPSMCH,-1.9543279529161166,-0.6447866950630057,False,0.1729019999038428,13,13
8,crossed,crossed,True,6,0.004620076272738725,0.05159844370089713,0.04707629441638144,0.048415383586326,59,67,CONVERGENCE: RELATIVE REDUCTION OF F <= FACTR*EPSMCH,-1.8887005290838794,-0.9296601947903883,False,0.14001279999502003,13,13
8,crossed,crossed,True,7,0.00662266950387748,0.06939915438058296,0.06333780280743917,0.06428590332685999,1167,1386,CONVERGENCE: RELATIVE REDUCTION OF F <= FACTR*EPSMCH,-8.0,7.994550398614149,True,3.858829400036484,13,13
8,crossed,crossed,True,8,0.005371488661103591,0.059054188627066344,0.054083640704616416,0.0559219925167392,3874,4547,CONVERGENCE: RELATIVE REDUCTION OF F <= FACTR*EPSMCH,-2.3250831111552928,6.102268387276281,False,16.264415799989365,13,13
8,crossed,crossed,True,9,0.007289142557448926,0.07336130041971291,0.07097983138378591,0.07160699798053051,1851,2191,CONVERGENCE: RELATIVE REDUCTION OF F <= FACTR*EPSMCH,-8.0,8.0,True,9.93796990008559,13,13
8,crossed,crossed,True,10,0.0053870992522634074,0.059566602065044896,0.054829646325582605,0.05657699091946606,4789,5890,CONVERGENCE: RELATIVE REDUCTION OF F <= FACTR*EPSMCH,-2.712428601048968,4.768572151475687,False,26.186965300003067,13,13
8,crossed,crossed,True,11,0.004620076272738256,0.05159844313042022,0.04707629273600665,0.04841538289679263,54,60,CONVERGENCE: RELATIVE REDUCTION OF F <= FACTR*EPSMCH,-1.9981745488710825,-1.270665761900239,False,0.17971709999255836,13,13
8,crossed,crossed,True,12,0.0046200762727424995,0.051598442111988406,0.0470762895218489,0.04841537886570669,54,58,CONVERGENCE: RELATIVE REDUCTION OF F <= FACTR*EPSMCH,-1.9559746816364896,-0.6368202094289444,False,0.26146690000314265,13,13
8,crossed,crossed,True,13,0.005309536526234128,0.05571179342052324,0.05082979891710618,0.05264887671484519,15974,17289,CONVERGENCE: RELATIVE REDUCTION OF F <= FACTR*EPSMCH,-2.304636239153225,7.999979136403554,True,64.72736220003571,13,13
8,crossed,crossed,True,14,0.005380933994751707,0.05920144084650963,0.05420057098057169,0.05600145399959793,3161,4063,CONVERGENCE: RELATIVE REDUCTION OF F <= FACTR*EPSMCH,-2.2513138742281527,7.993556917938503,True,10.224799699964933,13,13
8,crossed,crossed,True,15,0.005309580803578633,0.05570940124808748,0.050807097205539796,0.05263466429993164,4861,5301,CONVERGENCE: RELATIVE REDUCTION OF F <= FACTR*EPSMCH,-2.3021203190467237,5.649485009015592,False,8.200571900000796,13,13
8,crossed,crossed,True,16,0.004620076272738355,0.051598442926249585,0.047076292905511845,0.04841538262313828,59,65,CONVERGENCE: RELATIVE REDUCTION OF F <= FACTR*EPSMCH,-1.8904082070927197,-0.9229644901634727,False,0.36459620005916804,13,13
8,crossed,crossed,True,17,0.004620076272738417,0.05159844371952167,0.047076294552695234,0.04841538399373095,70,80,CONVERGENCE: RELATIVE REDUCTION OF F <= FACTR*EPSMCH,-2.085750550753858,-1.4458176403837129,False,0.36292799992952496,13,13
8,crossed,crossed,True,18,0.005372927966395596,0.05907508789097143,0.05409620572226792,0.05593328429950099,5093,6026,CONVERGENCE: RELATIVE REDUCTION OF F <= FACTR*EPSMCH,-2.3049221977623,6.24411664269878,False,23.68813219992444,13,13
8,crossed,crossed,True,19,0.004620076272739922,0.05159844333083818,0.04707629350618683,0.04841538351223748,58,66,CONVERGENCE: RELATIVE REDUCTION OF F <= FACTR*EPSMCH,-1.8759403901791303,-0.9786414615994917,False,0.2350712000625208,13,13
8,crossed,crossed,True,20,0.004620076272738043,0.0515984430502726,0.04707629316929055,0.04841538291109265,54,61,CONVERGENCE: RELATIVE REDUCTION OF F <= FACTR*EPSMCH,-1.9261628297463265,-0.7744277485198531,False,0.1955312000354752,13,13
8,crossed,crossed,True,21,0.004620076272738012,0.05159844322747347,0.047076293666140495,0.04841538327164064,58,62,CONVERGENCE: RELATIVE REDUCTION OF F <= FACTR*EPSMCH,-1.9031262600741754,-1.0805685408806593,False,0.19614739995449781,13,13
8,crossed,crossed,True,22,0.004620076272739974,0.051598444036529294,0.04707629392978529,0.04841538368251042,59,64,CONVERGENCE: RELATIVE REDUCTION OF F <= FACTR*EPSMCH,-1.9551460896070034,-0.6408325849957843,False,0.4029099999461323,13,13
8,crossed,crossed,True,23,0.005387196103260164,0.05956990404691812,0.054836842196569466,0.056584431960235465,2340,2848,CONVERGENCE: RELATIVE REDUCTION OF F <= FACTR*EPSMCH,-2.705803748231357,5.03765801422967,False,17.04246560006868,13,13
8,crossed,crossed,True,24,0.004620076272741298,0.051598443989764264,0.04707629104243975,0.048415379364047564,63,74,CONVERGENCE: RELATIVE REDUCTION OF F <= FACTR*EPSMCH,-2.2168350939227293,-1.0608647040076253,False,0.2974242999916896,13,13
8,crossed,crossed,True,25,0.005387606864625518,0.059571587324274915,0.05482973702102577,0.05658239978676584,3573,4427,CONVERGENCE: RELATIVE REDUCTION OF F <= FACTR*EPSMCH,-2.6873160624498835,5.5160233963195955,False,12.819516299990937,13,13
8,crossed,crossed,True,26,0.004620076272738059,0.05159844320053731,0.04707629286151161,0.04841538249245109,64,73,CONVERGENCE: RELATIVE REDUCTION OF F <= FACTR*EPSMCH,-1.96537864083705,-1.2050735679109086,False,0.2066957000643015,13,13
8,crossed,crossed,True,27,0.004620076272738606,0.051598443058733325,0.047076294690475765,0.04841538426315608,57,65,CONVERGENCE: RELATIVE REDUCTION OF F <= FACTR*EPSMCH,-2.0644450610255776,-1.4032061276253454,False,0.16565630002878606,13,13
8,crossed,crossed,True,28,0.004620076272738579,0.05159844347740106,0.047076293854488444,0.04841538326704422,60,67,CONVERGENCE: RELATIVE REDUCTION OF F <= FACTR*EPSMCH,-2.14500950628834,-1.3802572582190964,False,0.2012778000207618,13,13
8,crossed,crossed,True,29,0.004620076272738326,0.05159844310744612,0.04707629186927068,0.04841538143217031,68,78,CONVERGENCE: RELATIVE REDUCTION OF F <= FACTR*EPSMCH,-2.039799714165181,-1.3539158104629854,False,0.23827470000833273,13,13
8,crossed,crossed,True,30,0.004620076272738284,0.051598443150235804,0.04707629474832911,0.048415384318449974,52,57,CONVERGENCE: RELATIVE REDUCTION OF F <= FACTR*EPSMCH,-1.8748677375887817,-0.9826777789757688,False,0.1671525000128895,13,13
8,crossed,crossed,True,31,0.00462007627273823,0.051598443362694084,0.047076294657844076,0.04841538423577951,95,114,CONVERGENCE: RELATIVE REDUCTION OF F <= FACTR*EPSMCH,-1.8950313721175713,-0.9046638573326843,False,0.3315275999484584,13,13
8,crossed,crossed,True,32,0.005372999782127545,0.05908476184774584,0.05411408691215301,0.055948760428296884,5780,6968,CONVERGENCE: RELATIVE REDUCTION OF F <= FACTR*EPSMCH,-2.3047179814427334,5.9332633311645635,False,19.125803100061603,13,13
8,crossed,crossed,True,33,0.005376751311507474,0.05914301847937098,0.05416125312533409,0.056004356895260496,1398,1716,CONVERGENCE: RELATIVE REDUCTION OF F <= FACTR*EPSMCH,-2.255634078792678,6.738692783750418,False,4.22680639999453,13,13
8,crossed,crossed,True,34,0.004620076272738012,0.051598443171353765,0.0470762933538709,0.04841538306402402,64,73,CONVERGENCE: RELATIVE REDUCTION OF F <= FACTR*EPSMCH,-2.0766210844673054,-1.427558624665354,False,0.1856438999529928,13,13
8,crossed,crossed,True,35,0.007289399925805182,0.07336637419493904,0.07099031666879078,0.07161657785872062,1372,1603,CONVERGENCE: RELATIVE REDUCTION OF F <= FACTR*EPSMCH,-8.0,8.0,True,3.8318151999264956,13,13
8,crossed,crossed,True,36,0.0053871108830311374,0.059390515486978566,0.054458226835710555,0.056259240781612554,4948,6179,CONVERGENCE: RELATIVE REDUCTION OF F <= FACTR*EPSMCH,-2.3315164180544423,6.36864182376728,False,16.080065199988894,13,13
8,crossed,crossed,True,37,0.006623102881495569,0.06941420964751116,0.06338172911617034,0.06434283214662229,1070,1299,CONVERGENCE: RELATIVE REDUCTION OF F <= FACTR*EPSMCH,-8.0,7.95814269096464,True,2.9549581999890506,13,13
8,crossed,crossed,True,38,0.00462007627273847,0.051598443326369745,0.04707629477048123,0.04841538470058836,56,62,CONVERGENCE: RELATIVE REDUCTION OF F <= FACTR*EPSMCH,-2.024869995341795,-1.3240566008702768,False,0.17204930004663765,13,13
8,crossed,crossed,True,39,0.004926134555001831,0.05410219908666459,0.0491974123135131,0.05087490822938876,7703,8546,CONVERGENCE: RELATIVE REDUCTION OF F <= FACTR*EPSMCH,-3.167602001620547,7.999999986188382,True,11.864372999989428,13,13
8,crossed,crossed,True,40,0.006622582901712426,0.06939445181302756,0.0633308834300932,0.06428025397472442,1473,1732,CONVERGENCE: RELATIVE REDUCTION OF F <= FACTR*EPSMCH,-8.0,8.0,True,2.758183000027202,13,13
8,crossed,crossed,True,41,0.0046200762727394065,0.05159844337181597,0.047076292439963766,0.048415382233223656,65,72,CONVERGENCE: RELATIVE REDUCTION OF F <= FACTR*EPSMCH,-1.9723413254460354,-0.5550475631444794,False,0.09230439993552864,13,13
8,crossed,crossed,True,42,0.004620076272739903,0.051598443373566186,0.047076294877784634,0.04841538408612609,66,76,CONVERGENCE: RELATIVE REDUCTION OF F <= FACTR*EPSMCH,-2.2157386069386096,-1.0684088103464238,False,0.1012287000194192,13,13
8,crossed,crossed,True,43,0.005387446215296074,0.059576876439751125,0.05484094920594586,0.056589911312353386,2648,3311,CONVERGENCE: RELATIVE REDUCTION OF F <= FACTR*EPSMCH,-2.6958861007483983,4.978995179329579,False,3.7705487000057474,13,13
8,crossed,crossed,True,44,0.004620076272743374,0.05159844450644857,0.04707629522118047,0.0484153836352606,72,83,CONVERGENCE: RELATIVE REDUCTION OF F <= FACTR*EPSMCH,-2.111982421295016,-1.4641206131953717,False,0.09700389998033643,13,13
8,crossed,crossed,True,45,0.006623497967783873,0.06940341884738171,0.06332942767981041,0.06427659165699706,1198,1502,CONVERGENCE: RELATIVE REDUCTION OF F <= FACTR*EPSMCH,-8.0,7.99999987125472,True,1.7032539000501856,13,13
8,crossed,crossed,True,46,0.005379568210412553,0.0592078606302367,0.05424621588338094,0.056063747737404065,2519,3154,CONVERGENCE: RELATIVE REDUCTION OF F <= FACTR*EPSMCH,-2.219650448113254,6.974066764931716,False,3.9736598000163212,13,13
8,crossed,crossed,True,47,0.007289142555924265,0.07336134995654015,0.07098030916130112,0.07160743157345663,1962,2336,CONVERGENCE: RELATIVE REDUCTION OF F <= FACTR*EPSMCH,-8.0,8.0,True,3.4368541999720037,13,13
8,crossed,crossed,True,48,0.005386524831482047,0.05934826274268129,0.054385288686104795,0.05619810347426544,6064,7526,CONVERGENCE: RELATIVE REDUCTION OF F <= FACTR*EPSMCH,-2.2988062768463426,6.162092629579921,False,10.153203800087795,13,13
8,crossed,crossed,True,49,0.004620076272738442,0.051598442917086526,0.04707629361394629,0.048415383802172404,53,59,CONVERGENCE: RELATIVE REDUCTION OF F <= FACTR*EPSMCH,-1.911700148222548,-0.8365053868201601,False,0.08476080000400543,13,13
8,crossed,crossed,True,50,0.005387937370438631,0.059575436292385466,0.05482605777484788,0.056575463168756064,2897,3566,CONVERGENCE: RELATIVE REDUCTION OF F <= FACTR*EPSMCH,-2.673009077973193,6.245882470763651,False,7.103022199939005,13,13
8,crossed,crossed,True,51,0.005387076253927174,0.05956341722672318,0.05482523466798397,0.056573077592139275,3818,4615,CONVERGENCE: RELATIVE REDUCTION OF F <= FACTR*EPSMCH,-2.7137197691619237,5.452791889921799,False,6.875429500010796,13,13
8,crossed,crossed,True,52,0.005308969459306036,0.05570202931754263,0.05079944462904034,0.05262691812384648,7074,7744,CONVERGENCE: RELATIVE REDUCTION OF F <= FACTR*EPSMCH,-2.3034891240009863,7.99988262472828,True,11.318749399972148,13,13
8,crossed,crossed,True,53,0.0066225829273568355,0.06939422474658699,0.0633303919632626,0.06427966885953675,1147,1338,CONVERGENCE: RELATIVE REDUCTION OF F <= FACTR*EPSMCH,-8.0,7.999914441528775,True,2.8893092999933288,13,13
8,crossed,crossed,True,54,0.006622582896277864,0.06939412781153127,0.0633302546036604,0.06427965646174313,1382,1619,CONVERGENCE: RELATIVE REDUCTION OF F <= FACTR*EPSMCH,-8.0,8.0,True,3.0142531999154016,13,13
8,crossed,crossed,True,55,0.004620076272738833,0.051598443322130184,0.04707629602626172,0.04841538554313462,72,79,CONVERGENCE: RELATIVE REDUCTION OF F <= FACTR*EPSMCH,-1.9846521309576968,-0.49026400148004745,False,0.11485729995183647,13,13
8,crossed,crossed,True,56,0.005373299659278168,0.05908473760029163,0.0541064861435847,0.05594023851729373,8158,9790,CONVERGENCE: RELATIVE REDUCTION OF F <= FACTR*EPSMCH,-2.3012688652037614,7.263347031902752,False,15.602880800026469,13,13
8,crossed,crossed,True,57,0.005376649322307512,0.059127778747414234,0.054136623479428526,0.05598586010142557,2382,2966,CONVERGENCE: RELATIVE REDUCTION OF F <= FACTR*EPSMCH,-2.261034791109193,7.038792587833777,False,4.941128900041804,13,13
8,crossed,crossed,True,58,0.005309090769391878,0.055703112404772034,0.050797984550952004,0.052627227208763366,11568,12488,CONVERGENCE: RELATIVE REDUCTION OF F <= FACTR*EPSMCH,-2.3024569718614503,7.407930624527648,False,20.585891700000502,13,13
8,crossed,crossed,True,59,0.006622582910593443,0.06939434181482874,0.06333043881363483,0.06427974204871788,1631,1925,CONVERGENCE: RELATIVE REDUCTION OF F <= FACTR*EPSMCH,-8.0,8.0,True,2.508366300025955,13,13
8,crossed,crossed,True,60,0.005373910243134503,0.05912013767327893,0.05416659138836577,0.05599262953308019,5020,6055,CONVERGENCE: RELATIVE REDUCTION OF F <= FACTR*EPSMCH,-2.2991085962785016,7.721166139501518,False,10.536295099998824,13,13
8,crossed,crossed,True,61,0.004620076272738699,0.05159844319060155,0.04707629398945383,0.048415383512760604,83,97,CONVERGENCE: RELATIVE REDUCTION OF F <= FACTR*EPSMCH,-1.9190930959987667,-0.8051304448202784,False,0.12413989997003227,13,13
8,crossed,crossed,True,62,0.005309877289307525,0.05571305532616434,0.05079653223434691,0.05263106259361685,20533,22859,CONVERGENCE: RELATIVE REDUCTION OF F <= FACTR*EPSMCH,-2.299031911164599,7.999928645892573,True,36.98655949998647,13,13
8,crossed,crossed,True,63,0.004620076272739597,0.051598443614001156,0.04707629458911961,0.04841538369669792,71,81,CONVERGENCE: RELATIVE REDUCTION OF F <= FACTR*EPSMCH,-2.1825690429379114,-1.247335188858501,False,0.1166110000340268,13,13
8,crossed,crossed,True,64,0.004620076272738919,0.05159844347768038,0.04707629631131125,0.04841538577761836,56,68,CONVERGENCE: RELATIVE REDUCTION OF F <= FACTR*EPSMCH,-2.1655032475576914,-1.3141444704508254,False,0.10461310006212443,13,13
8,crossed,crossed,True,65,0.004620076272738443,0.05159844323224398,0.047076292073764084,0.04841538149779393,125,155,CONVERGENCE: RELATIVE REDUCTION OF F <= FACTR*EPSMCH,-1.8789740513787472,-1.0322641555615997,False,0.24496959999669343,13,13
8,crossed,crossed,True,66,0.004620076272740511,0.05159844329019245,0.047076294133266146,0.0484153844952849,48,54,CONVERGENCE: RELATIVE REDUCTION OF F <= FACTR*EPSMCH,-1.9354080901980855,-1.1451335880842117,False,0.08421909995377064,13,13
8,crossed,crossed,True,67,0.004620076272738277,0.0515984430557469,0.04707629291176392,0.04841538263783384,60,71,CONVERGENCE: RELATIVE REDUCTION OF F <= FACTR*EPSMCH,-2.126369497187109,-1.4304396483002408,False,0.10545349994208664,13,13
8,crossed,crossed,True,68,0.0053731314447367584,0.059073371914543926,0.05409132983649575,0.05593356910087182,2400,2935,CONVERGENCE: RELATIVE REDUCTION OF F <= FACTR*EPSMCH,-2.3008829827561494,7.701109324809256,False,4.2814571999479085,13,13
8,crossed,crossed,True,69,0.0053873459723805545,0.05931035155018417,0.05429886580289295,0.05613561946608722,4670,5914,CONVERGENCE: RELATIVE REDUCTION OF F <= FACTR*EPSMCH,-2.3007520958652297,7.764637667916167,False,10.66962380008772,13,13
8,crossed,crossed,True,70,0.005376379751165911,0.0590940006966557,0.05409056656310694,0.05594080163277874,3853,4809,CONVERGENCE: RELATIVE REDUCTION OF F <= FACTR*EPSMCH,-2.2603134773199933,6.875571787195591,False,6.390386499930173,13,13
8,crossed,crossed,True,71,0.004620076272740258,0.05159844316704528,0.04707629177507485,0.04841538061762811,64,69,CONVERGENCE: RELATIVE REDUCTION OF F <= FACTR*EPSMCH,-1.8908025207855819,-1.0559210636063097,False,0.09749950002878904,13,13
8,crossed,crossed,True,72,0.004620076272738829,0.05159844376312326,0.04707629336222084,0.04841538257694276,76,81,CONVERGENCE: RELATIVE REDUCTION OF F <= FACTR*EPSMCH,-1.9543652546830605,-0.6446057420246347,False,0.1565835999790579,13,13
8,crossed,crossed,True,73,0.006622898309148939,0.0694032456028655,0.06335751420998656,0.06431475712977415,985,1172,CONVERGENCE: RELATIVE REDUCTION OF F <= FACTR*EPSMCH,-8.0,7.998266548037105,True,1.711265500052832,13,13
8,crossed,crossed,True,74,0.004620076272738343,0.051598443156566115,0.04707629422867664,0.048415384163692884,87,103,CONVERGENCE: RELATIVE REDUCTION OF F <= FACTR*EPSMCH,-1.9698813637577706,-1.2140786895994247,False,0.1707266999874264,13,13
8,crossed,crossed,True,75,0.005309210542651418,0.05570445635011177,0.05080276184820297,0.052630444983252506,2945,3257,CONVERGENCE: RELATIVE REDUCTION OF F <= FACTR*EPSMCH,-2.3024734432420466,7.625526035670632,False,6.574580700020306,13,13
8,crossed,crossed,True,76,0.005311399617980765,0.055725990455450014,0.05080679652432766,0.05264023936922379,5555,6108,CONVERGENCE: RELATIVE REDUCTION OF F <= FACTR*EPSMCH,-2.296394627649682,7.999999994104127,True,8.607449299888685,13,13
8,crossed,crossed,True,77,0.006622582901138483,0.06939426421034013,0.06333034095584614,0.06427973223708638,1982,2359,CONVERGENCE: RELATIVE REDUCTION OF F <= FACTR*EPSMCH,-8.0,8.0,True,4.217670500045642,13,13
8,crossed,crossed,True,78,0.0053089736076301405,0.05570269566627637,0.050803055269930446,0.05262955840495153,7079,7724,CONVERGENCE: RELATIVE REDUCTION OF F <= FACTR*EPSMCH,-2.303613478232013,7.525890947398918,False,12.003920200048015,13,13
8,crossed,crossed,True,79,0.004620076272737951,0.05159844326248352,0.04707629347417608,0.04841538322486836,70,79,CONVERGENCE: RELATIVE REDUCTION OF F <= FACTR*EPSMCH,-2.2268543844764537,-0.9846508123941965,False,0.09774960007052869,13,13
8,crossed,crossed,True,80,0.006624177176988754,0.06940473389140393,0.06334086105548792,0.06428790400580198,1627,1991,CONVERGENCE: RELATIVE REDUCTION OF F <= FACTR*EPSMCH,-8.0,7.999999370932401,True,3.381163099897094,13,13
8,crossed,crossed,True,81,0.005381969030965047,0.059259975318105486,0.05429111027665849,0.056110506744168544,2118,2591,CONVERGENCE: RELATIVE REDUCTION OF F <= FACTR*EPSMCH,-2.1729616179746705,6.670765912220405,False,4.184097800054587,13,13
8,crossed,crossed,True,82,0.004620076272738095,0.0515984432592733,0.04707629414686502,0.048415384212797945,69,79,CONVERGENCE: RELATIVE REDUCTION OF F <= FACTR*EPSMCH,-1.8768409999578912,-0.9752452778047705,False,0.07570569997187704,13,13
8,crossed,crossed,True,83,0.0046200762727388245,0.051598443532629774,0.04707629312215204,0.048415382301087564,68,72,CONVERGENCE: RELATIVE REDUCTION OF F <= FACTR*EPSMCH,-1.9121804448038768,-0.8344881976494305,False,0.09220249997451901,13,13
8,crossed,crossed,True,84,0.004620076272738869,0.051598443041061606,0.04707629165564492,0.04841538172032738,155,179,CONVERGENCE: RELATIVE REDUCTION OF F <= FACTR*EPSMCH,-2.0994828157210197,0.3110166195414529,False,0.22192999999970198,13,13
8,crossed,crossed,True,85,0.005372836777075163,0.05907395619293931,0.05409451956634044,0.05592893371443617,4339,5185,CONVERGENCE: RELATIVE REDUCTION OF F <= FACTR*EPSMCH,-2.3080841296769123,6.980439061494454,False,8.61283950007055,13,13
8,crossed,crossed,True,86,0.005387268077530647,0.05956725204854213,0.05483126345023738,0.05658159499658208,5951,7438,CONVERGENCE: RELATIVE REDUCTION OF F <= FACTR*EPSMCH,-2.702070399802272,6.9927178302641275,False,11.8057012000354,13,13
8,crossed,crossed,True,87,0.004620076272745005,0.05159844261033721,0.04707629329601256,0.04841538205718235,69,82,CONVERGENCE: RELATIVE REDUCTION OF F <= FACTR*EPSMCH,-1.868613471229444,-1.005962802819811,False,0.10253849998116493,13,13
8,crossed,crossed,True,88,0.005376072905993726,0.05911258600827393,0.05411337024839798,0.05595671021797952,8260,9782,CONVERGENCE: RELATIVE REDUCTION OF F <= FACTR*EPSMCH,-2.2609431183205015,6.404173617473025,False,16.319986500078812,13,13
8,crossed,crossed,True,89,0.0053820762146440685,0.05925340575864992,0.0542758893625549,0.05609923105464647,4397,5346,CONVERGENCE: RELATIVE REDUCTION OF F <= FACTR*EPSMCH,-2.1706261151573547,6.424355518653726,False,9.56986159994267,13,13
8,crossed,crossed,True,90,0.00537345847481438,0.059093386255333516,0.05411562598994396,0.055949219196073575,2392,2906,CONVERGENCE: RELATIVE REDUCTION OF F <= FACTR*EPSMCH,-2.2988963716694686,6.874348500607524,False,4.929844000027515,13,13
8,crossed,crossed,True,91,0.0046200762727392035,0.05159844324943374,0.04707629464550279,0.04841538430507504,62,71,CONVERGENCE: RELATIVE REDUCTION OF F <= FACTR*EPSMCH,-1.9072030271303928,-0.8552382833397688,False,0.1708004999672994,13,13
8,crossed,crossed,True,92,0.005314440565098711,0.055761944254908276,0.05084125586448603,0.052675230121071774,3339,3652,CONVERGENCE: RELATIVE REDUCTION OF F <= FACTR*EPSMCH,-2.2920620951656714,7.920754917233582,True,5.219319100026041,13,13
8,crossed,crossed,True,93,0.00462007627273941,0.05159844257458311,0.04707629360424989,0.048415384117884,55,62,CONVERGENCE: RELATIVE REDUCTION OF F <= FACTR*EPSMCH,-1.8806721130478905,-0.9606907623179154,False,0.17673419998027384,13,13
8,crossed,crossed,True,94,0.004620076272739734,0.0515984429708471,0.047076294154839375,0.04841538423073022,68,76,CONVERGENCE: RELATIVE REDUCTION OF F <= FACTR*EPSMCH,-1.998460494946718,-1.2712375389646393,False,0.14859860006254166,13,13
8,crossed,crossed,True,95,0.006622582907489516,0.06939402871380815,0.06332993955558935,0.06427933936602917,1761,2139,CONVERGENCE: RELATIVE REDUCTION OF F <= FACTR*EPSMCH,-8.0,8.0,True,4.1962307000067085,13,13
8,crossed,crossed,True,96,0.004620076272738399,0.0515984437650009,0.04707629422027689,0.048415383276582916,54,59,CONVERGENCE: RELATIVE REDUCTION OF F <= FACTR*EPSMCH,-2.0426296594424738,-1.3595751111553285,False,0.0719816000200808,13,13
8,crossed,crossed,True,97,0.00462007627273839,0.05159844313246372,0.047076293732644534,0.04841538298714214,59,66,CONVERGENCE: RELATIVE REDUCTION OF F <= FACTR*EPSMCH,-1.8693823097269087,-1.0031197520781763,False,0.09564730001147836,13,13
8,crossed,crossed,True,98,0.004620076272738466,0.051598443027396995,0.04707629337959031,0.04841538356905074,66,72,CONVERGENCE: RELATIVE REDUCTION OF F <= FACTR*EPSMCH,-2.09153174536769,-1.4573804104086796,False,0.0968029999639839,13,13
8,crossed,crossed,True,99,0.0046200762727384576,0.05159844306056329,0.04707629443606027,0.048415384345959545,56,61,CONVERGENCE: RELATIVE REDUCTION OF F <= FACTR*EPSMCH,-1.9074775780854922,-1.0892709668639702,False,0.10086960007902235,13,13
8,crossed,crossed,True,100,0.006624469453146981,0.06940868661318286,0.06334138237311353,0.06428525730018259,2112,2579,CONVERGENCE: RELATIVE REDUCTION OF F <= FACTR*EPSMCH,-8.0,8.0,True,4.813923900015652,13,13
8,crossed,crossed,True,101,0.0066283856533308075,0.06942256791714398,0.06332200496299545,0.06426063922854255,1723,2005,CONVERGENCE: RELATIVE REDUCTION OF F <= FACTR*EPSMCH,-8.0,7.999999965316021,True,3.529143700026907,13,13
8,crossed,crossed,True,102,0.005388578457912598,0.05944296073500225,0.05453454869402915,0.05633761986083501,2496,3168,CONVERGENCE: RELATIVE REDUCTION OF F <= FACTR*EPSMCH,-2.3829591429289616,6.219553045383285,False,4.595417800010182,13,13
8,crossed,crossed,True,103,0.004620076272741516,0.051598443563607724,0.047076294904290224,0.04841538483628442,93,105,CONVERGENCE: RELATIVE REDUCTION OF F <= FACTR*EPSMCH,-2.241873398767914,-0.8366065024205225,False,0.3815232999622822,13,13
8,crossed,crossed,True,104,0.005309930248406096,0.055713319534976276,0.05081047073721967,0.05263823185447903,19444,20904,CONVERGENCE: RELATIVE REDUCTION OF F <= FACTR*EPSMCH,-2.301589731445584,7.244346475585853,False,37.349867600016296,13,13
8,crossed,crossed,True,105,0.004620076272738492,0.0515984431178753,0.0470762941169769,0.04841538387008228,64,75,CONVERGENCE: RELATIVE REDUCTION OF F <= FACTR*EPSMCH,-2.10027253744381,-1.4748608167063477,False,0.1125519999768585,13,13
8,crossed,crossed,True,106,0.006622582896749744,0.06939425076878879,0.06333045068875455,0.06427984775234709,1964,2342,CONVERGENCE: RELATIVE REDUCTION OF F <= FACTR*EPSMCH,-8.0,8.0,True,3.145419199950993,13,13
8,crossed,crossed,True,107,0.004932720141589713,0.054161229443828646,0.0492918473622694,0.0509869970058049,3512,3983,CONVERGENCE: RELATIVE REDUCTION OF F <= FACTR*EPSMCH,-3.146090758053708,7.999999990912634,True,5.366303400020115,13,13
8,crossed,crossed,True,108,0.004620076272738953,0.051598443263889855,0.0470762929373337,0.048415382656220626,49,56,CONVERGENCE: RELATIVE REDUCTION OF F <= FACTR*EPSMCH,-1.9932918083482525,-1.2609003951002724,False,0.060389399994164705,13,13
8,crossed,crossed,True,109,0.00538655448783403,0.05938458313188571,0.05445050041793483,0.05625464130844959,4086,4979,CONVERGENCE: RELATIVE REDUCTION OF F <= FACTR*EPSMCH,-2.2854854486725973,6.431002254498028,False,9.742278899997473,13,13
8,crossed,crossed,True,110,0.00462007627273813,0.05159844332505546,0.04707629481777427,0.04841538412374607,61,69,CONVERGENCE: RELATIVE REDUCTION OF F <= FACTR*EPSMCH,-1.8893997563256284,-0.926923139040774,False,0.08180029992945492,13,13
8,crossed,crossed,True,111,0.004926303829075952,0.05410174258873819,0.049197257595480444,0.050876621599859666,14046,15554,CONVERGENCE: RELATIVE REDUCTION OF F <= FACTR*EPSMCH,-3.166721624898334,7.998646101487396,True,26.84984259994235,13,13
8,crossed,crossed,True,112,0.006622663124921428,0.06938526584654828,0.06332411127803016,0.06427724135799967,806,983,CONVERGENCE: RELATIVE REDUCTION OF F <= FACTR*EPSMCH,-8.0,7.8000363300586555,True,2.9204599000513554,13,13
8,crossed,crossed,True,113,0.005380617992808443,0.05923355420126994,0.054262317702782004,0.05607791791372909,3755,4626,CONVERGENCE: RELATIVE REDUCTION OF F <= FACTR*EPSMCH,-2.2002347004505496,7.18581697521929,False,9.858598200022243,13,13
8,crossed,crossed,True,114,0.004620076272738701,0.05159844362999714,0.04707629534986494,0.04841538495178356,75,83,CONVERGENCE: RELATIVE REDUCTION OF F <= FACTR*EPSMCH,-1.8684920356017884,-1.0064054119067123,False,0.23726339999120682,13,13
8,crossed,crossed,True,115,0.005413904233511558,0.05680035562424706,0.052355473479948296,0.05402250979433534,753,945,CONVERGENCE: RELATIVE REDUCTION OF F <= FACTR*EPSMCH,-2.6482534458261138,7.967638599330317,True,3.1567463000537828,13,13
8,crossed,crossed,True,116,0.004620076272738605,0.05159844355538696,0.04707629599571833,0.04841538574947093,67,76,CONVERGENCE: RELATIVE REDUCTION OF F <= FACTR*EPSMCH,-1.941687458715784,-0.7044821420274566,False,0.2054236000403762,13,13
8,crossed,crossed,True,117,0.005309892059599792,0.05571086430518673,0.05080106299908678,0.05263125588165624,13224,14360,CONVERGENCE: RELATIVE REDUCTION OF F <= FACTR*EPSMCH,-2.3012417906796077,7.413472204009573,False,24.655280099948868,13,13
8,crossed,crossed,True,118,0.005374105699409121,0.05908496056149945,0.0540934033108569,0.05594216918762673,4301,5300,CONVERGENCE: RELATIVE REDUCTION OF F <= FACTR*EPSMCH,-2.2889664581120837,7.065700708475055,False,7.156435000011697,13,13
8,crossed,crossed,True,119,0.00537838444119388,0.05916190599477797,0.05416245010998715,0.05599863648470909,3664,4421,CONVERGENCE: RELATIVE REDUCTION OF F <= FACTR*EPSMCH,-2.2288678886068114,6.887591129602079,False,6.644643499981612,13,13
8,crossed,crossed,True,120,0.006622583088840864,0.0693942392166655,0.06333048845759955,0.0642800024308954,3459,3989,CONVERGENCE: RELATIVE REDUCTION OF F <= FACTR*EPSMCH,-8.0,7.9971955014431435,True,7.404387200018391,13,13
8,crossed,crossed,True,121,0.004620076272738506,0.05159844331725758,0.047076294210521896,0.04841538396306295,83,93,CONVERGENCE: RELATIVE REDUCTION OF F <= FACTR*EPSMCH,-1.882148054648518,-0.9550414187734391,False,0.09960239997599274,13,13
8,crossed,crossed,True,122,0.005372059639160819,0.059060236242252984,0.054086576690833436,0.05592314907287072,3894,4654,CONVERGENCE: RELATIVE REDUCTION OF F <= FACTR*EPSMCH,-2.3189193026942587,6.742242150559206,False,5.414705300005153,13,13
8,crossed,crossed,True,123,0.00462007627273865,0.05159844358495463,0.04707629317593695,0.0484153828553889,58,63,CONVERGENCE: RELATIVE REDUCTION OF F <= FACTR*EPSMCH,-1.9407387659471798,-0.7088599870613655,False,0.07615899993106723,13,13
8,crossed,crossed,True,124,0.006622678730440567,0.06938498598250609,0.06331117725199968,0.06425737284171427,1668,1961,CONVERGENCE: RELATIVE REDUCTION OF F <= FACTR*EPSMCH,-8.0,7.990698777855979,True,2.42668589996174,13,13
8,crossed,crossed,True,125,0.00462007627273942,0.05159844349357658,0.04707629396555144,0.04841538328191266,59,66,CONVERGENCE: RELATIVE REDUCTION OF F <= FACTR*EPSMCH,-2.097317254082267,-1.4689502926397369,False,0.0884680999442935,13,13
8,crossed,crossed,True,126,0.004620076272782445,0.05159844325376784,0.0470762966564904,0.04841538518610338,266,320,CONVERGENCE: RELATIVE REDUCTION OF F <= FACTR*EPSMCH,-2.280515358687683,0.7590569887304771,False,0.40972490003332496,13,13
8,crossed,crossed,True,127,0.005375662997544076,0.05913064376857239,0.05415269839887843,0.05598289193121424,2840,3481,CONVERGENCE: RELATIVE REDUCTION OF F <= FACTR*EPSMCH,-2.2722439679817157,6.853797836877484,False,4.511395500041544,13,13
8,crossed,crossed,True,128,0.005374430693881001,0.05908657286124199,0.05409385614843052,0.055941328836908756,3418,4205,CONVERGENCE: RELATIVE REDUCTION OF F <= FACTR*EPSMCH,-2.283419383928706,7.571092973437957,False,5.7404410999733955,13,13
8,crossed,crossed,True,129,0.005373989739946589,0.059107235302102525,0.05415843102370498,0.055987861758340876,1579,1831,CONVERGENCE: RELATIVE REDUCTION OF F <= FACTR*EPSMCH,-2.300561235621163,6.908860148542201,False,2.5252452000277117,13,13
8,crossed,crossed,True,130,0.006622582919264165,0.0693942232364633,0.06333048656813951,0.06427979821856153,1671,1910,CONVERGENCE: RELATIVE REDUCTION OF F <= FACTR*EPSMCH,-8.0,8.0,True,3.4540195000590757,13,13
8,crossed,crossed,True,131,0.004620076272739894,0.05159844229472513,0.04707629215597787,0.048415383030822816,70,80,CONVERGENCE: RELATIVE REDUCTION OF F <= FACTR*EPSMCH,-2.0413703189115195,-1.3570578223918919,False,0.09679440001491457,13,13
8,crossed,crossed,True,132,0.005373841022428456,0.059089549827487826,0.05411096132830784,0.05594623442331347,3060,3797,CONVERGENCE: RELATIVE REDUCTION OF F <= FACTR*EPSMCH,-2.2937164944708357,6.707676815148721,False,5.204033199930564,13,13
8,crossed,crossed,True,133,0.005316792883832912,0.05580663793632532,0.05091439736509589,0.05273960533449948,1025,1218,CONVERGENCE: RELATIVE REDUCTION OF F <= FACTR*EPSMCH,-2.297523357609734,7.994262013166501,True,2.671579400077462,13,13
8,crossed,crossed,True,134,0.004620076272739452,0.05159844249782722,0.047076291870780565,0.048415382290929745,77,88,CONVERGENCE: RELATIVE REDUCTION OF F <= FACTR*EPSMCH,-2.000318398533627,-1.2749544046366574,False,0.1120925999712199,13,13
8,crossed,crossed,True,135,0.004620076272742613,0.05159844377822307,0.047076296213252364,0.04841538546737957,59,66,CONVERGENCE: RELATIVE REDUCTION OF F <= FACTR*EPSMCH,-1.9980987917832258,-1.2705138227414237,False,0.08465660002548248,13,13
8,crossed,crossed,True,136,0.005376726152671425,0.05913966460195547,0.05414924242128174,0.055986458035986404,2205,2699,CONVERGENCE: RELATIVE REDUCTION OF F <= FACTR*EPSMCH,-2.251716031780645,6.2423514015272765,False,4.641467599896714,13,13
8,crossed,crossed,True,137,0.005309859581634783,0.05571213612832862,0.05080964860170545,0.05263734698363726,8070,8780,CONVERGENCE: RELATIVE REDUCTION OF F <= FACTR*EPSMCH,-2.3008245009699735,7.999999989475022,True,13.643667600001208,13,13
8,crossed,crossed,True,138,0.00462007627273992,0.05159844335920687,0.04707629601111815,0.04841538516422292,96,107,CONVERGENCE: RELATIVE REDUCTION OF F <= FACTR*EPSMCH,-2.2538906376364176,-0.6675870313609861,False,0.1142944999737665,13,13
8,crossed,crossed,True,139,0.005377426200530714,0.05915346288319807,0.054166657634013474,0.055997369084539055,1785,2256,CONVERGENCE: RELATIVE REDUCTION OF F <= FACTR*EPSMCH,-2.246299001476369,7.386154353215766,False,2.5342403000686318,13,13
8,crossed,crossed,True,140,0.0046200762727444085,0.05159844321049921,0.047076289863570646,0.04841538170362008,54,64,CONVERGENCE: RELATIVE REDUCTION OF F <= FACTR*EPSMCH,-1.9991122893251152,-1.2725423571304955,False,0.09273269993718714,13,13
8,crossed,crossed,True,141,0.006622582896023483,0.06939415056346095,0.0633302772987362,0.06427972189864443,1712,1977,CONVERGENCE: RELATIVE REDUCTION OF F <= FACTR*EPSMCH,-8.0,8.0,True,2.2647208999842405,13,13
8,crossed,crossed,True,142,0.004620076272742637,0.05159844306608003,0.04707629272356695,0.048415382988177026,69,77,CONVERGENCE: RELATIVE REDUCTION OF F <= FACTR*EPSMCH,-2.057457894535147,-1.3892310028217556,False,0.08866920007858425,13,13
8,crossed,crossed,True,143,0.004620076272742113,0.05159844254608312,0.04707629374088495,0.048415384783257805,82,90,CONVERGENCE: RELATIVE REDUCTION OF F <= FACTR*EPSMCH,-2.2029552590968615,-1.1473740782965132,False,0.11438150005415082,13,13
8,crossed,crossed,True,144,0.004620076272738199,0.05159844345440611,0.04707629410841218,0.04841538355988573,48,56,CONVERGENCE: RELATIVE REDUCTION OF F <= FACTR*EPSMCH,-2.142595057440233,-1.3872312239712141,False,0.07439920003525913,13,13
8,crossed,crossed,True,145,0.004620076272739698,0.05159844297601235,0.04707629357699934,0.048415384330642616,44,52,CONVERGENCE: RELATIVE REDUCTION OF F <= FACTR*EPSMCH,-1.9213820466186096,-1.1170815988472345,False,0.06093410006724298,13,13
8,crossed,crossed,True,146,0.0046200762727422705,0.05159844337350286,0.04707629467544705,0.0484153839986759,88,102,CONVERGENCE: RELATIVE REDUCTION OF F <= FACTR*EPSMCH,-2.182147666592673,-1.249136749806859,False,0.10896159999538213,13,13
8,crossed,crossed,True,147,0.004620076272739654,0.05159844327392751,0.047076294286701535,0.04841538310289513,85,101,CONVERGENCE: RELATIVE REDUCTION OF F <= FACTR*EPSMCH,-1.9624250700695625,-1.1991668614370892,False,0.10465539991855621,13,13
8,crossed,crossed,True,148,0.005386799620026385,0.0593511784606926,0.05438863150463984,0.056203042176137245,3104,3881,CONVERGENCE: RELATIVE REDUCTION OF F <= FACTR*EPSMCH,-2.3037232715948326,6.852399195972583,False,5.818343100021593,13,13
8,crossed,crossed,True,149,0.00537442950659425,0.05909291624837625,0.05410603971251281,0.05595293611127942,2501,3024,CONVERGENCE: RELATIVE REDUCTION OF F <= FACTR*EPSMCH,-2.282678884948405,6.531109106150702,False,5.423704500077292,13,13
8,crossed,crossed,True,150,0.004620076272738027,0.05159844338748887,0.04707629394202322,0.048415383443969916,65,71,CONVERGENCE: RELATIVE REDUCTION OF F <= FACTR*EPSMCH,-1.9502242863965158,-1.1747648981313552,False,0.11646910000126809,13,13
8,crossed,crossed,True,151,0.005372523477480042,0.05906231262223513,0.05407411467485865,0.055916802278099566,5268,6174,CONVERGENCE: RELATIVE REDUCTION OF F <= FACTR*EPSMCH,-2.3110680111630986,7.0595052889134635,False,13.515404099947773,13,13
8,crossed,crossed,True,152,0.004620076272738038,0.05159844304960827,0.047076293995466374,0.04841538372796404,47,51,CONVERGENCE: RELATIVE REDUCTION OF F <= FACTR*EPSMCH,-2.0519368283544654,-1.3781897253072435,False,0.05639260006137192,13,13
8,crossed,crossed,True,153,0.00537267485010851,0.05904415345108681,0.05404822373539706,0.05589746825865158,3091,3762,CONVERGENCE: RELATIVE REDUCTION OF F <= FACTR*EPSMCH,-2.309557042164267,7.427131124333875,False,5.7221268999855965,13,13
8,crossed,crossed,True,154,0.004620076272738317,0.051598443387812956,0.04707629351522166,0.04841538339847424,49,56,CONVERGENCE: RELATIVE REDUCTION OF F <= FACTR*EPSMCH,-2.0386266992962176,-1.351569494685564,False,0.0829401999944821,13,13
8,crossed,crossed,True,155,0.004620076272737967,0.051598443299921935,0.0470762934214466,0.0484153829718308,44,52,CONVERGENCE: RELATIVE REDUCTION OF F <= FACTR*EPSMCH,-2.1275217340964496,-1.4275660106374357,False,0.06327290006447583,13,13
8,crossed,crossed,True,156,0.00462007627274005,0.051598443192604766,0.04707629147762797,0.04841538226994228,63,66,CONVERGENCE: RELATIVE REDUCTION OF F <= FACTR*EPSMCH,-1.9991524131874605,-0.4099961435641551,False,0.07961810007691383,13,13
8,crossed,crossed,True,157,0.0066225829024012415,0.0693941333840161,0.06333021377046653,0.06427957121441381,3084,3612,CONVERGENCE: RELATIVE REDUCTION OF F <= FACTR*EPSMCH,-8.0,8.0,True,5.742982299998403,13,13
8,crossed,crossed,True,158,0.0053730738830282745,0.05908221422898051,0.05410449842647503,0.05593203946461145,2129,2557,CONVERGENCE: RELATIVE REDUCTION OF F <= FACTR*EPSMCH,-2.3083594043389377,5.826373160689322,False,4.806343699921854,13,13
8,crossed,crossed,True,159,0.0053092683905255796,0.05570672013041963,0.050808916906838496,0.05263468692284072,13519,14998,CONVERGENCE: RELATIVE REDUCTION OF F <= FACTR*EPSMCH,-2.3029226030372842,7.999992919684185,True,28.060191500000656,13,13
8,crossed,crossed,True,160,0.00662258290272278,0.06939436983183737,0.06333069121311506,0.06428003527332792,2481,2874,CONVERGENCE: RELATIVE REDUCTION OF F <= FACTR*EPSMCH,-8.0,8.0,True,5.332681900006719,13,13
8,crossed,crossed,True,161,0.006623496917444739,0.06942023213400439,0.06338635673007686,0.06433705300999405,4186,4878,CONVERGENCE: RELATIVE REDUCTION OF F <= FACTR*EPSMCH,-8.0,7.682762340101225,True,9.925774600007571,13,13
8,crossed,crossed,True,162,0.004926973128534988,0.05409708104710978,0.04919577550394346,0.05087506713013995,6423,7247,CONVERGENCE: RELATIVE REDUCTION OF F <= FACTR*EPSMCH,-3.1636502434933655,7.999998224109495,True,12.93172350001987,13,13
8,crossed,crossed,True,163,0.004620076272738329,0.05159844366143141,0.04707629436638732,0.048415383310685615,50,53,CONVERGENCE: RELATIVE REDUCTION OF F <= FACTR*EPSMCH,-1.9997657691893567,-1.2738473252834066,False,0.12680440000258386,13,13
8,crossed,crossed,True,164,0.005387893540891766,0.059568355730677494,0.05481268049871543,0.05656492106150643,3673,4484,CONVERGENCE: RELATIVE REDUCTION OF F <= FACTR*EPSMCH,-2.67539411288859,5.392205671362524,False,12.181470299954526,13,13
8,crossed,crossed,True,165,0.00462007627273835,0.05159844284273927,0.047076293113583384,0.048415382989241175,53,57,CONVERGENCE: RELATIVE REDUCTION OF F <= FACTR*EPSMCH,-1.965884686631324,-1.2060851729283328,False,0.076649000053294,13,13
8,crossed,crossed,True,166,0.0046200762727381176,0.05159844318723269,0.047076294042427254,0.0484153836789089,60,68,CONVERGENCE: RELATIVE REDUCTION OF F <= FACTR*EPSMCH,-2.0096477906318886,-1.2936115814242877,False,0.09824670001398772,13,13
8,crossed,crossed,True,167,0.004620076272739004,0.05159844378979432,0.047076292834494035,0.04841538231853186,62,68,CONVERGENCE: RELATIVE REDUCTION OF F <= FACTR*EPSMCH,-2.0781713196396203,-1.4306581373580414,False,0.08142840000800788,13,13
8,crossed,crossed,True,168,0.0046200762727380655,0.05159844325257324,0.04707629329585116,0.04841538266099696,62,65,CONVERGENCE: RELATIVE REDUCTION OF F <= FACTR*EPSMCH,-2.0323079164462645,-1.3389321125746108,False,0.167889199918136,13,13
8,crossed,crossed,True,169,0.004620076272738286,0.051598443394588474,0.047076293549553436,0.04841538322146391,54,60,CONVERGENCE: RELATIVE REDUCTION OF F <= FACTR*EPSMCH,-2.065855600030718,-1.4060276547542387,False,0.1547266999259591,13,13
8,crossed,crossed,True,170,0.005374256208358615,0.059079026877099455,0.05408063276847132,0.05592408933938378,3352,4134,CONVERGENCE: RELATIVE REDUCTION OF F <= FACTR*EPSMCH,-2.2874262969586505,7.79640261851515,False,5.502230399986729,13,13
8,crossed,crossed,True,171,0.004620076272738459,0.05159844328088292,0.047076295202242484,0.04841538460292929,53,58,CONVERGENCE: RELATIVE REDUCTION OF F <= FACTR*EPSMCH,-1.9415955137218421,-0.7049075770879755,False,0.07822889997623861,13,13
8,crossed,crossed,True,172,0.006623885999613711,0.06940952171096827,0.0633528332912112,0.0643022604939901,2131,2613,CONVERGENCE: RELATIVE REDUCTION OF F <= FACTR*EPSMCH,-8.0,7.998662038293277,True,3.09229930001311,13,13
8,crossed,crossed,True,173,0.004620076272739646,0.05159844324840149,0.04707629259302739,0.04841538261702274,69,75,CONVERGENCE: RELATIVE REDUCTION OF F <= FACTR*EPSMCH,-2.088091373724034,-1.4505000580880478,False,0.10774070001207292,13,13
8,crossed,crossed,True,174,0.005379611646462344,0.059169111157226756,0.054167502370983285,0.05600859690353923,3937,4852,CONVERGENCE: RELATIVE REDUCTION OF F <= FACTR*EPSMCH,-2.210305127409303,7.793336596347437,False,9.11737130000256,13,13
8,crossed,crossed,True,175,0.0053741361714554035,0.059100500272078374,0.054122265151714935,0.05595656243222678,2504,2990,CONVERGENCE: RELATIVE REDUCTION OF F <= FACTR*EPSMCH,-2.2883532436468945,6.3566821827120705,False,3.7401510999770835,13,13
8,crossed,crossed,True,176,0.0046200762727425316,0.051598443046255785,0.04707629489546925,0.04841538466853282,89,104,CONVERGENCE: RELATIVE REDUCTION OF F <= FACTR*EPSMCH,-2.0863094060826977,-1.4469349236346087,False,0.1376101999776438,13,13
8,crossed,crossed,True,177,0.004620076272738005,0.05159844330510752,0.04707629352878237,0.04841538303285557,64,71,CONVERGENCE: RELATIVE REDUCTION OF F <= FACTR*EPSMCH,-2.0688463767089793,-1.4120090391478326,False,0.11182809993624687,13,13
8,crossed,crossed,True,178,0.006622798756361496,0.06939804026656528,0.06333379830325137,0.0642814174119667,2088,2559,CONVERGENCE: RELATIVE REDUCTION OF F <= FACTR*EPSMCH,-8.0,8.0,True,5.664191100047901,13,13
8,crossed,crossed,True,179,0.005387675571397761,0.059411280900494766,0.05449102648421753,0.05628987350023684,3777,4676,CONVERGENCE: RELATIVE REDUCTION OF F <= FACTR*EPSMCH,-2.3602751642072257,5.489971813579256,False,6.301832200028002,13,13
8,crossed,crossed,True,180,0.005310099958486114,0.055721576871795,0.05086320507871897,0.05267506343976957,3425,3800,CONVERGENCE: RELATIVE REDUCTION OF F <= FACTR*EPSMCH,-2.307488948474613,7.999999985977081,True,6.067794500035234,13,13
8,crossed,crossed,True,181,0.005376514209286283,0.05910723383435199,0.054096648316755806,0.055951422087935854,1430,1788,CONVERGENCE: RELATIVE REDUCTION OF F <= FACTR*EPSMCH,-2.2571683880883238,7.297362500210097,False,2.2324429999571294,13,13
8,crossed,crossed,True,182,0.006624316590976124,0.06939410457553072,0.06332392019505026,0.06428063824867616,6853,8192,CONVERGENCE: RELATIVE REDUCTION OF F <= FACTR*EPSMCH,-8.0,7.999639832196401,True,13.58980909991078,13,13
8,crossed,crossed,True,183,0.005372456248973912,0.05907501260971388,0.054104066419901196,0.055938458474398274,3014,3634,CONVERGENCE: RELATIVE REDUCTION OF F <= FACTR*EPSMCH,-2.3129100528657265,6.724452160223203,False,4.9324948999565095,13,13
8,crossed,crossed,True,184,0.005375062485570075,0.05913489446927445,0.054176512414689675,0.056008644575271084,2680,3266,CONVERGENCE: RELATIVE REDUCTION OF F <= FACTR*EPSMCH,-2.2858143137927573,6.517936106808658,False,4.097854200052097,13,13
8,crossed,crossed,True,185,0.005388747891045384,0.05957456131185508,0.054806698291633864,0.05655874410791923,3826,4809,CONVERGENCE: RELATIVE REDUCTION OF F <= FACTR*EPSMCH,-2.6315349091016893,5.802038880804992,False,6.278857999946922,13,13
8,crossed,crossed,True,186,0.006622582913698998,0.06939424110208008,0.06332987971614112,0.06427913826030134,2328,2724,CONVERGENCE: RELATIVE REDUCTION OF F <= FACTR*EPSMCH,-8.0,8.0,True,6.537590499967337,13,13
8,crossed,crossed,True,187,0.0046200762727414725,0.05159844294643095,0.04707629361383591,0.04841538351546265,61,64,CONVERGENCE: RELATIVE REDUCTION OF F <= FACTR*EPSMCH,-1.9860681312657535,-0.4826170358922721,False,0.0889884999487549,13,13
8,crossed,crossed,True,188,0.004620076272745008,0.051598442356950006,0.047076289487486815,0.048415379184187333,46,51,CONVERGENCE: RELATIVE REDUCTION OF F <= FACTR*EPSMCH,-2.0491165328301055,-1.3725474533157618,False,0.08434210007544607,13,13
8,crossed,crossed,True,189,0.005372554869980072,0.05905951174149483,0.054073507479713394,0.055917230124367834,5634,6616,CONVERGENCE: RELATIVE REDUCTION OF F <= FACTR*EPSMCH,-2.309629563215961,6.513433399594876,False,10.934022100060247,13,13
8,crossed,crossed,True,190,0.004620076272738201,0.05159844341117694,0.04707629359817352,0.048415383209772116,62,70,CONVERGENCE: RELATIVE REDUCTION OF F <= FACTR*EPSMCH,-1.893739955305856,-1.0617963479038997,False,0.204149299999699,13,13
8,crossed,crossed,True,191,0.004620076272738069,0.05159844312857132,0.04707629404751507,0.048415383646435786,61,66,CONVERGENCE: RELATIVE REDUCTION OF F <= FACTR*EPSMCH,-1.9290703928749942,-0.7615975296195284,False,0.14069139992352575,13,13
8,crossed,crossed,True,192,0.006622582908705332,0.06939431869496483,0.06333066119850046,0.06428006670039989,3741,4322,CONVERGENCE: RELATIVE REDUCTION OF F <= FACTR*EPSMCH,-8.0,7.999801645945993,True,5.438107300084084,13,13
8,crossed,crossed,True,193,0.004926162569010229,0.054101213770435294,0.049196623645931976,0.05087391177350185,18875,21022,CONVERGENCE: RELATIVE REDUCTION OF F <= FACTR*EPSMCH,-3.1670299828571906,8.0,True,40.10664590005763,13,13
8,crossed,crossed,True,194,0.006622582912118315,0.06939404745705754,0.0633300353527957,0.06427949633237393,2579,3085,CONVERGENCE: RELATIVE REDUCTION OF F <= FACTR*EPSMCH,-8.0,8.0,True,10.194036699947901,13,13
8,crossed,crossed,True,195,0.005373322476245634,0.05909118833918299,0.05412140524540987,0.05595667457893041,3026,3603,CONVERGENCE: RELATIVE REDUCTION OF F <= FACTR*EPSMCH,-2.3005927842496274,6.379692208263896,False,11.254326700000092,13,13
8,crossed,crossed,True,196,0.00462007627273797,0.05159844309824505,0.047076293330574566,0.048415383020894986,61,69,CONVERGENCE: RELATIVE REDUCTION OF F <= FACTR*EPSMCH,-1.8960737276708812,-1.0664636066139062,False,0.1826839999994263,13,13
8,crossed,crossed,True,197,0.00662258293403372,0.06939410478562065,0.06333011706622349,0.06427937062115066,1878,2370,CONVERGENCE: RELATIVE REDUCTION OF F <= FACTR*EPSMCH,-8.0,8.0,True,3.667463899939321,13,13
8,crossed,crossed,True,198,0.0053728784200470295,0.0590480068772565,0.05404889356387539,0.055891397783237116,2671,3249,CONVERGENCE: RELATIVE REDUCTION OF F <= FACTR*EPSMCH,-2.308959144155392,7.177409117276608,False,4.725407000049017,13,13
8,crossed,crossed,True,199,0.004620076272738201,0.05159844350630687,0.04707629422960515,0.04841538404177113,73,81,CONVERGENCE: RELATIVE REDUCTION OF F <= FACTR*EPSMCH,-1.9309564605802887,-0.7532095237142341,False,0.21896279999054968,13,13
16,nearest,nearest,True,0,0.029161879569925348,0.1640522233490467,0.15789442068499343,0.15989162549001565,87,96,CONVERGENCE: RELATIVE REDUCTION OF F <= FACTR*EPSMCH,-2.7984830306210227,-1.393913874202786,False,0.13740140001755208,14,14
16,nearest,nearest,True,1,0.029161879569925223,0.16405222328518881,0.15789442086321157,0.1598916257652231,63,68,CONVERGENCE: RELATIVE REDUCTION OF F <= FACTR*EPSMCH,-2.798481995640465,-1.393913843677781,False,0.08942670002579689,14,14
16,nearest,nearest,True,2,0.029507317597282028,0.16511985172703966,0.15878925664940097,0.160668667574331,1975,2264,CONVERGENCE: RELATIVE REDUCTION OF F <= FACTR*EPSMCH,-8.0,5.492827714387834,True,3.0594124000053853,14,14
16,nearest,nearest,True,3,0.029161879569925508,0.16405222320171614,0.15789442016018895,0.1598916249167949,99,108,CONVERGENCE: RELATIVE REDUCTION OF F <= FACTR*EPSMCH,-2.7984832990369655,-1.3939144711895477,False,0.1685608000261709,14,14
16,nearest,nearest,True,4,0.0295078201593624,0.16512192379007973,0.1587911130151227,0.16067036895217449,2489,2879,CONVERGENCE: RELATIVE REDUCTION OF F <= FACTR*EPSMCH,-8.0,5.335221782306772,True,5.2660186000866815,14,14
16,nearest,nearest,True,5,0.029140428115380465,0.1639277301625151,0.15803432339731555,0.16014781570750614,1471,1702,CONVERGENCE: RELATIVE REDUCTION OF F <= FACTR*EPSMCH,-3.0405160624141168,3.521822286202039,False,2.4129345000255853,14,14
16,nearest,nearest,True,6,0.02916187956992549,0.1640522232186549,0.15789442043510593,0.15989162521944364,88,98,CONVERGENCE: RELATIVE REDUCTION OF F <= FACTR*EPSMCH,-2.7984819400477567,-1.3939125148561993,False,0.13224690000060946,14,14
16,nearest,nearest,True,7,0.029833863807291076,0.16620044931071193,0.16032560203739732,0.16233852263904297,8154,9418,CONVERGENCE: RELATIVE REDUCTION OF F <= FACTR*EPSMCH,-4.331102137580463,7.832712790514762,False,17.844410500023514,14,14
16,nearest,nearest,True,8,0.02916187956992517,0.1640522233203153,0.15789442033630455,0.15989162513335042,62,69,CONVERGENCE: RELATIVE REDUCTION OF F <= FACTR*EPSMCH,-2.7984828413834903,-1.3939134683960115,False,0.10687330004293472,14,14
16,nearest,nearest,True,9,0.02916187956992856,0.16405222327423039,0.15789442083090552,0.15989162564222487,72,82,CONVERGENCE: RELATIVE REDUCTION OF F <= FACTR*EPSMCH,-2.798480593715416,-1.3939112251669037,False,0.13785239995922893,14,14
16,nearest,nearest,True,10,0.029654794995426313,0.16556537087220155,0.1595375316751069,0.1615211394162922,11324,12779,CONVERGENCE: RELATIVE REDUCTION OF F <= FACTR*EPSMCH,-4.862507303127162,8.0,True,22.747102599940263,14,14
16,nearest,nearest,True,11,0.029161879569925178,0.16405222337146258,0.15789442073272295,0.15989162559458445,70,77,CONVERGENCE: RELATIVE REDUCTION OF F <= FACTR*EPSMCH,-2.7984828354767703,-1.393913879636266,False,0.234988100011833,14,14
16,nearest,nearest,True,12,0.029140426783044394,0.16392775145765912,0.15803427607145623,0.16014776880246678,3293,3853,CONVERGENCE: RELATIVE REDUCTION OF F <= FACTR*EPSMCH,-3.0402714679003227,5.0547070921541515,False,6.024597599986009,14,14
16,nearest,nearest,True,13,0.029835703109145538,0.1662019177336211,0.16032840147698754,0.16234336674261243,4541,5166,CONVERGENCE: RELATIVE REDUCTION OF F <= FACTR*EPSMCH,-4.280048252634494,8.0,True,7.129352500080131,14,14
16,nearest,nearest,True,14,0.029140427616856188,0.16392775537189272,0.15803441660373918,0.16014794317400377,3431,3857,CONVERGENCE: RELATIVE REDUCTION OF F <= FACTR*EPSMCH,-3.0400049097775548,3.817006241585464,False,11.20965440000873,14,14
16,nearest,nearest,True,15,0.02916187956992578,0.16405222315370535,0.15789441995894007,0.15989162465156967,218,259,CONVERGENCE: RELATIVE REDUCTION OF F <= FACTR*EPSMCH,-2.798483797343798,-1.39391504329967,False,0.8533526000101119,14,14
16,nearest,nearest,True,16,0.029161879569925428,0.1640522232552746,0.1578944208042951,0.1598916257179271,63,69,CONVERGENCE: RELATIVE REDUCTION OF F <= FACTR*EPSMCH,-2.798482048800438,-1.3939142499056179,False,0.18654769996646792,14,14
16,nearest,nearest,True,17,0.029833925091492425,0.166198154127402,0.160320676090696,0.16233383512058946,4814,5427,CONVERGENCE: RELATIVE REDUCTION OF F <= FACTR*EPSMCH,-4.302961526697588,7.999999999770135,True,17.243498099967837,14,14
16,nearest,nearest,True,18,0.03125106928664797,0.1702041937613666,0.16371938610053366,0.16568479455478718,3264,4042,CONVERGENCE: RELATIVE REDUCTION OF F <= FACTR*EPSMCH,-8.0,7.055162274527006,True,12.177581600029953,14,14
16,nearest,nearest,True,19,0.02950731916270461,0.16512024346605145,0.15878865234252135,0.16066781378187314,3240,3722,CONVERGENCE: RELATIVE REDUCTION OF F <= FACTR*EPSMCH,-8.0,6.2341663540769625,True,4.739748200052418,14,14
16,nearest,nearest,True,20,0.029161879569926,0.16405222341040013,0.1578944208875417,0.15989162568219428,59,62,CONVERGENCE: RELATIVE REDUCTION OF F <= FACTR*EPSMCH,-2.798482926604962,-1.3939125582480014,False,0.26700639992486686,14,14
16,nearest,nearest,True,21,0.02950731559133396,0.16512000072938832,0.15878929102109443,0.16066871046607753,2249,2604,CONVERGENCE: RELATIVE REDUCTION OF F <= FACTR*EPSMCH,-8.0,6.049117683774451,True,8.105913300067186,14,14
16,nearest,nearest,True,22,0.02914042721043576,0.1639277551753138,0.1580343558938065,0.16014786285693114,1803,2063,CONVERGENCE: RELATIVE REDUCTION OF F <= FACTR*EPSMCH,-3.040451734532658,3.9544181084623418,False,7.633208199986257,14,14
16,nearest,nearest,True,23,0.0291618795699259,0.16405222315148257,0.1578944200388611,0.15989162475949034,70,76,CONVERGENCE: RELATIVE REDUCTION OF F <= FACTR*EPSMCH,-2.7984827903152136,-1.3939139184665725,False,0.23130610003136098,14,14
16,nearest,nearest,True,24,0.029507315319541774,0.16512002644543414,0.1587900820859554,0.16066970299795735,1969,2245,CONVERGENCE: RELATIVE REDUCTION OF F <= FACTR*EPSMCH,-8.0,5.827280544239142,True,5.969176099984907,14,14
16,nearest,nearest,True,25,0.029140426834111614,0.1639277599300757,0.15803434948141382,0.16014787099482894,3683,4219,CONVERGENCE: RELATIVE REDUCTION OF F <= FACTR*EPSMCH,-3.040266209043604,4.5222253558017975,False,14.797421699971892,14,14
16,nearest,nearest,True,26,0.02914042720666627,0.16392773662984547,0.15803432367809878,0.16014781441867232,2532,2877,CONVERGENCE: RELATIVE REDUCTION OF F <= FACTR*EPSMCH,-3.0403871041674324,3.9990876045678982,False,6.760118999984115,14,14
16,nearest,nearest,True,27,0.029507818230907572,0.16512202350093927,0.15879189702759725,0.16067130318625028,2065,2474,CONVERGENCE: RELATIVE REDUCTION OF F <= FACTR*EPSMCH,-8.0,5.97475502565689,True,2.9805755000561476,14,14
16,nearest,nearest,True,28,0.02914042686140729,0.16392772816028275,0.15803428398470232,0.16014778034503613,2422,2821,CONVERGENCE: RELATIVE REDUCTION OF F <= FACTR*EPSMCH,-3.0405772694683644,4.37482328041157,False,9.321027399972081,14,14
16,nearest,nearest,True,29,0.02914042738943313,0.16392776289330666,0.15803428594405342,0.1601477526351176,2397,2740,CONVERGENCE: RELATIVE REDUCTION OF F <= FACTR*EPSMCH,-3.0410243643417183,3.8610371315429575,False,5.083919299999252,14,14
16,nearest,nearest,True,30,0.029140426841703714,0.16392769767313503,0.1580341939179384,0.1601476997635868,3159,3644,CONVERGENCE: RELATIVE REDUCTION OF F <= FACTR*EPSMCH,-3.0407482218538635,4.475642530288367,False,4.175811000051908,14,14
16,nearest,nearest,True,31,0.029161879569926483,0.16405222344851442,0.1578944205460807,0.15989162539896135,78,86,CONVERGENCE: RELATIVE REDUCTION OF F <= FACTR*EPSMCH,-2.7984841634252478,-1.3939146786014294,False,0.11269660003017634,14,14
16,nearest,nearest,True,32,0.029507314669877802,0.16511997881415721,0.15879052349100964,0.16067021333132062,1656,1943,CONVERGENCE: RELATIVE REDUCTION OF F <= FACTR*EPSMCH,-8.0,5.998301374781627,True,4.606592199997976,14,14
16,nearest,nearest,True,33,0.029507318260045722,0.16512013493962802,0.1587898600312827,0.16066937707127352,1685,1905,CONVERGENCE: RELATIVE REDUCTION OF F <= FACTR*EPSMCH,-8.0,5.395865494633804,True,2.4298438999103382,14,14
16,nearest,nearest,True,34,0.02948114147198515,0.1652517816470164,0.15943287991177743,0.16155546149820316,8507,9634,CONVERGENCE: RELATIVE REDUCTION OF F <= FACTR*EPSMCH,-2.382394751159448,7.689663508168259,False,12.745442799990997,14,14
16,nearest,nearest,True,35,0.029507820045026542,0.16512212085698622,0.15879079426037504,0.16066995499574804,1670,1989,CONVERGENCE: RELATIVE REDUCTION OF F <= FACTR*EPSMCH,-8.0,5.990314348061376,True,2.7832605000585318,14,14
16,nearest,nearest,True,36,0.029161879569925265,0.16405222325590776,0.1578944204016097,0.15989162520150785,62,71,CONVERGENCE: RELATIVE REDUCTION OF F <= FACTR*EPSMCH,-2.798482853113684,-1.393914044164773,False,0.0878612999804318,14,14
16,nearest,nearest,True,37,0.029507819138158673,0.1651218264730708,0.15879079227521364,0.16067001210696213,1761,2076,CONVERGENCE: RELATIVE REDUCTION OF F <= FACTR*EPSMCH,-8.0,5.908744024114541,True,2.3687872000737116,14,14
16,nearest,nearest,True,38,0.029161879569925612,0.16405222330110755,0.15789442126791667,0.15989162624443296,82,91,CONVERGENCE: RELATIVE REDUCTION OF F <= FACTR*EPSMCH,-2.798481399232807,-1.3939136385494422,False,0.12643199996091425,14,14
16,nearest,nearest,True,39,0.029140426683259335,0.16392770007874102,0.1580342879326172,0.16014779682495955,3355,3861,CONVERGENCE: RELATIVE REDUCTION OF F <= FACTR*EPSMCH,-3.040534589436223,4.7028616440996736,False,5.8007853999733925,14,14
16,nearest,nearest,True,40,0.031242554321238566,0.17017946977752624,0.16369294977597257,0.1656577017610598,1487,1693,CONVERGENCE: RELATIVE REDUCTION OF F <= FACTR*EPSMCH,-8.0,4.719440314252315,True,1.9252069999929518,14,14
16,nearest,nearest,True,41,0.02983880825050808,0.16622047457794903,0.16037478238200506,0.16239443604373516,8503,9715,CONVERGENCE: RELATIVE REDUCTION OF F <= FACTR*EPSMCH,-4.36666300142756,7.999999992439288,True,13.618452799972147,14,14
16,nearest,nearest,True,42,0.029140426957488016,0.16392774787335335,0.1580342932277559,0.16014781206134368,2123,2478,CONVERGENCE: RELATIVE REDUCTION OF F <= FACTR*EPSMCH,-3.0405817662519827,4.2274069262217076,False,3.275081599946134,14,14
16,nearest,nearest,True,43,0.02951263608755546,0.16513663255069427,0.1588056920224427,0.16068419998613115,841,969,CONVERGENCE: RELATIVE REDUCTION OF F <= FACTR*EPSMCH,-8.0,4.251956959466545,True,1.1978005999699235,14,14
16,nearest,nearest,True,44,0.03257631422836925,0.17620795922418309,0.17004327382150092,0.1722640967779916,1205,1461,CONVERGENCE: RELATIVE REDUCTION OF F <= FACTR*EPSMCH,-7.184756019669796,7.9856270010316885,True,2.3033516000723466,14,14
16,nearest,nearest,True,45,0.029507315085967274,0.16512003070664183,0.15879013572380463,0.16066972991095527,3474,3997,CONVERGENCE: RELATIVE REDUCTION OF F <= FACTR*EPSMCH,-8.0,5.982630844666514,True,5.782932400004938,14,14
16,nearest,nearest,True,46,0.02916187956992536,0.16405222321271995,0.15789442057111625,0.15989162544462288,62,65,CONVERGENCE: RELATIVE REDUCTION OF F <= FACTR*EPSMCH,-2.798482265487085,-1.3939140570531143,False,0.08835800003726035,14,14
16,nearest,nearest,True,47,0.029507817748068845,0.1651218246605015,0.15879140683341664,0.1606707915611108,2178,2555,CONVERGENCE: RELATIVE REDUCTION OF F <= FACTR*EPSMCH,-8.0,6.401327623768413,True,3.483710700063966,14,14
16,nearest,nearest,True,48,0.02916187956992549,0.16405222316077106,0.15789442011712387,0.15989162487127573,89,98,CONVERGENCE: RELATIVE REDUCTION OF F <= FACTR*EPSMCH,-2.7984833358806913,-1.39391452757783,False,0.18958000000566244,14,14
16,nearest,nearest,True,49,0.029140427209069952,0.16392780254446457,0.15803439632625066,0.16014788863477797,1922,2213,CONVERGENCE: RELATIVE REDUCTION OF F <= FACTR*EPSMCH,-3.0405391983973256,3.9894567370124516,False,3.019009199924767,14,14
16,nearest,nearest,True,50,0.029140426927307315,0.16392776141139145,0.15803431163915466,0.1601477959088099,2896,3417,CONVERGENCE: RELATIVE REDUCTION OF F <= FACTR*EPSMCH,-3.0408526856030504,4.3899514613802415,False,4.502699699951336,14,14
16,nearest,nearest,True,51,0.029507313284439063,0.16511986104001247,0.15879061024229904,0.16067031858879996,1992,2315,CONVERGENCE: RELATIVE REDUCTION OF F <= FACTR*EPSMCH,-8.0,6.528886281221086,True,3.1663830999750644,14,14
16,nearest,nearest,True,52,0.029161879569926052,0.164052223320971,0.15789442003717913,0.15989162471673118,83,96,CONVERGENCE: RELATIVE REDUCTION OF F <= FACTR*EPSMCH,-2.798483720234143,-1.3939133562455226,False,0.11464819998946041,14,14
16,nearest,nearest,True,53,0.029161879569925685,0.16405222341066147,0.1578944212617338,0.15989162617439676,72,85,CONVERGENCE: RELATIVE REDUCTION OF F <= FACTR*EPSMCH,-2.7984818517738694,-1.3939124758591155,False,0.11707909998949617,14,14
16,nearest,nearest,True,54,0.02950782061739679,0.16512179127457696,0.15879136074186714,0.1606706734959888,2692,3065,CONVERGENCE: RELATIVE REDUCTION OF F <= FACTR*EPSMCH,-8.0,5.274008081134367,True,3.8840034999884665,14,14
16,nearest,nearest,True,55,0.029507820521912538,0.1651218859586336,0.15879041715631317,0.1606695869484797,2617,3028,CONVERGENCE: RELATIVE REDUCTION OF F <= FACTR*EPSMCH,-8.0,5.619523755264545,True,4.043296999996528,14,14
16,nearest,nearest,True,56,0.029161879569925254,0.16405222327562108,0.15789442067410836,0.15989162554017566,61,68,CONVERGENCE: RELATIVE REDUCTION OF F <= FACTR*EPSMCH,-2.7984830361380477,-1.3939150246034164,False,0.09461649996228516,14,14
16,nearest,nearest,True,57,0.029140426707669472,0.16392772581715262,0.1580342705046995,0.1601477763150374,2502,2886,CONVERGENCE: RELATIVE REDUCTION OF F <= FACTR*EPSMCH,-3.040476506211926,4.594602302038772,False,3.6544599999906495,14,14
16,nearest,nearest,True,58,0.029161879569927465,0.1640522235546126,0.15789442196401965,0.15989162719755087,78,87,CONVERGENCE: RELATIVE REDUCTION OF F <= FACTR*EPSMCH,-2.798481376778979,-1.3939133244995294,False,0.14556910004466772,14,14
16,nearest,nearest,True,59,0.029481152542480044,0.16524817413555515,0.15942891487088282,0.16155167354077202,10129,11501,CONVERGENCE: RELATIVE REDUCTION OF F <= FACTR*EPSMCH,-2.3799286172222973,7.629155993959892,False,15.739726700005122,14,14
16,nearest,nearest,True,60,0.029161879569926254,0.16405222342022718,0.15789442112516885,0.1598916260471749,65,69,CONVERGENCE: RELATIVE REDUCTION OF F <= FACTR*EPSMCH,-2.7984813061736284,-1.3939121817381337,False,0.09949159994721413,14,14
16,nearest,nearest,True,61,0.02916187956992588,0.1640522232869175,0.15789442110931093,0.1598916261333162,64,69,CONVERGENCE: RELATIVE REDUCTION OF F <= FACTR*EPSMCH,-2.798481360461913,-1.3939141949305263,False,0.09531369991600513,14,14
16,nearest,nearest,True,62,0.029161879569926687,0.1640522234251814,0.15789442146034746,0.15989162651587055,94,121,CONVERGENCE: RELATIVE REDUCTION OF F <= FACTR*EPSMCH,-2.7984824654998937,-1.3939145293904445,False,0.16366219997871667,14,14
16,nearest,nearest,True,63,0.02916187956992563,0.16405222340174025,0.15789442073483836,0.15989162556683612,64,85,CONVERGENCE: RELATIVE REDUCTION OF F <= FACTR*EPSMCH,-2.7984830989752902,-1.393913761162723,False,0.12678910000249743,14,14
16,nearest,nearest,True,64,0.02914042696378838,0.16392774333590082,0.1580342530167437,0.16014772066787236,2161,2507,CONVERGENCE: RELATIVE REDUCTION OF F <= FACTR*EPSMCH,-3.0410907539537924,4.2615938597918595,False,3.314375099958852,14,14
16,nearest,nearest,True,65,0.031242589713445467,0.17017958787307477,0.16369277254262043,0.16565747065984834,1806,2107,CONVERGENCE: RELATIVE REDUCTION OF F <= FACTR*EPSMCH,-8.0,4.8409213235438875,True,2.947070900001563,14,14
16,nearest,nearest,True,66,0.031242668359940794,0.1701797997026614,0.1636933380947251,0.16565817822112194,5325,6107,CONVERGENCE: RELATIVE REDUCTION OF F <= FACTR*EPSMCH,-8.0,7.703930197839612,True,8.734903800068423,14,14
16,nearest,nearest,True,67,0.029161879569928318,0.16405222352087667,0.15789442168188028,0.15989162673039614,79,91,CONVERGENCE: RELATIVE REDUCTION OF F <= FACTR*EPSMCH,-2.798480603872339,-1.3939117753243384,False,0.18687950004823506,14,14
16,nearest,nearest,True,68,0.029140426943848313,0.1639277093625741,0.1580343214557503,0.160147854563399,2516,2910,CONVERGENCE: RELATIVE REDUCTION OF F <= FACTR*EPSMCH,-3.0404813650987332,4.252340049521099,False,3.796556600020267,14,14
16,nearest,nearest,True,69,0.029140426952574263,0.163927729328059,0.15803427869927625,0.16014779813422086,1766,2057,CONVERGENCE: RELATIVE REDUCTION OF F <= FACTR*EPSMCH,-3.0403713249922606,4.209181565089655,False,2.6877912000054494,14,14
16,nearest,nearest,True,70,0.02917918611004507,0.1640455296913209,0.15811050515868064,0.1602203019813966,3759,4404,CONVERGENCE: RELATIVE REDUCTION OF F <= FACTR*EPSMCH,-3.3141425079140427,6.361583795503117,False,6.287837799987756,14,14
16,nearest,nearest,True,71,0.029140427407962917,0.1639277174301842,0.15803424307628341,0.16014774739684606,1878,2154,CONVERGENCE: RELATIVE REDUCTION OF F <= FACTR*EPSMCH,-3.0409930863493306,3.89158863646295,False,3.2875124000711367,14,14
16,nearest,nearest,True,72,0.029161879569925817,0.16405222320910723,0.15789442033993445,0.1598916252093278,77,80,CONVERGENCE: RELATIVE REDUCTION OF F <= FACTR*EPSMCH,-2.7984831987104832,-1.3939154519997377,False,0.11522559996228665,14,14
16,nearest,nearest,True,73,0.02916187956992557,0.16405222323285099,0.15789442100798612,0.15989162591005354,57,61,CONVERGENCE: RELATIVE REDUCTION OF F <= FACTR*EPSMCH,-2.798481608841458,-1.393913629601691,False,0.07826979993842542,14,14
16,nearest,nearest,True,74,0.029140480757739045,0.16392871851477137,0.15803649248508647,0.16015024347381887,13462,15265,CONVERGENCE: RELATIVE REDUCTION OF F <= FACTR*EPSMCH,-3.038919090337995,7.9999127126987295,True,20.001241500023752,14,14
16,nearest,nearest,True,75,0.02914042711722997,0.16392780234774634,0.1580344177517742,0.16014793354905013,2322,2648,CONVERGENCE: RELATIVE REDUCTION OF F <= FACTR*EPSMCH,-3.0404671110802797,4.095188047241093,False,3.51466869993601,14,14
16,nearest,nearest,True,76,0.02950731614415787,0.16511974444384345,0.158789610708825,0.16066910927377798,2904,3268,CONVERGENCE: RELATIVE REDUCTION OF F <= FACTR*EPSMCH,-8.0,5.835305718274806,True,4.333042700076476,14,14
16,nearest,nearest,True,77,0.029507312441519582,0.1651201568498047,0.15879035004483422,0.1606699973935018,3423,3970,CONVERGENCE: RELATIVE REDUCTION OF F <= FACTR*EPSMCH,-8.0,6.640247096671869,True,4.693815100006759,14,14
16,nearest,nearest,True,78,0.029507318588368872,0.16511995811597646,0.1587922302676091,0.1606723818265103,1894,2195,CONVERGENCE: RELATIVE REDUCTION OF F <= FACTR*EPSMCH,-8.0,6.3220418487704775,True,2.729735199944116,14,14
16,nearest,nearest,True,79,0.029161879569925424,0.16405222346661527,0.15789442104667162,0.159891625926313,69,76,CONVERGENCE: RELATIVE REDUCTION OF F <= FACTR*EPSMCH,-2.798482723577837,-1.3939137919208409,False,0.11223339999560267,14,14
16,nearest,nearest,True,80,0.029161879569927718,0.16405222332937427,0.15789442070594964,0.15989162566295181,59,62,CONVERGENCE: RELATIVE REDUCTION OF F <= FACTR*EPSMCH,-2.7984832771931245,-1.3939165865590428,False,0.11646129994187504,14,14
16,nearest,nearest,True,81,0.029507315013589407,0.16511994906725896,0.15879043627824638,0.16067012693726987,2603,3023,CONVERGENCE: RELATIVE REDUCTION OF F <= FACTR*EPSMCH,-8.0,6.085195663185756,True,3.5331777000101283,14,14
16,nearest,nearest,True,82,0.029140427798318297,0.16392769067937119,0.15803425937593046,0.16014775976897314,1556,1800,CONVERGENCE: RELATIVE REDUCTION OF F <= FACTR*EPSMCH,-3.0410541375800326,3.7338590675934404,False,2.035148399998434,14,14
16,nearest,nearest,True,83,0.029161879569926368,0.16405222340705083,0.1578944209116177,0.1598916257696127,68,75,CONVERGENCE: RELATIVE REDUCTION OF F <= FACTR*EPSMCH,-2.798483253788691,-1.393913796789009,False,0.0903489999473095,14,14
16,nearest,nearest,True,84,0.02916187956992611,0.16405222324735927,0.15789441987930403,0.15989162448089322,161,199,CONVERGENCE: RELATIVE REDUCTION OF F <= FACTR*EPSMCH,-2.7984829832849494,-1.3939125376304589,False,0.22054880007635802,14,14
16,nearest,nearest,True,85,0.02914042731217796,0.16392771509637794,0.15803426708472937,0.16014777250512607,2866,3166,CONVERGENCE: RELATIVE REDUCTION OF F <= FACTR*EPSMCH,-3.040749474071662,3.8767464458181182,False,3.5637479999568313,14,14
16,nearest,nearest,True,86,0.029507314501324156,0.16512000076543992,0.15879030536319172,0.16066992360403773,2694,3086,CONVERGENCE: RELATIVE REDUCTION OF F <= FACTR*EPSMCH,-8.0,5.986091241056357,True,3.8256435999646783,14,14
16,nearest,nearest,True,87,0.02916187956992587,0.16405222329659527,0.15789442041955182,0.15989162517497107,74,79,CONVERGENCE: RELATIVE REDUCTION OF F <= FACTR*EPSMCH,-2.79848203319843,-1.393912325750509,False,0.09717229998204857,14,14
16,nearest,nearest,True,88,0.029161879569926736,0.1640522233000024,0.15789442003942433,0.1598916247705821,68,76,CONVERGENCE: RELATIVE REDUCTION OF F <= FACTR*EPSMCH,-2.7984833816690484,-1.3939137411105864,False,0.10603450005874038,14,14
16,nearest,nearest,True,89,0.029834311868201548,0.16620095860127504,0.1603270084265459,0.16234045706182487,7427,8406,CONVERGENCE: RELATIVE REDUCTION OF F <= FACTR*EPSMCH,-4.320954526074708,7.999999841556864,True,11.078016299987212,14,14
16,nearest,nearest,True,90,0.029161879569928,0.16405222337502487,0.1578944204820046,0.15989162508825136,78,84,CONVERGENCE: RELATIVE REDUCTION OF F <= FACTR*EPSMCH,-2.7984832525274963,-1.3939115660089916,False,0.1357280999654904,14,14
16,nearest,nearest,True,91,0.031250965791632904,0.17020366377184212,0.16371965908362873,0.16568535133057677,1027,1152,CONVERGENCE: RELATIVE REDUCTION OF F <= FACTR*EPSMCH,-8.0,1.4302396935812502,True,1.6851702000712976,14,14
16,nearest,nearest,True,92,0.029161879569926344,0.16405222316413973,0.15789442056607533,0.15989162547971952,78,83,CONVERGENCE: RELATIVE REDUCTION OF F <= FACTR*EPSMCH,-2.798481828922837,-1.3939146327507488,False,0.08265010011382401,14,14
16,nearest,nearest,True,93,0.029161879569925424,0.16405222326418695,0.15789442029972456,0.1598916250719183,76,92,CONVERGENCE: RELATIVE REDUCTION OF F <= FACTR*EPSMCH,-2.7984833900467607,-1.3939144339529996,False,0.11666930001229048,14,14
16,nearest,nearest,True,94,0.029507818463117633,0.1651219758008259,0.15879104855640308,0.16067024125503046,2879,3347,CONVERGENCE: RELATIVE REDUCTION OF F <= FACTR*EPSMCH,-8.0,6.094983342790825,True,4.269134199945256,14,14
16,nearest,nearest,True,95,0.02914042714622889,0.16392770899927414,0.15803429143428702,0.16014779210692895,2254,2590,CONVERGENCE: RELATIVE REDUCTION OF F <= FACTR*EPSMCH,-3.0408466525453446,4.038815430548244,False,3.818514399928972,14,14
16,nearest,nearest,True,96,0.029161879569925102,0.16405222331080715,0.15789442049588706,0.159891625308013,75,85,CONVERGENCE: RELATIVE REDUCTION OF F <= FACTR*EPSMCH,-2.798483050333478,-1.3939140429447834,False,0.11344770004507154,14,14
16,nearest,nearest,True,97,0.029161879569927007,0.16405222349274276,0.15789442080134256,0.15989162557487524,98,104,CONVERGENCE: RELATIVE REDUCTION OF F <= FACTR*EPSMCH,-2.7984835384813147,-1.3939125922865152,False,0.1494191000238061,14,14
16,nearest,nearest,True,98,0.02950782021337296,0.16512198027602532,0.1587930630392781,0.16067277484963022,1597,1912,CONVERGENCE: RELATIVE REDUCTION OF F <= FACTR*EPSMCH,-8.0,6.060206095952934,True,2.429765500011854,14,14
16,nearest,nearest,True,99,0.029140426846891956,0.16392774985466105,0.15803437038871676,0.1601478730936456,2641,3080,CONVERGENCE: RELATIVE REDUCTION OF F <= FACTR*EPSMCH,-3.0402843674986433,4.452739444264626,False,4.369983599986881,14,14
16,nearest,nearest,True,100,0.031242556292158656,0.17017946556065022,0.16369317556674853,0.1656579722583095,2729,3091,CONVERGENCE: RELATIVE REDUCTION OF F <= FACTR*EPSMCH,-8.0,5.549009419423634,True,3.945697300019674,14,14
16,nearest,nearest,True,101,0.029161879569925348,0.16405222310850331,0.15789442003258897,0.15989162477754348,72,78,CONVERGENCE: RELATIVE REDUCTION OF F <= FACTR*EPSMCH,-2.7984828645003508,-1.3939141447424628,False,0.09345550008583814,14,14
16,nearest,nearest,True,102,0.029140427013280828,0.1639277811187008,0.158034249884225,0.16014774955688635,2652,3035,CONVERGENCE: RELATIVE REDUCTION OF F <= FACTR*EPSMCH,-3.040650693348951,4.190300505394259,False,4.704287800006568,14,14
16,nearest,nearest,True,103,0.029140427154815962,0.16392770249520067,0.1580342571464348,0.16014776628441832,2376,2754,CONVERGENCE: RELATIVE REDUCTION OF F <= FACTR*EPSMCH,-3.0409499866713428,4.103922874917428,False,3.5609624999342486,14,14
16,nearest,nearest,True,104,0.02914042700841732,0.163927755897219,0.15803420293701775,0.1601477067553491,3128,3602,CONVERGENCE: RELATIVE REDUCTION OF F <= FACTR*EPSMCH,-3.040594289234176,4.325693848651175,False,4.963001700001769,14,14
16,nearest,nearest,True,105,0.029140427452248374,0.16392776820385582,0.15803442287107966,0.16014792810842593,3001,3421,CONVERGENCE: RELATIVE REDUCTION OF F <= FACTR*EPSMCH,-3.040165243208972,3.8873967085739327,False,4.106004000059329,14,14
16,nearest,nearest,True,106,0.03125096519114606,0.17020365722127495,0.16371966970078372,0.16568536876488713,1165,1348,CONVERGENCE: RELATIVE REDUCTION OF F <= FACTR*EPSMCH,-8.0,1.8009127360347232,True,1.5188250000355765,14,14
16,nearest,nearest,True,107,0.029140427215444523,0.16392779094084317,0.158034441389434,0.16014791466630005,2250,2580,CONVERGENCE: RELATIVE REDUCTION OF F <= FACTR*EPSMCH,-3.040670085958958,3.9903035245429703,False,3.260034199920483,14,14
16,nearest,nearest,True,108,0.02916187956992546,0.1640522233764091,0.15789442085156527,0.15989162572787713,89,97,CONVERGENCE: RELATIVE REDUCTION OF F <= FACTR*EPSMCH,-2.7984828199812193,-1.3939141033320166,False,0.155964000034146,14,14
16,nearest,nearest,True,109,0.029161879569930556,0.1640522227912124,0.15789441922106434,0.15989162387997732,82,95,CONVERGENCE: RELATIVE REDUCTION OF F <= FACTR*EPSMCH,-2.7984831906328766,-1.3939168011658,False,0.15749500005040318,14,14
16,nearest,nearest,True,110,0.029161879569926875,0.16405222348155885,0.15789442078645044,0.15989162550176642,65,70,CONVERGENCE: RELATIVE REDUCTION OF F <= FACTR*EPSMCH,-2.7984829179001913,-1.3939113116137283,False,0.1197989999782294,14,14
16,nearest,nearest,True,111,0.029161879569925265,0.16405222317544246,0.15789442020023925,0.15989162496592826,93,106,CONVERGENCE: RELATIVE REDUCTION OF F <= FACTR*EPSMCH,-2.7984824312439365,-1.3939135218052812,False,0.15771759999915957,14,14
16,nearest,nearest,True,112,0.03124255382235971,0.17017947027251712,0.1636929831392129,0.16565774048697593,3535,4029,CONVERGENCE: RELATIVE REDUCTION OF F <= FACTR*EPSMCH,-8.0,6.830288535185159,True,5.1712423999561,14,14
16,nearest,nearest,True,113,0.032615581630441724,0.1762223314059463,0.170077299264206,0.1722980288354258,3067,3473,CONVERGENCE: RELATIVE REDUCTION OF F <= FACTR*EPSMCH,-8.0,5.291136980330522,True,4.047453599981964,14,14
16,nearest,nearest,True,114,0.029161879569925504,0.16405222331860508,0.15789442091799485,0.15989162577808025,115,149,CONVERGENCE: RELATIVE REDUCTION OF F <= FACTR*EPSMCH,-2.7984821539181115,-1.393912927535937,False,0.177229700027965,14,14
16,nearest,nearest,True,115,0.02914042734810493,0.1639277161750607,0.15803416795736644,0.16014764175267554,2985,3361,CONVERGENCE: RELATIVE REDUCTION OF F <= FACTR*EPSMCH,-3.0411390869826525,3.926651518628989,False,4.126335900044069,14,14
16,nearest,nearest,True,116,0.02950781768597419,0.1651219628540411,0.1587924116683675,0.16067204478859348,2969,3582,CONVERGENCE: RELATIVE REDUCTION OF F <= FACTR*EPSMCH,-8.0,7.533558041131878,True,4.737616200000048,14,14
16,nearest,nearest,True,117,0.029507818908784032,0.1651221237303955,0.15879130801984814,0.16067059063614364,3297,3741,CONVERGENCE: RELATIVE REDUCTION OF F <= FACTR*EPSMCH,-8.0,6.005051619223701,True,4.316156900022179,14,14
16,nearest,nearest,True,118,0.0291618795699253,0.1640522232740759,0.15789442065067252,0.15989162554120234,84,95,CONVERGENCE: RELATIVE REDUCTION OF F <= FACTR*EPSMCH,-2.7984825487143272,-1.3939143424177833,False,0.1251400999026373,14,14
16,nearest,nearest,True,119,0.029161879569925307,0.16405222330872513,0.15789442075642263,0.1598916256375324,56,63,CONVERGENCE: RELATIVE REDUCTION OF F <= FACTR*EPSMCH,-2.7984823788317863,-1.3939138176402752,False,0.07299250003416091,14,14
16,nearest,nearest,True,120,0.02916187956992718,0.16405222338358522,0.15789442023150546,0.15989162487071568,68,74,CONVERGENCE: RELATIVE REDUCTION OF F <= FACTR*EPSMCH,-2.798484996097072,-1.3939147550199837,False,0.09516169992275536,14,14
16,nearest,nearest,True,121,0.031242578447094826,0.17017952070255496,0.16369372247173591,0.1656586165428954,2908,3413,CONVERGENCE: RELATIVE REDUCTION OF F <= FACTR*EPSMCH,-8.0,6.719864382422438,True,3.990617800038308,14,14
16,nearest,nearest,True,122,0.029140427850523485,0.16392771405599046,0.15803425770834334,0.16014775650367474,2151,2411,CONVERGENCE: RELATIVE REDUCTION OF F <= FACTR*EPSMCH,-3.040945004014708,3.6428091872033233,False,3.0188368000090122,14,14
16,nearest,nearest,True,123,0.029161879569927947,0.16405222340221878,0.15789442108038476,0.1598916260132361,70,78,CONVERGENCE: RELATIVE REDUCTION OF F <= FACTR*EPSMCH,-2.7984819842340243,-1.3939114689894698,False,0.09906530007719994,14,14
16,nearest,nearest,True,124,0.029140427414431583,0.16392772977493422,0.1580342350791188,0.16014773303576094,2127,2437,CONVERGENCE: RELATIVE REDUCTION OF F <= FACTR*EPSMCH,-3.040836275031354,3.81567855339676,False,3.0253109999466687,14,14
16,nearest,nearest,True,125,0.029161879569925747,0.16405222333523545,0.15789442062093573,0.15989162534811263,63,71,CONVERGENCE: RELATIVE REDUCTION OF F <= FACTR*EPSMCH,-2.7984826001710403,-1.3939125990671029,False,0.09087580000050366,14,14
16,nearest,nearest,True,126,0.029161879569927402,0.16405222327777377,0.1578944208196254,0.1598916258655652,69,75,CONVERGENCE: RELATIVE REDUCTION OF F <= FACTR*EPSMCH,-2.7984825723395703,-1.393916364370006,False,0.08402289997320622,14,14
16,nearest,nearest,True,127,0.029161879569939982,0.16405222359134727,0.15789442195884013,0.15989162682231933,66,72,CONVERGENCE: RELATIVE REDUCTION OF F <= FACTR*EPSMCH,-2.7984782477450056,-1.3939052617795205,False,0.07223240006715059,14,14
16,nearest,nearest,True,128,0.02965595738272422,0.1655682860818857,0.15954884532183372,0.16153713465102157,13043,14766,CONVERGENCE: RELATIVE REDUCTION OF F <= FACTR*EPSMCH,-4.641245143559997,7.9996419633846045,True,33.406877799890935,14,14
16,nearest,nearest,True,129,0.029507820151925622,0.16512181738665963,0.15879100166991328,0.16067022191542674,2247,2595,CONVERGENCE: RELATIVE REDUCTION OF F <= FACTR*EPSMCH,-8.0,5.343536563356776,True,3.451491800020449,14,14
16,nearest,nearest,True,130,0.029161879569926004,0.16405222322464916,0.15789442074867568,0.15989162566380755,65,72,CONVERGENCE: RELATIVE REDUCTION OF F <= FACTR*EPSMCH,-2.7984829488952667,-1.3939159087235482,False,0.09971340000629425,14,14
16,nearest,nearest,True,131,0.029161879569926524,0.16405222340457784,0.15789442147852406,0.1598916265287442,63,69,CONVERGENCE: RELATIVE REDUCTION OF F <= FACTR*EPSMCH,-2.79848165121107,-1.393914116858553,False,0.075221800012514,14,14
16,nearest,nearest,True,132,0.02950731591798904,0.16511988705758748,0.15879046225941323,0.16067014149338182,2537,2897,CONVERGENCE: RELATIVE REDUCTION OF F <= FACTR*EPSMCH,-8.0,5.889175092365522,True,3.7967081000097096,14,14
16,nearest,nearest,True,133,0.02916187956992597,0.1640522233786839,0.15789442098350517,0.15989162592870168,63,67,CONVERGENCE: RELATIVE REDUCTION OF F <= FACTR*EPSMCH,-2.798482687550191,-1.3939149867047802,False,0.068612499977462,14,14
16,nearest,nearest,True,134,0.02916187956992511,0.1640522233176143,0.1578944209872652,0.15989162588328135,56,63,CONVERGENCE: RELATIVE REDUCTION OF F <= FACTR*EPSMCH,-2.7984823314868343,-1.3939137573932368,False,0.07201180001720786,14,14
16,nearest,nearest,True,135,0.02914042700133492,0.16392772591363544,0.15803448259026037,0.16014796593253436,2538,2906,CONVERGENCE: RELATIVE REDUCTION OF F <= FACTR*EPSMCH,-3.040766942067012,4.458281880922453,False,6.268366100033745,14,14
16,nearest,nearest,True,136,0.029507311704918767,0.16512005580806233,0.15878990907839058,0.1606694048810563,2665,3109,CONVERGENCE: RELATIVE REDUCTION OF F <= FACTR*EPSMCH,-8.0,6.923121988497739,True,4.054576399968937,14,14
16,nearest,nearest,True,137,0.02914042696908116,0.1639277585292672,0.1580344215877546,0.16014792046189166,3887,4376,CONVERGENCE: RELATIVE REDUCTION OF F <= FACTR*EPSMCH,-3.040439723950357,4.410835766236297,False,10.663357799989171,14,14
16,nearest,nearest,True,138,0.029507316363321375,0.1651198612171819,0.15879008557199528,0.16066970487478613,3347,3805,CONVERGENCE: RELATIVE REDUCTION OF F <= FACTR*EPSMCH,-8.0,5.772655026112986,True,12.994881300022826,14,14
16,nearest,nearest,True,139,0.02914042703129082,0.16392776224073283,0.1580344191666726,0.160147909384245,3030,3424,CONVERGENCE: RELATIVE REDUCTION OF F <= FACTR*EPSMCH,-3.0405198352798726,4.094797429708763,False,5.790920400060713,14,14
16,nearest,nearest,True,140,0.029161879569925223,0.1640522232970007,0.15789442046601304,0.159891625259383,88,104,CONVERGENCE: RELATIVE REDUCTION OF F <= FACTR*EPSMCH,-2.798482829745182,-1.3939136607899563,False,0.1519673999864608,14,14
16,nearest,nearest,True,141,0.029507817882176,0.16512196407731067,0.15879200014944286,0.16067144965154725,1998,2336,CONVERGENCE: RELATIVE REDUCTION OF F <= FACTR*EPSMCH,-8.0,6.141841418163329,True,2.9459089000010863,14,14
16,nearest,nearest,True,142,0.03125123587406019,0.1702046897306874,0.1637203064983448,0.16568580220757193,524,627,CONVERGENCE: RELATIVE REDUCTION OF F <= FACTR*EPSMCH,-8.0,2.399497934789565,True,0.6841086000204086,14,14
16,nearest,nearest,True,143,0.03125101556455567,0.17020389162563038,0.16371905170668463,0.16568461043381202,3466,4172,CONVERGENCE: RELATIVE REDUCTION OF F <= FACTR*EPSMCH,-8.0,6.49008564697884,True,10.699559099972248,14,14
16,nearest,nearest,True,144,0.03126158716404184,0.17295513984569752,0.16715636857087746,0.16927988411131215,8539,10143,CONVERGENCE: RELATIVE REDUCTION OF F <= FACTR*EPSMCH,-8.0,5.779487928304076,True,25.031487899948843,14,14
16,nearest,nearest,True,145,0.029161879569927177,0.16405222341503742,0.15789442104454,0.15989162599954498,107,124,CONVERGENCE: RELATIVE REDUCTION OF F <= FACTR*EPSMCH,-2.7984817961695696,-1.3939124213288303,False,0.1859756000339985,14,14
16,nearest,nearest,True,146,0.029161879569925393,0.16405222324901608,0.1578944205286827,0.1598916252766539,81,92,CONVERGENCE: RELATIVE REDUCTION OF F <= FACTR*EPSMCH,-2.798482672822063,-1.3939138646614913,False,0.09703369997441769,14,14
16,nearest,nearest,True,147,0.029161879569933335,0.16405222324178917,0.15789442072036158,0.15989162584950023,58,63,CONVERGENCE: RELATIVE REDUCTION OF F <= FACTR*EPSMCH,-2.7984841547543704,-1.3939193145227404,False,0.09295419999398291,14,14
16,nearest,nearest,True,148,0.029507818655525684,0.16512189575353844,0.15879167600107832,0.16067105912505558,2852,3310,CONVERGENCE: RELATIVE REDUCTION OF F <= FACTR*EPSMCH,-8.0,5.759584358682568,True,11.331947300001048,14,14
16,nearest,nearest,True,149,0.029161879569925792,0.16405222327221394,0.1578944207862984,0.15989162564778656,86,99,CONVERGENCE: RELATIVE REDUCTION OF F <= FACTR*EPSMCH,-2.7984825175365216,-1.3939138001792046,False,0.388020999962464,14,14
16,nearest,nearest,True,150,0.029161879569927128,0.16405222311231119,0.15789442003547316,0.15989162470730914,71,76,CONVERGENCE: RELATIVE REDUCTION OF F <= FACTR*EPSMCH,-2.7984832085486033,-1.3939146852235211,False,0.19689260004088283,14,14
16,nearest,nearest,True,151,0.029161879569927066,0.16405222344491552,0.157894421669573,0.15989162686193512,98,112,CONVERGENCE: RELATIVE REDUCTION OF F <= FACTR*EPSMCH,-2.798481074618915,-1.3939145229905059,False,0.31743239995557815,14,14
16,nearest,nearest,True,152,0.029161879569926007,0.16405222326826316,0.15789442050718303,0.1598916253669077,65,69,CONVERGENCE: RELATIVE REDUCTION OF F <= FACTR*EPSMCH,-2.7984834454665264,-1.39391563757676,False,0.1831645000493154,14,14
16,nearest,nearest,True,153,0.029140426884470966,0.16392776443637386,0.15803444363955307,0.1601479194038475,3030,3561,CONVERGENCE: RELATIVE REDUCTION OF F <= FACTR*EPSMCH,-3.040709398708332,4.367899826097881,False,5.937040599994361,14,14
16,nearest,nearest,True,154,0.029161879569925747,0.1640522232853791,0.15789442062850303,0.1598916254732203,73,80,CONVERGENCE: RELATIVE REDUCTION OF F <= FACTR*EPSMCH,-2.7984823298461783,-1.3939134265631248,False,0.10198819998186082,14,14
16,nearest,nearest,True,155,0.029161879569925938,0.1640522232685908,0.15789442018441655,0.159891624876442,70,77,CONVERGENCE: RELATIVE REDUCTION OF F <= FACTR*EPSMCH,-2.7984838934004888,-1.393914380417697,False,0.09820679994300008,14,14
16,nearest,nearest,True,156,0.02950731471371038,0.16511987060587924,0.1587902443184409,0.16066995961479824,3247,3709,CONVERGENCE: RELATIVE REDUCTION OF F <= FACTR*EPSMCH,-8.0,6.554997898244049,True,4.674233299912885,14,14
16,nearest,nearest,True,157,0.029507819208113312,0.16512198378291087,0.15879245395097907,0.16067201283394655,2123,2513,CONVERGENCE: RELATIVE REDUCTION OF F <= FACTR*EPSMCH,-8.0,5.738047456661221,True,3.0567342001013458,14,14
16,nearest,nearest,True,158,0.029654921978255224,0.1655655121202229,0.15953785857107708,0.1615225496457042,6563,7405,CONVERGENCE: RELATIVE REDUCTION OF F <= FACTR*EPSMCH,-4.758251927555984,8.0,True,8.970209100050852,14,14
16,nearest,nearest,True,159,0.02916187956992609,0.16405222325913318,0.15789441988224326,0.15989162461586684,67,73,CONVERGENCE: RELATIVE REDUCTION OF F <= FACTR*EPSMCH,-2.7984831654827267,-1.3939133186669368,False,0.08658940007444471,14,14
16,nearest,nearest,True,160,0.029161879569929335,0.16405222338840025,0.15789442058225867,0.15989162524243938,76,85,CONVERGENCE: RELATIVE REDUCTION OF F <= FACTR*EPSMCH,-2.7984812047124916,-1.3939095974644453,False,0.12267599999904633,14,14
16,nearest,nearest,True,161,0.029161879569925706,0.1640522233277911,0.15789442098989345,0.1598916259359316,143,180,CONVERGENCE: RELATIVE REDUCTION OF F <= FACTR*EPSMCH,-2.79848276576843,-1.3939152188913102,False,0.25091549998614937,14,14
16,nearest,nearest,True,162,0.029161879569925546,0.16405222335343755,0.15789442020517439,0.15989162491218886,73,83,CONVERGENCE: RELATIVE REDUCTION OF F <= FACTR*EPSMCH,-2.798483023301639,-1.3939127550370571,False,0.1192029999801889,14,14
16,nearest,nearest,True,163,0.029161879569925258,0.1640522232370599,0.15789442071531898,0.15989162555652944,60,65,CONVERGENCE: RELATIVE REDUCTION OF F <= FACTR*EPSMCH,-2.7984820556064336,-1.3939137003357642,False,0.10418590006884187,14,14
16,nearest,nearest,True,164,0.029161879569926177,0.1640522233638005,0.15789442010992005,0.15989162477792487,59,62,CONVERGENCE: RELATIVE REDUCTION OF F <= FACTR*EPSMCH,-2.798484170130461,-1.3939140672568682,False,0.09096889989450574,14,14
16,nearest,nearest,True,165,0.029161879569925518,0.16405222333626826,0.15789442002258375,0.15989162469629714,66,72,CONVERGENCE: RELATIVE REDUCTION OF F <= FACTR*EPSMCH,-2.7984835797759002,-1.393913267229425,False,0.13051480008289218,14,14
16,nearest,nearest,True,166,0.02950731500707166,0.16512016807770072,0.15878989125730691,0.16066942467096507,3015,3447,CONVERGENCE: RELATIVE REDUCTION OF F <= FACTR*EPSMCH,-8.0,7.297798715710528,True,4.2087989000137895,14,14
16,nearest,nearest,True,167,0.029161879569925525,0.16405222342134107,0.15789442088036237,0.15989162578868343,55,62,CONVERGENCE: RELATIVE REDUCTION OF F <= FACTR*EPSMCH,-2.7984823320168446,-1.3939139643954959,False,0.08953420002944767,14,14
16,nearest,nearest,True,168,0.0295078213748511,0.1651218855591938,0.1587913797810227,0.16067070889057997,2056,2342,CONVERGENCE: RELATIVE REDUCTION OF F <= FACTR*EPSMCH,-8.0,5.04102150319751,True,2.708309599896893,14,14
16,nearest,nearest,True,169,0.02916187956992546,0.16405222323822208,0.15789442036559484,0.15989162514130945,66,72,CONVERGENCE: RELATIVE REDUCTION OF F <= FACTR*EPSMCH,-2.7984823695712935,-1.3939132324191714,False,0.09232629998587072,14,14
16,nearest,nearest,True,170,0.031242586216324374,0.17017959209640632,0.16369142411404877,0.16565590054168394,5058,5644,CONVERGENCE: RELATIVE REDUCTION OF F <= FACTR*EPSMCH,-8.0,7.068780466318962,True,6.806525699910708,14,14
16,nearest,nearest,True,171,0.029161879569925442,0.16405222334634215,0.15789442119790442,0.1598916261325853,66,74,CONVERGENCE: RELATIVE REDUCTION OF F <= FACTR*EPSMCH,-2.7984819337728934,-1.3939134874939336,False,0.12418520008213818,14,14
16,nearest,nearest,True,172,0.029507845695750507,0.1651220259567077,0.15879166053268234,0.16067101512234153,1142,1269,CONVERGENCE: RELATIVE REDUCTION OF F <= FACTR*EPSMCH,-8.0,3.3113945498139086,True,1.456765600014478,14,14
16,nearest,nearest,True,173,0.02916187956992532,0.16405222334510722,0.15789442112920823,0.1598916260652904,65,73,CONVERGENCE: RELATIVE REDUCTION OF F <= FACTR*EPSMCH,-2.7984824224345854,-1.3939145096745083,False,0.09020249999593943,14,14
16,nearest,nearest,True,174,0.02995476176183845,0.16651920819460495,0.15982998135752094,0.1616559171886956,6082,6904,CONVERGENCE: RELATIVE REDUCTION OF F <= FACTR*EPSMCH,-8.0,7.999666957973228,True,8.391195199918002,14,14
16,nearest,nearest,True,175,0.02916187956992598,0.1640522232500276,0.15789442031215187,0.1598916250992098,61,70,CONVERGENCE: RELATIVE REDUCTION OF F <= FACTR*EPSMCH,-2.798483457449908,-1.3939154414827173,False,0.0796074999962002,14,14
16,nearest,nearest,True,176,0.029161879569932374,0.16405222349156953,0.15789441987183464,0.1598916242786266,77,84,CONVERGENCE: RELATIVE REDUCTION OF F <= FACTR*EPSMCH,-2.7984825905365027,-1.393907645058015,False,0.0924036999931559,14,14
16,nearest,nearest,True,177,0.03261558372583599,0.17622230285246562,0.17007757979277094,0.17229830442215824,5051,5771,CONVERGENCE: RELATIVE REDUCTION OF F <= FACTR*EPSMCH,-8.0,5.852115847142858,True,7.108734400011599,14,14
16,nearest,nearest,True,178,0.029161879569925463,0.164052223296112,0.15789442031142978,0.15989162512419,54,57,CONVERGENCE: RELATIVE REDUCTION OF F <= FACTR*EPSMCH,-2.798482334789125,-1.3939133167110924,False,0.07470780005678535,14,14
16,nearest,nearest,True,179,0.029140426997682864,0.16392770452707484,0.15803427522400865,0.16014778906385488,2294,2651,CONVERGENCE: RELATIVE REDUCTION OF F <= FACTR*EPSMCH,-3.0406950668903603,4.15091701833353,False,3.084863100084476,14,14
16,nearest,nearest,True,180,0.029161879569929817,0.1640522233787412,0.1578944206707585,0.15989162555667705,1914,2216,CONVERGENCE: RELATIVE REDUCTION OF F <= FACTR*EPSMCH,-2.7984824703918707,-1.3939138931552257,False,2.5755917999194935,14,14
16,nearest,nearest,True,181,0.02916187956992518,0.16405222331240654,0.15789442100192283,0.15989162593546824,70,76,CONVERGENCE: RELATIVE REDUCTION OF F <= FACTR*EPSMCH,-2.798482150354543,-1.3939139152671631,False,0.09136059996671975,14,14
16,nearest,nearest,True,182,0.029140426906130744,0.16392776498191744,0.15803441359196074,0.16014793990997275,2843,3375,CONVERGENCE: RELATIVE REDUCTION OF F <= FACTR*EPSMCH,-3.0400649899121586,5.024284928264877,False,4.002867400064133,14,14
16,nearest,nearest,True,183,0.029140426749372967,0.16392774824548237,0.15803430677596583,0.1601477918829518,2195,2506,CONVERGENCE: RELATIVE REDUCTION OF F <= FACTR*EPSMCH,-3.040653914856086,4.492919977138382,False,3.041372500010766,14,14
16,nearest,nearest,True,184,0.02950731312118072,0.1651200627402976,0.15879003516958928,0.16066964140984738,2541,2893,CONVERGENCE: RELATIVE REDUCTION OF F <= FACTR*EPSMCH,-8.0,6.449103102575958,True,3.3730461000232026,14,14
16,nearest,nearest,True,185,0.029161879569925227,0.16405222330529307,0.15789442052237307,0.15989162532622342,55,58,CONVERGENCE: RELATIVE REDUCTION OF F <= FACTR*EPSMCH,-2.798483160214722,-1.393913758382342,False,0.08372869994491339,14,14
16,nearest,nearest,True,186,0.029140427758227835,0.16392777131039757,0.1580343652606884,0.16014785976089635,2543,2862,CONVERGENCE: RELATIVE REDUCTION OF F <= FACTR*EPSMCH,-3.0407645829847403,3.6633040007704887,False,3.2922784999245778,14,14
16,nearest,nearest,True,187,0.02914042714957358,0.16392776696797845,0.15803431793157235,0.1601477904024739,2247,2572,CONVERGENCE: RELATIVE REDUCTION OF F <= FACTR*EPSMCH,-3.0411590743062433,4.169190215337203,False,3.3191458999644965,14,14
16,nearest,nearest,True,188,0.029161879569925855,0.16405222342366318,0.15789442105051985,0.1598916259548409,93,110,CONVERGENCE: RELATIVE REDUCTION OF F <= FACTR*EPSMCH,-2.798482597933985,-1.3939135311137791,False,0.16321660007815808,14,14
16,nearest,nearest,True,189,0.029161879569925574,0.16405222326371469,0.15789442085998906,0.1598916257445367,74,95,CONVERGENCE: RELATIVE REDUCTION OF F <= FACTR*EPSMCH,-2.798481825666378,-1.3939138000242193,False,0.14469689992256463,14,14
16,nearest,nearest,True,190,0.02916187956992617,0.16405222306589146,0.15789442016446056,0.15989162498051743,71,79,CONVERGENCE: RELATIVE REDUCTION OF F <= FACTR*EPSMCH,-2.798482823449973,-1.3939155756433865,False,0.11751910008024424,14,14
16,nearest,nearest,True,191,0.02916187956992613,0.16405222331016353,0.1578944210966794,0.1598916260710038,75,81,CONVERGENCE: RELATIVE REDUCTION OF F <= FACTR*EPSMCH,-2.798482011097393,-1.3939149268713125,False,0.11253909999504685,14,14
16,nearest,nearest,True,192,0.029161879569925334,0.1640522232904513,0.15789442020170072,0.15989162497034365,68,75,CONVERGENCE: RELATIVE REDUCTION OF F <= FACTR*EPSMCH,-2.7984831621303425,-1.3939139272777992,False,0.10045670007821172,14,14
16,nearest,nearest,True,193,0.02916187956992535,0.16405222319864568,0.1578944204668539,0.1598916252832055,63,69,CONVERGENCE: RELATIVE REDUCTION OF F <= FACTR*EPSMCH,-2.798482006101601,-1.3939134812520697,False,0.0848390000173822,14,14
16,nearest,nearest,True,194,0.029507820387742772,0.16512213975864962,0.15879183829068969,0.160671235887461,2366,2728,CONVERGENCE: RELATIVE REDUCTION OF F <= FACTR*EPSMCH,-8.0,5.3202367504425485,True,3.0879803999559954,14,14
16,nearest,nearest,True,195,0.02916187956992789,0.16405222326603264,0.15789441976069984,0.15989162452203007,87,98,CONVERGENCE: RELATIVE REDUCTION OF F <= FACTR*EPSMCH,-2.798484866319312,-1.3939147103344443,False,0.11075510003138334,14,14
16,nearest,nearest,True,196,0.02916187956992552,0.16405222340661327,0.15789442070213303,0.15989162548296618,83,100,CONVERGENCE: RELATIVE REDUCTION OF F <= FACTR*EPSMCH,-2.7984822590367293,-1.3939122650215074,False,0.12263749993871897,14,14
16,nearest,nearest,True,197,0.029507819187555042,0.16512192751147622,0.15879037232980794,0.16066945560886645,2067,2388,CONVERGENCE: RELATIVE REDUCTION OF F <= FACTR*EPSMCH,-8.0,5.993202730222832,True,2.682097699958831,14,14
16,nearest,nearest,True,198,0.029140426888159418,0.16392777012730556,0.1580343196614663,0.16014780683238414,2598,3013,CONVERGENCE: RELATIVE REDUCTION OF F <= FACTR*EPSMCH,-3.0404650159169653,4.353945856618577,False,3.7399425000185147,14,14
16,nearest,nearest,True,199,0.029507322346354753,0.16512008188509242,0.15878958769270018,0.16066902925962684,2358,2649,CONVERGENCE: RELATIVE REDUCTION OF F <= FACTR*EPSMCH,-8.0,5.0290125059395505,True,3.376374199986458,14,14
16,nearest,mirror,False,0,0.02935928177392885,0.16463567928772715,0.15881502384111387,0.16092664271667928,2493,2790,CONVERGENCE: RELATIVE REDUCTION OF F <= FACTR*EPSMCH,-3.461491980469659,4.531294007256685,False,3.5601492000278085,14,14
16,nearest,mirror,False,1,0.029269967106954817,0.16444498511676,0.1586764523599002,0.160783730833522,10689,12073,CONVERGENCE: RELATIVE REDUCTION OF F <= FACTR*EPSMCH,1.5580672481570121,7.999802746022705,True,14.485067500034347,14,14
16,nearest,mirror,False,2,0.0295466823734088,0.16521788629180745,0.1591729464035814,0.16117806449423436,5939,6612,CONVERGENCE: RELATIVE REDUCTION OF F <= FACTR*EPSMCH,-3.9790840878579274,7.713899525224781,False,11.293121100054123,14,14
16,nearest,mirror,False,3,0.029209837407356196,0.16419678287357692,0.15826435752601353,0.16033758702752263,7156,8016,CONVERGENCE: RELATIVE REDUCTION OF F <= FACTR*EPSMCH,0.18701447040259592,4.627919942210804,False,19.655001800041646,14,14
16,nearest,mirror,False,4,0.029269265851778567,0.16444301067826528,0.15867522511337123,0.16078242109772106,9543,10782,CONVERGENCE: RELATIVE REDUCTION OF F <= FACTR*EPSMCH,1.5418292182134365,8.0,True,13.093396199983545,14,14
16,nearest,mirror,False,5,0.029211209821889985,0.16420301412564983,0.1582808290087372,0.1603568231542896,83360,99474,CONVERGENCE: RELATIVE REDUCTION OF F <= FACTR*EPSMCH,1.8733177058318025,8.0,True,164.00542349996977,14,14
16,nearest,mirror,False,6,0.029209798979225612,0.16419683562106743,0.15827043010170086,0.1603453518330885,6740,7748,CONVERGENCE: RELATIVE REDUCTION OF F <= FACTR*EPSMCH,1.7168162154818973,7.683658164439956,False,8.422123900032602,14,14
16,nearest,mirror,False,7,0.02920983531304109,0.16419620119787773,0.15825712429231187,0.16032848482524012,8150,9365,CONVERGENCE: RELATIVE REDUCTION OF F <= FACTR*EPSMCH,1.5908666576492478,7.439338197236347,False,10.469749599928036,14,14
16,nearest,mirror,False,8,0.033514301902594856,0.17685256330510143,0.17110156301168175,0.17305123021352242,3833,4678,CONVERGENCE: RELATIVE REDUCTION OF F <= FACTR*EPSMCH,-6.99610112166435,8.0,True,5.501686200033873,14,14
16,nearest,mirror,False,9,0.02970011352543387,0.16571536743773926,0.15965240106534084,0.16161165511684109,6041,6986,CONVERGENCE: RELATIVE REDUCTION OF F <= FACTR*EPSMCH,-8.0,7.999999992017831,True,8.565906499978155,14,14
16,nearest,mirror,False,10,0.029658357763795103,0.1655686496828528,0.159470157606781,0.16142835604013187,7856,8878,CONVERGENCE: RELATIVE REDUCTION OF F <= FACTR*EPSMCH,-4.3552833221988125,7.504436429366135,False,13.805759600014426,14,14
16,nearest,mirror,False,11,0.02936088286921041,0.16460201505461153,0.15873922317347722,0.1608443567631899,2223,2468,CONVERGENCE: RELATIVE REDUCTION OF F <= FACTR*EPSMCH,-3.285252924279405,3.4036993020696285,False,2.996096699964255,14,14
16,nearest,mirror,False,12,0.02970199044719999,0.16572034329893798,0.15965424777191795,0.16161240755421738,3204,3529,CONVERGENCE: RELATIVE REDUCTION OF F <= FACTR*EPSMCH,-8.0,0.6380754489816121,True,4.122712800046429,14,14
16,nearest,mirror,False,13,0.029546640660722746,0.16521756000117666,0.1591695504243051,0.16117477991294174,10672,11843,CONVERGENCE: RELATIVE REDUCTION OF F <= FACTR*EPSMCH,-3.4127647214939425,7.9911335762344855,True,17.85265979997348,14,14
16,nearest,mirror,False,14,0.02921048135406514,0.1641960048070257,0.15824769209122236,0.1603159044277949,97765,115691,CONVERGENCE: RELATIVE REDUCTION OF F <= FACTR*EPSMCH,1.8793389593459238,8.0,True,178.3699127000291,14,14
16,nearest,mirror,False,15,0.0296637980964404,0.16557529326161782,0.15938068961349502,0.16131649848698495,13292,15149,CONVERGENCE: RELATIVE REDUCTION OF F <= FACTR*EPSMCH,-1.582204688934044,5.004147133696093,False,19.868175200070255,14,14
16,nearest,mirror,False,16,0.029209745327302233,0.16419609003469443,0.15826131093296406,0.16033382048873035,5333,6027,CONVERGENCE: RELATIVE REDUCTION OF F <= FACTR*EPSMCH,0.951385731929014,6.155665006163215,False,20.01273079996463,14,14
16,nearest,mirror,False,17,0.029269266951775837,0.16444309069501437,0.15867489025357231,0.16078210779296437,5453,6152,CONVERGENCE: RELATIVE REDUCTION OF F <= FACTR*EPSMCH,0.748469154624236,6.420287127377169,False,21.46696669992525,14,14
16,nearest,mirror,False,18,0.0309395766454176,0.16933880667953155,0.162639730626918,0.16459110968520937,7630,8733,CONVERGENCE: RELATIVE REDUCTION OF F <= FACTR*EPSMCH,-3.148767007731057,7.755553383478199,False,13.383005899959244,14,14
16,nearest,mirror,False,19,0.029700783443298347,0.16571747492892505,0.15965866068629908,0.1616187532480886,6610,7939,CONVERGENCE: RELATIVE REDUCTION OF F <= FACTR*EPSMCH,-8.0,7.857149187970237,True,11.068341300007887,14,14
16,nearest,mirror,False,20,0.02926926759689257,0.1644430331897372,0.15867486882791046,0.1607820733528432,7587,8615,CONVERGENCE: RELATIVE REDUCTION OF F <= FACTR*EPSMCH,0.51489567462307,5.953188389090766,False,27.718600400025025,14,14
16,nearest,mirror,False,21,0.029698442976223108,0.1657101107816899,0.15964489396845077,0.16160366398538664,5668,6572,CONVERGENCE: RELATIVE REDUCTION OF F <= FACTR*EPSMCH,-7.829910310639637,6.474144778725179,False,10.294649100047536,14,14
16,nearest,mirror,False,22,0.029209702701219628,0.1641963794977031,0.15826304124226834,0.16033607612843967,8033,9070,CONVERGENCE: RELATIVE REDUCTION OF F <= FACTR*EPSMCH,1.1722387324680144,6.597972662814572,False,11.681742900051177,14,14
16,nearest,mirror,False,23,0.02926928096676695,0.16444310109740837,0.15867494442208255,0.1607821521378038,6611,7443,CONVERGENCE: RELATIVE REDUCTION OF F <= FACTR*EPSMCH,0.04526800610526791,5.013674391599082,False,11.250754100037739,14,14
16,nearest,mirror,False,24,0.029210990332927685,0.16420052461042978,0.15825851141066374,0.16032837976072598,88376,104980,CONVERGENCE: RELATIVE REDUCTION OF F <= FACTR*EPSMCH,1.8706672815113954,7.9999346884766425,True,136.43724720005412,14,14
16,nearest,mirror,False,25,0.029209717259957184,0.16419667843364588,0.15826657540861025,0.16034055548221582,8634,9765,CONVERGENCE: RELATIVE REDUCTION OF F <= FACTR*EPSMCH,0.9431353130086311,6.13931120669344,False,10.43253329989966,14,14
16,nearest,mirror,False,26,0.029269275255451255,0.16444306930449215,0.15867495849304272,0.1607821629595453,10143,11653,CONVERGENCE: RELATIVE REDUCTION OF F <= FACTR*EPSMCH,1.1886477757452136,7.29863499298238,False,12.930461199954152,14,14
16,nearest,mirror,False,27,0.029359281296995134,0.16463563677356963,0.1588149788782716,0.16092661481428716,3376,3798,CONVERGENCE: RELATIVE REDUCTION OF F <= FACTR*EPSMCH,-3.461145112876094,4.694290962715868,False,4.210893000010401,14,14
16,nearest,mirror,False,28,0.029269421773646446,0.16444366971158786,0.1586752978709618,0.16078256710057026,11733,13374,CONVERGENCE: RELATIVE REDUCTION OF F <= FACTR*EPSMCH,1.54013724315468,7.999396729458171,True,19.601463199942373,14,14
16,nearest,mirror,False,29,0.029269390581903823,0.16444306603568787,0.15867481757725105,0.16078193205025842,9506,10825,CONVERGENCE: RELATIVE REDUCTION OF F <= FACTR*EPSMCH,1.5044408888768013,7.932555218502439,True,16.926392700057477,14,14
16,nearest,mirror,False,30,0.02926926943054144,0.16444303345539604,0.15867487984825454,0.16078209063847415,8617,9704,CONVERGENCE: RELATIVE REDUCTION OF F <= FACTR*EPSMCH,0.43125076134631973,5.785788369193641,False,14.275543100084178,14,14
16,nearest,mirror,False,31,0.031242186104455463,0.17017787004220342,0.1636934242724908,0.16565888071994073,3820,4604,CONVERGENCE: RELATIVE REDUCTION OF F <= FACTR*EPSMCH,-8.0,7.99844839070417,True,5.359078500070609,14,14
16,nearest,mirror,False,32,0.029658959108790607,0.16557292049614597,0.1594801417124858,0.16143920265391837,11108,12510,CONVERGENCE: RELATIVE REDUCTION OF F <= FACTR*EPSMCH,-4.480715262926033,5.571987541898647,False,14.230680500040762,14,14
16,nearest,mirror,False,33,0.02936086303908913,0.1646018927495582,0.15873905104794095,0.1608442473048673,3035,3545,CONVERGENCE: RELATIVE REDUCTION OF F <= FACTR*EPSMCH,-3.284869214807161,5.176643927861929,False,3.8918339000083506,14,14
16,nearest,mirror,False,34,0.02920971125537111,0.16419620457153894,0.15826227483592448,0.16033511310373957,7526,8484,CONVERGENCE: RELATIVE REDUCTION OF F <= FACTR*EPSMCH,0.8863942593631673,6.02597429914802,False,9.326993599999696,14,14
16,nearest,mirror,False,35,0.029700503926967364,0.16571563708655726,0.15964435317049328,0.16160147764259392,2393,2866,CONVERGENCE: RELATIVE REDUCTION OF F <= FACTR*EPSMCH,-8.0,7.999999999983246,True,3.3292107000015676,14,14
16,nearest,mirror,False,36,0.029209699935658816,0.16419614309534725,0.15826246559161455,0.16033538579963386,9679,10966,CONVERGENCE: RELATIVE REDUCTION OF F <= FACTR*EPSMCH,1.416711270200235,7.087871993506041,False,12.160291300038807,14,14
16,nearest,mirror,False,37,0.029701444062951464,0.16571777275808555,0.15963785096390046,0.1615930606131299,2223,2649,CONVERGENCE: RELATIVE REDUCTION OF F <= FACTR*EPSMCH,-8.0,7.990059145205172,True,2.941532100085169,14,14
16,nearest,mirror,False,38,0.02926966769142013,0.16444175061793032,0.15867004376334481,0.1607772715483436,5841,6678,CONVERGENCE: RELATIVE REDUCTION OF F <= FACTR*EPSMCH,1.5831868373875162,7.997436506070842,True,10.43239640002139,14,14
16,nearest,mirror,False,39,0.029210280039832625,0.16419949382162746,0.15827654194141313,0.1603525536554677,45003,52608,CONVERGENCE: RELATIVE REDUCTION OF F <= FACTR*EPSMCH,1.8341220150178945,7.926683801943215,True,59.235682300059125,14,14
16,nearest,mirror,False,40,0.029663845389611906,0.16557517663124355,0.15937941524622465,0.16131492359011626,16497,19100,CONVERGENCE: RELATIVE REDUCTION OF F <= FACTR*EPSMCH,-0.8116019461602795,6.544072310207401,False,24.168517900048755,14,14
16,nearest,mirror,False,41,0.029545483307736375,0.16521502437433594,0.15917560986281087,0.1611825685588633,8843,9899,CONVERGENCE: RELATIVE REDUCTION OF F <= FACTR*EPSMCH,-3.9815664286344066,7.999999999669826,True,11.972472900059074,14,14
16,nearest,mirror,False,42,0.029269321483994613,0.1644432148675096,0.15867503285773402,0.16078224343836994,11983,13510,CONVERGENCE: RELATIVE REDUCTION OF F <= FACTR*EPSMCH,-0.49332533574173937,3.9370459655803796,False,14.635090399999171,14,14
16,nearest,mirror,False,43,0.029209741619580676,0.16419648805315423,0.15826394412706488,0.16033716742416437,4269,4832,CONVERGENCE: RELATIVE REDUCTION OF F <= FACTR*EPSMCH,0.46901195614602215,5.19110134652966,False,5.181654300075024,14,14
16,nearest,mirror,False,44,0.02921179616825107,0.16420258830836426,0.15826508406797687,0.16033607449350668,138099,162888,CONVERGENCE: RELATIVE REDUCTION OF F <= FACTR*EPSMCH,1.8670983057863246,7.99436594720173,True,201.66111929994076,14,14
16,nearest,mirror,False,45,0.029663784942556205,0.16557551480088542,0.15938228205809424,0.1613184082536299,11062,12498,CONVERGENCE: RELATIVE REDUCTION OF F <= FACTR*EPSMCH,-1.054145580992164,6.063907380744774,False,13.735724300029688,14,14
16,nearest,mirror,False,46,0.02926926870715192,0.16444301685207877,0.15867483140968003,0.1607820311687607,5649,6349,CONVERGENCE: RELATIVE REDUCTION OF F <= FACTR*EPSMCH,0.46718594030086463,5.858077352234422,False,7.216490700026043,14,14
16,nearest,mirror,False,47,0.029209724495874258,0.16419647404174095,0.15826424637893594,0.16033759097602088,5421,6098,CONVERGENCE: RELATIVE REDUCTION OF F <= FACTR*EPSMCH,0.6834725277383934,5.620777598218615,False,10.861181100015529,14,14
16,nearest,mirror,False,48,0.02926927157780903,0.16444301473018194,0.15867486601703568,0.1607820652265005,7238,8366,CONVERGENCE: RELATIVE REDUCTION OF F <= FACTR*EPSMCH,0.3178992228072679,5.5591426992317965,False,9.48685139999725,14,14
16,nearest,mirror,False,49,0.029209806199619735,0.1641966760045957,0.15826378412477324,0.1603369288382086,3728,4197,CONVERGENCE: RELATIVE REDUCTION OF F <= FACTR*EPSMCH,0.0739370368209966,4.401379875461619,False,4.6249294999288395,14,14
16,nearest,mirror,False,50,0.029209698623799216,0.16419661136620367,0.15826646463196803,0.16034040174321432,9849,11218,CONVERGENCE: RELATIVE REDUCTION OF F <= FACTR*EPSMCH,1.4310684240428402,7.115146411482015,False,12.534745100070722,14,14
16,nearest,mirror,False,51,0.02970024565856782,0.16571642755424842,0.15965728770295917,0.16161737673400145,5579,6536,CONVERGENCE: RELATIVE REDUCTION OF F <= FACTR*EPSMCH,-8.0,7.999999244874112,True,10.875702999997884,14,14
16,nearest,mirror,False,52,0.029269271399925176,0.16444307497904445,0.1586749168473702,0.16078212997223576,3711,4190,CONVERGENCE: RELATIVE REDUCTION OF F <= FACTR*EPSMCH,0.5397204097238787,6.0028355066418895,False,4.445732300053351,14,14
16,nearest,mirror,False,53,0.02920970860563741,0.16419625116288994,0.15826355446899715,0.16033670148648482,15413,17329,CONVERGENCE: RELATIVE REDUCTION OF F <= FACTR*EPSMCH,1.0639677351428372,6.382746686997058,False,23.175851499894634,14,14
16,nearest,mirror,False,54,0.029546190399602337,0.16521776251866804,0.1591801252417961,0.16118655395335263,11969,13707,CONVERGENCE: RELATIVE REDUCTION OF F <= FACTR*EPSMCH,-3.517314798485981,8.0,True,15.156847899896093,14,14
16,nearest,mirror,False,55,0.029700080233008797,0.1657142656415723,0.15964710807973936,0.1616053542852353,7272,8588,CONVERGENCE: RELATIVE REDUCTION OF F <= FACTR*EPSMCH,-8.0,6.59828734422076,True,12.721218399936333,14,14
16,nearest,mirror,False,56,0.029359281205912493,0.16463560633190427,0.1588148246597458,0.16092646709980732,3734,4278,CONVERGENCE: RELATIVE REDUCTION OF F <= FACTR*EPSMCH,-3.4613950501490054,4.839468661980231,False,8.067125599947758,14,14
16,nearest,mirror,False,57,0.029269293899888242,0.16444312755280208,0.1586749655965432,0.16078217297755892,4807,5428,CONVERGENCE: RELATIVE REDUCTION OF F <= FACTR*EPSMCH,-0.19917084419349676,4.524975342674257,False,6.429611300001852,14,14
16,nearest,mirror,False,58,0.029210838225200743,0.1641997612071531,0.15826223654804233,0.16033378914658186,72036,85033,CONVERGENCE: RELATIVE REDUCTION OF F <= FACTR*EPSMCH,1.870508800278596,8.0,True,108.85712079994846,14,14
16,nearest,mirror,False,59,0.032624008621153826,0.17616724942935486,0.17002776706558478,0.17224824226163213,11209,12959,CONVERGENCE: RELATIVE REDUCTION OF F <= FACTR*EPSMCH,-8.0,7.762271011799514,True,16.327677800087258,14,14
16,nearest,mirror,False,60,0.02954566172755139,0.16521547438807332,0.15916858170902745,0.16117317795579542,26868,30305,CONVERGENCE: RELATIVE REDUCTION OF F <= FACTR*EPSMCH,-3.9081114827750953,8.0,True,37.45087539998349,14,14
16,nearest,mirror,False,61,0.02935928078526179,0.1646356721995375,0.15881508613518303,0.16092672503276048,3098,3608,CONVERGENCE: RELATIVE REDUCTION OF F <= FACTR*EPSMCH,-3.4611394106632836,5.282622759336688,False,4.0223940999712795,14,14
16,nearest,mirror,False,62,0.029269281913616538,0.16444310210453902,0.15867490787256175,0.1607821258061975,6413,7243,CONVERGENCE: RELATIVE REDUCTION OF F <= FACTR*EPSMCH,0.034066222026917205,4.99159186406208,False,8.49655929999426,14,14
16,nearest,mirror,False,63,0.03262468701526032,0.176167212969982,0.17002852641702834,0.17224894689401551,3419,3710,CONVERGENCE: RELATIVE REDUCTION OF F <= FACTR*EPSMCH,-8.0,7.999994251461387,True,4.549598700017668,14,14
16,nearest,mirror,False,64,0.02926928913641488,0.1644431572709871,0.15867527520142313,0.16078244806276557,21417,24724,CONVERGENCE: RELATIVE REDUCTION OF F <= FACTR*EPSMCH,1.53954699042677,7.999994854972869,True,29.499613699968904,14,14
16,nearest,mirror,False,65,0.03565789103025664,0.18834047843186077,0.18196821685479922,0.18429631172180408,469,686,CONVERGENCE: RELATIVE REDUCTION OF F <= FACTR*EPSMCH,-1.4561824365397111,-0.8435873715262635,False,0.8070597000187263,14,14
16,nearest,mirror,False,66,0.031242075202652164,0.1701774013524612,0.1636936207128117,0.16565925945193957,3245,3714,CONVERGENCE: RELATIVE REDUCTION OF F <= FACTR*EPSMCH,-8.0,7.518331626745391,True,4.459099399973638,14,14
16,nearest,mirror,False,67,0.02935928106580225,0.16463562021306447,0.15881491446277243,0.1609265440700837,4278,4811,CONVERGENCE: RELATIVE REDUCTION OF F <= FACTR*EPSMCH,-3.461298868952918,4.963994874994029,False,7.602198699954897,14,14
16,nearest,mirror,False,68,0.029545817583380055,0.165215798670446,0.15917150984788708,0.16117633935173706,14037,15681,CONVERGENCE: RELATIVE REDUCTION OF F <= FACTR*EPSMCH,-3.997403600724015,7.743563742050322,False,22.212031499948353,14,14
16,nearest,mirror,False,69,0.029360863136400944,0.16460191991708956,0.15873915738230707,0.16084432863673565,4428,5115,CONVERGENCE: RELATIVE REDUCTION OF F <= FACTR*EPSMCH,-3.285196427013123,5.408000618470047,False,8.448405200033449,14,14
16,nearest,mirror,False,70,0.030939675329584308,0.16934028752917754,0.16263388338476573,0.1645837100229208,3804,4376,CONVERGENCE: RELATIVE REDUCTION OF F <= FACTR*EPSMCH,-3.1719039761507544,7.22400748558997,False,5.6337861000793055,14,14
16,nearest,mirror,False,71,0.029360863940014404,0.16460198375855897,0.1587392540771911,0.16084438358235043,3372,3959,CONVERGENCE: RELATIVE REDUCTION OF F <= FACTR*EPSMCH,-3.2852909993661843,4.748446311557849,False,5.611855700029992,14,14
16,nearest,mirror,False,72,0.029209714086584463,0.16419657588528588,0.15826322453013658,0.16033635486719214,4673,5436,CONVERGENCE: RELATIVE REDUCTION OF F <= FACTR*EPSMCH,1.3585865980788714,6.975117398555513,False,8.74959229992237,14,14
16,nearest,mirror,False,73,0.029209742894635963,0.1641965658990597,0.15826465704791057,0.16033809370779364,10271,11595,CONVERGENCE: RELATIVE REDUCTION OF F <= FACTR*EPSMCH,0.4698954085368662,5.1935852738868125,False,16.458972099935636,14,14
16,nearest,mirror,False,74,0.03124229914253975,0.1701780459424456,0.163693707046218,0.16565920332331668,3823,4563,CONVERGENCE: RELATIVE REDUCTION OF F <= FACTR*EPSMCH,-8.0,7.923207262696218,True,5.497513699927367,14,14
16,nearest,mirror,False,75,0.029210337913757274,0.16419884642559981,0.15826973021583507,0.16034372076165812,89515,105757,CONVERGENCE: RELATIVE REDUCTION OF F <= FACTR*EPSMCH,1.8743602731433975,8.0,True,123.39763669995591,14,14
16,nearest,mirror,False,76,0.03093990839789869,0.16933759218084213,0.16265690039121142,0.16461350618379608,3200,3659,CONVERGENCE: RELATIVE REDUCTION OF F <= FACTR*EPSMCH,-3.1163054323916457,7.998954907664942,True,4.213336699991487,14,14
16,nearest,mirror,False,77,0.029545762688602973,0.16521595070370299,0.15918461363880362,0.16119342692973512,14088,15663,CONVERGENCE: RELATIVE REDUCTION OF F <= FACTR*EPSMCH,-3.8990887788249093,7.999998611049076,True,17.366955399978906,14,14
16,nearest,mirror,False,78,0.029269447172172197,0.164443768292543,0.15867563175929672,0.16078286775772915,15691,17850,CONVERGENCE: RELATIVE REDUCTION OF F <= FACTR*EPSMCH,1.5416205570106523,7.999152086738962,True,21.617058699950576,14,14
16,nearest,mirror,False,79,0.029269840594535957,0.16444479460776587,0.15867656094334953,0.16078368681792607,5004,5699,CONVERGENCE: RELATIVE REDUCTION OF F <= FACTR*EPSMCH,1.5345255056504024,7.97185195610318,True,6.235925800050609,14,14
16,nearest,mirror,False,80,0.02926927275194851,0.16444296367552297,0.1586748039744976,0.16078200066351928,4064,4579,CONVERGENCE: RELATIVE REDUCTION OF F <= FACTR*EPSMCH,0.7339085140759627,6.391040747041091,False,5.413323300075717,14,14
16,nearest,mirror,False,81,0.0292692625517049,0.16444292347397133,0.15867484557137174,0.16078202741755113,6488,7407,CONVERGENCE: RELATIVE REDUCTION OF F <= FACTR*EPSMCH,1.5084356783171657,7.941385148547239,True,7.915703099919483,14,14
16,nearest,mirror,False,82,0.02926929218631559,0.16444333130830105,0.15867492147324463,0.1607821846518592,6966,7945,CONVERGENCE: RELATIVE REDUCTION OF F <= FACTR*EPSMCH,1.5340081884487695,7.9932325676031075,True,8.86336990003474,14,14
16,nearest,mirror,False,83,0.030259675620612762,0.16726091504546645,0.1608936680242284,0.16286846751957518,11130,12527,CONVERGENCE: RELATIVE REDUCTION OF F <= FACTR*EPSMCH,0.8653313443766371,6.27702422551359,False,18.056000199983828,14,14
16,nearest,mirror,False,84,0.03093970521966915,0.16934094917907258,0.1626280519738114,0.16457464412109912,4123,4799,CONVERGENCE: RELATIVE REDUCTION OF F <= FACTR*EPSMCH,-3.163445815134667,7.840247566954024,False,5.5010756000410765,14,14
16,nearest,mirror,False,85,0.029359283073751415,0.16463560556873405,0.1588148335458747,0.16092646442570432,3133,3445,CONVERGENCE: RELATIVE REDUCTION OF F <= FACTR*EPSMCH,-3.461392027008404,4.183734580706223,False,3.797018799930811,14,14
16,nearest,mirror,False,86,0.029269581797024116,0.16444166349851352,0.15867111621431024,0.16077837660766717,2625,3019,CONVERGENCE: RELATIVE REDUCTION OF F <= FACTR*EPSMCH,1.5890524287753627,8.0,True,3.473836899967864,14,14
16,nearest,mirror,False,87,0.02920982686791512,0.16419702380520068,0.15826488255399843,0.16033810798672102,9211,10452,CONVERGENCE: RELATIVE REDUCTION OF F <= FACTR*EPSMCH,1.132244176499314,6.521661732877662,False,15.820476099965163,14,14
16,nearest,mirror,False,88,0.02920984452387068,0.1641962386841201,0.1582594322011423,0.16033136942515364,15572,17779,CONVERGENCE: RELATIVE REDUCTION OF F <= FACTR*EPSMCH,0.8573589939366429,5.968355380249878,False,19.84647889994085,14,14
16,nearest,mirror,False,89,0.029269267258952392,0.1644430801605434,0.158674938927227,0.16078214503775615,6275,7165,CONVERGENCE: RELATIVE REDUCTION OF F <= FACTR*EPSMCH,0.524219646257466,5.971414563974659,False,9.070396900060587,14,14
16,nearest,mirror,False,90,0.030939957178788346,0.16933974572182367,0.16264152408042423,0.16459302743491855,5696,6578,CONVERGENCE: RELATIVE REDUCTION OF F <= FACTR*EPSMCH,-3.1362597625398876,7.528770542956259,False,7.0583056000759825,14,14
16,nearest,mirror,False,91,0.02926950513210998,0.16444421934012826,0.15867603200820216,0.1607832812474109,5221,5951,CONVERGENCE: RELATIVE REDUCTION OF F <= FACTR*EPSMCH,1.338748065773652,7.588713073393732,False,6.719556600088254,14,14
16,nearest,mirror,False,92,0.029269649047333722,0.16444436410828203,0.1586759639716311,0.16078329923052576,2933,3441,CONVERGENCE: RELATIVE REDUCTION OF F <= FACTR*EPSMCH,1.496872189189465,7.90083124276404,True,3.862789500039071,14,14
16,nearest,mirror,False,93,0.02920970488676733,0.16419652087208256,0.15826424440581077,0.16033755975892294,9404,10646,CONVERGENCE: RELATIVE REDUCTION OF F <= FACTR*EPSMCH,1.0579988517774082,6.36829105771922,False,11.836982600041665,14,14
16,nearest,mirror,False,94,0.02970095731349581,0.1657178356959564,0.1596518248475679,0.1616102338464297,2797,3338,CONVERGENCE: RELATIVE REDUCTION OF F <= FACTR*EPSMCH,-8.0,8.0,True,3.472626499948092,14,14
16,nearest,mirror,False,95,0.03262403095848636,0.17616721092999962,0.17002835953100953,0.17224868823490214,16381,19002,CONVERGENCE: RELATIVE REDUCTION OF F <= FACTR*EPSMCH,-8.0,8.0,True,22.223619500058703,14,14
16,nearest,mirror,False,96,0.02920977169185716,0.16419626919806282,0.15826154908825982,0.16033417245372375,9189,10437,CONVERGENCE: RELATIVE REDUCTION OF F <= FACTR*EPSMCH,0.8881937132235221,6.031539211215134,False,11.435533299925737,14,14
16,nearest,mirror,False,97,0.029209722506452776,0.16419642761735162,0.15826433025600353,0.16033771068412,4328,4876,CONVERGENCE: RELATIVE REDUCTION OF F <= FACTR*EPSMCH,0.7478034085883711,5.750158012654341,False,5.174936500028707,14,14
16,nearest,mirror,False,98,0.029700522692666435,0.16571511296246838,0.1596436260835125,0.16160092613601668,11852,14412,CONVERGENCE: RELATIVE REDUCTION OF F <= FACTR*EPSMCH,-8.0,7.99996068841875,True,16.689536500023678,14,14
16,nearest,mirror,False,99,0.03094000057445377,0.1693402159741009,0.16264091782947288,0.1645924612581136,5703,6578,CONVERGENCE: RELATIVE REDUCTION OF F <= FACTR*EPSMCH,-3.145911744059608,6.479568024565099,False,7.5260648999828845,14,14
16,nearest,mirror,False,100,0.02920971376818393,0.16419658402497536,0.15826490068825833,0.1603384294685494,6207,7186,CONVERGENCE: RELATIVE REDUCTION OF F <= FACTR*EPSMCH,1.0590908905417045,6.3708456432226575,False,7.809429700020701,14,14
16,nearest,mirror,False,101,0.029209702856126347,0.1641961760997075,0.1582630229111037,0.16033596264523162,6631,7492,CONVERGENCE: RELATIVE REDUCTION OF F <= FACTR*EPSMCH,1.344056294287474,6.93834247043562,False,8.982099999906495,14,14
16,nearest,mirror,False,102,0.02936086289142623,0.16460194316127535,0.15873914712081214,0.16084428339740067,4075,4683,CONVERGENCE: RELATIVE REDUCTION OF F <= FACTR*EPSMCH,-3.285339348392855,5.221489418844778,False,4.8654126999899745,14,14
16,nearest,mirror,False,103,0.03124234185316145,0.17017860005664195,0.16369271087138634,0.1656577328101878,9780,10971,CONVERGENCE: RELATIVE REDUCTION OF F <= FACTR*EPSMCH,-8.0,6.8820090048545275,True,12.160900600021705,14,14
16,nearest,mirror,False,104,0.029209865760211933,0.1641954701745135,0.15825417363718622,0.16032462795374078,12237,14034,CONVERGENCE: RELATIVE REDUCTION OF F <= FACTR*EPSMCH,1.7127450598810805,7.67811895625054,False,15.876517200027592,14,14
16,nearest,mirror,False,105,0.02920971390593878,0.1641962591457519,0.1582638382273901,0.16033707091868074,8817,9984,CONVERGENCE: RELATIVE REDUCTION OF F <= FACTR*EPSMCH,0.8515082286974407,5.956557107561881,False,10.76872569997795,14,14
16,nearest,mirror,False,106,0.030259696393181205,0.16726089573721814,0.1608932713692312,0.1628676958195436,10700,12050,CONVERGENCE: RELATIVE REDUCTION OF F <= FACTR*EPSMCH,0.9104339703372948,6.369637532874786,False,13.121010400005616,14,14
16,nearest,mirror,False,107,0.030939846087449374,0.16933971937846395,0.1626420903039043,0.16459341476070682,3441,3975,CONVERGENCE: RELATIVE REDUCTION OF F <= FACTR*EPSMCH,-3.1359285314623193,6.790471699455324,False,4.388698800001293,14,14
16,nearest,mirror,False,108,0.029209712202475025,0.16419611737946424,0.15826241222158471,0.16033531817556146,8139,9226,CONVERGENCE: RELATIVE REDUCTION OF F <= FACTR*EPSMCH,1.031903134159973,6.315744045504886,False,10.48281370010227,14,14
16,nearest,mirror,False,109,0.02935928567802605,0.16463562787114733,0.15881487964125238,0.16092652062834426,2360,2629,CONVERGENCE: RELATIVE REDUCTION OF F <= FACTR*EPSMCH,-3.461321160313326,3.844855931922386,False,3.1981174000538886,14,14
16,nearest,mirror,False,110,0.029546437865824008,0.16521600906959893,0.1591686877202712,0.1611735929941699,3428,3882,CONVERGENCE: RELATIVE REDUCTION OF F <= FACTR*EPSMCH,-3.8326641767454364,8.0,True,4.090601100004278,14,14
16,nearest,mirror,False,111,0.0292097121350426,0.1641963607908128,0.1582639879246225,0.16033727342628634,7015,7949,CONVERGENCE: RELATIVE REDUCTION OF F <= FACTR*EPSMCH,0.8514590786304702,5.957630532711169,False,8.557994900038466,14,14
16,nearest,mirror,False,112,0.031071045929722232,0.16971801901325795,0.16302770196618746,0.16495387067433498,15212,17694,CONVERGENCE: RELATIVE REDUCTION OF F <= FACTR*EPSMCH,0.9152395772148508,7.99824575312639,True,19.454038799973205,14,14
16,nearest,mirror,False,113,0.02954614644999903,0.16521605536730866,0.15915561751025536,0.16115621977921593,14421,15934,CONVERGENCE: RELATIVE REDUCTION OF F <= FACTR*EPSMCH,-3.9391575198148177,7.7885358302060075,False,17.24738910002634,14,14
16,nearest,mirror,False,114,0.029209708451597684,0.16419674060705258,0.1582657556395375,0.16033946426294182,7290,8420,CONVERGENCE: RELATIVE REDUCTION OF F <= FACTR*EPSMCH,1.2400124365207894,6.733047566845884,False,9.006790800020099,14,14
16,nearest,mirror,False,115,0.0324365940902898,0.17368657285665418,0.16653797621052138,0.1682338151874078,1292,1568,CONVERGENCE: RELATIVE REDUCTION OF F <= FACTR*EPSMCH,-8.0,8.0,True,1.6538473999826238,14,14
16,nearest,mirror,False,116,0.029702732849512737,0.16572399171763189,0.15965921032649608,0.16161781186236707,9298,10345,CONVERGENCE: RELATIVE REDUCTION OF F <= FACTR*EPSMCH,-8.0,7.036180677708828,True,11.298794100061059,14,14
16,nearest,mirror,False,117,0.029700420858053873,0.16571704876344834,0.15965761373977705,0.1616177354673458,7723,8819,CONVERGENCE: RELATIVE REDUCTION OF F <= FACTR*EPSMCH,-8.0,7.644643948751662,True,9.594348299899139,14,14
16,nearest,mirror,False,118,0.029269273217795946,0.16444303009576342,0.15867498631539592,0.16078215344525484,2832,3237,CONVERGENCE: RELATIVE REDUCTION OF F <= FACTR*EPSMCH,1.0374084047618795,6.998068003841814,False,3.3084384000394493,14,14
16,nearest,mirror,False,119,0.029209732483124355,0.16419696039332046,0.15826768069708733,0.1603418664124407,13484,15345,CONVERGENCE: RELATIVE REDUCTION OF F <= FACTR*EPSMCH,1.2996263575570597,6.852925766519669,False,16.657832799945027,14,14
16,nearest,mirror,False,120,0.029215442913762095,0.16421747462143607,0.1583025129478142,0.16037920780438683,38643,44746,CONVERGENCE: RELATIVE REDUCTION OF F <= FACTR*EPSMCH,1.8675883005816714,8.0,True,48.36942589993123,14,14
16,nearest,mirror,False,121,0.02920970244188397,0.16419623501296016,0.15826177491728363,0.16033446145647123,25522,29108,CONVERGENCE: RELATIVE REDUCTION OF F <= FACTR*EPSMCH,1.1918699306806515,6.637171789069571,False,31.496939800097607,14,14
16,nearest,mirror,False,122,0.029209789868544975,0.16419662329871978,0.15826392853294483,0.16033708597499738,12734,14396,CONVERGENCE: RELATIVE REDUCTION OF F <= FACTR*EPSMCH,0.3421641300866561,4.937554016249161,False,15.801791599951684,14,14
16,nearest,mirror,False,123,0.029269297366465254,0.1644431260957434,0.1586749482836517,0.1607821557522749,6694,7616,CONVERGENCE: RELATIVE REDUCTION OF F <= FACTR*EPSMCH,-0.24246221988231922,4.438674262895653,False,18.147871599998325,14,14
16,nearest,mirror,False,124,0.030259698409121384,0.16726087151827604,0.160893769724676,0.1628686985858418,20108,22627,CONVERGENCE: RELATIVE REDUCTION OF F <= FACTR*EPSMCH,0.9135913664209631,6.367491469221516,False,24.411131299915724,14,14
16,nearest,mirror,False,125,0.029699903700963474,0.1657145309123565,0.1596503606746424,0.1616092981117335,2162,2510,CONVERGENCE: RELATIVE REDUCTION OF F <= FACTR*EPSMCH,-7.999536149244247,4.978281742979573,True,2.7584024000680074,14,14
16,nearest,mirror,False,126,0.02926968140318318,0.16444470382909598,0.15867612021628086,0.16078335288205955,16658,18898,CONVERGENCE: RELATIVE REDUCTION OF F <= FACTR*EPSMCH,1.5408430331059189,7.992472029935072,True,20.504882300039753,14,14
16,nearest,mirror,False,127,0.029209751312583063,0.16419659727403862,0.15826509007072054,0.16033860547581016,10858,12251,CONVERGENCE: RELATIVE REDUCTION OF F <= FACTR*EPSMCH,1.0645782958890415,6.382235515106762,False,13.072925299988128,14,14
16,nearest,mirror,False,128,0.02954678828409633,0.16521784907278922,0.15917553335642246,0.16118126657920215,10684,11613,CONVERGENCE: RELATIVE REDUCTION OF F <= FACTR*EPSMCH,-3.877688951089954,6.72334511215921,False,12.860974499955773,14,14
16,nearest,mirror,False,129,0.02970022830887798,0.16571593367945173,0.1596547849878305,0.16161439846004116,3132,3689,CONVERGENCE: RELATIVE REDUCTION OF F <= FACTR*EPSMCH,-8.0,7.999999951367331,True,3.881231200066395,14,14
16,nearest,mirror,False,130,0.02936086399146059,0.16460195464800614,0.15873927081166148,0.16084444078952484,3444,4033,CONVERGENCE: RELATIVE REDUCTION OF F <= FACTR*EPSMCH,-3.285257592888112,4.789031422571581,False,4.392894799937494,14,14
16,nearest,mirror,False,131,0.02935928129011045,0.16463569869776915,0.1588151672637209,0.1609268002601018,2324,2714,CONVERGENCE: RELATIVE REDUCTION OF F <= FACTR*EPSMCH,-3.461162137265954,4.8272124125697,False,2.9743230999447405,14,14
16,nearest,mirror,False,132,0.029269264380319616,0.16444302142718453,0.1586748324972222,0.1607820393266553,3881,4438,CONVERGENCE: RELATIVE REDUCTION OF F <= FACTR*EPSMCH,1.184746910288525,7.2929770249221235,False,4.737772300024517,14,14
16,nearest,mirror,False,133,0.031242074500329838,0.17017740944887866,0.1636937103638703,0.1656593831144346,7092,8205,CONVERGENCE: RELATIVE REDUCTION OF F <= FACTR*EPSMCH,-8.0,7.528764371697508,True,8.750083000049926,14,14
16,nearest,mirror,False,134,0.029209794583875702,0.1641967002296186,0.15826443354787734,0.16033773597680825,5878,6639,CONVERGENCE: RELATIVE REDUCTION OF F <= FACTR*EPSMCH,0.7177926511690276,5.689034656808871,False,7.318168599973433,14,14
16,nearest,mirror,False,135,0.029360866186401793,0.16460194854723054,0.15873914662231356,0.16084429019262614,1862,2063,CONVERGENCE: RELATIVE REDUCTION OF F <= FACTR*EPSMCH,-3.285208927415852,4.23904890439515,False,2.2477748000528663,14,14
16,nearest,mirror,False,136,0.029560791734544595,0.16525708485140797,0.15916587731592213,0.1611555935519341,5474,6227,CONVERGENCE: RELATIVE REDUCTION OF F <= FACTR*EPSMCH,-3.647629218794357,7.992069221408997,True,6.824792300001718,14,14
16,nearest,mirror,False,137,0.032624027562762156,0.17616726099623264,0.1700280401104243,0.17224841765795348,9011,10103,CONVERGENCE: RELATIVE REDUCTION OF F <= FACTR*EPSMCH,-8.0,8.0,True,10.76144979998935,14,14
16,nearest,mirror,False,138,0.029557565302539557,0.1652507601909567,0.1591869346255765,0.16118374611179753,5610,6435,CONVERGENCE: RELATIVE REDUCTION OF F <= FACTR*EPSMCH,-3.510464055326665,8.0,True,6.680157700087875,14,14
16,nearest,mirror,False,139,0.029269299924253825,0.16444313116086212,0.15867507047598922,0.1607822727802997,7682,8976,CONVERGENCE: RELATIVE REDUCTION OF F <= FACTR*EPSMCH,1.1263149359143285,7.173478718470567,False,10.331876400043257,14,14
16,nearest,mirror,False,140,0.02936086324828787,0.16460197013241176,0.15873926893039303,0.16084443148911445,3213,3689,CONVERGENCE: RELATIVE REDUCTION OF F <= FACTR*EPSMCH,-3.285485273604305,5.137874245129219,False,3.912993500009179,14,14
16,nearest,mirror,False,141,0.029821503778621104,0.16606406603389723,0.159966620289117,0.16190924087607741,2692,2936,CONVERGENCE: RELATIVE REDUCTION OF F <= FACTR*EPSMCH,-8.0,3.7768960376054053,True,3.1584462999599054,14,14
16,nearest,mirror,False,142,0.02920970752390765,0.16419626302419926,0.15826291236120751,0.16033589623614358,6848,7693,CONVERGENCE: RELATIVE REDUCTION OF F <= FACTR*EPSMCH,0.9192638684117337,6.091458585852018,False,8.100802600034513,14,14
16,nearest,mirror,False,143,0.029209771173329627,0.16419653849779642,0.15826387243904017,0.1603370463790684,7231,8125,CONVERGENCE: RELATIVE REDUCTION OF F <= FACTR*EPSMCH,0.2999557742915755,4.853400064050359,False,9.200411799945869,14,14
16,nearest,mirror,False,144,0.029212887519764245,0.16420575444443597,0.15826892262035974,0.16034014775702746,85659,100880,CONVERGENCE: RELATIVE REDUCTION OF F <= FACTR*EPSMCH,1.8692601660290933,8.0,True,105.95300370000768,14,14
16,nearest,mirror,False,145,0.029699707766060283,0.16571441274391707,0.15965267952288556,0.16161237075839355,3227,3881,CONVERGENCE: RELATIVE REDUCTION OF F <= FACTR*EPSMCH,-7.998172376246111,5.609137821793246,True,3.404598499997519,14,14
16,nearest,mirror,False,146,0.035430269909417625,0.1881622303619525,0.18177785797195495,0.1841045142030013,299,504,CONVERGENCE: RELATIVE REDUCTION OF F <= FACTR*EPSMCH,-1.2969434889658047,-0.7282783331124313,False,0.44930169999133795,14,14
16,nearest,mirror,False,147,0.02954582394094221,0.1652143181752439,0.15916218841349622,0.1611654796101122,15528,17053,CONVERGENCE: RELATIVE REDUCTION OF F <= FACTR*EPSMCH,-4.0014001328335915,7.563032552155411,False,18.17795320006553,14,14
16,nearest,mirror,False,148,0.03018803713888727,0.16718493066847903,0.16122066925682196,0.1631514315512886,15792,17683,CONVERGENCE: RELATIVE REDUCTION OF F <= FACTR*EPSMCH,-4.303828968233226,8.0,True,28.855379099957645,14,14
16,nearest,mirror,False,149,0.029269274136266593,0.16444304663153017,0.15867488681967026,0.16078209423639994,14751,16580,CONVERGENCE: RELATIVE REDUCTION OF F <= FACTR*EPSMCH,0.21459516692747832,5.352485233421422,False,16.264420600025915,14,14
16,nearest,mirror,False,150,0.030710304906922246,0.16859546621173413,0.16188624249942016,0.163728234042506,14329,16084,CONVERGENCE: RELATIVE REDUCTION OF F <= FACTR*EPSMCH,-0.18896696136933863,6.9090038132130225,False,14.567749600042589,14,14
16,nearest,mirror,False,151,0.029664044576121054,0.1655757973195575,0.15937433448170063,0.16130854830382993,3463,3973,CONVERGENCE: RELATIVE REDUCTION OF F <= FACTR*EPSMCH,-0.6133133493258865,6.980511242859944,False,3.4117258000187576,14,14
16,nearest,mirror,False,152,0.02926957179772679,0.16444373338534135,0.15867531754646996,0.1607825411932979,8620,9953,CONVERGENCE: RELATIVE REDUCTION OF F <= FACTR*EPSMCH,1.5447677312343306,7.997726959575509,True,10.738788199960254,14,14
16,nearest,mirror,False,153,0.029359280980806094,0.16463562026594944,0.15881490234922394,0.16092652060225052,3633,4231,CONVERGENCE: RELATIVE REDUCTION OF F <= FACTR*EPSMCH,-3.461201552259187,5.143710242884998,False,7.413197699934244,14,14
16,nearest,mirror,False,154,0.02926926756523741,0.16444302356055576,0.1586748659790391,0.1607820711519675,14229,16016,CONVERGENCE: RELATIVE REDUCTION OF F <= FACTR*EPSMCH,0.513101136626446,5.949373261002585,False,22.91555079992395,14,14
16,nearest,mirror,False,155,0.029270039105565693,0.16444499105338561,0.15867591208138052,0.16078316558959085,3856,4375,CONVERGENCE: RELATIVE REDUCTION OF F <= FACTR*EPSMCH,0.5162273383092287,5.908890517226457,False,4.2108293999917805,14,14
16,nearest,mirror,False,156,0.02970108663567842,0.16571654587449394,0.1596471958124732,0.1616045639422918,4068,4632,CONVERGENCE: RELATIVE REDUCTION OF F <= FACTR*EPSMCH,-8.0,8.0,True,5.089970500092022,14,14
16,nearest,mirror,False,157,0.03143194040972464,0.17094319784235673,0.1656286257333222,0.16756836496245542,2764,3124,CONVERGENCE: RELATIVE REDUCTION OF F <= FACTR*EPSMCH,-3.0618669125571016,7.632013295134476,False,3.0537061999784783,14,14
16,nearest,mirror,False,158,0.029359281149630493,0.16463557628338077,0.15881470805827,0.1609263594161552,3615,4152,CONVERGENCE: RELATIVE REDUCTION OF F <= FACTR*EPSMCH,-3.461428147276026,4.981918816468771,False,3.6213675999315456,14,14
16,nearest,mirror,False,159,0.030939718354295077,0.1693389473578095,0.16264598641164613,0.1645982291234597,6487,7521,CONVERGENCE: RELATIVE REDUCTION OF F <= FACTR*EPSMCH,-3.1307286242070567,7.959244506857728,True,7.011579500045627,14,14
16,nearest,mirror,False,160,0.029209696022162276,0.1641965583224258,0.1582642657473173,0.1603376772362403,7534,8505,CONVERGENCE: RELATIVE REDUCTION OF F <= FACTR*EPSMCH,1.381188339554611,7.014448269078211,False,7.625143199926242,14,14
16,nearest,mirror,False,161,0.02935928169134249,0.16463559802763864,0.1588148160457772,0.16092646910254285,15358,17140,CONVERGENCE: RELATIVE REDUCTION OF F <= FACTR*EPSMCH,-3.461274436096496,4.631444978500704,False,15.03517709998414,14,14
16,nearest,mirror,False,162,0.029210042896139363,0.16419743752952015,0.1582574133230899,0.16032828193736423,129639,153990,CONVERGENCE: RELATIVE REDUCTION OF F <= FACTR*EPSMCH,1.8633186256030796,7.993819308921067,True,139.48069120000582,14,14
16,nearest,mirror,False,163,0.03124208287980483,0.1701774235473107,0.163693583849164,0.1656592117921807,2204,2505,CONVERGENCE: RELATIVE REDUCTION OF F <= FACTR*EPSMCH,-8.0,7.999993846205032,True,2.146833200007677,14,14
16,nearest,mirror,False,164,0.029210055556153386,0.16419587920425446,0.15825005393569094,0.16031897758417313,78872,93995,CONVERGENCE: RELATIVE REDUCTION OF F <= FACTR*EPSMCH,1.8506157050748235,7.951327008578804,True,86.58456549991388,14,14
16,nearest,mirror,False,165,0.029209726329565536,0.16419647866536805,0.1582642631656137,0.1603375829494968,6451,7260,CONVERGENCE: RELATIVE REDUCTION OF F <= FACTR*EPSMCH,0.6031676642282006,5.458529938112269,False,7.155783199938014,14,14
16,nearest,mirror,False,166,0.029700857929566067,0.1657193898546331,0.15967380599648476,0.1616367521477717,5023,6078,CONVERGENCE: RELATIVE REDUCTION OF F <= FACTR*EPSMCH,-8.0,7.999999999889105,True,5.19282709993422,14,14
16,nearest,mirror,False,167,0.030259671934305298,0.16726036251907292,0.16089060042118086,0.16286434762383195,12660,14305,CONVERGENCE: RELATIVE REDUCTION OF F <= FACTR*EPSMCH,1.3239869261350241,7.193858683100248,False,12.242136800079606,14,14
16,nearest,mirror,False,168,0.029703544663939617,0.1657246896261115,0.15965275103377063,0.16160924226563148,3377,3830,CONVERGENCE: RELATIVE REDUCTION OF F <= FACTR*EPSMCH,-8.0,6.713024252538692,True,3.279010400059633,14,14
16,nearest,mirror,False,169,0.029696640395586203,0.16571677004073807,0.1597207210109911,0.16169890308742563,14095,15611,CONVERGENCE: RELATIVE REDUCTION OF F <= FACTR*EPSMCH,-5.2817983164951094,7.263729937873152,False,13.57169819995761,14,14
16,nearest,mirror,False,170,0.029714086231707314,0.1657968358949782,0.1598248762057142,0.16180604956367428,1855,2116,CONVERGENCE: RELATIVE REDUCTION OF F <= FACTR*EPSMCH,-8.0,2.944976013180382,True,1.8179719001054764,14,14
16,nearest,mirror,False,171,0.03578997574969619,0.18768893041479723,0.18131323861659246,0.18363794272569603,316,447,CONVERGENCE: RELATIVE REDUCTION OF F <= FACTR*EPSMCH,-1.724357517955298,-0.8751103885780397,False,0.3534876999910921,14,14
16,nearest,mirror,False,172,0.029359280860160385,0.16463561700069787,0.15881492552802573,0.16092658410525065,3401,3924,CONVERGENCE: RELATIVE REDUCTION OF F <= FACTR*EPSMCH,-3.4611447474443975,5.050925554316977,False,3.4426980999996886,14,14
16,nearest,mirror,False,173,0.029359286907562267,0.16463566931486698,0.15881517903337505,0.1609270743120636,15732,17916,CONVERGENCE: RELATIVE REDUCTION OF F <= FACTR*EPSMCH,-3.459963611075716,7.33652076655148,False,17.703521299990825,14,14
16,nearest,mirror,False,174,0.0325914507374273,0.1762368326873258,0.1701036331452614,0.17232484128209308,9822,11318,CONVERGENCE: RELATIVE REDUCTION OF F <= FACTR*EPSMCH,-6.814077821902033,7.388881509676868,False,11.08071679994464,14,14
16,nearest,mirror,False,175,0.029209721111894904,0.16419649396584907,0.15826516020482326,0.1603387438106622,9617,10837,CONVERGENCE: RELATIVE REDUCTION OF F <= FACTR*EPSMCH,0.7023708011547222,5.658736454682612,False,9.599164200015366,14,14
16,nearest,mirror,False,176,0.029359285126049985,0.16463567199455217,0.1588150238107428,0.1609266553387002,3320,3670,CONVERGENCE: RELATIVE REDUCTION OF F <= FACTR*EPSMCH,-3.4612505054570915,3.902371740642192,False,3.5448953999439254,14,14
16,nearest,mirror,False,177,0.02926991338664113,0.16444376873306124,0.15867355352975385,0.16078081089006055,6116,6982,CONVERGENCE: RELATIVE REDUCTION OF F <= FACTR*EPSMCH,1.578088171217339,7.9970463469559485,True,6.146112099988386,14,14
16,nearest,mirror,False,178,0.032624069923441176,0.17616725697818694,0.1700278063585592,0.17224819056706167,5030,5743,CONVERGENCE: RELATIVE REDUCTION OF F <= FACTR*EPSMCH,-8.0,6.468368520260131,True,4.963377599953674,14,14
16,nearest,mirror,False,179,0.02926928487175101,0.1644430723595542,0.1586748974887819,0.1607821053346721,9870,11064,CONVERGENCE: RELATIVE REDUCTION OF F <= FACTR*EPSMCH,-0.021894440845850956,4.879509417722384,False,11.677703900029883,14,14
16,nearest,mirror,False,180,0.03259870015748271,0.1761714839995482,0.17003282806970652,0.17225334439160678,4967,5481,CONVERGENCE: RELATIVE REDUCTION OF F <= FACTR*EPSMCH,-7.979797573054413,5.028501727496647,True,4.920108199934475,14,14
16,nearest,mirror,False,181,0.029209749627066753,0.1641964521656769,0.15826349264355996,0.16033659529389183,8134,9285,CONVERGENCE: RELATIVE REDUCTION OF F <= FACTR*EPSMCH,0.5925222383188554,5.438569352464839,False,10.137655300088227,14,14
16,nearest,mirror,False,182,0.029209721566053008,0.16419634983599837,0.15826414343830209,0.16033748972465714,7987,9031,CONVERGENCE: RELATIVE REDUCTION OF F <= FACTR*EPSMCH,0.7249882309951979,5.702871328173689,False,7.773546100012027,14,14
16,nearest,mirror,False,183,0.02982149723483542,0.16606402646327695,0.15996639901531748,0.16190899761091496,2234,2441,CONVERGENCE: RELATIVE REDUCTION OF F <= FACTR*EPSMCH,-8.0,3.069345828571891,True,2.1344421999529004,14,14
16,nearest,mirror,False,184,0.02920972080044134,0.16419624855632728,0.1582622600961874,0.16033504762908474,6017,6812,CONVERGENCE: RELATIVE REDUCTION OF F <= FACTR*EPSMCH,0.8129221098270711,5.880702138896796,False,5.757816600031219,14,14
16,nearest,mirror,False,185,0.029359280934287878,0.16463566258706672,0.15881501633953618,0.1609266716437345,2373,2807,CONVERGENCE: RELATIVE REDUCTION OF F <= FACTR*EPSMCH,-3.4612205542292758,5.00967162800332,False,2.46346439991612,14,14
16,nearest,mirror,False,186,0.029209713361944754,0.16419630248188477,0.15826292819584706,0.16033587755144427,7511,8516,CONVERGENCE: RELATIVE REDUCTION OF F <= FACTR*EPSMCH,1.0918965879393927,6.438456412503273,False,7.4376094999024644,14,14
16,nearest,mirror,False,187,0.030112853147090814,0.1667850204061285,0.1608721401064629,0.16298216064257298,6936,7902,CONVERGENCE: RELATIVE REDUCTION OF F <= FACTR*EPSMCH,-3.112979347769307,5.961033259099354,False,6.66127649997361,14,14
16,nearest,mirror,False,188,0.029700709032911363,0.16571830294209136,0.15965869792672263,0.16161870533959116,3632,4219,CONVERGENCE: RELATIVE REDUCTION OF F <= FACTR*EPSMCH,-8.0,7.5094632677363204,True,3.7125788000412285,14,14
16,nearest,mirror,False,189,0.029211905774107004,0.1642022390551332,0.15826335731025884,0.16033418113571504,42212,49105,CONVERGENCE: RELATIVE REDUCTION OF F <= FACTR*EPSMCH,1.872424894606058,8.0,True,42.97189030004665,14,14
16,nearest,mirror,False,190,0.0292097087777317,0.1641966034465325,0.15826500472768693,0.16033850530683968,12346,13886,CONVERGENCE: RELATIVE REDUCTION OF F <= FACTR*EPSMCH,0.9292399377186704,6.112949122897154,False,12.510228600003757,14,14
16,nearest,mirror,False,191,0.0292112204688456,0.1642013127126056,0.1582619512588637,0.16033287822117936,60727,71438,CONVERGENCE: RELATIVE REDUCTION OF F <= FACTR*EPSMCH,1.760730930118026,7.7956384612370755,False,63.72105149994604,14,14
16,nearest,mirror,False,192,0.029209723395401163,0.16419652926665346,0.15826531981947298,0.1603389237219741,7985,9004,CONVERGENCE: RELATIVE REDUCTION OF F <= FACTR*EPSMCH,0.6832778161697552,5.619004311928239,False,7.688495100010186,14,14
16,nearest,mirror,False,193,0.029209703746270868,0.16419633193271843,0.15826385269056992,0.16033711273705206,15187,17119,CONVERGENCE: RELATIVE REDUCTION OF F <= FACTR*EPSMCH,0.9911397327073599,6.236148500557059,False,14.731006199959666,14,14
16,nearest,mirror,False,194,0.029210262541249882,0.16419889779113617,0.15827001490679807,0.16034401549820862,84957,100570,CONVERGENCE: RELATIVE REDUCTION OF F <= FACTR*EPSMCH,1.867483076110251,7.991172882903058,True,89.86244340008125,14,14
16,nearest,mirror,False,195,0.029359280903540085,0.16463565688713136,0.15881496713048376,0.16092660614541893,3246,3862,CONVERGENCE: RELATIVE REDUCTION OF F <= FACTR*EPSMCH,-3.461307900221915,5.0394009179070975,False,3.451114200055599,14,14
16,nearest,mirror,False,196,0.029269264022372118,0.1644430245364897,0.158674868554416,0.16078207921912396,4439,5022,CONVERGENCE: RELATIVE REDUCTION OF F <= FACTR*EPSMCH,0.992949134376714,6.909110220779847,False,4.389133700053208,14,14
16,nearest,mirror,False,197,0.029669772345156654,0.16562040372471348,0.15948992696486883,0.16143645015920322,4767,5341,CONVERGENCE: RELATIVE REDUCTION OF F <= FACTR*EPSMCH,-4.240554916037627,7.191208674479318,False,4.532915299991146,14,14
16,nearest,mirror,False,198,0.029359281841820812,0.16463558029042102,0.15881479659002237,0.16092644870743442,3866,4344,CONVERGENCE: RELATIVE REDUCTION OF F <= FACTR*EPSMCH,-3.4614145107187047,4.670088272660908,False,3.797793500008993,14,14
16,nearest,mirror,False,199,0.02970071273602095,0.16571596386030257,0.15964622178722335,0.1616035464490096,4144,4630,CONVERGENCE: RELATIVE REDUCTION OF F <= FACTR*EPSMCH,-8.0,7.730841332861342,True,3.8827060000039637,14,14
16,nearest,crossed,False,0,0.029092602086217584,0.16380561851224493,0.15792223592960347,0.16003089777698942,260,291,CONVERGENCE: RELATIVE REDUCTION OF F <= FACTR*EPSMCH,-2.5345354289606776,-0.5818861265114988,False,0.2721885999199003,14,14
16,nearest,crossed,False,1,0.029092602085883774,0.16380561860199255,0.15792223687631954,0.16003089943386992,240,272,CONVERGENCE: RELATIVE REDUCTION OF F <= FACTR*EPSMCH,-2.534590188648869,-0.582061081911771,False,0.23862089996691793,14,14
16,nearest,crossed,False,2,0.029092602086222247,0.16380561871044969,0.15792223720040685,0.16003090002648643,471,523,CONVERGENCE: RELATIVE REDUCTION OF F <= FACTR*EPSMCH,-2.534647504431766,-0.5822438702127535,False,0.44212989998050034,14,14
16,nearest,crossed,False,3,0.029699855513583284,0.1657143332576132,0.15964958477747931,0.16160834866043958,1752,2087,CONVERGENCE: RELATIVE REDUCTION OF F <= FACTR*EPSMCH,-7.997885214641317,5.680706031098581,True,1.7123990999534726,14,14
16,nearest,crossed,False,4,0.029701784434597686,0.1657202804204948,0.1596571955902664,0.16161624623675752,4496,5019,CONVERGENCE: RELATIVE REDUCTION OF F <= FACTR*EPSMCH,-8.0,6.192775829962554,True,4.312106200028211,14,14
16,nearest,crossed,False,5,0.02909260208588939,0.16380561866988488,0.15792223672531708,0.16003089922758965,510,544,CONVERGENCE: RELATIVE REDUCTION OF F <= FACTR*EPSMCH,-2.5346083014236114,-0.5821156086664548,False,0.509355999995023,14,14
16,nearest,crossed,False,6,0.029092602085874542,0.16380561871452343,0.1579222369717147,0.16003089961590844,193,214,CONVERGENCE: RELATIVE REDUCTION OF F <= FACTR*EPSMCH,-2.5345982728024463,-0.5820860732002459,False,0.18297219998203218,14,14
16,nearest,crossed,False,7,0.029092602085843994,0.1638056185174974,0.1579222360024022,0.16003089825497155,513,549,CONVERGENCE: RELATIVE REDUCTION OF F <= FACTR*EPSMCH,-2.53457800289857,-0.5820227658227962,False,0.4258049000054598,14,14
16,nearest,crossed,False,8,0.02909260208653084,0.16380561851446956,0.1579222365944962,0.16003089874083568,286,312,CONVERGENCE: RELATIVE REDUCTION OF F <= FACTR*EPSMCH,-2.5344733583465535,-0.5816779733089829,False,0.29606909991707653,14,14
16,nearest,crossed,False,9,0.029699545465004508,0.16571327330902738,0.15965277967792854,0.16161251037587918,3620,4321,CONVERGENCE: RELATIVE REDUCTION OF F <= FACTR*EPSMCH,-7.962013256186017,7.539914014929109,True,3.9848482999950647,14,14
16,nearest,crossed,False,10,0.02954761287299551,0.16521938908991912,0.15917388239884256,0.16117988591300741,10433,12049,CONVERGENCE: RELATIVE REDUCTION OF F <= FACTR*EPSMCH,-2.8940438767247327,8.0,True,11.227671600063331,14,14
16,nearest,crossed,False,11,0.029092602085893735,0.16380561874322178,0.15792223681278406,0.16003089942825122,218,235,CONVERGENCE: RELATIVE REDUCTION OF F <= FACTR*EPSMCH,-2.5345878301001283,-0.5820524656864159,False,0.20556299993768334,14,14
16,nearest,crossed,False,12,0.031435135676178366,0.1707208805549649,0.16436443031746212,0.16638893609894226,3323,3927,CONVERGENCE: RELATIVE REDUCTION OF F <= FACTR*EPSMCH,-8.0,6.127730593406329,True,3.672888599918224,14,14
16,nearest,crossed,False,13,0.029700636000332244,0.16571539940693003,0.15964496397240063,0.16160246434582112,7043,8505,CONVERGENCE: RELATIVE REDUCTION OF F <= FACTR*EPSMCH,-8.0,7.990315238077569,True,7.282094800029881,14,14
16,nearest,crossed,False,14,0.02909260208637133,0.16380561842519928,0.15792223724123222,0.16003089997106898,364,397,CONVERGENCE: RELATIVE REDUCTION OF F <= FACTR*EPSMCH,-2.5345571075850843,-0.5819515171826651,False,0.3264784999191761,14,14
16,nearest,crossed,False,15,0.029092602088579146,0.1638056187851266,0.1579222369139276,0.16003089898512143,408,428,CONVERGENCE: RELATIVE REDUCTION OF F <= FACTR*EPSMCH,-2.5343593277601584,-0.5812990198886813,False,0.38347970007453114,14,14
16,nearest,crossed,False,16,0.029669171707603845,0.16561760948354112,0.15949285102041286,0.16144042254536392,7884,8938,CONVERGENCE: RELATIVE REDUCTION OF F <= FACTR*EPSMCH,-4.371194526653326,8.0,True,7.765479899942875,14,14
16,nearest,crossed,False,17,0.03110907205729024,0.17140046576845075,0.16544829168759909,0.1675989332040306,11266,12517,CONVERGENCE: RELATIVE REDUCTION OF F <= FACTR*EPSMCH,-3.453266585302219,6.041959543279991,False,11.443941800040193,14,14
16,nearest,crossed,False,18,0.029092602086930815,0.16380561897778592,0.15792223674980405,0.16003089929812675,412,450,CONVERGENCE: RELATIVE REDUCTION OF F <= FACTR*EPSMCH,-2.5345405139489303,-0.5818910465476087,False,0.3683474001009017,14,14
16,nearest,crossed,False,19,0.029701395452254933,0.16572002880784173,0.15966405313856555,0.1616247443263104,2329,2813,CONVERGENCE: RELATIVE REDUCTION OF F <= FACTR*EPSMCH,-8.0,8.0,True,2.3990173999918625,14,14
16,nearest,crossed,False,20,0.02931377539070099,0.16445812583616617,0.1585503544357598,0.16068632349323225,12750,15468,CONVERGENCE: RELATIVE REDUCTION OF F <= FACTR*EPSMCH,-3.243265077461602,7.418583577626158,False,13.758144299965352,14,14
16,nearest,crossed,False,21,0.03159922754718014,0.174032777658391,0.1680651128067298,0.17017472817385165,13058,16303,CONVERGENCE: RELATIVE REDUCTION OF F <= FACTR*EPSMCH,-7.888484801297197,2.6331965274418256,False,14.00726000010036,14,14
16,nearest,crossed,False,22,0.029092602086062208,0.16380561883584072,0.15792223718657056,0.1600309001910994,291,314,CONVERGENCE: RELATIVE REDUCTION OF F <= FACTR*EPSMCH,-2.5346179653181893,-0.5821498380313114,False,0.27292979997582734,14,14
16,nearest,crossed,False,23,0.029092602085829398,0.16380561875809846,0.157922237122474,0.16003089969300668,344,363,CONVERGENCE: RELATIVE REDUCTION OF F <= FACTR*EPSMCH,-2.5345927154327224,-0.5820653163339893,False,0.28512819996103644,14,14
16,nearest,crossed,False,24,0.029092602087462685,0.16380561876425748,0.15792223668153604,0.16003089890590277,298,316,CONVERGENCE: RELATIVE REDUCTION OF F <= FACTR*EPSMCH,-2.5344735708951234,-0.5816879513832022,False,0.2767085999948904,14,14
16,nearest,crossed,False,25,0.02909260208587345,0.16380561856335027,0.15792223565526448,0.1600308977252903,354,388,CONVERGENCE: RELATIVE REDUCTION OF F <= FACTR*EPSMCH,-2.5345939282139094,-0.5820756759379548,False,0.3343549999408424,14,14
16,nearest,crossed,False,26,0.0312420770244463,0.1701774004369146,0.1636936535521613,0.165659300169947,4017,4605,CONVERGENCE: RELATIVE REDUCTION OF F <= FACTR*EPSMCH,-8.0,6.763663590074734,True,3.966685099992901,14,14
16,nearest,crossed,False,27,0.031309849590197336,0.17037181744807386,0.16384272277091183,0.16582157894461386,8812,10193,CONVERGENCE: RELATIVE REDUCTION OF F <= FACTR*EPSMCH,-8.0,7.533684031351235,True,8.755358200054616,14,14
16,nearest,crossed,False,28,0.02909260208591238,0.16380561854861952,0.15792223651674903,0.16003089890469635,487,522,CONVERGENCE: RELATIVE REDUCTION OF F <= FACTR*EPSMCH,-2.534555967186589,-0.5819502551928387,False,0.4867077999515459,14,14
16,nearest,crossed,False,29,0.029092602087824118,0.1638056186843506,0.15792223636946093,0.16003089880731947,344,370,CONVERGENCE: RELATIVE REDUCTION OF F <= FACTR*EPSMCH,-2.5346423712719703,-0.5822242807289869,False,0.34940280008595437,14,14
16,nearest,crossed,False,30,0.029092602085911523,0.16380561870371002,0.15792223732199392,0.16003090011468118,357,381,CONVERGENCE: RELATIVE REDUCTION OF F <= FACTR*EPSMCH,-2.534611867103677,-0.5821297855437044,False,0.3285137000493705,14,14
16,nearest,crossed,False,31,0.029092602085828104,0.16380561866976742,0.15792223632134392,0.16003089867622064,583,622,CONVERGENCE: RELATIVE REDUCTION OF F <= FACTR*EPSMCH,-2.534600340689995,-0.5820915347593595,False,0.5401682000374421,14,14
16,nearest,crossed,False,32,0.02909260208654941,0.163805618865174,0.1579222363761735,0.16003089911126508,474,512,CONVERGENCE: RELATIVE REDUCTION OF F <= FACTR*EPSMCH,-2.534724264347939,-0.5824944725923538,False,0.4786226999713108,14,14
16,nearest,crossed,False,33,0.029092602085831344,0.1638056186033789,0.1579222368007856,0.16003089939616344,224,243,CONVERGENCE: RELATIVE REDUCTION OF F <= FACTR*EPSMCH,-2.534598091562652,-0.5820834095677788,False,0.20631529996171594,14,14
16,nearest,crossed,False,34,0.029092602085872,0.16380561837873822,0.15792223613110548,0.16003089844266996,471,505,CONVERGENCE: RELATIVE REDUCTION OF F <= FACTR*EPSMCH,-2.5345851716870778,-0.5820470233446363,False,0.46061499998904765,14,14
16,nearest,crossed,False,35,0.029700997329789165,0.1657182930550524,0.15965457933555452,0.16161363211984983,1519,1913,CONVERGENCE: RELATIVE REDUCTION OF F <= FACTR*EPSMCH,-8.0,8.0,True,2.1320951000088826,14,14
16,nearest,crossed,False,36,0.035428593690245695,0.18820923874725962,0.1818265027094413,0.1841528727254385,500,767,CONVERGENCE: RELATIVE REDUCTION OF F <= FACTR*EPSMCH,-1.49582616753472,-1.1220186567071413,False,0.6493988001020625,14,14
16,nearest,crossed,False,37,0.029700429612830717,0.16571476464472903,0.1596478459906304,0.16160577660766104,1162,1407,CONVERGENCE: RELATIVE REDUCTION OF F <= FACTR*EPSMCH,-8.0,7.993802378744656,True,1.3745886000106111,14,14
16,nearest,crossed,False,38,0.02909260208677158,0.1638056186920022,0.1579222366394697,0.16003089909543436,375,408,CONVERGENCE: RELATIVE REDUCTION OF F <= FACTR*EPSMCH,-2.5345287813022757,-0.5818602829089515,False,0.5260978000005707,14,14
16,nearest,crossed,False,39,0.029092602086432717,0.16380561862620835,0.15792223656105417,0.1600308987837735,307,337,CONVERGENCE: RELATIVE REDUCTION OF F <= FACTR*EPSMCH,-2.5345369912479905,-0.5818910375060814,False,0.4567801000084728,14,14
16,nearest,crossed,False,40,0.0296999308568395,0.16571419911859372,0.15964802019424126,0.16160643926913132,3871,4665,CONVERGENCE: RELATIVE REDUCTION OF F <= FACTR*EPSMCH,-8.0,6.560633576234881,True,4.978146400069818,14,14
16,nearest,crossed,False,41,0.02909260208659795,0.16380561870228744,0.1579222373539683,0.160030900557653,303,321,CONVERGENCE: RELATIVE REDUCTION OF F <= FACTR*EPSMCH,-2.534709838978999,-0.5824466793185106,False,0.3353130000177771,14,14
16,nearest,crossed,False,42,0.02909260208583097,0.1638056186786567,0.1579222366994861,0.16003089937626538,389,423,CONVERGENCE: RELATIVE REDUCTION OF F <= FACTR*EPSMCH,-2.5345979202540043,-0.5820824316978086,False,0.36843630007933825,14,14
16,nearest,crossed,False,43,0.029092602085962954,0.16380561880846606,0.157922237414613,0.16003090010088433,293,320,CONVERGENCE: RELATIVE REDUCTION OF F <= FACTR*EPSMCH,-2.5345757133588975,-0.5820072413394097,False,0.3152815999928862,14,14
16,nearest,crossed,False,44,0.031242076177063073,0.170177409313189,0.16369351944617197,0.16565915417908111,3671,4187,CONVERGENCE: RELATIVE REDUCTION OF F <= FACTR*EPSMCH,-8.0,6.749473144941731,True,4.544948199996725,14,14
16,nearest,crossed,False,45,0.02970004369818618,0.1657155687317998,0.1596535246781159,0.1616130020366977,5893,6759,CONVERGENCE: RELATIVE REDUCTION OF F <= FACTR*EPSMCH,-8.0,7.001469829408898,True,6.088427899987437,14,14
16,nearest,crossed,False,46,0.031242455690968177,0.17017851736835482,0.16369472331634968,0.16566031766994974,2390,2794,CONVERGENCE: RELATIVE REDUCTION OF F <= FACTR*EPSMCH,-8.0,7.999998718002565,True,2.404159800033085,14,14
16,nearest,crossed,False,47,0.031242510926007803,0.1701786498537394,0.1636895430234195,0.1656549636359652,2551,3071,CONVERGENCE: RELATIVE REDUCTION OF F <= FACTR*EPSMCH,-8.0,7.998869330200115,True,2.536932999966666,14,14
16,nearest,crossed,False,48,0.02969879615499028,0.16571095657182697,0.15964586315133525,0.16160450416022737,6477,7465,CONVERGENCE: RELATIVE REDUCTION OF F <= FACTR*EPSMCH,-7.801302400379148,7.404195818527237,False,6.522924299933948,14,14
16,nearest,crossed,False,49,0.03110903420650608,0.17140048430237206,0.16544899506642627,0.16759964727246413,11484,13042,CONVERGENCE: RELATIVE REDUCTION OF F <= FACTR*EPSMCH,-3.455961413642541,6.583993950165697,False,11.2277599000372,14,14
16,nearest,crossed,False,50,0.02909260208583347,0.16380561851136943,0.15792223655363802,0.16003089907906104,284,320,CONVERGENCE: RELATIVE REDUCTION OF F <= FACTR*EPSMCH,-2.5345856386629344,-0.5820448009526962,False,0.2981639999197796,14,14
16,nearest,crossed,False,51,0.02970194503239755,0.16572017911743625,0.15965485604424587,0.1616133748173182,4434,4942,CONVERGENCE: RELATIVE REDUCTION OF F <= FACTR*EPSMCH,-8.0,6.500691893837717,True,4.2647846000036225,14,14
16,nearest,crossed,False,52,0.03100752549490077,0.16952809703113975,0.16290762587549343,0.16488580454953758,4746,5694,CONVERGENCE: RELATIVE REDUCTION OF F <= FACTR*EPSMCH,-3.22041306360897,8.0,True,4.8988434000639245,14,14
16,nearest,crossed,False,53,0.02909260208595067,0.16380561855971024,0.1579222365569111,0.16003089884148589,283,299,CONVERGENCE: RELATIVE REDUCTION OF F <= FACTR*EPSMCH,-2.534550286256471,-0.5819288327202483,False,0.23453219991642982,14,14
16,nearest,crossed,False,54,0.02970115565092802,0.1657191225523671,0.1596608577075283,0.16162109815583786,1818,2229,CONVERGENCE: RELATIVE REDUCTION OF F <= FACTR*EPSMCH,-8.0,7.5945119314795715,True,2.0042402999242768,14,14
16,nearest,crossed,False,55,0.03270156657656916,0.17663712300764448,0.17038094607811452,0.1725463681554488,4177,4633,CONVERGENCE: RELATIVE REDUCTION OF F <= FACTR*EPSMCH,-8.0,6.771923342598896,True,4.054719400010072,14,14
16,nearest,crossed,False,56,0.0296687657244412,0.16561662848558364,0.15948545886848264,0.1614318240657668,30663,35901,CONVERGENCE: RELATIVE REDUCTION OF F <= FACTR*EPSMCH,-4.281258746045285,7.975110423951576,True,31.192778599914163,14,14
16,nearest,crossed,False,57,0.035932686860583346,0.18835072561910704,0.18195347966850636,0.184254751056399,126,257,CONVERGENCE: RELATIVE REDUCTION OF F <= FACTR*EPSMCH,-2.0510450684593686,-0.761818651411851,False,0.21502390003297478,14,14
16,nearest,crossed,False,58,0.029092602085839196,0.16380561854559597,0.15792223668815114,0.16003089929686834,533,573,CONVERGENCE: RELATIVE REDUCTION OF F <= FACTR*EPSMCH,-2.534613823518222,-0.5821381759892554,False,0.49339339998550713,14,14
16,nearest,crossed,False,59,0.02985610946034376,0.16602382217755537,0.15996463204245215,0.16206313502774722,104,110,CONVERGENCE: RELATIVE REDUCTION OF F <= FACTR*EPSMCH,-2.440524171559239,-0.4864317087100052,False,0.10154209996107966,14,14
16,nearest,crossed,False,60,0.029092602086087285,0.16380561889958167,0.1579222366703043,0.1600308990215443,357,381,CONVERGENCE: RELATIVE REDUCTION OF F <= FACTR*EPSMCH,-2.534540666806431,-0.5818951036142732,False,0.3518564000260085,14,14
16,nearest,crossed,False,61,0.029699879456930568,0.16571446084146646,0.15965066377688497,0.1616096755949919,5776,7159,CONVERGENCE: RELATIVE REDUCTION OF F <= FACTR*EPSMCH,-7.998368221706896,5.627548140846973,True,6.101223999983631,14,14
16,nearest,crossed,False,62,0.029092602085828437,0.16380561868399315,0.15792223712658693,0.16003089974423168,398,472,CONVERGENCE: RELATIVE REDUCTION OF F <= FACTR*EPSMCH,-2.5345951454536224,-0.5820732889101905,False,0.44105459994170815,14,14
16,nearest,crossed,False,63,0.029092602086077543,0.1638056186329658,0.15792223623623483,0.1600308983913491,461,491,CONVERGENCE: RELATIVE REDUCTION OF F <= FACTR*EPSMCH,-2.5345209898208614,-0.5818406931431714,False,0.42980510008055717,14,14
16,nearest,crossed,False,64,0.02909260208607737,0.16380561833612756,0.15792223613047343,0.16003089846719362,385,465,CONVERGENCE: RELATIVE REDUCTION OF F <= FACTR*EPSMCH,-2.5345911970304518,-0.5820673450355744,False,0.46763760002795607,14,14
16,nearest,crossed,False,65,0.03581089118018742,0.1876282139604875,0.1812672430674542,0.1835902634064097,103,183,CONVERGENCE: RELATIVE REDUCTION OF F <= FACTR*EPSMCH,-1.497596293887157,-0.9243905826263283,False,0.16382769995834678,14,14
16,nearest,crossed,False,66,0.029856109460347956,0.16602382194648196,0.15996463202137481,0.162063134894773,3142,3527,CONVERGENCE: RELATIVE REDUCTION OF F <= FACTR*EPSMCH,-2.19724777207658,-0.34895237526489964,False,2.9147370000137016,14,14
16,nearest,crossed,False,67,0.031242074427852762,0.17017739174044685,0.16369350081366013,0.1656591064038952,4466,5091,CONVERGENCE: RELATIVE REDUCTION OF F <= FACTR*EPSMCH,-8.0,8.0,True,4.267433799919672,14,14
16,nearest,crossed,False,68,0.03601501968143775,0.1883628430796286,0.18200558804421563,0.18433137060261456,302,484,CONVERGENCE: RELATIVE REDUCTION OF F <= FACTR*EPSMCH,-2.668109389824279,-1.004135529260269,False,0.39707709988579154,14,14
16,nearest,crossed,False,69,0.029092602085916682,0.16380561869522758,0.15792223730764257,0.16003090027490888,512,555,CONVERGENCE: RELATIVE REDUCTION OF F <= FACTR*EPSMCH,-2.5346386744032303,-0.5822080909546714,False,0.5062241998966783,14,14
16,nearest,crossed,False,70,0.035545481286293264,0.1881880856371003,0.18180498941615078,0.18413216830014265,119,223,CONVERGENCE: RELATIVE REDUCTION OF F <= FACTR*EPSMCH,-8.0,-1.0885556754484667,True,0.17730280000250787,14,14
16,nearest,crossed,False,71,0.029092602085889655,0.16380561857580334,0.15792223659912732,0.16003089911278312,521,649,CONVERGENCE: RELATIVE REDUCTION OF F <= FACTR*EPSMCH,-2.5345907333113025,-0.582063368489797,False,0.5546770000364631,14,14
16,nearest,crossed,False,72,0.029092602085891144,0.16380561882579148,0.15792223687121612,0.16003089947904436,478,519,CONVERGENCE: RELATIVE REDUCTION OF F <= FACTR*EPSMCH,-2.534594949482933,-0.5820732187305394,False,0.4396993999835104,14,14
16,nearest,crossed,False,73,0.029092602086255033,0.1638056183644501,0.15792223574171463,0.16003089835346063,270,295,CONVERGENCE: RELATIVE REDUCTION OF F <= FACTR*EPSMCH,-2.5346681480708853,-0.5823117016096184,False,0.2437962000258267,14,14
16,nearest,crossed,False,74,0.029669252534387708,0.16562086338541585,0.15950926042127872,0.161460529988529,13387,15158,CONVERGENCE: RELATIVE REDUCTION OF F <= FACTR*EPSMCH,-4.279384861132228,7.999999001286087,True,12.98879139998462,14,14
16,nearest,crossed,False,75,0.029856109460343824,0.1660238221141078,0.15996463204706093,0.16206313510044937,123,135,CONVERGENCE: RELATIVE REDUCTION OF F <= FACTR*EPSMCH,-2.3931255387279506,-0.544334647799579,False,0.10408479999750853,14,14
16,nearest,crossed,False,76,0.03124207627609505,0.1701774206271443,0.16369350332383442,0.16565911297092517,2873,3269,CONVERGENCE: RELATIVE REDUCTION OF F <= FACTR*EPSMCH,-8.0,7.077314343619326,True,2.7575684000039473,14,14
16,nearest,crossed,False,77,0.02970077920830316,0.1657183968994544,0.15966367213213523,0.1616245783674184,3050,3519,CONVERGENCE: RELATIVE REDUCTION OF F <= FACTR*EPSMCH,-8.0,7.999999999638244,True,3.1651558000594378,14,14
16,nearest,crossed,False,78,0.02909260208587938,0.16380561851603812,0.15792223646958187,0.16003089906752155,376,422,CONVERGENCE: RELATIVE REDUCTION OF F <= FACTR*EPSMCH,-2.5346237795462523,-0.5821663339958996,False,0.3876210000598803,14,14
16,nearest,crossed,False,79,0.02909260208582633,0.1638056185347081,0.15792223699543478,0.16003089970452386,372,400,CONVERGENCE: RELATIVE REDUCTION OF F <= FACTR*EPSMCH,-2.5345988670257102,-0.5820877710740406,False,0.3519873999757692,14,14
16,nearest,crossed,False,80,0.02985610946034394,0.16602382212345476,0.159964631822692,0.16206313478848505,194,226,CONVERGENCE: RELATIVE REDUCTION OF F <= FACTR*EPSMCH,-2.4366613765998655,-0.4811083952865546,False,0.20287359994836152,14,14
16,nearest,crossed,False,81,0.029092602086749266,0.16380561900069013,0.15792223775736255,0.16003090062990774,533,582,CONVERGENCE: RELATIVE REDUCTION OF F <= FACTR*EPSMCH,-2.5346368314301824,-0.5822092194419213,False,0.5100621999008581,14,14
16,nearest,crossed,False,82,0.029092602086199362,0.1638056186251419,0.15792223723350474,0.16003090019359553,247,259,CONVERGENCE: RELATIVE REDUCTION OF F <= FACTR*EPSMCH,-2.5346456340609747,-0.5822370227164443,False,0.202892400091514,14,14
16,nearest,crossed,False,83,0.031242080914572496,0.17017744532438892,0.16369352081163235,0.16565914420203004,3067,3452,CONVERGENCE: RELATIVE REDUCTION OF F <= FACTR*EPSMCH,-8.0,7.999379197292678,True,3.1071098999818787,14,14
16,nearest,crossed,False,84,0.02909260208624225,0.1638056185830607,0.1579222371315476,0.1600308999173319,397,425,CONVERGENCE: RELATIVE REDUCTION OF F <= FACTR*EPSMCH,-2.534558015983385,-0.5819520069260927,False,0.3703720000339672,14,14
16,nearest,crossed,False,85,0.029092602086197822,0.1638056187328259,0.1579222369256972,0.16003089957757174,327,358,CONVERGENCE: RELATIVE REDUCTION OF F <= FACTR*EPSMCH,-2.5346438602257524,-0.5822395567317518,False,0.30817420000676066,14,14
16,nearest,crossed,False,86,0.029092602086190054,0.16380561848445319,0.15792223670234048,0.16003089960139846,302,346,CONVERGENCE: RELATIVE REDUCTION OF F <= FACTR*EPSMCH,-2.5346166913396613,-0.582140326151487,False,0.3232463999884203,14,14
16,nearest,crossed,False,87,0.02909260208645421,0.1638056185157613,0.15792223636603722,0.16003089886857683,340,363,CONVERGENCE: RELATIVE REDUCTION OF F <= FACTR*EPSMCH,-2.5346780496509957,-0.5823478636375662,False,0.30235280003398657,14,14
16,nearest,crossed,False,88,0.029092602085940056,0.16380561852507744,0.1579222362368498,0.16003089869387002,296,322,CONVERGENCE: RELATIVE REDUCTION OF F <= FACTR*EPSMCH,-2.5346212190812856,-0.5821589103774463,False,0.2710322999628261,14,14
16,nearest,crossed,False,89,0.029700305178781042,0.16571577992832517,0.15965372231037211,0.16161312876667577,5909,6681,CONVERGENCE: RELATIVE REDUCTION OF F <= FACTR*EPSMCH,-8.0,7.999987966976038,True,5.769563100067899,14,14
16,nearest,crossed,False,90,0.031242077097012565,0.1701774062043095,0.16369351289693013,0.16565913567628116,2848,3185,CONVERGENCE: RELATIVE REDUCTION OF F <= FACTR*EPSMCH,-8.0,6.768251532457401,True,3.002439400064759,14,14
16,nearest,crossed,False,91,0.029092602087897084,0.16380561869991656,0.157922237346371,0.16003090064197206,319,344,CONVERGENCE: RELATIVE REDUCTION OF F <= FACTR*EPSMCH,-2.534766388794102,-0.5826256238636233,False,0.28910060005728155,14,14
16,nearest,crossed,False,92,0.029092602086543434,0.16380561849121755,0.1579222371365185,0.16003089993489544,618,665,CONVERGENCE: RELATIVE REDUCTION OF F <= FACTR*EPSMCH,-2.5346880350550554,-0.5823884209446579,False,0.6101572000188753,14,14
16,nearest,crossed,False,93,0.029092602086162142,0.1638056186806581,0.1579222375574499,0.16003090019520555,374,403,CONVERGENCE: RELATIVE REDUCTION OF F <= FACTR*EPSMCH,-2.534550525398217,-0.5819318760935721,False,0.3453563000075519,14,14
16,nearest,crossed,False,94,0.029701825974054002,0.16572044863816252,0.15965214316560364,0.1616101496718961,9270,11060,CONVERGENCE: RELATIVE REDUCTION OF F <= FACTR*EPSMCH,-8.0,7.999856973960337,True,9.469878499978222,14,14
16,nearest,crossed,False,95,0.029092602086355702,0.16380561861885665,0.15792223658862123,0.1600308993658732,411,444,CONVERGENCE: RELATIVE REDUCTION OF F <= FACTR*EPSMCH,-2.5346216529137027,-0.5821559098836105,False,0.39231330004986376,14,14
16,nearest,crossed,False,96,0.02935928042995672,0.16463564621559987,0.15881491818152244,0.16092653845663435,7797,8800,CONVERGENCE: RELATIVE REDUCTION OF F <= FACTR*EPSMCH,-3.461598373790888,5.672637354045406,False,7.764032100094482,14,14
16,nearest,crossed,False,97,0.029092602086023087,0.16380561844980424,0.1579222367823333,0.1600308995137782,403,436,CONVERGENCE: RELATIVE REDUCTION OF F <= FACTR*EPSMCH,-2.5345850715892513,-0.5820386877850254,False,0.37536840001121163,14,14
16,nearest,crossed,False,98,0.02970005751960334,0.16571503066047708,0.15964956833927219,0.16160824907432741,8901,10104,CONVERGENCE: RELATIVE REDUCTION OF F <= FACTR*EPSMCH,-8.0,7.999999999998473,True,8.689140100032091,14,14
16,nearest,crossed,False,99,0.03124208558339717,0.17017745315040103,0.1636935242665028,0.16565915332546471,13453,15331,CONVERGENCE: RELATIVE REDUCTION OF F <= FACTR*EPSMCH,-8.0,6.590098080527001,True,12.992482899921015,14,14
16,nearest,crossed,False,100,0.029092602085844733,0.16380561851074124,0.15792223604519176,0.16003089820262625,599,641,CONVERGENCE: RELATIVE REDUCTION OF F <= FACTR*EPSMCH,-2.5345934139766713,-0.5820741060977844,False,0.6074236000422388,14,14
16,nearest,crossed,False,101,0.02985610946035554,0.16602382218754097,0.15996463090847066,0.16206313384979304,120,134,CONVERGENCE: RELATIVE REDUCTION OF F <= FACTR*EPSMCH,-2.406638148444038,-0.4150040348172206,False,0.10395229991991073,14,14
16,nearest,crossed,False,102,0.029092602086110603,0.16380561865719642,0.15792223668185676,0.16003089932149278,365,408,CONVERGENCE: RELATIVE REDUCTION OF F <= FACTR*EPSMCH,-2.534646224226598,-0.5822414120086304,False,0.33563470002263784,14,14
16,nearest,crossed,False,103,0.02955063524257073,0.16522752134011767,0.15917764913270163,0.1611805375511235,10962,12593,CONVERGENCE: RELATIVE REDUCTION OF F <= FACTR*EPSMCH,-3.117129522917707,8.0,True,10.795214699930511,14,14
16,nearest,crossed,False,104,0.029092602085842485,0.16380561860159362,0.15792223680325082,0.1600308996062248,392,424,CONVERGENCE: RELATIVE REDUCTION OF F <= FACTR*EPSMCH,-2.5345848846104033,-0.5820398723402969,False,0.34746640000957996,14,14
16,nearest,crossed,False,105,0.029092602085902555,0.16380561835714166,0.15792223602911473,0.16003089829353437,425,473,CONVERGENCE: RELATIVE REDUCTION OF F <= FACTR*EPSMCH,-2.5345975071895195,-0.582081389205086,False,0.38824370002839714,14,14
16,nearest,crossed,False,106,0.02909260208651139,0.16380561849813505,0.1579222367691655,0.16003089957607208,345,368,CONVERGENCE: RELATIVE REDUCTION OF F <= FACTR*EPSMCH,-2.53465923561405,-0.5822870433668985,False,0.3140847999602556,14,14
16,nearest,crossed,False,107,0.02909260208594102,0.1638056187196293,0.15792223729903115,0.1600309000747279,330,375,CONVERGENCE: RELATIVE REDUCTION OF F <= FACTR*EPSMCH,-2.5345974669563134,-0.5820831459865375,False,0.35477639990858734,14,14
16,nearest,crossed,False,108,0.029092602085834293,0.16380561861532247,0.15792223735175662,0.16003090013748592,345,379,CONVERGENCE: RELATIVE REDUCTION OF F <= FACTR*EPSMCH,-2.534585631535103,-0.5820494669061488,False,0.3276390000246465,14,14
16,nearest,crossed,False,109,0.029092602085840753,0.1638056187100294,0.15792223698777128,0.16003089955147212,280,310,CONVERGENCE: RELATIVE REDUCTION OF F <= FACTR*EPSMCH,-2.5345833098292445,-0.5820319431835383,False,0.27032360003795475,14,14
16,nearest,crossed,False,110,0.029092602086184374,0.16380561856759837,0.15792223652344103,0.1600308992662564,975,1143,CONVERGENCE: RELATIVE REDUCTION OF F <= FACTR*EPSMCH,-2.53467773565254,-0.582343623788889,False,1.026117300032638,14,14
16,nearest,crossed,False,111,0.02909260208583591,0.16380561850036032,0.1579222363075813,0.16003089897607065,263,281,CONVERGENCE: RELATIVE REDUCTION OF F <= FACTR*EPSMCH,-2.5345948425438665,-0.5820666681895224,False,0.26264450000599027,14,14
16,nearest,crossed,False,112,0.029856109460343547,0.16602382203737537,0.159964632258546,0.16206313528098829,118,136,CONVERGENCE: RELATIVE REDUCTION OF F <= FACTR*EPSMCH,-2.4511012370186793,-0.5086183035246582,False,0.12246390001382679,14,14
16,nearest,crossed,False,113,0.029856109460347176,0.16602382203484345,0.15996463339564818,0.16206313670729794,147,170,CONVERGENCE: RELATIVE REDUCTION OF F <= FACTR*EPSMCH,-2.441581972156099,-0.5339368853997419,False,0.166730499942787,14,14
16,nearest,crossed,False,114,0.029092602085840275,0.16380561856679518,0.1579222366284948,0.16003089916997632,596,643,CONVERGENCE: RELATIVE REDUCTION OF F <= FACTR*EPSMCH,-2.5346027039375003,-0.5821031869039371,False,0.531730099930428,14,14
16,nearest,crossed,False,115,0.0360942811995256,0.18854549092539866,0.18219596393997575,0.1845181111995645,576,839,CONVERGENCE: RELATIVE REDUCTION OF F <= FACTR*EPSMCH,-3.3934540528056374,-1.0012667649534919,False,0.726208099978976,14,14
16,nearest,crossed,False,116,0.029701274484439072,0.1657204014650605,0.15966026837414382,0.1616201334660244,7146,8762,CONVERGENCE: RELATIVE REDUCTION OF F <= FACTR*EPSMCH,-8.0,7.73958136734755,True,7.461330899968743,14,14
16,nearest,crossed,False,117,0.029702144044034692,0.16572132266356637,0.1596572363323225,0.16161600557385106,3229,3800,CONVERGENCE: RELATIVE REDUCTION OF F <= FACTR*EPSMCH,-8.0,5.7976487171350835,True,3.2807270999765024,14,14
16,nearest,crossed,False,118,0.029092602086302117,0.16380561854093423,0.15792223633246522,0.1600308990708171,449,478,CONVERGENCE: RELATIVE REDUCTION OF F <= FACTR*EPSMCH,-2.534692578685867,-0.5823901985031517,False,0.42095970001537353,14,14
16,nearest,crossed,False,119,0.02909260208599443,0.16380561854192774,0.15792223610080866,0.16003089843160434,527,562,CONVERGENCE: RELATIVE REDUCTION OF F <= FACTR*EPSMCH,-2.5345665683551695,-0.5819802226524223,False,0.49502429994754493,14,14
16,nearest,crossed,False,120,0.02909260208622319,0.16380561878228697,0.1579222364298945,0.16003089859055694,344,367,CONVERGENCE: RELATIVE REDUCTION OF F <= FACTR*EPSMCH,-2.5345182985756773,-0.5818236326931256,False,0.30733340000733733,14,14
16,nearest,crossed,False,121,0.029092602085935965,0.16380561857073705,0.1579222362862603,0.16003089902384532,321,345,CONVERGENCE: RELATIVE REDUCTION OF F <= FACTR*EPSMCH,-2.5346188310822164,-0.5821499551129085,False,0.2995294000720605,14,14
16,nearest,crossed,False,122,0.029092602087083738,0.163805618528391,0.15792223600952218,0.16003089831607537,659,709,CONVERGENCE: RELATIVE REDUCTION OF F <= FACTR*EPSMCH,-2.5344912006672815,-0.5817366834691439,False,0.601676799939014,14,14
16,nearest,crossed,False,123,0.029856109460346093,0.16602382206184685,0.15996463202027,0.1620631349008149,121,137,CONVERGENCE: RELATIVE REDUCTION OF F <= FACTR*EPSMCH,-2.4369280728907965,-0.5316950789042322,False,0.127894000033848,14,14
16,nearest,crossed,False,124,0.02909260208709592,0.16380561882122588,0.1579222383139032,0.1600309019103784,375,403,CONVERGENCE: RELATIVE REDUCTION OF F <= FACTR*EPSMCH,-2.5347300322325332,-0.5825068813990021,False,0.33819109993055463,14,14
16,nearest,crossed,False,125,0.029092602086134154,0.1638056188082676,0.15792223688776824,0.1600308998061578,351,376,CONVERGENCE: RELATIVE REDUCTION OF F <= FACTR*EPSMCH,-2.5346817120643372,-0.5823537367701437,False,0.325601699994877,14,14
16,nearest,crossed,False,126,0.029092602086016106,0.16380561879668892,0.15792223741319872,0.160030899717922,454,486,CONVERGENCE: RELATIVE REDUCTION OF F <= FACTR*EPSMCH,-2.5345379723434824,-0.5818895518855136,False,0.45801369997207075,14,14
16,nearest,crossed,False,127,0.0290926020858362,0.16380561859518333,0.15792223660142432,0.16003089935652842,376,410,CONVERGENCE: RELATIVE REDUCTION OF F <= FACTR*EPSMCH,-2.53460301515199,-0.5820939278605239,False,0.35531209991313517,14,14
16,nearest,crossed,False,128,0.029549480875652477,0.1652252416666679,0.15916402167433677,0.16116502969546176,46890,55060,CONVERGENCE: RELATIVE REDUCTION OF F <= FACTR*EPSMCH,-2.5769590021818725,8.0,True,46.78052840009332,14,14
16,nearest,crossed,False,129,0.02970192223681754,0.16572095992214078,0.15965830722920812,0.1616174589735336,3202,3596,CONVERGENCE: RELATIVE REDUCTION OF F <= FACTR*EPSMCH,-8.0,5.601782133614804,True,3.137626999989152,14,14
16,nearest,crossed,False,130,0.029092602087074957,0.16380561908030236,0.15792223836480185,0.16003090179416396,281,296,CONVERGENCE: RELATIVE REDUCTION OF F <= FACTR*EPSMCH,-2.534588204439382,-0.5820450106244046,False,0.2472592000849545,14,14
16,nearest,crossed,False,131,0.029092602085962076,0.16380561876356783,0.1579222373233204,0.16003090019027114,350,375,CONVERGENCE: RELATIVE REDUCTION OF F <= FACTR*EPSMCH,-2.5346238422999843,-0.5821678657509439,False,0.3372579999268055,14,14
16,nearest,crossed,False,132,0.02985610946034544,0.16602382212617114,0.15996463169009445,0.16206313467056624,114,122,CONVERGENCE: RELATIVE REDUCTION OF F <= FACTR*EPSMCH,-2.452847996871139,-0.5058149847536325,False,0.11391090007964522,14,14
16,nearest,crossed,False,133,0.03124209524087685,0.17017746691551394,0.16369353165046005,0.1656591250680178,10099,11578,CONVERGENCE: RELATIVE REDUCTION OF F <= FACTR*EPSMCH,-8.0,5.986839876312042,True,9.95752789999824,14,14
16,nearest,crossed,False,134,0.029092602086017025,0.16380561896766452,0.1579222374041868,0.16003089966014747,333,365,CONVERGENCE: RELATIVE REDUCTION OF F <= FACTR*EPSMCH,-2.5345626772635965,-0.5819727296949343,False,0.29053309990558773,14,14
16,nearest,crossed,False,135,0.029092602086520373,0.1638056183654772,0.15792223639338712,0.1600308988542213,394,437,CONVERGENCE: RELATIVE REDUCTION OF F <= FACTR*EPSMCH,-2.534552922697429,-0.5819395588274885,False,0.40961760003119707,14,14
16,nearest,crossed,False,136,0.029092602088357664,0.16380561873396843,0.15792223760343152,0.16003090078907412,300,324,CONVERGENCE: RELATIVE REDUCTION OF F <= FACTR*EPSMCH,-2.534694369639393,-0.582402390042561,False,0.2956798999803141,14,14
16,nearest,crossed,False,137,0.029092602085901018,0.1638056188876543,0.1579222378456549,0.160030900652109,515,564,CONVERGENCE: RELATIVE REDUCTION OF F <= FACTR*EPSMCH,-2.5346181030558186,-0.5821407501597793,False,0.5155659000156447,14,14
16,nearest,crossed,False,138,0.029552592171822822,0.16523396370492205,0.15917276620051168,0.16117124636176522,5158,6038,CONVERGENCE: RELATIVE REDUCTION OF F <= FACTR*EPSMCH,-3.772525159876474,8.0,True,5.09232759999577,14,14
16,nearest,crossed,False,139,0.02909260208584268,0.16380561882626268,0.15792223761659932,0.16003090027860098,408,437,CONVERGENCE: RELATIVE REDUCTION OF F <= FACTR*EPSMCH,-2.534598483364611,-0.5820844398062611,False,0.3765750000020489,14,14
16,nearest,crossed,False,140,0.02909260208599444,0.16380561836701582,0.15792223622986706,0.16003089878821292,286,314,CONVERGENCE: RELATIVE REDUCTION OF F <= FACTR*EPSMCH,-2.534631331951313,-0.5821927068287861,False,0.2454089999664575,14,14
16,nearest,crossed,False,141,0.029092602085975833,0.16380561849081574,0.15792223629404675,0.16003089876876384,337,361,CONVERGENCE: RELATIVE REDUCTION OF F <= FACTR*EPSMCH,-2.5345653946227196,-0.5819747995394086,False,0.30965240008663386,14,14
16,nearest,crossed,False,142,0.029092602085904782,0.16380561872045935,0.15792223701553754,0.16003089967588,391,424,CONVERGENCE: RELATIVE REDUCTION OF F <= FACTR*EPSMCH,-2.534573948286105,-0.5820073931378853,False,0.33837710006628186,14,14
16,nearest,crossed,False,143,0.035829627085374086,0.1877969617717077,0.181418952320904,0.18373671778719733,263,400,CONVERGENCE: RELATIVE REDUCTION OF F <= FACTR*EPSMCH,-1.073240059219164,-0.6756703342999392,False,0.32361030008178204,14,14
16,nearest,crossed,False,144,0.029092602086077914,0.16380561861984017,0.1579222369014486,0.16003089968840953,602,707,CONVERGENCE: RELATIVE REDUCTION OF F <= FACTR*EPSMCH,-2.534632565367323,-0.5821954987389488,False,0.6070471999701113,14,14
16,nearest,crossed,False,145,0.02909260208626175,0.163805618302835,0.15792223714112777,0.16003090004707612,628,696,CONVERGENCE: RELATIVE REDUCTION OF F <= FACTR*EPSMCH,-2.534638419430391,-0.5822192878446982,False,0.5676176999695599,14,14
16,nearest,crossed,False,146,0.02985610946034624,0.1660238222046768,0.15996463241920134,0.16206313536489353,130,145,CONVERGENCE: RELATIVE REDUCTION OF F <= FACTR*EPSMCH,-2.199879471598544,-0.4236028081875495,False,0.10918489994946867,14,14
16,nearest,crossed,False,147,0.029092602085838772,0.16380561856803516,0.157922236883081,0.1600308995328423,417,451,CONVERGENCE: RELATIVE REDUCTION OF F <= FACTR*EPSMCH,-2.5345954695194566,-0.5820761051545378,False,0.35849449993111193,14,14
16,nearest,crossed,False,148,0.029092602085844126,0.16380561880469302,0.15792223730220586,0.1600308999884025,279,298,CONVERGENCE: RELATIVE REDUCTION OF F <= FACTR*EPSMCH,-2.5346082575751687,-0.5821148354791049,False,0.2644806000171229,14,14
16,nearest,crossed,False,149,0.02909260208594008,0.16380561879639158,0.1579222365994768,0.16003089901489156,205,225,CONVERGENCE: RELATIVE REDUCTION OF F <= FACTR*EPSMCH,-2.5345605529886264,-0.5819585139081577,False,0.19931679998990148,14,14
16,nearest,crossed,False,150,0.029092602086189967,0.16380561863597826,0.15792223690349927,0.1600308994417186,414,451,CONVERGENCE: RELATIVE REDUCTION OF F <= FACTR*EPSMCH,-2.5345190103645687,-0.5818319677139225,False,0.3830751000205055,14,14
16,nearest,crossed,False,151,0.029856109460345163,0.16602382218299488,0.15996463214572793,0.16206313525200644,133,143,CONVERGENCE: RELATIVE REDUCTION OF F <= FACTR*EPSMCH,-2.452764938607993,-0.5101172566217528,False,0.12225229991599917,14,14
16,nearest,crossed,False,152,0.02909260208588792,0.16380561896253093,0.15792223815261822,0.16003090121616467,463,484,CONVERGENCE: RELATIVE REDUCTION OF F <= FACTR*EPSMCH,-2.534588480697585,-0.5820504094778807,False,0.39547629992011935,14,14
16,nearest,crossed,False,153,0.02909260208699961,0.16380561839980276,0.1579222360759433,0.16003089868220013,394,422,CONVERGENCE: RELATIVE REDUCTION OF F <= FACTR*EPSMCH,-2.5346744155989653,-0.5823375697968036,False,0.3792449999600649,14,14
16,nearest,crossed,False,154,0.029092602087020854,0.16380561863447923,0.15792223604678626,0.16003089806993745,513,548,CONVERGENCE: RELATIVE REDUCTION OF F <= FACTR*EPSMCH,-2.5345916576000374,-0.5820659254468143,False,0.44071550003718585,14,14
16,nearest,crossed,False,155,0.035973465138630284,0.1882750114709983,0.18191155440584644,0.1842376174718329,145,248,CONVERGENCE: RELATIVE REDUCTION OF F <= FACTR*EPSMCH,-1.8510448228347185,-0.8267904475154656,False,0.181754200020805,14,14
16,nearest,crossed,False,156,0.0295458003722041,0.1652124159660985,0.1591658535056942,0.16117103587847273,11925,13976,CONVERGENCE: RELATIVE REDUCTION OF F <= FACTR*EPSMCH,-3.783476564675711,7.977954780776013,True,11.690767700085416,14,14
16,nearest,crossed,False,157,0.029092602086713437,0.16380561864931278,0.157922237686554,0.16003090113063767,204,224,CONVERGENCE: RELATIVE REDUCTION OF F <= FACTR*EPSMCH,-2.534676953882429,-0.5823330316684214,False,0.20343100000172853,14,14
16,nearest,crossed,False,158,0.029092602086734573,0.1638056184495073,0.15792223546731982,0.1600308977653682,247,270,CONVERGENCE: RELATIVE REDUCTION OF F <= FACTR*EPSMCH,-2.5346807342795823,-0.5823561764479344,False,0.21842809999361634,14,14
16,nearest,crossed,False,159,0.029092602086008022,0.1638056186837488,0.15792223645140996,0.16003089869914422,332,367,CONVERGENCE: RELATIVE REDUCTION OF F <= FACTR*EPSMCH,-2.5345380742519446,-0.5818882235145633,False,0.33944290003273636,14,14
16,nearest,crossed,False,160,0.029546662501436057,0.16521835885019082,0.15917933146059465,0.16118601304948255,24048,27271,CONVERGENCE: RELATIVE REDUCTION OF F <= FACTR*EPSMCH,-3.2471597935296366,8.0,True,22.658013500040397,14,14
16,nearest,crossed,False,161,0.029092602085917563,0.163805618491816,0.1579222366064928,0.160030899208552,284,310,CONVERGENCE: RELATIVE REDUCTION OF F <= FACTR*EPSMCH,-2.53461628402407,-0.5821390729329015,False,0.28746040002442896,14,14
16,nearest,crossed,False,162,0.029856109460344834,0.16602382216363246,0.1599646319674922,0.1620631349160063,191,221,CONVERGENCE: RELATIVE REDUCTION OF F <= FACTR*EPSMCH,-2.3646910019180725,-0.24228883366072163,False,0.2215078000444919,14,14
16,nearest,crossed,False,163,0.029092602086250592,0.1638056186855624,0.15792223744511333,0.16003090015824054,360,394,CONVERGENCE: RELATIVE REDUCTION OF F <= FACTR*EPSMCH,-2.5345859705752893,-0.5820441454593787,False,0.3579351999796927,14,14
16,nearest,crossed,False,164,0.029092602086127718,0.16380561874608607,0.15792223739081868,0.16003090000272668,390,427,CONVERGENCE: RELATIVE REDUCTION OF F <= FACTR*EPSMCH,-2.5345674105779112,-0.5819842707638946,False,0.35718950000591576,14,14
16,nearest,crossed,False,165,0.029092602085858635,0.16380561863719303,0.15792223704081887,0.16003089965594902,337,362,CONVERGENCE: RELATIVE REDUCTION OF F <= FACTR*EPSMCH,-2.5345896776893047,-0.5820571188900168,False,0.29261280002538115,14,14
16,nearest,crossed,False,166,0.02970145657952669,0.16572018273550684,0.1596649555440877,0.16162589123603754,2928,3354,CONVERGENCE: RELATIVE REDUCTION OF F <= FACTR*EPSMCH,-8.0,7.746905475380715,True,2.8557592999422923,14,14
16,nearest,crossed,False,167,0.031242253071730314,0.17017803314892666,0.16369214577871852,0.16565747107356307,4215,4792,CONVERGENCE: RELATIVE REDUCTION OF F <= FACTR*EPSMCH,-8.0,7.9999996871058405,True,3.8775558000197634,14,14
16,nearest,crossed,False,168,0.029701861015168415,0.1657204150122866,0.15965668013416953,0.16161559255702931,1696,2033,CONVERGENCE: RELATIVE REDUCTION OF F <= FACTR*EPSMCH,-8.0,6.174968270260924,True,1.6114219999872148,14,14
16,nearest,crossed,False,169,0.029699908439318533,0.16571441937854794,0.15964963259331316,0.16160844609804537,2226,2577,CONVERGENCE: RELATIVE REDUCTION OF F <= FACTR*EPSMCH,-7.999855923133619,6.168336924757746,True,2.2501255000242963,14,14
16,nearest,crossed,False,170,0.02909260208625582,0.1638056185165503,0.15792223658083976,0.1600308989036061,566,606,CONVERGENCE: RELATIVE REDUCTION OF F <= FACTR*EPSMCH,-2.534508687786558,-0.5817990108584905,False,0.5463576000183821,14,14
16,nearest,crossed,False,171,0.029092602087891058,0.16380561860323672,0.15792223718402967,0.16003089988397934,314,338,CONVERGENCE: RELATIVE REDUCTION OF F <= FACTR*EPSMCH,-2.5346755958661387,-0.582344574435797,False,0.33662449999246746,14,14
16,nearest,crossed,False,172,0.03143226783998751,0.17094588238721,0.1656300300714011,0.16757013763054607,4144,4841,CONVERGENCE: RELATIVE REDUCTION OF F <= FACTR*EPSMCH,-2.880851742677956,7.655765073622691,False,4.2835238999687135,14,14
16,nearest,crossed,False,173,0.029092602085856147,0.16380561863982032,0.15792223712531933,0.1600308993766254,349,385,CONVERGENCE: RELATIVE REDUCTION OF F <= FACTR*EPSMCH,-2.5345718733768954,-0.5820016512645255,False,0.3330386000452563,14,14
16,nearest,crossed,False,174,0.03261312378877573,0.17616807740452214,0.1700292947828275,0.17224968140149022,11277,13033,CONVERGENCE: RELATIVE REDUCTION OF F <= FACTR*EPSMCH,-5.485302515109488,7.121373755676498,False,10.754952799994498,14,14
16,nearest,crossed,False,175,0.03110914946708556,0.17140064868344812,0.16544881541549847,0.16759944836274257,7592,8504,CONVERGENCE: RELATIVE REDUCTION OF F <= FACTR*EPSMCH,-3.4547494973426165,5.720640538589198,False,7.434217600035481,14,14
16,nearest,crossed,False,176,0.02909260208600129,0.16380561863928492,0.15792223671714037,0.16003089909567422,542,593,CONVERGENCE: RELATIVE REDUCTION OF F <= FACTR*EPSMCH,-2.5345603147202302,-0.5819675586962915,False,0.6107512000016868,14,14
16,nearest,crossed,False,177,0.02909260208589135,0.16380561866477952,0.15792223718264958,0.160030899736071,485,520,CONVERGENCE: RELATIVE REDUCTION OF F <= FACTR*EPSMCH,-2.53459102117179,-0.5820631092973312,False,0.5365881000179797,14,14
16,nearest,crossed,False,178,0.032528537455891474,0.17613618795579083,0.16997400392216036,0.17219690901181028,20778,23078,CONVERGENCE: RELATIVE REDUCTION OF F <= FACTR*EPSMCH,-5.105169829261765,5.889909633635351,False,19.592874599969946,14,14
16,nearest,crossed,False,179,0.029545778007564555,0.16521405901324784,0.15917385619073804,0.16118075445357694,14061,16010,CONVERGENCE: RELATIVE REDUCTION OF F <= FACTR*EPSMCH,-3.7271047646501057,7.999984997082773,True,13.461057499982417,14,14
16,nearest,crossed,False,180,0.029092602086090748,0.16380561869936416,0.15792223579314937,0.16003089827310926,426,467,CONVERGENCE: RELATIVE REDUCTION OF F <= FACTR*EPSMCH,-2.5346596369725862,-0.582280384267901,False,0.384525700006634,14,14
16,nearest,crossed,False,181,0.029092602086005098,0.16380561855047238,0.15792223552072768,0.16003089725976138,438,470,CONVERGENCE: RELATIVE REDUCTION OF F <= FACTR*EPSMCH,-2.5345482173026146,-0.5819283438469877,False,0.4172703999793157,14,14
16,nearest,crossed,False,182,0.029092602086023198,0.1638056184289894,0.15792223679432138,0.16003089944977184,330,361,CONVERGENCE: RELATIVE REDUCTION OF F <= FACTR*EPSMCH,-2.534538123468726,-0.5818843463709955,False,0.28560910001397133,14,14
16,nearest,crossed,False,183,0.02909260208604231,0.16380561854683726,0.15792223703684738,0.1600308997938989,336,361,CONVERGENCE: RELATIVE REDUCTION OF F <= FACTR*EPSMCH,-2.534570168331064,-0.5819926274258556,False,0.3128309000749141,14,14
16,nearest,crossed,False,184,0.029092602085964196,0.1638056185060517,0.15792223666649927,0.16003089916593743,532,583,CONVERGENCE: RELATIVE REDUCTION OF F <= FACTR*EPSMCH,-2.5345848706670733,-0.5820435838897575,False,0.4658829999389127,14,14
16,nearest,crossed,False,185,0.029092602086353045,0.16380561862206444,0.15792223670001893,0.1600308996916313,472,509,CONVERGENCE: RELATIVE REDUCTION OF F <= FACTR*EPSMCH,-2.5347064883088195,-0.5824299967712744,False,0.4003750999690965,14,14
16,nearest,crossed,False,186,0.029092602085825463,0.1638056186007342,0.1579222366536429,0.160030899151802,486,521,CONVERGENCE: RELATIVE REDUCTION OF F <= FACTR*EPSMCH,-2.5345976314600174,-0.5820829324084332,False,0.46680309996008873,14,14
16,nearest,crossed,False,187,0.029092602085826605,0.1638056186874227,0.15792223658853372,0.16003089910563842,468,503,CONVERGENCE: RELATIVE REDUCTION OF F <= FACTR*EPSMCH,-2.5345979508464005,-0.5820825491632361,False,0.4378189999843016,14,14
16,nearest,crossed,False,188,0.030841297560833186,0.1690082423060905,0.16253966785340854,0.16441393299298657,2023,2357,CONVERGENCE: RELATIVE REDUCTION OF F <= FACTR*EPSMCH,-8.0,7.999999843054674,True,1.991503500030376,14,14
16,nearest,crossed,False,189,0.029092602085834977,0.16380561854734282,0.15792223669103483,0.16003089910540824,487,527,CONVERGENCE: RELATIVE REDUCTION OF F <= FACTR*EPSMCH,-2.534587997934301,-0.5820552396900444,False,0.4151516000274569,14,14
16,nearest,crossed,False,190,0.029092602085868044,0.16380561875844413,0.15792223737077524,0.16003090004056245,313,340,CONVERGENCE: RELATIVE REDUCTION OF F <= FACTR*EPSMCH,-2.5345754141179153,-0.5820114488692555,False,0.27880630001891404,14,14
16,nearest,crossed,False,191,0.02909260208671528,0.16380561847287334,0.15792223718746795,0.16003090005999387,331,375,CONVERGENCE: RELATIVE REDUCTION OF F <= FACTR*EPSMCH,-2.5345927143425167,-0.5820694555723089,False,0.3137015999527648,14,14
16,nearest,crossed,False,192,0.029856109460346978,0.1660238220087824,0.1599646336911826,0.16206313715796475,130,144,CONVERGENCE: RELATIVE REDUCTION OF F <= FACTR*EPSMCH,-2.443047873564877,-0.4309271325900191,False,0.1254553000908345,14,14
16,nearest,crossed,False,193,0.02909260208587596,0.16380561862234844,0.1579222363393592,0.16003089873550447,383,404,CONVERGENCE: RELATIVE REDUCTION OF F <= FACTR*EPSMCH,-2.5346180038859107,-0.5821494392823641,False,0.3341753000859171,14,14
16,nearest,crossed,False,194,0.02909260208684654,0.16380561825170217,0.1579222362695794,0.16003089881428562,302,336,CONVERGENCE: RELATIVE REDUCTION OF F <= FACTR*EPSMCH,-2.534711895395204,-0.582464630657078,False,0.26160209998488426,14,14
16,nearest,crossed,False,195,0.02909260208618581,0.16380561843151223,0.15792223668072047,0.16003089908815915,583,639,CONVERGENCE: RELATIVE REDUCTION OF F <= FACTR*EPSMCH,-2.53467866756085,-0.5823565150055006,False,0.5877183000557125,14,14
16,nearest,crossed,False,196,0.029092602085854277,0.16380561871130625,0.1579222367690055,0.16003089939292858,213,231,CONVERGENCE: RELATIVE REDUCTION OF F <= FACTR*EPSMCH,-2.534608982767437,-0.582119387042574,False,0.20075850002467632,14,14
16,nearest,crossed,False,197,0.029092602086156206,0.16380561868419005,0.1579222370872899,0.1600308998693196,547,599,CONVERGENCE: RELATIVE REDUCTION OF F <= FACTR*EPSMCH,-2.53466367531702,-0.5822979554131973,False,0.5305013000033796,14,14
16,nearest,crossed,False,198,0.029092602086275555,0.1638056184528993,0.1579222363024061,0.16003089863386644,445,482,CONVERGENCE: RELATIVE REDUCTION OF F <= FACTR*EPSMCH,-2.5345590860980245,-0.5819584516571528,False,0.45303870004136115,14,14
16,nearest,crossed,False,199,0.029700036263149727,0.16571444884587486,0.1596465226093223,0.1616046269678048,9338,10697,CONVERGENCE: RELATIVE REDUCTION OF F <= FACTR*EPSMCH,-8.0,7.99998706696056,True,8.968573200050741,14,14
16,mirror,nearest,False,0,0.02935928068640522,0.16463562890613156,0.15881493184576004,0.1609265823598211,3343,3887,CONVERGENCE: RELATIVE REDUCTION OF F <= FACTR*EPSMCH,-3.461245580420043,5.196847403272198,False,3.313434400013648,14,14
16,mirror,nearest,False,1,0.029269511782884165,0.16444401007244744,0.1586759170901555,0.16078313220136897,6582,7439,CONVERGENCE: RELATIVE REDUCTION OF F <= FACTR*EPSMCH,1.1381610850203163,7.18869553751509,False,6.344745100010186,14,14
16,mirror,nearest,False,2,0.0295458141834025,0.16521877187905892,0.1591947304855627,0.161204106437417,19934,22696,CONVERGENCE: RELATIVE REDUCTION OF F <= FACTR*EPSMCH,-3.969650110220329,8.0,True,19.1893367000157,14,14
16,mirror,nearest,False,3,0.02920974925475993,0.1641963676756312,0.15826313709679476,0.16033610323277836,8141,9188,CONVERGENCE: RELATIVE REDUCTION OF F <= FACTR*EPSMCH,0.7257731887174893,5.704915266757494,False,8.071476000011899,14,14
16,mirror,nearest,False,4,0.029269278557150374,0.16444307858403998,0.1586749210987863,0.16078212688255664,4701,5296,CONVERGENCE: RELATIVE REDUCTION OF F <= FACTR*EPSMCH,0.09355799660015246,5.110412087203159,False,4.426636400050484,14,14
16,mirror,nearest,False,5,0.029210013614247694,0.16419830659484996,0.15826939559206474,0.16034365198292375,67614,80203,CONVERGENCE: RELATIVE REDUCTION OF F <= FACTR*EPSMCH,1.8755138296173617,8.0,True,173.92850259994157,14,14
16,mirror,nearest,False,6,0.029209745577842613,0.16419651458209672,0.15826492444211368,0.16033842726398487,10595,11968,CONVERGENCE: RELATIVE REDUCTION OF F <= FACTR*EPSMCH,0.7456810823040472,5.7441789094338755,False,28.81891989998985,14,14
16,mirror,nearest,False,7,0.029209732104708182,0.16419642131723672,0.15826371736505052,0.16033689789759656,10285,11571,CONVERGENCE: RELATIVE REDUCTION OF F <= FACTR*EPSMCH,0.536370420340498,5.32602388700222,False,22.926252299919724,14,14
16,mirror,nearest,False,8,0.03351439475006773,0.1768536183677217,0.17110317557358581,0.1730533220762499,3399,3981,CONVERGENCE: RELATIVE REDUCTION OF F <= FACTR*EPSMCH,-8.0,7.999999990289295,True,3.432756500085816,14,14
16,mirror,nearest,False,9,0.029209738418286144,0.16419628276663642,0.15826260785950066,0.1603354928913838,9456,10692,CONVERGENCE: RELATIVE REDUCTION OF F <= FACTR*EPSMCH,0.5930816878320373,5.440277525188625,False,8.992032399983145,14,14
16,mirror,nearest,False,10,0.029658776940129018,0.16557225670833728,0.15948296649831212,0.16144283274772916,8065,9254,CONVERGENCE: RELATIVE REDUCTION OF F <= FACTR*EPSMCH,-3.495058125919591,7.519825313317229,False,7.820784699986689,14,14
16,mirror,nearest,False,11,0.029360876985757928,0.16460198133293089,0.15873919210711157,0.1608443374022487,2225,2500,CONVERGENCE: RELATIVE REDUCTION OF F <= FACTR*EPSMCH,-3.285138040967776,3.572124446280797,False,2.1522400999674574,14,14
16,mirror,nearest,False,12,0.02970196297728203,0.16572050655552495,0.15965323256939526,0.16161109458317424,535,598,CONVERGENCE: RELATIVE REDUCTION OF F <= FACTR*EPSMCH,-8.0,0.6849927641593728,True,0.5149972999934107,14,14
16,mirror,nearest,False,13,0.029546747883485783,0.16521714010202518,0.15915801064851814,0.16115989336528797,10195,11308,CONVERGENCE: RELATIVE REDUCTION OF F <= FACTR*EPSMCH,-3.4767620243467805,7.9999972027724695,True,9.547829099930823,14,14
16,mirror,nearest,False,14,0.02921164631108456,0.1642028309045189,0.1582760534306578,0.1603504681585663,83144,97911,CONVERGENCE: RELATIVE REDUCTION OF F <= FACTR*EPSMCH,1.859893894377071,7.996725238900504,True,236.88880059996154,14,14
16,mirror,nearest,False,15,0.02966378768984014,0.1655752549027475,0.15938056871916811,0.1613163664348873,10922,12632,CONVERGENCE: RELATIVE REDUCTION OF F <= FACTR*EPSMCH,-1.254315726717558,5.654967557858442,False,28.981099299970083,14,14
16,mirror,nearest,False,16,0.02920970944713291,0.16419598422455917,0.1582616214447296,0.16033433320638035,10046,11270,CONVERGENCE: RELATIVE REDUCTION OF F <= FACTR*EPSMCH,1.28733167323881,6.831859981889316,False,10.105923800030723,14,14
16,mirror,nearest,False,17,0.029269303079561985,0.1644431463685536,0.1586749805568235,0.1607821871003547,2394,2667,CONVERGENCE: RELATIVE REDUCTION OF F <= FACTR*EPSMCH,-0.31943774772478356,4.284675538033575,False,2.375196999986656,14,14
16,mirror,nearest,False,18,0.030939485836527156,0.16933906776651572,0.16263774845949416,0.16458895993313769,7230,8334,CONVERGENCE: RELATIVE REDUCTION OF F <= FACTR*EPSMCH,-3.163328166528181,7.993777095264654,True,15.276563299936242,14,14
16,mirror,nearest,False,19,0.029700902748162242,0.16571718077919873,0.15965039497151978,0.16160871959373763,7204,8502,CONVERGENCE: RELATIVE REDUCTION OF F <= FACTR*EPSMCH,-8.0,7.03106465779396,True,55.07496690005064,14,14
16,mirror,nearest,False,20,0.029269301165126084,0.1644431461439779,0.15867497814743706,0.1607821861781008,5575,6296,CONVERGENCE: RELATIVE REDUCTION OF F <= FACTR*EPSMCH,-0.29646682878244934,4.3305724675748225,False,5.961692300043069,14,14
16,mirror,nearest,False,21,0.029668874087410417,0.16561638770992881,0.15946735722244876,0.16140930035727885,10235,11431,CONVERGENCE: RELATIVE REDUCTION OF F <= FACTR*EPSMCH,-4.2153111170293265,8.0,True,51.85177670000121,14,14
16,mirror,nearest,False,22,0.02920975686024263,0.16419650370803832,0.15826351468641472,0.16033662288275505,8957,10032,CONVERGENCE: RELATIVE REDUCTION OF F <= FACTR*EPSMCH,0.3241370438260985,4.902314315321926,False,42.31669849995524,14,14
16,mirror,nearest,False,23,0.029211067959313428,0.16420057654854556,0.1582686070236414,0.16034161225246552,61426,73260,CONVERGENCE: RELATIVE REDUCTION OF F <= FACTR*EPSMCH,1.871862064241148,8.0,True,165.2678420000011,14,14
16,mirror,nearest,False,24,0.02921109705212699,0.16419938592519154,0.15825322295698155,0.1603221153940562,91775,107951,CONVERGENCE: RELATIVE REDUCTION OF F <= FACTR*EPSMCH,1.8408095216825566,7.933747519324191,True,251.45168759999797,14,14
16,mirror,nearest,False,25,0.029209737228361756,0.1641962836969408,0.15826290879276822,0.1603358959853646,10998,12468,CONVERGENCE: RELATIVE REDUCTION OF F <= FACTR*EPSMCH,0.5450714322039393,5.343878527215412,False,27.057672300026752,14,14
16,mirror,nearest,False,26,0.02926928537710402,0.16444309068360902,0.15867493205971064,0.16078213666205007,4463,5026,CONVERGENCE: RELATIVE REDUCTION OF F <= FACTR*EPSMCH,-0.061980176544428396,4.799407566582563,False,8.426850200048648,14,14
16,mirror,nearest,False,27,0.029359280693263996,0.1646356774628422,0.15881507658862343,0.16092672503296376,4177,4857,CONVERGENCE: RELATIVE REDUCTION OF F <= FACTR*EPSMCH,-3.4611295296920916,5.350471584686934,False,9.305306500056759,14,14
16,mirror,nearest,False,28,0.02926928986306107,0.1644430969429503,0.15867493042277872,0.16078213847327136,5861,6544,CONVERGENCE: RELATIVE REDUCTION OF F <= FACTR*EPSMCH,-0.14068971709443798,4.6420119193607405,False,15.20999710005708,14,14
16,mirror,nearest,False,29,0.029269549170449025,0.16444338415167936,0.15867519295624452,0.16078237893848418,4822,5494,CONVERGENCE: RELATIVE REDUCTION OF F <= FACTR*EPSMCH,1.431123200741721,7.770374179257182,False,8.41608080000151,14,14
16,mirror,nearest,False,30,0.029269302208902965,0.16444320666649304,0.1586750077708656,0.16078220830326562,2937,3344,CONVERGENCE: RELATIVE REDUCTION OF F <= FACTR*EPSMCH,0.7843514481938473,6.491058050358722,False,5.475663600023836,14,14
16,mirror,nearest,False,31,0.031242173921098158,0.170177671518236,0.16369353236765444,0.1656591589186245,5848,7053,CONVERGENCE: RELATIVE REDUCTION OF F <= FACTR*EPSMCH,-8.0,7.999999987171784,True,19.18748870003037,14,14
16,mirror,nearest,False,32,0.029658460020368097,0.16557169657799178,0.1594810902797071,0.1614409752373347,12041,13394,CONVERGENCE: RELATIVE REDUCTION OF F <= FACTR*EPSMCH,-4.49638706680033,6.5396174773951286,False,22.44151769997552,14,14
16,mirror,nearest,False,33,0.02936086551864912,0.1646019097111961,0.1587389813926009,0.16084412058418482,2425,2660,CONVERGENCE: RELATIVE REDUCTION OF F <= FACTR*EPSMCH,-3.2850060006746284,4.3622723451868035,False,9.645799199934117,14,14
16,mirror,nearest,False,34,0.02920977525422395,0.16419653676041057,0.15826349661920366,0.16033657054442993,6665,7509,CONVERGENCE: RELATIVE REDUCTION OF F <= FACTR*EPSMCH,0.2438656514097221,4.741372746431692,False,22.263535000034608,14,14
16,mirror,nearest,False,35,0.02970044419025693,0.1657156440089885,0.15964536840588545,0.16160280156527432,10293,11369,CONVERGENCE: RELATIVE REDUCTION OF F <= FACTR*EPSMCH,-8.0,6.839388884938665,True,21.514714299933985,14,14
16,mirror,nearest,False,36,0.029209728093441925,0.1641963699761247,0.15826353983704655,0.16033668447072297,8045,9125,CONVERGENCE: RELATIVE REDUCTION OF F <= FACTR*EPSMCH,0.6415730512624984,5.536760016170083,False,16.337063399958424,14,14
16,mirror,nearest,False,37,0.029701436036946634,0.1657165801857598,0.1596357210310014,0.1615906292131479,1730,2070,CONVERGENCE: RELATIVE REDUCTION OF F <= FACTR*EPSMCH,-8.0,7.999999626049664,True,10.36050399998203,14,14
16,mirror,nearest,False,38,0.029269731892673755,0.1644414107773641,0.15866997832749763,0.16077713612720043,6243,7146,CONVERGENCE: RELATIVE REDUCTION OF F <= FACTR*EPSMCH,1.581847674666538,7.998315259142798,True,19.908562100026757,14,14
16,mirror,nearest,False,39,0.029269277658835198,0.16444308109407357,0.15867490289296882,0.1607821175103414,12593,14341,CONVERGENCE: RELATIVE REDUCTION OF F <= FACTR*EPSMCH,0.14002506711262544,5.2034367054855135,False,24.746814800077118,14,14
16,mirror,nearest,False,40,0.02966388517344781,0.16557562368570702,0.1593813771805739,0.16131723159810327,4421,4974,CONVERGENCE: RELATIVE REDUCTION OF F <= FACTR*EPSMCH,-2.4159130204821655,3.339472461141425,False,17.4236169999931,14,14
16,mirror,nearest,False,41,0.02954624441431045,0.1652142359926016,0.15915917733762527,0.16116244959412512,9672,10690,CONVERGENCE: RELATIVE REDUCTION OF F <= FACTR*EPSMCH,-3.8114802994733297,8.0,True,25.875990199972875,14,14
16,mirror,nearest,False,42,0.02926931664702354,0.16444292833796703,0.15867476252728305,0.16078192431629879,5829,6688,CONVERGENCE: RELATIVE REDUCTION OF F <= FACTR*EPSMCH,0.926769609315327,6.776421693910892,False,11.195092200068757,14,14
16,mirror,nearest,False,43,0.029209700913534538,0.16419615588857223,0.15826341264107763,0.16033662286353437,6953,7876,CONVERGENCE: RELATIVE REDUCTION OF F <= FACTR*EPSMCH,1.1607216671452516,6.574377793729747,False,9.402255800087005,14,14
16,mirror,nearest,False,44,0.029210025300002843,0.16419798333980792,0.1582679729083087,0.16034184728672476,71385,85097,CONVERGENCE: RELATIVE REDUCTION OF F <= FACTR*EPSMCH,1.8497445948734412,7.965267418317684,True,222.19509109994397,14,14
16,mirror,nearest,False,45,0.029663827076041243,0.16557511427773372,0.1593784201972883,0.1613137913997289,7290,8258,CONVERGENCE: RELATIVE REDUCTION OF F <= FACTR*EPSMCH,-0.3650850362616155,7.43150440434865,False,19.516680100001395,14,14
16,mirror,nearest,False,46,0.0292692668721746,0.16444304222036144,0.15867489253041528,0.16078209081082379,4864,5471,CONVERGENCE: RELATIVE REDUCTION OF F <= FACTR*EPSMCH,0.5733977157085248,6.070341375216301,False,12.705435000010766,14,14
16,mirror,nearest,False,47,0.029209718121388232,0.1641965486446979,0.15826614145278775,0.16033999981931676,8438,9535,CONVERGENCE: RELATIVE REDUCTION OF F <= FACTR*EPSMCH,0.85099556073163,5.954603104691544,False,12.731872900039889,14,14
16,mirror,nearest,False,48,0.02926930753868791,0.16444314109737593,0.15867497146914586,0.16078217774934514,2439,2775,CONVERGENCE: RELATIVE REDUCTION OF F <= FACTR*EPSMCH,-0.3663098447834313,4.190958518019676,False,3.430756299989298,14,14
16,mirror,nearest,False,49,0.029209704650298724,0.1641960596023526,0.15826124397204888,0.1603337803182426,9365,10569,CONVERGENCE: RELATIVE REDUCTION OF F <= FACTR*EPSMCH,1.1246305867222623,6.502571758340668,False,22.06810230005067,14,14
16,mirror,nearest,False,50,0.03146263584561198,0.17234784475475753,0.16650759914125618,0.16864310822328482,4819,5871,CONVERGENCE: RELATIVE REDUCTION OF F <= FACTR*EPSMCH,-4.093460364100218,7.475109564320941,False,11.845854799961671,14,14
16,mirror,nearest,False,51,0.02970032153337283,0.1657158553075007,0.15965672860548297,0.1616167272126107,2830,3347,CONVERGENCE: RELATIVE REDUCTION OF F <= FACTR*EPSMCH,-8.0,7.997580410394143,True,5.3787717000814155,14,14
16,mirror,nearest,False,52,0.02926926144599657,0.16444312710890677,0.15867495814399732,0.16078220653003292,6410,7298,CONVERGENCE: RELATIVE REDUCTION OF F <= FACTR*EPSMCH,1.539668531851587,7.9999999978550465,True,17.57482900004834,14,14
16,mirror,nearest,False,53,0.02920971393803493,0.16419623332294722,0.158262844964043,0.16033581781337494,7980,9002,CONVERGENCE: RELATIVE REDUCTION OF F <= FACTR*EPSMCH,0.8111576589130018,5.876446424296661,False,17.239561300026253,14,14
16,mirror,nearest,False,54,0.02954752563259003,0.16521591650406342,0.1591536924188641,0.16115622569080137,9156,10553,CONVERGENCE: RELATIVE REDUCTION OF F <= FACTR*EPSMCH,-3.2535987054971933,7.804109342398871,False,18.937726799980737,14,14
16,mirror,nearest,False,55,0.0297005095570962,0.16571538905498606,0.15964557139614027,0.16160311735178365,18193,22389,CONVERGENCE: RELATIVE REDUCTION OF F <= FACTR*EPSMCH,-8.0,7.999999999815063,True,81.13885149999987,14,14
16,mirror,nearest,False,56,0.029359281015017835,0.16463563392710018,0.1588149141215896,0.16092654561861033,3988,4601,CONVERGENCE: RELATIVE REDUCTION OF F <= FACTR*EPSMCH,-3.461345566850988,4.889585267294582,False,8.31885660008993,14,14
16,mirror,nearest,False,57,0.02926932164223741,0.16444334995897894,0.158675113200729,0.16078238874235956,10623,12299,CONVERGENCE: RELATIVE REDUCTION OF F <= FACTR*EPSMCH,1.2105508214101577,7.341558677618765,False,36.49998189997859,14,14
16,mirror,nearest,False,58,0.029211065657689918,0.1642008162032777,0.15826446050186896,0.16033631379843868,106141,125039,CONVERGENCE: RELATIVE REDUCTION OF F <= FACTR*EPSMCH,1.85998044688196,7.999963503361601,True,298.4457050000783,14,14
16,mirror,nearest,False,59,0.03262418879026407,0.17616720811560255,0.1700283154916972,0.172248683205523,28917,33871,CONVERGENCE: RELATIVE REDUCTION OF F <= FACTR*EPSMCH,-8.0,7.9856914451220735,True,56.14995720004663,14,14
16,mirror,nearest,False,60,0.029546965476445596,0.1652183822482894,0.15917395768599912,0.1611793980070925,10521,11673,CONVERGENCE: RELATIVE REDUCTION OF F <= FACTR*EPSMCH,-3.800287995211257,6.601607638078086,False,25.364656100049615,14,14
16,mirror,nearest,False,61,0.02935928353714371,0.1646356257575831,0.1588149267892818,0.1609265759142813,2172,2440,CONVERGENCE: RELATIVE REDUCTION OF F <= FACTR*EPSMCH,-3.4611327749280925,4.096171757806708,False,14.815428100060672,14,14
16,mirror,nearest,False,62,0.029269411759014128,0.16444347874568843,0.158675644612812,0.16078277806300925,12830,14789,CONVERGENCE: RELATIVE REDUCTION OF F <= FACTR*EPSMCH,1.540827764474576,7.999999917404535,True,50.187390799983405,14,14
16,mirror,nearest,False,63,0.03262406312916203,0.17616724074290532,0.170028069544376,0.17224849376900386,2129,2360,CONVERGENCE: RELATIVE REDUCTION OF F <= FACTR*EPSMCH,-8.0,8.0,True,5.062059599906206,14,14
16,mirror,nearest,False,64,0.02920979139603935,0.1641966523797533,0.1582642471580728,0.1603375141750346,4816,5459,CONVERGENCE: RELATIVE REDUCTION OF F <= FACTR*EPSMCH,0.13296215320920662,4.519519129066863,False,13.776504899957217,14,14
16,mirror,nearest,False,65,0.035620472259448525,0.18834959037152635,0.1819772671558117,0.18430533354070852,486,790,CONVERGENCE: RELATIVE REDUCTION OF F <= FACTR*EPSMCH,-1.4562201998642617,-0.8435922246618912,False,1.5114042999921367,14,14
16,mirror,nearest,False,66,0.031242074467265474,0.1701774058632624,0.16369355191615192,0.1656591682245483,3568,4048,CONVERGENCE: RELATIVE REDUCTION OF F <= FACTR*EPSMCH,-8.0,7.553438663604731,True,9.184446400031447,14,14
16,mirror,nearest,False,67,0.02935928101100568,0.16463561685016373,0.1588148040639056,0.16092646346714717,3223,3773,CONVERGENCE: RELATIVE REDUCTION OF F <= FACTR*EPSMCH,-3.4612455673108746,5.283273047776469,False,6.086896900087595,14,14
16,mirror,nearest,False,68,0.029546576455910394,0.16521542082362597,0.15916911524085522,0.16117536811698552,16703,18563,CONVERGENCE: RELATIVE REDUCTION OF F <= FACTR*EPSMCH,-3.9132232387731634,7.999899142299905,True,46.29102929995861,14,14
16,mirror,nearest,False,69,0.029360864197622145,0.16460195802903999,0.15873896308840144,0.16084402862235994,3458,3907,CONVERGENCE: RELATIVE REDUCTION OF F <= FACTR*EPSMCH,-3.2855719566625354,4.723679943951558,False,19.73963950003963,14,14
16,mirror,nearest,False,70,0.03093948405414281,0.1693393148439957,0.16264092466850516,0.16459259245482583,2898,3381,CONVERGENCE: RELATIVE REDUCTION OF F <= FACTR*EPSMCH,-3.157316138454101,8.0,True,12.755772199947387,14,14
16,mirror,nearest,False,71,0.02936086407010764,0.16460194321742955,0.15873913316699198,0.16084426932860624,8972,10396,CONVERGENCE: RELATIVE REDUCTION OF F <= FACTR*EPSMCH,-3.285217838962553,5.610390281813749,False,21.32854709995445,14,14
16,mirror,nearest,False,72,0.029209749936021823,0.1641966260709065,0.1582646325709366,0.160338066296986,4038,4636,CONVERGENCE: RELATIVE REDUCTION OF F <= FACTR*EPSMCH,0.4562360275594822,5.1655380380315705,False,13.201448299922049,14,14
16,mirror,nearest,False,73,0.02920970849182361,0.16419691680888113,0.1582673956730606,0.16034154383143803,6371,7224,CONVERGENCE: RELATIVE REDUCTION OF F <= FACTR*EPSMCH,1.11965416561908,6.492636970806803,False,32.81091070000548,14,14
16,mirror,nearest,False,74,0.031242190578575753,0.17017768179271672,0.1636943838643204,0.16566025240577434,5931,6883,CONVERGENCE: RELATIVE REDUCTION OF F <= FACTR*EPSMCH,-8.0,7.782086824951846,True,15.137982800020836,14,14
16,mirror,nearest,False,75,0.02926999786813683,0.16444375737679748,0.15867404911041663,0.16078126682974225,3301,3767,CONVERGENCE: RELATIVE REDUCTION OF F <= FACTR*EPSMCH,1.5728858217041553,7.999998084058907,True,9.44545860006474,14,14
16,mirror,nearest,False,76,0.030939686797318473,0.16933959409103067,0.1626409112685256,0.1645920192961616,3282,3737,CONVERGENCE: RELATIVE REDUCTION OF F <= FACTR*EPSMCH,-3.1471920416570427,7.060999043897303,False,8.050676300073974,14,14
16,mirror,nearest,False,77,0.029545561934599403,0.1652136081594607,0.15916147117229631,0.16116544552614206,14949,16511,CONVERGENCE: RELATIVE REDUCTION OF F <= FACTR*EPSMCH,-3.9455225493385493,7.9999995041966185,True,26.27411110000685,14,14
16,mirror,nearest,False,78,0.0292098024716025,0.16419663727822742,0.15826384554106432,0.16033697680172523,7124,8050,CONVERGENCE: RELATIVE REDUCTION OF F <= FACTR*EPSMCH,0.14683333478130003,4.547258711540932,False,11.07443419995252,14,14
16,mirror,nearest,False,79,0.029269277031517424,0.16444314060958817,0.15867499061264737,0.1607821729684885,4821,5509,CONVERGENCE: RELATIVE REDUCTION OF F <= FACTR*EPSMCH,1.185151518086797,7.295356340291544,False,8.68933730002027,14,14
16,mirror,nearest,False,80,0.02926928444471388,0.16444310493190012,0.15867495029885875,0.16078215809390936,8266,9282,CONVERGENCE: RELATIVE REDUCTION OF F <= FACTR*EPSMCH,-0.01695392648508997,4.88938572394016,False,13.589526499970816,14,14
16,mirror,nearest,False,81,0.02926927653089632,0.16444300095124462,0.15867456469791058,0.16078180092820746,4503,5151,CONVERGENCE: RELATIVE REDUCTION OF F <= FACTR*EPSMCH,1.483393298628166,7.892475751672581,False,11.138168899924494,14,14
16,mirror,nearest,False,82,0.029269284732605507,0.16444307312977388,0.15867491676617765,0.16078211993733987,6675,7470,CONVERGENCE: RELATIVE REDUCTION OF F <= FACTR*EPSMCH,-0.04813298273972222,4.827201595177612,False,10.75553820002824,14,14
16,mirror,nearest,False,83,0.02920971328430382,0.1641963511270013,0.15826385093552992,0.16033711768371284,4804,5458,CONVERGENCE: RELATIVE REDUCTION OF F <= FACTR*EPSMCH,0.9159713535250718,6.084928647247698,False,7.894846900017001,14,14
16,mirror,nearest,False,84,0.030939880752112778,0.1693387596503013,0.16264403512615128,0.16459690756727724,4504,5130,CONVERGENCE: RELATIVE REDUCTION OF F <= FACTR*EPSMCH,-3.13049600153315,7.260672378342816,False,10.695030300063081,14,14
16,mirror,nearest,False,85,0.029359282986644076,0.16463562368169907,0.15881485514633562,0.1609265047753883,2422,2739,CONVERGENCE: RELATIVE REDUCTION OF F <= FACTR*EPSMCH,-3.461368427804014,4.196307965478145,False,3.922615100047551,14,14
16,mirror,nearest,False,86,0.02926970910072708,0.16444279503366546,0.15867249513643036,0.16077983637666893,5309,6030,CONVERGENCE: RELATIVE REDUCTION OF F <= FACTR*EPSMCH,1.5879105755211738,7.999989314072312,True,7.5432249000296,14,14
16,mirror,nearest,False,87,0.0292098199611224,0.16419645307362576,0.15826406156661146,0.1603373948411011,6510,7492,CONVERGENCE: RELATIVE REDUCTION OF F <= FACTR*EPSMCH,1.562560849400746,7.3758865273198655,False,12.208947099978104,14,14
16,mirror,nearest,False,88,0.02920972838387143,0.1641962377380643,0.15826273111214106,0.16033569448403195,5311,5980,CONVERGENCE: RELATIVE REDUCTION OF F <= FACTR*EPSMCH,0.630397965987285,5.515179702153395,False,9.294413900002837,14,14
16,mirror,nearest,False,89,0.029269301326741513,0.16444317754449936,0.15867501006631624,0.16078222016432075,4396,5030,CONVERGENCE: RELATIVE REDUCTION OF F <= FACTR*EPSMCH,-0.2763990908035315,4.370552522778684,False,13.80674899998121,14,14
16,mirror,nearest,False,90,0.030940111711288455,0.1693397367658279,0.16264837126255605,0.16460117411588213,2214,2586,CONVERGENCE: RELATIVE REDUCTION OF F <= FACTR*EPSMCH,-3.1203862889354474,7.025868745242933,False,12.860082800034434,14,14
16,mirror,nearest,False,91,0.029269339968444604,0.16444336955121414,0.15867547759414552,0.1607827150558559,16704,19066,CONVERGENCE: RELATIVE REDUCTION OF F <= FACTR*EPSMCH,1.4348754531193408,7.7870242726328165,False,48.214826000039466,14,14
16,mirror,nearest,False,92,0.029269275527714904,0.1644431953827285,0.1586749917492785,0.16078222422948554,5494,6263,CONVERGENCE: RELATIVE REDUCTION OF F <= FACTR*EPSMCH,0.8031784087745228,6.53021522934312,False,17.093948199995793,14,14
16,mirror,nearest,False,93,0.02920970374875753,0.1641967833211036,0.1582636644169001,0.16033685447638998,3520,4021,CONVERGENCE: RELATIVE REDUCTION OF F <= FACTR*EPSMCH,1.7187769327959421,7.697455196268362,False,24.018682199995965,14,14
16,mirror,nearest,False,94,0.029700167686737826,0.1657150869669816,0.15964913315844242,0.16160760471137903,6563,7543,CONVERGENCE: RELATIVE REDUCTION OF F <= FACTR*EPSMCH,-8.0,7.243108924769805,True,21.340087699936703,14,14
16,mirror,nearest,False,95,0.03262409242001313,0.17616728820292424,0.17002759265500914,0.17224805794999226,7282,8394,CONVERGENCE: RELATIVE REDUCTION OF F <= FACTR*EPSMCH,-8.0,7.999725831946398,True,11.99593980005011,14,14
16,mirror,nearest,False,96,0.029209761229937996,0.16419713353160445,0.15826867992703642,0.16034321797764003,7707,8935,CONVERGENCE: RELATIVE REDUCTION OF F <= FACTR*EPSMCH,1.517723071934373,7.288950215185399,False,34.266258199932054,14,14
16,mirror,nearest,False,97,0.02920980373982766,0.16419661655781914,0.15826378864650106,0.16033692423446222,6818,7644,CONVERGENCE: RELATIVE REDUCTION OF F <= FACTR*EPSMCH,0.16340334818715413,4.580320859727415,False,25.580070000025444,14,14
16,mirror,nearest,False,98,0.029701042061373212,0.16571888748090127,0.1596578715162416,0.1616176561126914,3619,4251,CONVERGENCE: RELATIVE REDUCTION OF F <= FACTR*EPSMCH,-8.0,7.300631077870479,True,8.227870099944994,14,14
16,mirror,nearest,False,99,0.030939964545331107,0.16933949750270813,0.16264653578802712,0.16459856625636252,5259,6178,CONVERGENCE: RELATIVE REDUCTION OF F <= FACTR*EPSMCH,-3.116973376303105,7.513404149712404,False,7.015231700032018,14,14
16,mirror,nearest,False,100,0.029209705195631652,0.16419615628331102,0.15826353726556588,0.16033665948430975,6459,7522,CONVERGENCE: RELATIVE REDUCTION OF F <= FACTR*EPSMCH,1.2195027592724,6.6918833496544865,False,9.283450399991125,14,14
16,mirror,nearest,False,101,0.029209707989998848,0.16419631881134245,0.15826437953844985,0.1603377680833413,9786,11086,CONVERGENCE: RELATIVE REDUCTION OF F <= FACTR*EPSMCH,0.9382577616046225,6.131099083719116,False,15.178708499995992,14,14
16,mirror,nearest,False,102,0.029360863384795884,0.16460196187704165,0.15873919531028738,0.16084433414512175,3575,4098,CONVERGENCE: RELATIVE REDUCTION OF F <= FACTR*EPSMCH,-3.2852530032566842,5.136876982409729,False,7.749849100015126,14,14
16,mirror,nearest,False,103,0.031242335537615164,0.17017852585316387,0.1636936194454784,0.16565883580808374,6382,7234,CONVERGENCE: RELATIVE REDUCTION OF F <= FACTR*EPSMCH,-8.0,6.317519900810935,True,14.612317000050098,14,14
16,mirror,nearest,False,104,0.029210025624610704,0.1641971127040771,0.1582634385366336,0.16033621687834698,13169,14943,CONVERGENCE: RELATIVE REDUCTION OF F <= FACTR*EPSMCH,0.9229448127094068,6.0997148176343705,False,19.3008911999641,14,14
16,mirror,nearest,False,105,0.029209712332197064,0.16419638036988404,0.1582641579626556,0.16033727286072794,7889,8952,CONVERGENCE: RELATIVE REDUCTION OF F <= FACTR*EPSMCH,1.4229405151663068,7.090319899336844,False,15.071174300042912,14,14
16,mirror,nearest,False,106,0.03025968800312402,0.16726104701950623,0.16089243944517875,0.162866617148639,14217,16029,CONVERGENCE: RELATIVE REDUCTION OF F <= FACTR*EPSMCH,1.1954891168177726,6.947188411512261,False,29.30420170002617,14,14
16,mirror,nearest,False,107,0.030940009762236792,0.16933958288071216,0.16265783469534684,0.16461230938266594,4574,5296,CONVERGENCE: RELATIVE REDUCTION OF F <= FACTR*EPSMCH,-3.1122601343252185,7.888454549853578,False,5.88506130001042,14,14
16,mirror,nearest,False,108,0.029209716185065578,0.1641967339631196,0.1582643129885847,0.16033764226043482,5443,6196,CONVERGENCE: RELATIVE REDUCTION OF F <= FACTR*EPSMCH,1.0720074067124534,6.400392643375242,False,7.612866100040264,14,14
16,mirror,nearest,False,109,0.029359281012828285,0.1646356480452089,0.15881504871074695,0.1609266557004518,2415,2866,CONVERGENCE: RELATIVE REDUCTION OF F <= FACTR*EPSMCH,-3.461277136295068,5.218623267291297,False,3.267373399925418,14,14
16,mirror,nearest,False,110,0.029545643994944172,0.16521327086451584,0.15915695254831744,0.1611596840037693,21524,23924,CONVERGENCE: RELATIVE REDUCTION OF F <= FACTR*EPSMCH,-3.9835949588177173,7.999999520140075,True,44.48542110004928,14,14
16,mirror,nearest,False,111,0.02920972330914731,0.16419642434240192,0.15826381963367178,0.16033702915882042,7964,8955,CONVERGENCE: RELATIVE REDUCTION OF F <= FACTR*EPSMCH,0.6695706273880915,5.593067570757024,False,10.898355500074103,14,14
16,mirror,nearest,False,112,0.030939634881425183,0.1693397904057696,0.16263656655045586,0.1645871923282107,11127,13031,CONVERGENCE: RELATIVE REDUCTION OF F <= FACTR*EPSMCH,-3.164614150971861,7.098912985720051,False,20.4746394000249,14,14
16,mirror,nearest,False,113,0.029546045820686012,0.16521658574767437,0.15918554425425996,0.1611929108694594,6539,7407,CONVERGENCE: RELATIVE REDUCTION OF F <= FACTR*EPSMCH,-3.768006617540282,7.991489352298871,True,19.951434200047515,14,14
16,mirror,nearest,False,114,0.029209737870053726,0.16419651441609984,0.15826440213919205,0.16033775583547588,7751,8759,CONVERGENCE: RELATIVE REDUCTION OF F <= FACTR*EPSMCH,0.6715815742653077,5.596150792807781,False,18.023062799940817,14,14
16,mirror,nearest,False,115,0.032436383228417416,0.17368596688884536,0.16653741439721303,0.16823327231686944,1263,1526,CONVERGENCE: RELATIVE REDUCTION OF F <= FACTR*EPSMCH,-8.0,8.0,True,1.9419372000265867,14,14
16,mirror,nearest,False,116,0.029702842877373334,0.16572365312097073,0.15965879455314888,0.1616172090964688,3539,3964,CONVERGENCE: RELATIVE REDUCTION OF F <= FACTR*EPSMCH,-8.0,6.7135805263272434,True,4.766094200080261,14,14
16,mirror,nearest,False,117,0.029700427358988785,0.16571453193618532,0.15964754034267292,0.1616057196427061,4910,5745,CONVERGENCE: RELATIVE REDUCTION OF F <= FACTR*EPSMCH,-8.0,7.999466379726249,True,20.62506360001862,14,14
16,mirror,nearest,False,118,0.029269282499171764,0.1644430860030806,0.15867492716050333,0.1607821341387274,4986,5597,CONVERGENCE: RELATIVE REDUCTION OF F <= FACTR*EPSMCH,0.01029825137077602,4.943714753718136,False,11.419725699932314,14,14
16,mirror,nearest,False,119,0.029209824457090486,0.16419667184790965,0.15826357159267002,0.16033660323215537,9904,11221,CONVERGENCE: RELATIVE REDUCTION OF F <= FACTR*EPSMCH,0.3909710099311155,5.0358614882141906,False,18.08380110003054,14,14
16,mirror,nearest,False,120,0.02926927622045934,0.1644427589535306,0.15867448025701567,0.16078162563328072,9900,11358,CONVERGENCE: RELATIVE REDUCTION OF F <= FACTR*EPSMCH,1.1281386142636705,7.184267068438337,False,31.354600599966943,14,14
16,mirror,nearest,False,121,0.02921078794529171,0.16420013869768801,0.1582716831654946,0.1603457445887515,129520,154007,CONVERGENCE: RELATIVE REDUCTION OF F <= FACTR*EPSMCH,1.8725004838851913,8.0,True,283.33737279998604,14,14
16,mirror,nearest,False,122,0.029209755763016355,0.16419634948495176,0.15826391464518005,0.16033713301472033,5378,6054,CONVERGENCE: RELATIVE REDUCTION OF F <= FACTR*EPSMCH,0.8045595143865333,5.862421556946189,False,16.412120900000446,14,14
16,mirror,nearest,False,123,0.029269318024916578,0.16444328639718694,0.15867521003393986,0.1607824020285728,12372,14384,CONVERGENCE: RELATIVE REDUCTION OF F <= FACTR*EPSMCH,1.047283256604616,7.014849283869588,False,57.64423620002344,14,14
16,mirror,nearest,False,124,0.030259831359585754,0.16726157961750415,0.1608935249182036,0.16286789937322205,6128,6914,CONVERGENCE: RELATIVE REDUCTION OF F <= FACTR*EPSMCH,1.1106162963283643,6.769371285712713,False,23.16339490003884,14,14
16,mirror,nearest,False,125,0.02969990169705186,0.16571439666794197,0.15964964761010733,0.1616084537799359,1559,1811,CONVERGENCE: RELATIVE REDUCTION OF F <= FACTR*EPSMCH,-7.999766161705664,5.1721705177905255,True,4.156004499993287,14,14
16,mirror,nearest,False,126,0.02926975132067569,0.1644446167097143,0.1586761925998202,0.16078341616279124,3957,4528,CONVERGENCE: RELATIVE REDUCTION OF F <= FACTR*EPSMCH,1.5485671401173993,7.999999898163436,True,7.837669000029564,14,14
16,mirror,nearest,False,127,0.029209775108463648,0.16419662090891826,0.15826414588588897,0.16033737873104295,14276,16026,CONVERGENCE: RELATIVE REDUCTION OF F <= FACTR*EPSMCH,0.40761115563564676,5.068861938859417,False,23.02223739994224,14,14
16,mirror,nearest,False,128,0.029545581541099243,0.165212883013401,0.15916119735905765,0.16116522606757788,15760,17812,CONVERGENCE: RELATIVE REDUCTION OF F <= FACTR*EPSMCH,-3.9495017423891987,7.999999999986171,True,24.929090499994345,14,14
16,mirror,nearest,False,129,0.02970008852640211,0.16571515284880672,0.15965264743468488,0.1616119484063678,8249,9477,CONVERGENCE: RELATIVE REDUCTION OF F <= FACTR*EPSMCH,-8.0,6.095865588447288,True,17.355720299994573,14,14
16,mirror,nearest,False,130,0.029360863380635975,0.16460194776154755,0.15873926731639718,0.16084446292299473,5334,5942,CONVERGENCE: RELATIVE REDUCTION OF F <= FACTR*EPSMCH,-3.2851118732946483,4.939565296093722,False,10.963491300004534,14,14
16,mirror,nearest,False,131,0.029359281306112508,0.164635586649867,0.1588148134263499,0.16092645385620483,2756,3157,CONVERGENCE: RELATIVE REDUCTION OF F <= FACTR*EPSMCH,-3.4612467286769064,4.729300327194313,False,6.216907900059596,14,14
16,mirror,nearest,False,132,0.02926926388530817,0.16444304384527503,0.15867494550060593,0.1607821452556784,5943,6729,CONVERGENCE: RELATIVE REDUCTION OF F <= FACTR*EPSMCH,1.1458045710622948,7.214300231695913,False,7.647208599955775,14,14
16,mirror,nearest,False,133,0.03124238618064224,0.1701783394197411,0.16369393022950549,0.16565946310189647,1270,1466,CONVERGENCE: RELATIVE REDUCTION OF F <= FACTR*EPSMCH,-8.0,2.5673940998925837,True,1.61169459996745,14,14
16,mirror,nearest,False,134,0.0292097354702241,0.1641964737543104,0.15826412760901742,0.1603374671355538,8112,9151,CONVERGENCE: RELATIVE REDUCTION OF F <= FACTR*EPSMCH,1.0731821459084518,6.400159870065539,False,16.58735180005897,14,14
16,mirror,nearest,False,135,0.0293608691046362,0.16460196271997252,0.15873914225602304,0.16084427817356112,2465,2724,CONVERGENCE: RELATIVE REDUCTION OF F <= FACTR*EPSMCH,-3.285221454234684,3.956679235330275,False,4.631651500007138,14,14
16,mirror,nearest,False,136,0.029545555698460884,0.16521443499333824,0.15916936089260225,0.16117499623978254,19342,21661,CONVERGENCE: RELATIVE REDUCTION OF F <= FACTR*EPSMCH,-3.8877531759470023,8.0,True,38.91137920005713,14,14
16,mirror,nearest,False,137,0.03262401621535528,0.17616722909870722,0.17002802109015827,0.172248516820422,2229,2570,CONVERGENCE: RELATIVE REDUCTION OF F <= FACTR*EPSMCH,-8.0,7.999976871012921,True,6.612098099896684,14,14
16,mirror,nearest,False,138,0.029548488242403678,0.1652214232339006,0.15916233055871873,0.16116367597790762,4408,5178,CONVERGENCE: RELATIVE REDUCTION OF F <= FACTR*EPSMCH,-3.8073183592854325,7.999612402836199,True,9.773386100074276,14,14
16,mirror,nearest,False,139,0.02926929009247723,0.16444310162859366,0.15867492943381684,0.16078213817069986,8669,9823,CONVERGENCE: RELATIVE REDUCTION OF F <= FACTR*EPSMCH,-0.13998700473479309,4.643391750493028,False,21.92898199998308,14,14
16,mirror,nearest,False,140,0.029360863792569237,0.16460196068527336,0.15873920139943604,0.16084433392310096,3447,3919,CONVERGENCE: RELATIVE REDUCTION OF F <= FACTR*EPSMCH,-3.2850788711037704,4.777386805951464,False,7.45079849998001,14,14
16,mirror,nearest,False,141,0.029821591208391486,0.16606501109491797,0.159971925116284,0.16191571551375633,13899,14978,CONVERGENCE: RELATIVE REDUCTION OF F <= FACTR*EPSMCH,-8.0,7.7336832375978934,True,32.735786699922755,14,14
16,mirror,nearest,False,142,0.02920980074805887,0.164196625184024,0.15826402627665806,0.16033722584120008,6690,7534,CONVERGENCE: RELATIVE REDUCTION OF F <= FACTR*EPSMCH,0.0896528737066747,4.432897573631906,False,14.744502100045793,14,14
16,mirror,nearest,False,143,0.02920971599969283,0.16419602598296423,0.15826266929083216,0.1603354919373559,4470,5094,CONVERGENCE: RELATIVE REDUCTION OF F <= FACTR*EPSMCH,1.8653097029373185,7.979058612671986,True,5.293737999978475,14,14
16,mirror,nearest,False,144,0.029209887361850536,0.16419681902303696,0.1582639515109753,0.16033694761880427,55232,64226,CONVERGENCE: RELATIVE REDUCTION OF F <= FACTR*EPSMCH,1.8740691246094026,7.999994927877793,True,112.41583059995901,14,14
16,mirror,nearest,False,145,0.029269276552254767,0.16444305707375864,0.15867488186446804,0.16078209197701618,3914,4477,CONVERGENCE: RELATIVE REDUCTION OF F <= FACTR*EPSMCH,0.17160596601288347,5.266316353743348,False,8.769971700035967,14,14
16,mirror,nearest,False,146,0.035408546509279396,0.1881289813406575,0.18173921150316297,0.1840621368780939,638,923,CONVERGENCE: RELATIVE REDUCTION OF F <= FACTR*EPSMCH,-1.295982256729157,-0.7352147325704348,False,2.018786499975249,14,14
16,mirror,nearest,False,147,0.02954558052590381,0.16521361696298317,0.15916289061763017,0.16116741280476757,13535,14819,CONVERGENCE: RELATIVE REDUCTION OF F <= FACTR*EPSMCH,-3.92173104080717,7.999300947542959,True,22.95736839994788,14,14
16,mirror,nearest,False,148,0.0301879122643969,0.16718434936267387,0.16121972532393228,0.16315032075313893,11759,13206,CONVERGENCE: RELATIVE REDUCTION OF F <= FACTR*EPSMCH,-4.305860706577456,7.9946488883399915,True,14.59990240004845,14,14
16,mirror,nearest,False,149,0.029269655845105654,0.1644445007969992,0.1586761107109034,0.16078343574458792,3808,4372,CONVERGENCE: RELATIVE REDUCTION OF F <= FACTR*EPSMCH,1.5393483107557608,7.999996646519742,True,4.638962900033221,14,14
16,mirror,nearest,False,150,0.030738732710942962,0.16868818933952376,0.1621038122643035,0.16396482314980562,4464,4898,CONVERGENCE: RELATIVE REDUCTION OF F <= FACTR*EPSMCH,-4.214011176047883,4.6680843557019145,False,8.579604899976403,14,14
16,mirror,nearest,False,151,0.029663785806255494,0.165575272433916,0.15938098106373277,0.16131685114798913,12444,14409,CONVERGENCE: RELATIVE REDUCTION OF F <= FACTR*EPSMCH,-1.148125594096312,5.870901904003277,False,28.313000799971633,14,14
16,mirror,nearest,False,152,0.029269271526121896,0.1644430112987186,0.15867482705815456,0.16078204902937587,5306,6023,CONVERGENCE: RELATIVE REDUCTION OF F <= FACTR*EPSMCH,0.7065404462321879,6.335852250564787,False,6.927083500078879,14,14
16,mirror,nearest,False,153,0.029359281461110658,0.16463565713232303,0.15881496617253923,0.16092660933797737,2357,2704,CONVERGENCE: RELATIVE REDUCTION OF F <= FACTR*EPSMCH,-3.4613297939899956,4.6244672286172746,False,2.7707729999674484,14,14
16,mirror,nearest,False,154,0.029269272730214253,0.1644430646951975,0.15867490836941772,0.16078211489990676,4325,4870,CONVERGENCE: RELATIVE REDUCTION OF F <= FACTR*EPSMCH,0.2860336561892525,5.4953822098636165,False,5.4186374000273645,14,14
16,mirror,nearest,False,155,0.02921036360186629,0.1641967524871444,0.15825351054635134,0.16032331715384987,148796,175247,CONVERGENCE: RELATIVE REDUCTION OF F <= FACTR*EPSMCH,1.8544090283813686,7.961831262947552,True,453.56349810003303,14,14
16,mirror,nearest,False,156,0.029701144793876633,0.1657181418561053,0.1596556125109882,0.1616145083164461,6342,7220,CONVERGENCE: RELATIVE REDUCTION OF F <= FACTR*EPSMCH,-8.0,8.0,True,11.47398280003108,14,14
16,mirror,nearest,False,157,0.03143285848507148,0.17095589440747613,0.1656332807488433,0.1675720389032456,2063,2319,CONVERGENCE: RELATIVE REDUCTION OF F <= FACTR*EPSMCH,-3.3700120400571523,7.545286311434302,False,5.701712699956261,14,14
16,mirror,nearest,False,158,0.029359281022638867,0.1646356064473431,0.15881480090731348,0.16092645807081835,2692,3133,CONVERGENCE: RELATIVE REDUCTION OF F <= FACTR*EPSMCH,-3.4613335694751437,5.097910108728,False,6.377211099956185,14,14
16,mirror,nearest,False,159,0.030940008979268123,0.16934024615274207,0.16264191104055178,0.1645928807439571,3878,4455,CONVERGENCE: RELATIVE REDUCTION OF F <= FACTR*EPSMCH,-3.1330350791403023,6.656042656634388,False,7.055468500009738,14,14
16,mirror,nearest,False,160,0.029209714684342126,0.16419640035089414,0.1582639424977768,0.160337175477395,16789,18973,CONVERGENCE: RELATIVE REDUCTION OF F <= FACTR*EPSMCH,0.802804210457195,5.858156339325203,False,40.608446099911816,14,14
16,mirror,nearest,False,161,0.02926933286996376,0.1644433701656549,0.15867511934176715,0.16078238658312213,7893,9307,CONVERGENCE: RELATIVE REDUCTION OF F <= FACTR*EPSMCH,1.5391791062419822,7.999997204203182,True,19.907952199922875,14,14
16,mirror,nearest,False,162,0.029211047446096122,0.16419993357343418,0.1582666829570382,0.16033927100262998,121695,145025,CONVERGENCE: RELATIVE REDUCTION OF F <= FACTR*EPSMCH,1.858106794792244,7.977257643712224,True,380.12558930006344,14,14
16,mirror,nearest,False,163,0.031242082621804286,0.17017742390889282,0.1636935604664544,0.16565918358773474,2559,2874,CONVERGENCE: RELATIVE REDUCTION OF F <= FACTR*EPSMCH,-8.0,7.99999646960158,True,3.8082948999945074,14,14
16,mirror,nearest,False,164,0.029210635710511287,0.16420124847101628,0.15828237865023279,0.1603594046888274,79576,94691,CONVERGENCE: RELATIVE REDUCTION OF F <= FACTR*EPSMCH,1.8609228889127343,7.971853350683582,True,289.6457512000343,14,14
16,mirror,nearest,False,165,0.029209709883987515,0.16419639869956335,0.1582644042731429,0.16033776879669687,16934,19090,CONVERGENCE: RELATIVE REDUCTION OF F <= FACTR*EPSMCH,0.8622597784387034,5.977393085685333,False,54.11115000001155,14,14
16,mirror,nearest,False,166,0.029700977320206913,0.16571737850365748,0.15964421840980506,0.16160116030778135,2806,3378,CONVERGENCE: RELATIVE REDUCTION OF F <= FACTR*EPSMCH,-8.0,8.0,True,5.6799158999929205,14,14
16,mirror,nearest,False,167,0.03025977695475062,0.16726115136367606,0.1608939080126757,0.1628686374823047,6212,7022,CONVERGENCE: RELATIVE REDUCTION OF F <= FACTR*EPSMCH,0.41571109820253666,5.375231320428259,False,10.967429099953733,14,14
16,mirror,nearest,False,168,0.02970353195687468,0.16572509284711073,0.15965706924191903,0.16161447992124595,4795,5462,CONVERGENCE: RELATIVE REDUCTION OF F <= FACTR*EPSMCH,-8.0,7.9999999983623225,True,15.768130499986,14,14
16,mirror,nearest,False,169,0.02969954371740473,0.16571439350756437,0.15965545788855487,0.16161589269468382,4087,4556,CONVERGENCE: RELATIVE REDUCTION OF F <= FACTR*EPSMCH,-7.975949353014591,5.762683886704438,True,12.335722399991937,14,14
16,mirror,nearest,False,170,0.029546249923320306,0.16521651243885846,0.15917824064047953,0.16118543643023658,20160,22882,CONVERGENCE: RELATIVE REDUCTION OF F <= FACTR*EPSMCH,-3.6630624038111295,7.779356693709636,False,64.43547949998174,14,14
16,mirror,nearest,False,171,0.03585888292514333,0.18773724010398027,0.18138420068376757,0.18370727946242885,242,364,CONVERGENCE: RELATIVE REDUCTION OF F <= FACTR*EPSMCH,-1.7243545845172772,-0.8751080685626804,False,1.9028271998977289,14,14
16,mirror,nearest,False,172,0.029359281920529955,0.16463567423372621,0.15881506697384387,0.1609267049839971,2727,3075,CONVERGENCE: RELATIVE REDUCTION OF F <= FACTR*EPSMCH,-3.4612004622650456,4.4641490643386215,False,12.712373400107026,14,14
16,mirror,nearest,False,173,0.029372856908604122,0.1646655560294828,0.1588163528294019,0.16092923816686558,12597,14430,CONVERGENCE: RELATIVE REDUCTION OF F <= FACTR*EPSMCH,-3.49525995989757,7.991301606800158,True,57.53185119992122,14,14
16,mirror,nearest,False,174,0.0326024555736771,0.17618823368227404,0.170048487589571,0.17226900435088707,6153,6989,CONVERGENCE: RELATIVE REDUCTION OF F <= FACTR*EPSMCH,-7.538613809779745,5.757644366679286,False,18.14667420007754,14,14
16,mirror,nearest,False,175,0.029209727180877117,0.16419652278890845,0.15826309978415426,0.16033610100481024,13914,15712,CONVERGENCE: RELATIVE REDUCTION OF F <= FACTR*EPSMCH,0.91213602546904,6.078199485766672,False,28.753202399937436,14,14
16,mirror,nearest,False,176,0.0293592808580814,0.16463561010452943,0.15881487419008986,0.1609264936431157,3054,3536,CONVERGENCE: RELATIVE REDUCTION OF F <= FACTR*EPSMCH,-3.4615010326970532,5.211319826243422,False,5.3463026999961585,14,14
16,mirror,nearest,False,177,0.02927000844176656,0.16444421623290098,0.15867481252343818,0.16078207282883378,6583,7457,CONVERGENCE: RELATIVE REDUCTION OF F <= FACTR*EPSMCH,1.575858216162725,8.0,True,16.182604899979196,14,14
16,mirror,nearest,False,178,0.032624009888558854,0.17616723572169954,0.17002860709167306,0.17224907632345227,5528,6356,CONVERGENCE: RELATIVE REDUCTION OF F <= FACTR*EPSMCH,-8.0,7.54168973056763,True,7.498493299935944,14,14
16,mirror,nearest,False,179,0.029269292760307302,0.1644431256818395,0.15867496094944905,0.1607821682669326,10008,11284,CONVERGENCE: RELATIVE REDUCTION OF F <= FACTR*EPSMCH,-0.18019023777412088,4.563025045927543,False,14.005469899973832,14,14
16,mirror,nearest,False,180,0.032598697558084165,0.17617149705581045,0.17003273661634047,0.1722532291228023,7181,7896,CONVERGENCE: RELATIVE REDUCTION OF F <= FACTR*EPSMCH,-7.706665143711568,5.7555515354203,False,17.167814699932933,14,14
16,mirror,nearest,False,181,0.029209719382462765,0.16419655455586138,0.15826525213736684,0.1603388492704278,6351,7186,CONVERGENCE: RELATIVE REDUCTION OF F <= FACTR*EPSMCH,1.0923823336587468,6.438097336785716,False,8.822787699988112,14,14
16,mirror,nearest,False,182,0.02920971880907877,0.16419605944659682,0.15826176314767168,0.16033440769098584,8352,9416,CONVERGENCE: RELATIVE REDUCTION OF F <= FACTR*EPSMCH,0.8332286607366124,5.9194548490625625,False,11.72141300002113,14,14
16,mirror,nearest,False,183,0.029701874324581674,0.16572238360938898,0.15965894084559476,0.16161790228210757,3296,3943,CONVERGENCE: RELATIVE REDUCTION OF F <= FACTR*EPSMCH,-8.0,7.999995305982124,True,5.351672900025733,14,14
16,mirror,nearest,False,184,0.029209774617994313,0.164196602458593,0.15826400734862683,0.16033721328725975,8017,9022,CONVERGENCE: RELATIVE REDUCTION OF F <= FACTR*EPSMCH,0.21747228806161972,4.688263779360088,False,15.223869900102727,14,14
16,mirror,nearest,False,185,0.02935928133415051,0.1646356171902627,0.1588148135933383,0.16092647677006547,3669,4243,CONVERGENCE: RELATIVE REDUCTION OF F <= FACTR*EPSMCH,-3.4613269006314513,4.920319319313295,False,5.061569599900395,14,14
16,mirror,nearest,False,186,0.029209715829264207,0.16419621110443322,0.1582622626254369,0.16033508383141265,17545,19740,CONVERGENCE: RELATIVE REDUCTION OF F <= FACTR*EPSMCH,0.7789927322533292,5.811277402015216,False,32.17668459995184,14,14
16,mirror,nearest,False,187,0.030112860794223786,0.16678499425932833,0.16087211078345717,0.1629821065074477,6835,7666,CONVERGENCE: RELATIVE REDUCTION OF F <= FACTR*EPSMCH,-3.1132291144329676,4.68702534357547,False,17.513121400028467,14,14
16,mirror,nearest,False,188,0.029700607950276937,0.16571595058462169,0.15965145846413203,0.16161025162924036,4571,5274,CONVERGENCE: RELATIVE REDUCTION OF F <= FACTR*EPSMCH,-8.0,7.999999993954707,True,11.634530400042422,14,14
16,mirror,nearest,False,189,0.029210000629228745,0.16419638062787675,0.15825924519217538,0.16033094437792403,117664,137827,CONVERGENCE: RELATIVE REDUCTION OF F <= FACTR*EPSMCH,1.873065687621034,7.999966906525227,True,230.12884170003235,14,14
16,mirror,nearest,False,190,0.029209697040704925,0.16419604525774334,0.15826130743098743,0.1603339639309156,7769,8811,CONVERGENCE: RELATIVE REDUCTION OF F <= FACTR*EPSMCH,1.6863443555465953,7.625609283427905,False,10.383312999969348,14,14
16,mirror,nearest,False,191,0.02921338726605316,0.1642115104847151,0.15830690120325475,0.1603868923374846,56638,65413,CONVERGENCE: RELATIVE REDUCTION OF F <= FACTR*EPSMCH,1.8728706408965108,8.0,True,86.11041419999674,14,14
16,mirror,nearest,False,192,0.029209732982175333,0.16419681060697938,0.15826706795548212,0.16034115953616385,5157,5793,CONVERGENCE: RELATIVE REDUCTION OF F <= FACTR*EPSMCH,0.7702561948655618,5.792637758055195,False,13.244685400044546,14,14
16,mirror,nearest,False,193,0.029209742842291744,0.16419673936083212,0.15826607535015685,0.16033985755434843,12669,14253,CONVERGENCE: RELATIVE REDUCTION OF F <= FACTR*EPSMCH,0.5947294877102841,5.442267639267211,False,30.58832529990468,14,14
16,mirror,nearest,False,194,0.02921049727243865,0.1641980842521409,0.15825966138412015,0.16033078131503006,54873,64936,CONVERGENCE: RELATIVE REDUCTION OF F <= FACTR*EPSMCH,1.8693717427476233,7.995972559619342,True,109.45879409997724,14,14
16,mirror,nearest,False,195,0.02935928120626875,0.16463558107703416,0.158814714623972,0.16092637642242316,2843,3360,CONVERGENCE: RELATIVE REDUCTION OF F <= FACTR*EPSMCH,-3.4614480756793067,4.970049459571846,False,4.305592399905436,14,14
16,mirror,nearest,False,196,0.02926926939211774,0.16444301899614458,0.1586748388075739,0.1607820481950625,4208,4776,CONVERGENCE: RELATIVE REDUCTION OF F <= FACTR*EPSMCH,0.42593707053192376,5.77524129371606,False,13.391607999918051,14,14
16,mirror,nearest,False,197,0.02966894067941921,0.16561792325586422,0.1594866962109677,0.16143323203754145,15399,17528,CONVERGENCE: RELATIVE REDUCTION OF F <= FACTR*EPSMCH,-4.179391775552329,8.0,True,27.98392520006746,14,14
16,mirror,nearest,False,198,0.029359281329335404,0.1646357267003662,0.15881520310274896,0.1609268396984186,3710,4308,CONVERGENCE: RELATIVE REDUCTION OF F <= FACTR*EPSMCH,-3.461166614717283,5.055090294725468,False,6.263228900032118,14,14
16,mirror,nearest,False,199,0.02970070414586802,0.16571575182926163,0.15964271859217743,0.1615993133770979,3347,3745,CONVERGENCE: RELATIVE REDUCTION OF F <= FACTR*EPSMCH,-8.0,7.483862874347117,True,6.022439600084908,14,14
16,mirror,mirror,True,0,0.02916187956992534,0.16405222334904704,0.15789442068498538,0.159891625490009,87,96,CONVERGENCE: RELATIVE REDUCTION OF F <= FACTR*EPSMCH,-2.7984830306726307,-1.3939138743668535,False,0.3111860998906195,14,14
16,mirror,mirror,True,1,0.029161879569925223,0.16405222328518881,0.15789442086321154,0.15989162576522306,63,68,CONVERGENCE: RELATIVE REDUCTION OF F <= FACTR*EPSMCH,-2.7984819956404396,-1.3939138436778091,False,0.19598399999085814,14,14
16,mirror,mirror,True,2,0.02950731770272631,0.16511991114466706,0.15878976656970592,0.16066928009979162,1775,2078,CONVERGENCE: RELATIVE REDUCTION OF F <= FACTR*EPSMCH,-8.0,5.4838791913954275,True,4.357612399966456,14,14
16,mirror,mirror,True,3,0.02916187956992551,0.16405222320216342,0.15789442014554164,0.15989162489684708,99,108,CONVERGENCE: RELATIVE REDUCTION OF F <= FACTR*EPSMCH,-2.7984832992410427,-1.3939144574366518,False,0.31050879997201264,14,14
16,mirror,mirror,True,4,0.029507819184018895,0.16512179004490665,0.15879041768348975,0.1606695572037903,1921,2236,CONVERGENCE: RELATIVE REDUCTION OF F <= FACTR*EPSMCH,-8.0,6.180992905676695,True,4.964094000053592,14,14
16,mirror,mirror,True,5,0.02914042682280816,0.16392776863651445,0.158034348035655,0.16014786101975373,3675,4230,CONVERGENCE: RELATIVE REDUCTION OF F <= FACTR*EPSMCH,-3.040744910433481,4.4280620183016515,False,6.40438089997042,14,14
16,mirror,mirror,True,6,0.02916187956992653,0.16405222318994456,0.15789442035961146,0.1598916250912082,87,97,CONVERGENCE: RELATIVE REDUCTION OF F <= FACTR*EPSMCH,-2.79848164572555,-1.3939125544065776,False,0.1295551999937743,14,14
16,mirror,mirror,True,7,0.029834170606354182,0.16619745351912854,0.16032697358101927,0.16233955948243708,7504,8576,CONVERGENCE: RELATIVE REDUCTION OF F <= FACTR*EPSMCH,-4.339062671063645,7.60062275077051,False,11.038619099999778,14,14
16,mirror,mirror,True,8,0.029161879569925168,0.1640522233203153,0.15789442033630455,0.15989162513335042,62,69,CONVERGENCE: RELATIVE REDUCTION OF F <= FACTR*EPSMCH,-2.798482841383489,-1.3939134683960137,False,0.08806880004703999,14,14
16,mirror,mirror,True,9,0.029161879569928564,0.16405222327423039,0.15789442083090552,0.15989162564222487,72,82,CONVERGENCE: RELATIVE REDUCTION OF F <= FACTR*EPSMCH,-2.798480593715357,-1.3939112251669343,False,0.10931079997681081,14,14
16,mirror,mirror,True,10,0.029654310696190518,0.16555976815731627,0.1595265158725953,0.16151186751305727,23150,26182,CONVERGENCE: RELATIVE REDUCTION OF F <= FACTR*EPSMCH,-4.687382390628659,8.0,True,43.76803109992761,14,14
16,mirror,mirror,True,11,0.029161879569925178,0.1640522233714653,0.1578944207327334,0.15989162559460293,70,77,CONVERGENCE: RELATIVE REDUCTION OF F <= FACTR*EPSMCH,-2.7984828354428637,-1.393913879635205,False,0.19116639997810125,14,14
16,mirror,mirror,True,12,0.029140426983653343,0.1639277387433834,0.15803439959897325,0.16014789537054763,2068,2424,CONVERGENCE: RELATIVE REDUCTION OF F <= FACTR*EPSMCH,-3.0406837547267958,4.150548169062648,False,4.127691500005312,14,14
16,mirror,mirror,True,13,0.029835609084285026,0.16620206436084772,0.1603286766053559,0.16234356649398585,6878,7893,CONVERGENCE: RELATIVE REDUCTION OF F <= FACTR*EPSMCH,-4.283833367944051,7.999999989345989,True,12.826568300020881,14,14
16,mirror,mirror,True,14,0.029140427161676245,0.16392770049193436,0.1580342100025325,0.16014770218316296,2083,2374,CONVERGENCE: RELATIVE REDUCTION OF F <= FACTR*EPSMCH,-3.0410186279861398,4.074213234902247,False,4.641654500039294,14,14
16,mirror,mirror,True,15,0.02916187956992534,0.16405222326073773,0.15789442056600686,0.15989162529061982,211,252,CONVERGENCE: RELATIVE REDUCTION OF F <= FACTR*EPSMCH,-2.7984828660839627,-1.393913475780843,False,0.4413415000308305,14,14
16,mirror,mirror,True,16,0.029161879569925428,0.1640522232552853,0.15789442080430163,0.1598916257179343,63,69,CONVERGENCE: RELATIVE REDUCTION OF F <= FACTR*EPSMCH,-2.798482048815928,-1.3939142499019856,False,0.12010459997691214,14,14
16,mirror,mirror,True,17,0.029833901099885443,0.16620013436475203,0.16032489901382546,0.16233791025830951,5184,5874,CONVERGENCE: RELATIVE REDUCTION OF F <= FACTR*EPSMCH,-4.3257125349971375,7.999999998399905,True,10.660935300053097,14,14
16,mirror,mirror,True,18,0.031250966424306824,0.1702036673600976,0.16371965941986283,0.16568535100924886,876,1006,CONVERGENCE: RELATIVE REDUCTION OF F <= FACTR*EPSMCH,-8.0,1.2371079084522376,True,2.184717099997215,14,14
16,mirror,mirror,True,19,0.02950731887958687,0.16511982444239512,0.1587876782069007,0.16066665887703244,3171,3737,CONVERGENCE: RELATIVE REDUCTION OF F <= FACTR*EPSMCH,-8.0,6.213857332269368,True,6.828784100012854,14,14
16,mirror,mirror,True,20,0.029161879569926,0.16405222341040013,0.1578944208875417,0.15989162568219428,59,62,CONVERGENCE: RELATIVE REDUCTION OF F <= FACTR*EPSMCH,-2.798482926604961,-1.3939125582480072,False,0.14909770002122968,14,14
16,mirror,mirror,True,21,0.029507313826069165,0.16511981359062675,0.15878992266613368,0.16066952939944645,2410,2774,CONVERGENCE: RELATIVE REDUCTION OF F <= FACTR*EPSMCH,-8.0,6.191655356734045,True,6.17902070004493,14,14
16,mirror,mirror,True,22,0.029140427328032265,0.16392774364247512,0.1580342999927106,0.1601477954474644,2055,2346,CONVERGENCE: RELATIVE REDUCTION OF F <= FACTR*EPSMCH,-3.0404480957466755,3.885469928901268,False,3.4993152999086305,14,14
16,mirror,mirror,True,23,0.029161879569925896,0.16405222315148396,0.15789442003886586,0.15989162475949578,70,76,CONVERGENCE: RELATIVE REDUCTION OF F <= FACTR*EPSMCH,-2.798482790303701,-1.3939139184723606,False,0.09244300005957484,14,14
16,mirror,mirror,True,24,0.029507314884737443,0.16511983004440053,0.15878885457459424,0.16066818650169118,2445,2771,CONVERGENCE: RELATIVE REDUCTION OF F <= FACTR*EPSMCH,-8.0,5.900245462506379,True,4.896098500001244,14,14
16,mirror,mirror,True,25,0.02914042727340679,0.16392773911621913,0.15803414033438873,0.16014759403640147,2375,2838,CONVERGENCE: RELATIVE REDUCTION OF F <= FACTR*EPSMCH,-3.0415598423826995,4.91040056655056,False,4.181281500030309,14,14
16,mirror,mirror,True,26,0.029140426807091488,0.1639276881277244,0.15803419242058514,0.16014766843180275,2957,3448,CONVERGENCE: RELATIVE REDUCTION OF F <= FACTR*EPSMCH,-3.0410448272439172,4.745355535960033,False,4.594863099977374,14,14
16,mirror,mirror,True,27,0.029507824142875904,0.16512199322925675,0.15879178937794186,0.16067118348382903,1464,1692,CONVERGENCE: RELATIVE REDUCTION OF F <= FACTR*EPSMCH,-8.0,4.614679952023984,True,4.252577499952167,14,14
16,mirror,mirror,True,28,0.02914042729192915,0.16392774784872993,0.15803442346024688,0.16014793930300134,2797,3202,CONVERGENCE: RELATIVE REDUCTION OF F <= FACTR*EPSMCH,-3.0400848625626744,3.9880676986067662,False,6.006283499998972,14,14
16,mirror,mirror,True,29,0.029140427147168933,0.1639276732053901,0.15803396944944145,0.16014746791302595,2958,3421,CONVERGENCE: RELATIVE REDUCTION OF F <= FACTR*EPSMCH,-3.041193998618195,4.490737648064658,False,4.26925640006084,14,14
16,mirror,mirror,True,30,0.029140426909692336,0.16392770293409947,0.15803418389013496,0.16014768106616195,3027,3481,CONVERGENCE: RELATIVE REDUCTION OF F <= FACTR*EPSMCH,-3.04079492038929,4.281969772763066,False,6.224864899995737,14,14
16,mirror,mirror,True,31,0.029161879569926486,0.16405222344852027,0.15789442054608796,0.15989162539897242,78,86,CONVERGENCE: RELATIVE REDUCTION OF F <= FACTR*EPSMCH,-2.7984841635021684,-1.3939146786498597,False,0.3066294000018388,14,14
16,mirror,mirror,True,32,0.029507316291905866,0.16511994979145955,0.15878977789234341,0.16066930584192626,1646,1934,CONVERGENCE: RELATIVE REDUCTION OF F <= FACTR*EPSMCH,-8.0,5.707094053003311,True,6.457491599954665,14,14
16,mirror,mirror,True,33,0.02950731725736214,0.16512003875831652,0.15878994085390905,0.16066950239439978,2513,2833,CONVERGENCE: RELATIVE REDUCTION OF F <= FACTR*EPSMCH,-8.0,5.531071944725579,True,7.279238099930808,14,14
16,mirror,mirror,True,34,0.029481163941655193,0.16525044178857656,0.1594313537217541,0.16155410598780315,11342,12922,CONVERGENCE: RELATIVE REDUCTION OF F <= FACTR*EPSMCH,-2.3811642043819377,7.091430960102324,False,21.63478429999668,14,14
16,mirror,mirror,True,35,0.029507818746449532,0.1651219301560188,0.15879164398831766,0.16067101797646222,2650,3044,CONVERGENCE: RELATIVE REDUCTION OF F <= FACTR*EPSMCH,-8.0,5.7927051332077175,True,6.798483500024304,14,14
16,mirror,mirror,True,36,0.029161879569925258,0.1640522232558096,0.15789442040329674,0.1598916252029703,62,71,CONVERGENCE: RELATIVE REDUCTION OF F <= FACTR*EPSMCH,-2.7984828531405066,-1.3939140448622351,False,0.3026620000600815,14,14
16,mirror,mirror,True,37,0.029507826612810407,0.16512194043042946,0.15879197285011154,0.16067142548261515,1610,1834,CONVERGENCE: RELATIVE REDUCTION OF F <= FACTR*EPSMCH,-8.0,4.362834440274627,True,5.848206800059415,14,14
16,mirror,mirror,True,38,0.02916187956992561,0.1640522233011077,0.15789442126791872,0.15989162624443534,82,91,CONVERGENCE: RELATIVE REDUCTION OF F <= FACTR*EPSMCH,-2.798481399229238,-1.3939136385466329,False,0.28375469997990876,14,14
16,mirror,mirror,True,39,0.029140426920674808,0.16392770212718802,0.15803409911868296,0.16014759070480908,3162,3674,CONVERGENCE: RELATIVE REDUCTION OF F <= FACTR*EPSMCH,-3.041013972271187,4.403951534931049,False,7.764644599985331,14,14
16,mirror,mirror,True,40,0.031242553664076796,0.1701794671117618,0.16369298680756997,0.16565774500712654,2040,2300,CONVERGENCE: RELATIVE REDUCTION OF F <= FACTR*EPSMCH,-8.0,5.192310366028335,True,3.056819099932909,14,14
16,mirror,mirror,True,41,0.029839144915051748,0.16622384036247476,0.16038702006444563,0.16240875385642842,2824,3244,CONVERGENCE: RELATIVE REDUCTION OF F <= FACTR*EPSMCH,-4.384321812347679,6.380705697627039,False,3.577042300021276,14,14
16,mirror,mirror,True,42,0.029140427950490027,0.1639277594090507,0.1580343400619719,0.16014784742760177,1637,1877,CONVERGENCE: RELATIVE REDUCTION OF F <= FACTR*EPSMCH,-3.040146237218427,3.649378464305259,False,2.630137399886735,14,14
16,mirror,mirror,True,43,0.02951263322701329,0.1651366305083215,0.15880572131501447,0.160684239280059,781,873,CONVERGENCE: RELATIVE REDUCTION OF F <= FACTR*EPSMCH,-8.0,3.85138755389267,True,0.9635069000069052,14,14
16,mirror,mirror,True,44,0.029167776872367566,0.1640360114347323,0.15816962039239793,0.1602784264672795,4058,4880,CONVERGENCE: RELATIVE REDUCTION OF F <= FACTR*EPSMCH,-3.084741478558715,4.3260252108444295,False,11.586843100027181,14,14
16,mirror,mirror,True,45,0.02950731387232241,0.16511991620678182,0.1587907455851582,0.16067052844422786,2546,2990,CONVERGENCE: RELATIVE REDUCTION OF F <= FACTR*EPSMCH,-8.0,6.742421817839852,True,6.5785964000970125,14,14
16,mirror,mirror,True,46,0.029161879569925355,0.16405222321269844,0.15789442057078798,0.1598916254442833,62,65,CONVERGENCE: RELATIVE REDUCTION OF F <= FACTR*EPSMCH,-2.798482265298698,-1.3939140569789876,False,0.14224860002286732,14,14
16,mirror,mirror,True,47,0.02950781867745141,0.16512182862187605,0.15879140705481162,0.16067075141684042,2265,2702,CONVERGENCE: RELATIVE REDUCTION OF F <= FACTR*EPSMCH,-8.0,6.192408234398746,True,4.924139599897899,14,14
16,mirror,mirror,True,48,0.02916187956992549,0.16405222316077755,0.15789442011718152,0.15989162487134465,89,98,CONVERGENCE: RELATIVE REDUCTION OF F <= FACTR*EPSMCH,-2.7984833357708667,-1.3939145275551739,False,0.13709520001430064,14,14
16,mirror,mirror,True,49,0.029140427267510986,0.1639277635030059,0.15803426441934149,0.1601477440270333,2343,2666,CONVERGENCE: RELATIVE REDUCTION OF F <= FACTR*EPSMCH,-3.0407630722533128,3.9473645496069873,False,8.426070100045763,14,14
16,mirror,mirror,True,50,0.029140426709551834,0.1639277488907146,0.15803420275296132,0.16014770604002698,3495,4009,CONVERGENCE: RELATIVE REDUCTION OF F <= FACTR*EPSMCH,-3.0407876055499545,4.770579837163377,False,9.057393800001591,14,14
16,mirror,mirror,True,51,0.02950731370473481,0.16512007508694806,0.15878896546155272,0.16066825807017265,2490,2921,CONVERGENCE: RELATIVE REDUCTION OF F <= FACTR*EPSMCH,-8.0,6.30591904983776,True,4.731587499962188,14,14
16,mirror,mirror,True,52,0.029161879569926056,0.16405222332107966,0.15789442003726603,0.15989162471674714,83,96,CONVERGENCE: RELATIVE REDUCTION OF F <= FACTR*EPSMCH,-2.7984837210659474,-1.393913356011563,False,0.21770099992863834,14,14
16,mirror,mirror,True,53,0.029161879569925685,0.16405222341066206,0.1578944212617407,0.15989162617440414,72,85,CONVERGENCE: RELATIVE REDUCTION OF F <= FACTR*EPSMCH,-2.798481851770909,-1.3939124758558366,False,0.2096531999995932,14,14
16,mirror,mirror,True,54,0.029507823778976344,0.165121943344827,0.15879149981853416,0.1606708399655149,1741,2014,CONVERGENCE: RELATIVE REDUCTION OF F <= FACTR*EPSMCH,-8.0,4.66082546953629,True,3.7187351000029594,14,14
16,mirror,mirror,True,55,0.029507819712174505,0.16512187652891416,0.1587913332709731,0.1606706415983106,1814,2127,CONVERGENCE: RELATIVE REDUCTION OF F <= FACTR*EPSMCH,-8.0,5.433339348797663,True,2.7697191999759525,14,14
16,mirror,mirror,True,56,0.02916187956992525,0.16405222327606697,0.15789442067619497,0.15989162554231695,61,68,CONVERGENCE: RELATIVE REDUCTION OF F <= FACTR*EPSMCH,-2.7984830369073217,-1.393915025713047,False,0.09688530000858009,14,14
16,mirror,mirror,True,57,0.029140427327984688,0.16392772786682167,0.15803419338182353,0.1601476875094728,2267,2555,CONVERGENCE: RELATIVE REDUCTION OF F <= FACTR*EPSMCH,-3.0411424362773705,3.97988939985796,False,3.972594799939543,14,14
16,mirror,mirror,True,58,0.029161879569927458,0.16405222355461285,0.1578944219640193,0.15989162719755057,78,87,CONVERGENCE: RELATIVE REDUCTION OF F <= FACTR*EPSMCH,-2.798481376779796,-1.3939133245006068,False,0.1795933999819681,14,14
16,mirror,mirror,True,59,0.029481211840515748,0.1652506426047016,0.15943186534337156,0.16155452424979488,8551,9841,CONVERGENCE: RELATIVE REDUCTION OF F <= FACTR*EPSMCH,-2.3813281189241624,6.4527012192018205,False,14.186799900024198,14,14
16,mirror,mirror,True,60,0.029161879569926254,0.16405222342022582,0.1578944211251704,0.15989162604717644,65,69,CONVERGENCE: RELATIVE REDUCTION OF F <= FACTR*EPSMCH,-2.7984813061745712,-1.3939121817402838,False,0.0962139000184834,14,14
16,mirror,mirror,True,61,0.02916187956992588,0.16405222328693989,0.15789442110947108,0.15989162613353558,64,69,CONVERGENCE: RELATIVE REDUCTION OF F <= FACTR*EPSMCH,-2.798481360278166,-1.3939141949736287,False,0.10653890005778521,14,14
16,mirror,mirror,True,62,0.02916187956992669,0.1640522234250736,0.15789442145782273,0.1598916265128132,94,121,CONVERGENCE: RELATIVE REDUCTION OF F <= FACTR*EPSMCH,-2.7984824729983515,-1.3939145403643862,False,0.14545959990937263,14,14
16,mirror,mirror,True,63,0.02916187956992563,0.16405222340174086,0.15789442073485674,0.15989162556686165,64,85,CONVERGENCE: RELATIVE REDUCTION OF F <= FACTR*EPSMCH,-2.798483098957916,-1.3939137612107304,False,0.1066510999808088,14,14
16,mirror,mirror,True,64,0.029140427331472124,0.1639277224340771,0.1580342125584757,0.16014770382249777,1752,2018,CONVERGENCE: RELATIVE REDUCTION OF F <= FACTR*EPSMCH,-3.0406813036705684,3.91072674451758,False,3.464648299966939,14,14
16,mirror,mirror,True,65,0.031242647889841314,0.1701797549787604,0.1636932142761876,0.16565797049737016,2432,2802,CONVERGENCE: RELATIVE REDUCTION OF F <= FACTR*EPSMCH,-8.0,4.263277026546832,True,4.296345700044185,14,14
16,mirror,mirror,True,66,0.031242673055812062,0.17017972397556805,0.16369291062892768,0.16565768187681593,4389,5094,CONVERGENCE: RELATIVE REDUCTION OF F <= FACTR*EPSMCH,-8.0,7.4717530653969275,True,7.571553000016138,14,14
16,mirror,mirror,True,67,0.02916187956992833,0.16405222352087745,0.15789442168188172,0.15989162673039792,79,91,CONVERGENCE: RELATIVE REDUCTION OF F <= FACTR*EPSMCH,-2.7984806038699146,-1.3939117753208174,False,0.09274510003160685,14,14
16,mirror,mirror,True,68,0.029140427089744396,0.16392775874969573,0.15803457813839616,0.16014806447928293,2796,3200,CONVERGENCE: RELATIVE REDUCTION OF F <= FACTR*EPSMCH,-3.0406053278381937,4.370562659990146,False,5.1169320999179035,14,14
16,mirror,mirror,True,69,0.02914042718512829,0.16392775915243815,0.15803439580822348,0.1601479082946578,2118,2441,CONVERGENCE: RELATIVE REDUCTION OF F <= FACTR*EPSMCH,-3.0401720201213314,4.04685665511148,False,5.082095899968408,14,14
16,mirror,mirror,True,70,0.029179184976640623,0.16404571403726673,0.1581104643487774,0.16022008154968786,3713,4197,CONVERGENCE: RELATIVE REDUCTION OF F <= FACTR*EPSMCH,-3.3158714238117337,4.53315080596178,False,4.890108000021428,14,14
16,mirror,mirror,True,71,0.029140427063641415,0.16392774392636544,0.15803437428105396,0.16014788953315137,1852,2154,CONVERGENCE: RELATIVE REDUCTION OF F <= FACTR*EPSMCH,-3.0405044635971077,4.050166829350198,False,3.4242991999490187,14,14
16,mirror,mirror,True,72,0.02916187956992582,0.16405222320910726,0.15789442033993445,0.15989162520932781,77,80,CONVERGENCE: RELATIVE REDUCTION OF F <= FACTR*EPSMCH,-2.7984831987104664,-1.3939154519997328,False,0.10017320001497865,14,14
16,mirror,mirror,True,73,0.02916187956992557,0.16405222323277666,0.15789442100781118,0.15989162590982503,57,61,CONVERGENCE: RELATIVE REDUCTION OF F <= FACTR*EPSMCH,-2.798481608749642,-1.3939136297707322,False,0.07642490009311587,14,14
16,mirror,mirror,True,74,0.029140467151043247,0.16392680812255747,0.15803196083658233,0.16014544705857656,10345,11347,CONVERGENCE: RELATIVE REDUCTION OF F <= FACTR*EPSMCH,-3.038734106737956,7.999987136524085,True,15.373628699919209,14,14
16,mirror,mirror,True,75,0.029140427540118193,0.16392769867405277,0.15803419450551762,0.16014768916161715,2489,2839,CONVERGENCE: RELATIVE REDUCTION OF F <= FACTR*EPSMCH,-3.0410198592132467,3.841991621105599,False,5.222550299949944,14,14
16,mirror,mirror,True,76,0.02950731463519916,0.1651201785240061,0.15879047754033723,0.16067018636360417,3487,3949,CONVERGENCE: RELATIVE REDUCTION OF F <= FACTR*EPSMCH,-8.0,6.676690780956085,True,6.0023516999790445,14,14
16,mirror,mirror,True,77,0.02950731491637393,0.16511986892431146,0.1587881542970606,0.16066721823512758,3018,3488,CONVERGENCE: RELATIVE REDUCTION OF F <= FACTR*EPSMCH,-8.0,6.266966961833095,True,4.214595900033601,14,14
16,mirror,mirror,True,78,0.0295073157232723,0.16512012275650004,0.15878946269459768,0.16066883925421135,2479,2900,CONVERGENCE: RELATIVE REDUCTION OF F <= FACTR*EPSMCH,-8.0,6.965503599823945,True,4.161394000053406,14,14
16,mirror,mirror,True,79,0.029161879569925424,0.16405222346661547,0.15789442104667056,0.15989162592631215,69,76,CONVERGENCE: RELATIVE REDUCTION OF F <= FACTR*EPSMCH,-2.7984827235781418,-1.393913791922619,False,0.17472440004348755,14,14
16,mirror,mirror,True,80,0.029161879569927718,0.16405222332937427,0.15789442070594964,0.15989162566295181,59,62,CONVERGENCE: RELATIVE REDUCTION OF F <= FACTR*EPSMCH,-2.7984832771931267,-1.3939165865590422,False,0.13543709996156394,14,14
16,mirror,mirror,True,81,0.029507313265914308,0.16511961771973171,0.15878901177089907,0.16066839043810383,2127,2457,CONVERGENCE: RELATIVE REDUCTION OF F <= FACTR*EPSMCH,-8.0,6.483459020530435,True,3.2143372000427917,14,14
16,mirror,mirror,True,82,0.029140427888670717,0.16392771480359064,0.15803430304967148,0.16014780418201896,1969,2200,CONVERGENCE: RELATIVE REDUCTION OF F <= FACTR*EPSMCH,-3.040855353034253,3.6262156941483727,False,2.933665500022471,14,14
16,mirror,mirror,True,83,0.029161879569926368,0.1640522234068977,0.15789442091157177,0.15989162576957638,68,75,CONVERGENCE: RELATIVE REDUCTION OF F <= FACTR*EPSMCH,-2.798483253300525,-1.3939137965161066,False,0.08991510001942515,14,14
16,mirror,mirror,True,84,0.029161879569925695,0.16405222329477362,0.15789442000747597,0.15989162459638973,151,190,CONVERGENCE: RELATIVE REDUCTION OF F <= FACTR*EPSMCH,-2.7984838019283393,-1.393913448254864,False,0.23222200002055615,14,14
16,mirror,mirror,True,85,0.02914042952083034,0.16392760304638168,0.15803409823787049,0.16014775886390945,8108,9018,CONVERGENCE: RELATIVE REDUCTION OF F <= FACTR*EPSMCH,-3.039649087861927,5.870471981366849,False,13.936427199980244,14,14
16,mirror,mirror,True,86,0.02950731635706391,0.16511978697582383,0.15878991909196657,0.1606694974685867,2433,2778,CONVERGENCE: RELATIVE REDUCTION OF F <= FACTR*EPSMCH,-8.0,5.70011367274585,True,3.459121600026265,14,14
16,mirror,mirror,True,87,0.029161879569925865,0.16405222329659447,0.15789442041955296,0.15989162517497274,74,79,CONVERGENCE: RELATIVE REDUCTION OF F <= FACTR*EPSMCH,-2.7984820332061764,-1.3939123257577266,False,0.0901768000330776,14,14
16,mirror,mirror,True,88,0.029161879569926736,0.1640522232999927,0.15789442003938925,0.1598916247705317,68,76,CONVERGENCE: RELATIVE REDUCTION OF F <= FACTR*EPSMCH,-2.798483381683117,-1.3939137410539646,False,0.2590930999722332,14,14
16,mirror,mirror,True,89,0.029833809846384413,0.1661997371199001,0.1603245564721343,0.162337427958781,7380,8123,CONVERGENCE: RELATIVE REDUCTION OF F <= FACTR*EPSMCH,-4.327820755637529,7.212203093359155,False,12.379010300035588,14,14
16,mirror,mirror,True,90,0.029161879569927995,0.16405222337559683,0.15789442048270852,0.15989162508960073,78,84,CONVERGENCE: RELATIVE REDUCTION OF F <= FACTR*EPSMCH,-2.798483253161699,-1.3939115679712024,False,0.08790240006055683,14,14
16,mirror,mirror,True,91,0.031250964345731685,0.17020365810809893,0.16371964666383393,0.16568534383972774,2279,2645,CONVERGENCE: RELATIVE REDUCTION OF F <= FACTR*EPSMCH,-8.0,2.9353009963450813,True,3.3918211000273004,14,14
16,mirror,mirror,True,92,0.029161879569926347,0.16405222316393495,0.1578944205647989,0.15989162547810823,78,83,CONVERGENCE: RELATIVE REDUCTION OF F <= FACTR*EPSMCH,-2.7984818299905316,-1.3939146320787894,False,0.10829190001823008,14,14
16,mirror,mirror,True,93,0.029161879569925428,0.1640522232641857,0.15789442029973083,0.1598916250719277,76,92,CONVERGENCE: RELATIVE REDUCTION OF F <= FACTR*EPSMCH,-2.7984833900554165,-1.393914433972868,False,0.12209740001708269,14,14
16,mirror,mirror,True,94,0.029507818484829838,0.1651218130853128,0.1587908320887742,0.16067006668814937,2948,3461,CONVERGENCE: RELATIVE REDUCTION OF F <= FACTR*EPSMCH,-8.0,6.532099902496696,True,5.451711399946362,14,14
16,mirror,mirror,True,95,0.02914042724149211,0.16392776812597704,0.15803449975148798,0.1601480145575721,2964,3361,CONVERGENCE: RELATIVE REDUCTION OF F <= FACTR*EPSMCH,-3.040247320442747,3.994782383217141,False,3.9199463999830186,14,14
16,mirror,mirror,True,96,0.0291618795699251,0.16405222331080796,0.15789442049589247,0.1598916253080191,75,85,CONVERGENCE: RELATIVE REDUCTION OF F <= FACTR*EPSMCH,-2.798483050321177,-1.3939140429349688,False,0.09679570002481341,14,14
16,mirror,mirror,True,97,0.029161879569927007,0.16405222349274348,0.1578944208013374,0.1598916255748764,98,104,CONVERGENCE: RELATIVE REDUCTION OF F <= FACTR*EPSMCH,-2.798483538487478,-1.393912592362314,False,0.12076730001717806,14,14
16,mirror,mirror,True,98,0.029507819694043137,0.16512191283018765,0.15879206562507553,0.16067154636921574,1911,2247,CONVERGENCE: RELATIVE REDUCTION OF F <= FACTR*EPSMCH,-8.0,5.4878800971818835,True,2.9641131999669597,14,14
16,mirror,mirror,True,99,0.02914042723521676,0.16392774962237244,0.15803442913216426,0.1601479199048114,1326,1547,CONVERGENCE: RELATIVE REDUCTION OF F <= FACTR*EPSMCH,-3.0405351070444904,3.954701012830124,False,1.8568519999971613,14,14
16,mirror,mirror,True,100,0.03124255562303405,0.17017947844237624,0.1636927709311266,0.16565748925685095,3764,4172,CONVERGENCE: RELATIVE REDUCTION OF F <= FACTR*EPSMCH,-8.0,5.840101386586067,True,5.901310299988836,14,14
16,mirror,mirror,True,101,0.02916187956992535,0.16405222310851447,0.15789442003267679,0.1598916247776431,72,78,CONVERGENCE: RELATIVE REDUCTION OF F <= FACTR*EPSMCH,-2.7984828644318136,-1.3939141447118897,False,0.08904850005637854,14,14
16,mirror,mirror,True,102,0.029140427262705777,0.16392772320054794,0.15803426349763874,0.1601477792956527,1740,1971,CONVERGENCE: RELATIVE REDUCTION OF F <= FACTR*EPSMCH,-3.040562650142713,3.8982140414652107,False,2.270240099984221,14,14
16,mirror,mirror,True,103,0.029140427067379612,0.16392779119568412,0.1580345023189774,0.16014800015035943,3488,3961,CONVERGENCE: RELATIVE REDUCTION OF F <= FACTR*EPSMCH,-3.0404849549580213,4.152113212020292,False,4.458291199989617,14,14
16,mirror,mirror,True,104,0.029140426915555646,0.16392772123679167,0.15803419706086846,0.16014770615122792,3867,4482,CONVERGENCE: RELATIVE REDUCTION OF F <= FACTR*EPSMCH,-3.0409717952291446,4.342167263230163,False,5.8819841999793425,14,14
16,mirror,mirror,True,105,0.029140427236484922,0.16392781160103606,0.1580344891414928,0.16014796764348005,2257,2591,CONVERGENCE: RELATIVE REDUCTION OF F <= FACTR*EPSMCH,-3.0404592890181883,4.04008374358534,False,2.820530700031668,14,14
16,mirror,mirror,True,106,0.03125097518904421,0.1702037547821333,0.16371996668174998,0.16568562666443884,3954,4772,CONVERGENCE: RELATIVE REDUCTION OF F <= FACTR*EPSMCH,-8.0,6.348505493096854,True,5.927096000057645,14,14
16,mirror,mirror,True,107,0.029140426924825977,0.16392773942503075,0.15803437867539538,0.16014787892553234,3255,3658,CONVERGENCE: RELATIVE REDUCTION OF F <= FACTR*EPSMCH,-3.040855664597375,4.359572010807596,False,4.016963799949735,14,14
16,mirror,mirror,True,108,0.029161879569925442,0.16405222337562136,0.15789442084672486,0.15989162572240517,89,97,CONVERGENCE: RELATIVE REDUCTION OF F <= FACTR*EPSMCH,-2.798482816703111,-1.393914099648335,False,0.13080529996659607,14,14
16,mirror,mirror,True,109,0.029161879569930556,0.1640522227910452,0.15789441922077077,0.1598916238794985,82,95,CONVERGENCE: RELATIVE REDUCTION OF F <= FACTR*EPSMCH,-2.798483191244958,-1.393916800615084,False,0.10288799996487796,14,14
16,mirror,mirror,True,110,0.029161879569926878,0.16405222348156828,0.1578944207865388,0.1598916255018546,65,70,CONVERGENCE: RELATIVE REDUCTION OF F <= FACTR*EPSMCH,-2.7984829179202286,-1.3939113115938595,False,0.1031468000728637,14,14
16,mirror,mirror,True,111,0.029161879569925272,0.16405222317500262,0.1578944201984143,0.15989162496371717,93,106,CONVERGENCE: RELATIVE REDUCTION OF F <= FACTR*EPSMCH,-2.7984824312333867,-1.3939135219141925,False,0.13585570000577718,14,14
16,mirror,mirror,True,112,0.03124255387734025,0.1701794794873068,0.1636927003866506,0.16565740811205915,3293,3774,CONVERGENCE: RELATIVE REDUCTION OF F <= FACTR*EPSMCH,-8.0,6.718140348389676,True,4.937479100073688,14,14
16,mirror,mirror,True,113,0.03261558172487324,0.17622231090601254,0.17007721643132628,0.17229794351123887,3482,3986,CONVERGENCE: RELATIVE REDUCTION OF F <= FACTR*EPSMCH,-8.0,5.285243521492038,True,4.451002500019968,14,14
16,mirror,mirror,True,114,0.029161879569925594,0.16405222338806044,0.15789442117793606,0.15989162607407797,115,149,CONVERGENCE: RELATIVE REDUCTION OF F <= FACTR*EPSMCH,-2.798481891621481,-1.393913275516544,False,0.18488980003166944,14,14
16,mirror,mirror,True,115,0.029140427007088538,0.1639277109426206,0.1580342193069849,0.16014769059155495,2216,2566,CONVERGENCE: RELATIVE REDUCTION OF F <= FACTR*EPSMCH,-3.041217565113055,4.37447572681577,False,3.395469499984756,14,14
16,mirror,mirror,True,116,0.02950781802211249,0.16512208047391236,0.15879196476664223,0.16067141245060332,2789,3264,CONVERGENCE: RELATIVE REDUCTION OF F <= FACTR*EPSMCH,-8.0,6.406605946747842,True,4.240655199973844,14,14
16,mirror,mirror,True,117,0.029507820364536867,0.1651221824914052,0.15879167155898732,0.16067104049548556,2164,2519,CONVERGENCE: RELATIVE REDUCTION OF F <= FACTR*EPSMCH,-8.0,5.487985669664292,True,2.774331200052984,14,14
16,mirror,mirror,True,118,0.0291618795699253,0.16405222327407554,0.1578944206506723,0.15989162554120534,84,95,CONVERGENCE: RELATIVE REDUCTION OF F <= FACTR*EPSMCH,-2.798482548714737,-1.393914342405366,False,0.11292450001928955,14,14
16,mirror,mirror,True,119,0.029161879569925307,0.16405222330872252,0.1578944207569606,0.1598916256381225,56,63,CONVERGENCE: RELATIVE REDUCTION OF F <= FACTR*EPSMCH,-2.798482377501777,-1.3939138173290955,False,0.06597380002494901,14,14
16,mirror,mirror,True,120,0.029161879569927173,0.16405222338358544,0.15789442023150513,0.15989162487071565,68,74,CONVERGENCE: RELATIVE REDUCTION OF F <= FACTR*EPSMCH,-2.798484996096788,-1.3939147550241784,False,0.09668890002649277,14,14
16,mirror,mirror,True,121,0.031242579766772288,0.17017957210153253,0.1636922691023695,0.16565686086794856,3342,3865,CONVERGENCE: RELATIVE REDUCTION OF F <= FACTR*EPSMCH,-8.0,6.625316253938679,True,4.228047700016759,14,14
16,mirror,mirror,True,122,0.02914042985542905,0.1639277560469241,0.15803436555095846,0.16014785626394473,1310,1468,CONVERGENCE: RELATIVE REDUCTION OF F <= FACTR*EPSMCH,-3.040576418626015,3.149343416209915,False,1.6633276999928057,14,14
16,mirror,mirror,True,123,0.029161879569927947,0.1640522234022407,0.15789442108051804,0.1598916260133842,70,78,CONVERGENCE: RELATIVE REDUCTION OF F <= FACTR*EPSMCH,-2.798481984123005,-1.393911468898715,False,0.09335169999394566,14,14
16,mirror,mirror,True,124,0.029140427207024085,0.1639277491486972,0.15803450050941953,0.16014798325971666,3397,3844,CONVERGENCE: RELATIVE REDUCTION OF F <= FACTR*EPSMCH,-3.0403991148945964,4.044295063266302,False,4.49594019993674,14,14
16,mirror,mirror,True,125,0.02916187956992575,0.16405222333523573,0.15789442062093564,0.15989162534811258,63,71,CONVERGENCE: RELATIVE REDUCTION OF F <= FACTR*EPSMCH,-2.7984826001719587,-1.3939125990686025,False,0.07466699997894466,14,14
16,mirror,mirror,True,126,0.029161879569927402,0.16405222327777372,0.15789442081962501,0.15989162586556474,69,75,CONVERGENCE: RELATIVE REDUCTION OF F <= FACTR*EPSMCH,-2.798482572339787,-1.3939163643694545,False,0.0932048000395298,14,14
16,mirror,mirror,True,127,0.029161879569939982,0.1640522235913449,0.1578944219588336,0.1598916268223143,66,72,CONVERGENCE: RELATIVE REDUCTION OF F <= FACTR*EPSMCH,-2.79847824772963,-1.3939052617946537,False,0.08680869999807328,14,14
16,mirror,mirror,True,128,0.02965417175915938,0.16556319709958303,0.15954313331484,0.16153072160165144,26098,29250,CONVERGENCE: RELATIVE REDUCTION OF F <= FACTR*EPSMCH,-4.72298971749337,8.0,True,34.729830200085416,14,14
16,mirror,mirror,True,129,0.029507819585384953,0.16512194432421393,0.1587920960113983,0.16067158978203158,2625,3055,CONVERGENCE: RELATIVE REDUCTION OF F <= FACTR*EPSMCH,-8.0,5.551644872376376,True,3.810453200014308,14,14
16,mirror,mirror,True,130,0.029161879569926,0.16405222322465096,0.15789442074867943,0.15989162566381127,65,72,CONVERGENCE: RELATIVE REDUCTION OF F <= FACTR*EPSMCH,-2.7984829489002188,-1.3939159087139947,False,0.08480820001568645,14,14
16,mirror,mirror,True,131,0.029161879569926524,0.16405222340457903,0.1578944214785531,0.15989162652877642,63,69,CONVERGENCE: RELATIVE REDUCTION OF F <= FACTR*EPSMCH,-2.798481651162289,-1.393914116849244,False,0.07890020008198917,14,14
16,mirror,mirror,True,132,0.029507316964491864,0.16511994095320456,0.15879080093438255,0.16067055219616921,2323,2649,CONVERGENCE: RELATIVE REDUCTION OF F <= FACTR*EPSMCH,-8.0,5.784323168403992,True,3.248728800099343,14,14
16,mirror,mirror,True,133,0.02916187956992597,0.16405222337868394,0.15789442098350537,0.15989162592870187,63,67,CONVERGENCE: RELATIVE REDUCTION OF F <= FACTR*EPSMCH,-2.7984826875499382,-1.3939149867046667,False,0.08705279999412596,14,14
16,mirror,mirror,True,134,0.029161879569925102,0.16405222331761427,0.15789442098726503,0.15989162588328112,56,63,CONVERGENCE: RELATIVE REDUCTION OF F <= FACTR*EPSMCH,-2.7984823314868517,-1.3939137573932279,False,0.08806039998307824,14,14
16,mirror,mirror,True,135,0.029140427511817103,0.16392775173594426,0.15803436154177608,0.16014785222536668,2115,2440,CONVERGENCE: RELATIVE REDUCTION OF F <= FACTR*EPSMCH,-3.0401766184678256,3.8577575776736843,False,2.922379199997522,14,14
16,mirror,mirror,True,136,0.02950731363596883,0.1651199645817688,0.15878987838071432,0.16066945122736936,2723,3089,CONVERGENCE: RELATIVE REDUCTION OF F <= FACTR*EPSMCH,-8.0,6.1347483223948505,True,3.6766516000498086,14,14
16,mirror,mirror,True,137,0.029140428734768735,0.16392771976291975,0.15803430036861135,0.16014781026636393,2134,2381,CONVERGENCE: RELATIVE REDUCTION OF F <= FACTR*EPSMCH,-3.040795089300025,3.3697460786360844,False,2.718965800013393,14,14
16,mirror,mirror,True,138,0.029507314245795196,0.165119844626902,0.15878980552317296,0.16066933011980417,3179,3629,CONVERGENCE: RELATIVE REDUCTION OF F <= FACTR*EPSMCH,-8.0,6.125053244702283,True,4.33718300005421,14,14
16,mirror,mirror,True,139,0.02914042698201872,0.16392772046602966,0.15803431302538387,0.16014782273986286,3348,3853,CONVERGENCE: RELATIVE REDUCTION OF F <= FACTR*EPSMCH,-3.040385808234096,4.185623015459271,False,4.644493900006637,14,14
16,mirror,mirror,True,140,0.029161879569925223,0.16405222329699995,0.15789442046601282,0.15989162525938241,88,104,CONVERGENCE: RELATIVE REDUCTION OF F <= FACTR*EPSMCH,-2.7984828297514652,-1.3939136607895501,False,0.13278189999982715,14,14
16,mirror,mirror,True,141,0.02950781844831498,0.16512193073945086,0.1587920348237878,0.16067152568022927,2805,3295,CONVERGENCE: RELATIVE REDUCTION OF F <= FACTR*EPSMCH,-8.0,6.059469613181011,True,3.617354299989529,14,14
16,mirror,mirror,True,142,0.03125123601417527,0.17020469222108986,0.16372031318946564,0.16568580736951527,1382,1599,CONVERGENCE: RELATIVE REDUCTION OF F <= FACTR*EPSMCH,-8.0,3.1174251939163646,True,2.10979719995521,14,14
16,mirror,mirror,True,143,0.03125100471529474,0.17020401740660024,0.16371806402645633,0.16568333845471908,2954,3647,CONVERGENCE: RELATIVE REDUCTION OF F <= FACTR*EPSMCH,-8.0,6.910194156689855,True,4.428208800032735,14,14
16,mirror,mirror,True,144,0.02950781864821897,0.16512186260892028,0.15879205241551503,0.16067154008789392,3278,3833,CONVERGENCE: RELATIVE REDUCTION OF F <= FACTR*EPSMCH,-8.0,5.8903802679047645,True,4.397189200040884,14,14
16,mirror,mirror,True,145,0.02916187956992715,0.164052223397631,0.15789442093193154,0.15989162585446204,107,124,CONVERGENCE: RELATIVE REDUCTION OF F <= FACTR*EPSMCH,-2.798481838926163,-1.3939122953813736,False,0.13851089996751398,14,14
16,mirror,mirror,True,146,0.029161879569925386,0.1640522232494458,0.15789442052816943,0.15989162527581166,81,92,CONVERGENCE: RELATIVE REDUCTION OF F <= FACTR*EPSMCH,-2.798482674312819,-1.3939138624367735,False,0.10841069999150932,14,14
16,mirror,mirror,True,147,0.029161879569933335,0.16405222324179242,0.15789442072035925,0.159891625849499,58,63,CONVERGENCE: RELATIVE REDUCTION OF F <= FACTR*EPSMCH,-2.798484154758554,-1.3939193145207216,False,0.09349380002822727,14,14
16,mirror,mirror,True,148,0.029507820161616048,0.1651220635776642,0.1587923027990621,0.16067180432500977,2750,3183,CONVERGENCE: RELATIVE REDUCTION OF F <= FACTR*EPSMCH,-8.0,5.382516936534191,True,3.8426005999790505,14,14
16,mirror,mirror,True,149,0.02916187956992579,0.16405222327221977,0.1578944207863248,0.15989162564781764,86,99,CONVERGENCE: RELATIVE REDUCTION OF F <= FACTR*EPSMCH,-2.798482517531492,-1.39391380018599,False,0.14316099998541176,14,14
16,mirror,mirror,True,150,0.029161879569927128,0.16405222311230253,0.15789442003526827,0.1598916247070416,71,76,CONVERGENCE: RELATIVE REDUCTION OF F <= FACTR*EPSMCH,-2.79848320869206,-1.3939146850546205,False,0.07090560009237379,14,14
16,mirror,mirror,True,151,0.029161879569925296,0.164052223293919,0.15789442070612197,0.1598916255858506,98,112,CONVERGENCE: RELATIVE REDUCTION OF F <= FACTR*EPSMCH,-2.7984819409493724,-1.3939134515668379,False,0.16240779997315258,14,14
16,mirror,mirror,True,152,0.029161879569926007,0.16405222326826316,0.15789442050718303,0.15989162536690774,65,69,CONVERGENCE: RELATIVE REDUCTION OF F <= FACTR*EPSMCH,-2.7984834454665037,-1.3939156375768007,False,0.11391129996627569,14,14
16,mirror,mirror,True,153,0.029140427449151608,0.16392773493737545,0.1580344147683122,0.1601479211790264,2774,3151,CONVERGENCE: RELATIVE REDUCTION OF F <= FACTR*EPSMCH,-3.039886597132736,4.114135771724954,False,4.082770400098525,14,14
16,mirror,mirror,True,154,0.02916187956992575,0.16405222328537944,0.1578944206284964,0.15989162547321253,73,80,CONVERGENCE: RELATIVE REDUCTION OF F <= FACTR*EPSMCH,-2.798482329857579,-1.3939134265735897,False,0.10510469996370375,14,14
16,mirror,mirror,True,155,0.02916187956992594,0.1640522232685908,0.15789442018441657,0.15989162487644204,70,77,CONVERGENCE: RELATIVE REDUCTION OF F <= FACTR*EPSMCH,-2.798483893400423,-1.3939143804176564,False,0.08359449997078627,14,14
16,mirror,mirror,True,156,0.02950731410948046,0.16512000030504792,0.1587899118048925,0.16066943004693435,2287,2600,CONVERGENCE: RELATIVE REDUCTION OF F <= FACTR*EPSMCH,-8.0,5.991801439876939,True,3.3218818999594077,14,14
16,mirror,mirror,True,157,0.029507818643616544,0.16512199738283376,0.1587905517293665,0.160669681898013,2552,2969,CONVERGENCE: RELATIVE REDUCTION OF F <= FACTR*EPSMCH,-8.0,6.388967434470273,True,3.414719199994579,14,14
16,mirror,mirror,True,158,0.02965507649195072,0.16556574970593368,0.15954666510058862,0.16153428792808824,12937,14620,CONVERGENCE: RELATIVE REDUCTION OF F <= FACTR*EPSMCH,-4.742240416625844,8.0,True,21.507778799976222,14,14
16,mirror,mirror,True,159,0.029161879569926087,0.164052223259133,0.15789441988224212,0.15989162461586567,67,73,CONVERGENCE: RELATIVE REDUCTION OF F <= FACTR*EPSMCH,-2.79848316548315,-1.3939133186675665,False,0.10137580009177327,14,14
16,mirror,mirror,True,160,0.02916187956992933,0.16405222338840278,0.15789442058225983,0.15989162524244258,76,85,CONVERGENCE: RELATIVE REDUCTION OF F <= FACTR*EPSMCH,-2.7984812047278127,-1.3939095974941662,False,0.12378169992007315,14,14
16,mirror,mirror,True,161,0.029161879569925435,0.16405222335503897,0.15789442128346876,0.15989162628934456,136,172,CONVERGENCE: RELATIVE REDUCTION OF F <= FACTR*EPSMCH,-2.7984819089383604,-1.393914037965683,False,0.20801950001623482,14,14
16,mirror,mirror,True,162,0.029161879569925546,0.16405222335343767,0.1578944202051732,0.15989162491218742,73,83,CONVERGENCE: RELATIVE REDUCTION OF F <= FACTR*EPSMCH,-2.798483023302331,-1.3939127550342112,False,0.10186239995528013,14,14
16,mirror,mirror,True,163,0.02916187956992525,0.16405222323704996,0.1578944207153335,0.15989162555654798,60,65,CONVERGENCE: RELATIVE REDUCTION OF F <= FACTR*EPSMCH,-2.7984820555617818,-1.3939137003569542,False,0.08239610004238784,14,14
16,mirror,mirror,True,164,0.02916187956992617,0.1640522233639061,0.15789442010986837,0.15989162477747573,59,62,CONVERGENCE: RELATIVE REDUCTION OF F <= FACTR*EPSMCH,-2.7984841713614657,-1.3939140667612777,False,0.07780820003245026,14,14
16,mirror,mirror,True,165,0.029161879569925518,0.16405222333626387,0.15789442002257884,0.1598916246962874,66,72,CONVERGENCE: RELATIVE REDUCTION OF F <= FACTR*EPSMCH,-2.798483579790033,-1.3939132672310286,False,0.0911379000172019,14,14
16,mirror,mirror,True,166,0.029507318207366393,0.16511998363569091,0.1587892363767444,0.16066861940814936,1492,1719,CONVERGENCE: RELATIVE REDUCTION OF F <= FACTR*EPSMCH,-8.0,5.41353608716405,True,1.866171000059694,14,14
16,mirror,mirror,True,167,0.029161879569925525,0.16405222342133607,0.15789442088034267,0.15989162578865837,55,62,CONVERGENCE: RELATIVE REDUCTION OF F <= FACTR*EPSMCH,-2.798482332066802,-1.3939139644097183,False,0.06664880004245788,14,14
16,mirror,mirror,True,168,0.02950781801038485,0.1651218350601419,0.15879150379901677,0.16067091870450828,3526,4127,CONVERGENCE: RELATIVE REDUCTION OF F <= FACTR*EPSMCH,-8.0,6.479159751925996,True,4.806133400066756,14,14
16,mirror,mirror,True,169,0.029161879569925456,0.16405222323822247,0.15789442036559737,0.1598916251413104,66,72,CONVERGENCE: RELATIVE REDUCTION OF F <= FACTR*EPSMCH,-2.798482369565752,-1.3939132324146435,False,0.07789980003144592,14,14
16,mirror,mirror,True,170,0.03124258691322963,0.170179683525821,0.16369048300499975,0.1656546551840295,3171,3630,CONVERGENCE: RELATIVE REDUCTION OF F <= FACTR*EPSMCH,-8.0,7.492393183890042,True,4.419127800036222,14,14
16,mirror,mirror,True,171,0.029161879569925442,0.16405222334634326,0.15789442119789723,0.15989162613257663,66,74,CONVERGENCE: RELATIVE REDUCTION OF F <= FACTR*EPSMCH,-2.7984819337856868,-1.3939134874955148,False,0.0980934000108391,14,14
16,mirror,mirror,True,172,0.02950783979082044,0.16512200078568068,0.15879156005173195,0.16067089941433357,1016,1120,CONVERGENCE: RELATIVE REDUCTION OF F <= FACTR*EPSMCH,-8.0,3.533921367670638,True,1.2816803000168875,14,14
16,mirror,mirror,True,173,0.029161879569925324,0.16405222334510725,0.15789442112920843,0.1598916260652906,65,73,CONVERGENCE: RELATIVE REDUCTION OF F <= FACTR*EPSMCH,-2.798482422434479,-1.3939145096745507,False,0.08781110006384552,14,14
16,mirror,mirror,True,174,0.029955150252479103,0.16652153860444752,0.1598347274783606,0.16166281298160695,1754,1999,CONVERGENCE: RELATIVE REDUCTION OF F <= FACTR*EPSMCH,-8.0,7.999962668196338,True,3.258020499954,14,14
16,mirror,mirror,True,175,0.029161879569925983,0.16405222325001073,0.15789442031215148,0.1598916250992129,61,70,CONVERGENCE: RELATIVE REDUCTION OF F <= FACTR*EPSMCH,-2.7984834573409727,-1.39391544125709,False,0.2096739000407979,14,14
16,mirror,mirror,True,176,0.02916187956993238,0.16405222349156529,0.15789441987180808,0.1598916242785959,77,84,CONVERGENCE: RELATIVE REDUCTION OF F <= FACTR*EPSMCH,-2.798482590547433,-1.393907645037348,False,0.10043150000274181,14,14
16,mirror,mirror,True,177,0.03261557531212601,0.17622223626656436,0.17007702924716728,0.17229774684418392,4066,4683,CONVERGENCE: RELATIVE REDUCTION OF F <= FACTR*EPSMCH,-8.0,6.5671917748092,True,8.909491600003093,14,14
16,mirror,mirror,True,178,0.029161879569925463,0.16405222329611002,0.1578944203113824,0.1598916251241465,54,57,CONVERGENCE: RELATIVE REDUCTION OF F <= FACTR*EPSMCH,-2.7984823347540875,-1.3939133166711137,False,0.11442829994484782,14,14
16,mirror,mirror,True,179,0.029140426879912452,0.1639277369597535,0.1580344174806805,0.16014788802131355,2839,3240,CONVERGENCE: RELATIVE REDUCTION OF F <= FACTR*EPSMCH,-3.040614523431268,4.352042063142036,False,4.641475199954584,14,14
16,mirror,mirror,True,180,0.0299686176643404,0.16723214915840057,0.16143333204820323,0.163475133880264,2635,3078,CONVERGENCE: RELATIVE REDUCTION OF F <= FACTR*EPSMCH,-4.503871007273418,4.988635834535072,False,6.776615099981427,14,14
16,mirror,mirror,True,181,0.029161879569925185,0.1640522233124066,0.15789442100192363,0.15989162593546935,70,76,CONVERGENCE: RELATIVE REDUCTION OF F <= FACTR*EPSMCH,-2.7984821503535615,-1.3939139152671316,False,0.13720929995179176,14,14
16,mirror,mirror,True,182,0.02914042706113592,0.16392771653250812,0.1580343338089654,0.16014784996245449,2391,2764,CONVERGENCE: RELATIVE REDUCTION OF F <= FACTR*EPSMCH,-3.040397126758334,4.086515605648481,False,3.2683746999828145,14,14
16,mirror,mirror,True,183,0.02914042688261563,0.16392781491873928,0.1580344653453511,0.16014793426061083,2024,2333,CONVERGENCE: RELATIVE REDUCTION OF F <= FACTR*EPSMCH,-3.040763628459271,4.436455161275498,False,2.856846799957566,14,14
16,mirror,mirror,True,184,0.029507317558505684,0.16512001451809355,0.1587893442972363,0.160668740281536,1404,1604,CONVERGENCE: RELATIVE REDUCTION OF F <= FACTR*EPSMCH,-8.0,5.541740512944838,True,1.7258622999070212,14,14
16,mirror,mirror,True,185,0.029161879569925234,0.1640522233052931,0.15789442052237343,0.15989162532622384,55,58,CONVERGENCE: RELATIVE REDUCTION OF F <= FACTR*EPSMCH,-2.7984831602137126,-1.3939137583813463,False,0.06771710002794862,14,14
16,mirror,mirror,True,186,0.02914042677418692,0.16392770472199908,0.15803425059892076,0.16014775816466514,3272,3811,CONVERGENCE: RELATIVE REDUCTION OF F <= FACTR*EPSMCH,-3.040624141105698,4.457848564973549,False,4.403346400009468,14,14
16,mirror,mirror,True,187,0.02914042772399124,0.16392773660509877,0.1580342865772295,0.16014778001838784,2514,2903,CONVERGENCE: RELATIVE REDUCTION OF F <= FACTR*EPSMCH,-3.040801617310788,3.659455832204953,False,4.810584000078961,14,14
16,mirror,mirror,True,188,0.02916187956992585,0.16405222342430634,0.15789442105152993,0.1598916259560704,93,110,CONVERGENCE: RELATIVE REDUCTION OF F <= FACTR*EPSMCH,-2.7984825996349048,-1.393913533280419,False,0.13306580006610602,14,14
16,mirror,mirror,True,189,0.029161879569925577,0.16405222326391705,0.15789442086220282,0.15989162574727248,74,95,CONVERGENCE: RELATIVE REDUCTION OF F <= FACTR*EPSMCH,-2.7984818219704946,-1.3939137985262762,False,0.10308719996828586,14,14
16,mirror,mirror,True,190,0.02916187956992617,0.16405222306585782,0.1578944201643292,0.15989162498037326,71,79,CONVERGENCE: RELATIVE REDUCTION OF F <= FACTR*EPSMCH,-2.798482823371219,-1.3939155757773467,False,0.09481879998929799,14,14
16,mirror,mirror,True,191,0.029161879569926125,0.16405222331016184,0.15789442109667867,0.15989162607100374,75,81,CONVERGENCE: RELATIVE REDUCTION OF F <= FACTR*EPSMCH,-2.7984820110931596,-1.3939149268971396,False,0.0903870000038296,14,14
16,mirror,mirror,True,192,0.02916187956992533,0.16405222329045133,0.15789442020170094,0.1598916249703437,68,75,CONVERGENCE: RELATIVE REDUCTION OF F <= FACTR*EPSMCH,-2.798483162129993,-1.3939139272778227,False,0.10355679993517697,14,14
16,mirror,mirror,True,193,0.02916187956992535,0.1640522231985105,0.1578944204661908,0.15989162528249826,63,69,CONVERGENCE: RELATIVE REDUCTION OF F <= FACTR*EPSMCH,-2.7984820054551776,-1.3939134806472682,False,0.06556410004850477,14,14
16,mirror,mirror,True,194,0.029507819878090688,0.16512180505134452,0.1587910714790159,0.16067031797494974,2438,2827,CONVERGENCE: RELATIVE REDUCTION OF F <= FACTR*EPSMCH,-8.0,5.444974077932403,True,3.4444441000232473,14,14
16,mirror,mirror,True,195,0.029161879569925754,0.1640522232620461,0.15789442015384725,0.15989162483696853,88,98,CONVERGENCE: RELATIVE REDUCTION OF F <= FACTR*EPSMCH,-2.7984838570304276,-1.3939142351455576,False,0.11155889998190105,14,14
16,mirror,mirror,True,196,0.029161879569925525,0.1640522234067222,0.1578944207022088,0.15989162548303265,83,100,CONVERGENCE: RELATIVE REDUCTION OF F <= FACTR*EPSMCH,-2.7984822592314793,-1.3939122656856504,False,0.1233368000248447,14,14
16,mirror,mirror,True,197,0.029507822048669762,0.1651220012625139,0.1587918161945125,0.160671227448572,1878,2142,CONVERGENCE: RELATIVE REDUCTION OF F <= FACTR*EPSMCH,-8.0,4.908373066338069,True,2.502775799948722,14,14
16,mirror,mirror,True,198,0.029140427026897554,0.16392778797402893,0.15803442079701394,0.16014784898316894,2867,3430,CONVERGENCE: RELATIVE REDUCTION OF F <= FACTR*EPSMCH,-3.04154910307911,5.99235963738129,False,6.880459400010295,14,14
16,mirror,mirror,True,199,0.02950732907830393,0.16512007836223017,0.15878975482334073,0.16066924734628724,2322,2580,CONVERGENCE: RELATIVE REDUCTION OF F <= FACTR*EPSMCH,-8.0,4.589548881031781,True,4.126021499978378,14,14
16,mirror,crossed,False,0,0.02909260208636113,0.1638056187471667,0.15792223657618384,0.1600308990163746,410,449,CONVERGENCE: RELATIVE REDUCTION OF F <= FACTR*EPSMCH,-2.534674139206285,-0.5823326703876638,False,0.46303620003163815,14,14
16,mirror,crossed,False,1,0.02909260208864007,0.1638056186047419,0.15792223648995826,0.1600308992158167,296,337,CONVERGENCE: RELATIVE REDUCTION OF F <= FACTR*EPSMCH,-2.53471263656916,-0.5824597303711956,False,0.39508559997193515,14,14
16,mirror,crossed,False,2,0.029092602086530882,0.16380561879312827,0.1579222376957894,0.1600309007668911,468,513,CONVERGENCE: RELATIVE REDUCTION OF F <= FACTR*EPSMCH,-2.534663190148113,-0.5822978886495143,False,0.6962355999276042,14,14
16,mirror,crossed,False,3,0.02969987069818273,0.16571433035872907,0.1596494767271581,0.16160824276870658,2587,3079,CONVERGENCE: RELATIVE REDUCTION OF F <= FACTR*EPSMCH,-7.997798772950067,6.096498552961519,True,5.75048959988635,14,14
16,mirror,crossed,False,4,0.029701790472854192,0.16572064052570878,0.15965749512875282,0.1616165507040257,2755,3129,CONVERGENCE: RELATIVE REDUCTION OF F <= FACTR*EPSMCH,-8.0,6.209165094597555,True,6.224010800011456,14,14
16,mirror,crossed,False,5,0.029092602086433737,0.16380561850493716,0.15792223641099656,0.1600308988118293,374,400,CONVERGENCE: RELATIVE REDUCTION OF F <= FACTR*EPSMCH,-2.5345538256961313,-0.5819394116915791,False,0.5104321999242529,14,14
16,mirror,crossed,False,6,0.029092602085876457,0.16380561877034586,0.15792223706688738,0.16003089980114932,183,202,CONVERGENCE: RELATIVE REDUCTION OF F <= FACTR*EPSMCH,-2.5346004959177684,-0.5820910175064126,False,0.24220839992631227,14,14
16,mirror,crossed,False,7,0.029092602086299716,0.16380561856295822,0.1579222366607853,0.16003089909197002,536,583,CONVERGENCE: RELATIVE REDUCTION OF F <= FACTR*EPSMCH,-2.5345490248350955,-0.5819288230699158,False,0.6779632000252604,14,14
16,mirror,crossed,False,8,0.029092602085878508,0.16380561869191684,0.15792223683273932,0.16003089923485994,367,397,CONVERGENCE: RELATIVE REDUCTION OF F <= FACTR*EPSMCH,-2.534598426193455,-0.5820870767328367,False,0.853002000018023,14,14
16,mirror,crossed,False,9,0.02969958335652145,0.16571402493506587,0.15964862881275949,0.16160741992078811,2859,3413,CONVERGENCE: RELATIVE REDUCTION OF F <= FACTR*EPSMCH,-7.98312529286822,6.934522342798102,True,5.414011300075799,14,14
16,mirror,crossed,False,10,0.029546208277794736,0.16521593719186722,0.15915883446613383,0.16116164834555646,13518,15258,CONVERGENCE: RELATIVE REDUCTION OF F <= FACTR*EPSMCH,-3.584994952836763,7.9999998292236265,True,18.400566500029527,14,14
16,mirror,crossed,False,11,0.029092602086158076,0.16380561858850906,0.15792223725054075,0.16003090031209605,293,314,CONVERGENCE: RELATIVE REDUCTION OF F <= FACTR*EPSMCH,-2.534659679064822,-0.5822790640445558,False,0.34574469993822277,14,14
16,mirror,crossed,False,12,0.03142070730825001,0.17067840813368806,0.1642864438297023,0.16630437907592563,3569,4369,CONVERGENCE: RELATIVE REDUCTION OF F <= FACTR*EPSMCH,-8.0,7.068285502520842,True,5.206283800071105,14,14
16,mirror,crossed,False,13,0.029700706225151752,0.16571983655012895,0.15967010903804157,0.16163227484450496,5523,6637,CONVERGENCE: RELATIVE REDUCTION OF F <= FACTR*EPSMCH,-8.0,7.999402014862095,True,7.877377400058322,14,14
16,mirror,crossed,False,14,0.029092602086058624,0.16380561860198037,0.15792223669811384,0.16003089908361853,253,271,CONVERGENCE: RELATIVE REDUCTION OF F <= FACTR*EPSMCH,-2.5345812002470254,-0.5820327645370145,False,0.6039868999505416,14,14
16,mirror,crossed,False,15,0.0290926020859714,0.16380561869422522,0.15792223684284434,0.16003089943474375,743,789,CONVERGENCE: RELATIVE REDUCTION OF F <= FACTR*EPSMCH,-2.5345673833495304,-0.581981801984399,False,1.2187294999603182,14,14
16,mirror,crossed,False,16,0.029670857935262786,0.1656189032933814,0.1594366629736403,0.16137033078055493,5119,5782,CONVERGENCE: RELATIVE REDUCTION OF F <= FACTR*EPSMCH,-4.1031728402445635,7.600839802794653,False,6.734644399955869,14,14
16,mirror,crossed,False,17,0.031109223383179015,0.17140074304376665,0.16544914974256955,0.1675997748223588,11577,12871,CONVERGENCE: RELATIVE REDUCTION OF F <= FACTR*EPSMCH,-3.455131305968704,5.5247105172802815,False,15.668494799989276,14,14
16,mirror,crossed,False,18,0.029092602086806814,0.1638056187115453,0.1579222371006628,0.16003090024497224,489,521,CONVERGENCE: RELATIVE REDUCTION OF F <= FACTR*EPSMCH,-2.5346866573771076,-0.582365010043026,False,0.5949235000880435,14,14
16,mirror,crossed,False,19,0.02970150435023901,0.1657220847191724,0.1596681930929288,0.16162936695602412,1061,1270,CONVERGENCE: RELATIVE REDUCTION OF F <= FACTR*EPSMCH,-8.0,7.9899114389343895,True,1.4299856999423355,14,14
16,mirror,crossed,False,20,0.0290926020861729,0.16380561875784105,0.15792223701351069,0.16003089974772927,845,957,CONVERGENCE: RELATIVE REDUCTION OF F <= FACTR*EPSMCH,-2.534585163070314,-0.5820396561021374,False,1.1039309999905527,14,14
16,mirror,crossed,False,21,0.03159978493937277,0.17403395972731975,0.168064987238012,0.17017419077293314,14389,18205,CONVERGENCE: RELATIVE REDUCTION OF F <= FACTR*EPSMCH,-7.993117410982559,1.5238991617681457,True,32.98400810000021,14,14
16,mirror,crossed,False,22,0.02909260208648464,0.1638056184644456,0.1579222359327303,0.16003089813909915,274,298,CONVERGENCE: RELATIVE REDUCTION OF F <= FACTR*EPSMCH,-2.534539798735486,-0.58189545924569,False,0.5593045999994501,14,14
16,mirror,crossed,False,23,0.029092602086002565,0.1638056186245646,0.1579222368771554,0.16003089933143502,259,278,CONVERGENCE: RELATIVE REDUCTION OF F <= FACTR*EPSMCH,-2.534556310563131,-0.5819527966583395,False,0.4638684999663383,14,14
16,mirror,crossed,False,24,0.029092602085825953,0.1638056185802248,0.15792223696695096,0.1600308995700875,257,272,CONVERGENCE: RELATIVE REDUCTION OF F <= FACTR*EPSMCH,-2.5345920634967496,-0.582067710136902,False,0.2752184000564739,14,14
16,mirror,crossed,False,25,0.029092602086528765,0.16380561825275497,0.1579222357624214,0.16003089805328888,492,541,CONVERGENCE: RELATIVE REDUCTION OF F <= FACTR*EPSMCH,-2.5346220293257242,-0.5821614261994492,False,0.5961880000540987,14,14
16,mirror,crossed,False,26,0.031242075067473417,0.17017739880351088,0.16369388194996798,0.1656595795840668,5073,5829,CONVERGENCE: RELATIVE REDUCTION OF F <= FACTR*EPSMCH,-8.0,7.802663767225078,True,6.6552204000763595,14,14
16,mirror,crossed,False,27,0.031007503724400514,0.16952828168480938,0.16291011935296046,0.16488814813397998,8558,10376,CONVERGENCE: RELATIVE REDUCTION OF F <= FACTR*EPSMCH,-3.2216498336679265,8.0,True,23.98948680004105,14,14
16,mirror,crossed,False,28,0.029092602085923045,0.16380561859188572,0.15792223682131148,0.16003089946532473,365,397,CONVERGENCE: RELATIVE REDUCTION OF F <= FACTR*EPSMCH,-2.5345925401802027,-0.5820654369535128,False,0.5011157999979332,14,14
16,mirror,crossed,False,29,0.029092602085949864,0.16380561867240542,0.1579222369741984,0.16003089950743757,303,324,CONVERGENCE: RELATIVE REDUCTION OF F <= FACTR*EPSMCH,-2.534589706767646,-0.5820609793673323,False,0.4970573000609875,14,14
16,mirror,crossed,False,30,0.029092602086764882,0.16380561859507448,0.1579222361228742,0.16003089867810313,277,301,CONVERGENCE: RELATIVE REDUCTION OF F <= FACTR*EPSMCH,-2.5347389261005113,-0.5825469064516483,False,0.4079947000136599,14,14
16,mirror,crossed,False,31,0.029092602085991345,0.16380561862938134,0.1579222359017271,0.16003089819526575,500,539,CONVERGENCE: RELATIVE REDUCTION OF F <= FACTR*EPSMCH,-2.534602953742419,-0.5820987260482123,False,0.6190616999519989,14,14
16,mirror,crossed,False,32,0.029092602086053167,0.16380561869467739,0.1579222370667273,0.16003090005246964,418,450,CONVERGENCE: RELATIVE REDUCTION OF F <= FACTR*EPSMCH,-2.534650878133168,-0.58225367942465,False,0.5337020999286324,14,14
16,mirror,crossed,False,33,0.029092602086049923,0.16380561888937795,0.15792223732868954,0.1600309001375289,260,284,CONVERGENCE: RELATIVE REDUCTION OF F <= FACTR*EPSMCH,-2.5346645091866775,-0.5822957269017837,False,0.3040325999027118,14,14
16,mirror,crossed,False,34,0.029092602085853948,0.16380561858927006,0.15792223656969342,0.16003089916774194,326,350,CONVERGENCE: RELATIVE REDUCTION OF F <= FACTR*EPSMCH,-2.5346066841779167,-0.5821121186863966,False,0.4013991999672726,14,14
16,mirror,crossed,False,35,0.02970101469688684,0.16571847056754713,0.1596572547554649,0.16161683997792844,2492,2845,CONVERGENCE: RELATIVE REDUCTION OF F <= FACTR*EPSMCH,-8.0,6.293734503617161,True,3.3900524999480695,14,14
16,mirror,crossed,False,36,0.03541830604322349,0.1881659033487297,0.18177259764138196,0.18409100055619354,430,688,CONVERGENCE: RELATIVE REDUCTION OF F <= FACTR*EPSMCH,-1.520900352325731,-1.1126066403118864,False,0.9012743999483064,14,14
16,mirror,crossed,False,37,0.02970042812281808,0.16571507540589941,0.1596457102937473,0.16160331708596645,1076,1300,CONVERGENCE: RELATIVE REDUCTION OF F <= FACTR*EPSMCH,-8.0,7.999999885516322,True,1.6585607000160962,14,14
16,mirror,crossed,False,38,0.02909260208588563,0.16380561872800886,0.15792223736086278,0.1600309002533466,378,403,CONVERGENCE: RELATIVE REDUCTION OF F <= FACTR*EPSMCH,-2.534616810023249,-0.5821492625335121,False,1.4628965000156313,14,14
16,mirror,crossed,False,39,0.02909260208583799,0.163805618735213,0.15792223688782261,0.16003089947836063,272,296,CONVERGENCE: RELATIVE REDUCTION OF F <= FACTR*EPSMCH,-2.534586181609085,-0.5820455703874868,False,0.9410547000588849,14,14
16,mirror,crossed,False,40,0.029699929817007774,0.16571446165373968,0.15964914059388638,0.16160776298078025,3466,4209,CONVERGENCE: RELATIVE REDUCTION OF F <= FACTR*EPSMCH,-8.0,6.388083480964217,True,10.000144200050272,14,14
16,mirror,crossed,False,41,0.029092602087173212,0.16380561879833128,0.15792223778828846,0.16003090100051362,259,280,CONVERGENCE: RELATIVE REDUCTION OF F <= FACTR*EPSMCH,-2.5346703634022374,-0.5823156346789601,False,0.9405337999342009,14,14
16,mirror,crossed,False,42,0.02909260208645224,0.16380561843983665,0.15792223626080187,0.16003089878003346,397,423,CONVERGENCE: RELATIVE REDUCTION OF F <= FACTR*EPSMCH,-2.534666715217503,-0.5823133129736051,False,1.092961100046523,14,14
16,mirror,crossed,False,43,0.029092602086158704,0.16380561869077373,0.1579222369352048,0.16003089918914726,301,333,CONVERGENCE: RELATIVE REDUCTION OF F <= FACTR*EPSMCH,-2.534512299379927,-0.581806688259795,False,0.8898378999438137,14,14
16,mirror,crossed,False,44,0.03124207663381839,0.1701774195147191,0.16369340892452125,0.1656590073116067,3134,3594,CONVERGENCE: RELATIVE REDUCTION OF F <= FACTR*EPSMCH,-8.0,6.5955432079949885,True,9.297621899982914,14,14
16,mirror,crossed,False,45,0.02970006400055646,0.16571498120718547,0.15965113511876572,0.1616101312686868,4038,4609,CONVERGENCE: RELATIVE REDUCTION OF F <= FACTR*EPSMCH,-8.0,6.726025007034725,True,11.027030299999751,14,14
16,mirror,crossed,False,46,0.03124250324609582,0.17017867141492823,0.1636951058254243,0.16566075254988327,4590,5280,CONVERGENCE: RELATIVE REDUCTION OF F <= FACTR*EPSMCH,-8.0,7.99998883481944,True,10.319712499971502,14,14
16,mirror,crossed,False,47,0.031242090405258528,0.17017748146936174,0.16369330101693436,0.1656588479666776,4949,5606,CONVERGENCE: RELATIVE REDUCTION OF F <= FACTR*EPSMCH,-8.0,7.9393274528142275,True,11.749640899943188,14,14
16,mirror,crossed,False,48,0.02969913987154534,0.16571351039137663,0.15965643114279765,0.16161725597966572,4107,5013,CONVERGENCE: RELATIVE REDUCTION OF F <= FACTR*EPSMCH,-7.957385497577205,7.806016662393064,True,11.559378799982369,14,14
16,mirror,crossed,False,49,0.03110905005830681,0.1714003295876979,0.1654482720045193,0.16759886432601617,13627,15130,CONVERGENCE: RELATIVE REDUCTION OF F <= FACTR*EPSMCH,-3.453410328136304,6.40990015398106,False,34.05983279994689,14,14
16,mirror,crossed,False,50,0.02909260208599696,0.1638056186392052,0.15792223625123386,0.16003089847403035,248,280,CONVERGENCE: RELATIVE REDUCTION OF F <= FACTR*EPSMCH,-2.5345676050340757,-0.5819888537469592,False,0.6160253999987617,14,14
16,mirror,crossed,False,51,0.029701939930257257,0.16572005431515824,0.15965807777710456,0.16161726820203776,6921,7799,CONVERGENCE: RELATIVE REDUCTION OF F <= FACTR*EPSMCH,-8.0,7.230250290410028,True,14.400062799919397,14,14
16,mirror,crossed,False,52,0.031008052208948114,0.16952992034231373,0.1629129654492533,0.16489134079651033,4403,5124,CONVERGENCE: RELATIVE REDUCTION OF F <= FACTR*EPSMCH,-3.216383668804586,8.0,True,10.002913799951784,14,14
16,mirror,crossed,False,53,0.029092602087686607,0.16380561857072984,0.15792223571618408,0.16003089759458375,272,293,CONVERGENCE: RELATIVE REDUCTION OF F <= FACTR*EPSMCH,-2.5345000979043872,-0.581771331514374,False,0.6082908000098541,14,14
16,mirror,crossed,False,54,0.029701151653194813,0.16571822997042646,0.1596620049872289,0.16162262645776188,1678,2026,CONVERGENCE: RELATIVE REDUCTION OF F <= FACTR*EPSMCH,-8.0,7.998298515209317,True,3.19029810000211,14,14
16,mirror,crossed,False,55,0.032701649530827014,0.17663644215172722,0.17038082507920027,0.17254639527283197,6280,7053,CONVERGENCE: RELATIVE REDUCTION OF F <= FACTR*EPSMCH,-8.0,6.9997545667941585,True,17.656050499994308,14,14
16,mirror,crossed,False,56,0.02966961486413705,0.16561840212521312,0.15947476912786385,0.16141806079612556,19617,22264,CONVERGENCE: RELATIVE REDUCTION OF F <= FACTR*EPSMCH,-3.9873375326329445,7.978976584992239,True,48.01903139997739,14,14
16,mirror,crossed,False,57,0.03593622689121262,0.18830117172703847,0.1819056103704339,0.1842073209320287,136,256,CONVERGENCE: RELATIVE REDUCTION OF F <= FACTR*EPSMCH,-2.048656107319758,-0.7618352358022407,False,0.38653840008191764,14,14
16,mirror,crossed,False,58,0.02909260208617233,0.16380561843139074,0.15792223722942733,0.16003090012160856,543,588,CONVERGENCE: RELATIVE REDUCTION OF F <= FACTR*EPSMCH,-2.534649743662943,-0.582257457243332,False,0.9382433999562636,14,14
16,mirror,crossed,False,59,0.029856109460343762,0.16602382217773176,0.15996463204013203,0.16206313502474148,104,110,CONVERGENCE: RELATIVE REDUCTION OF F <= FACTR*EPSMCH,-2.440524167826014,-0.4864317005244665,False,0.15173269994556904,14,14
16,mirror,crossed,False,60,0.02909260208582882,0.16380561879783312,0.15792223683773182,0.16003089937293902,302,325,CONVERGENCE: RELATIVE REDUCTION OF F <= FACTR*EPSMCH,-2.5346053517712526,-0.5821072226304302,False,0.7999474999960512,14,14
16,mirror,crossed,False,61,0.03269991102325287,0.17638085933391567,0.1701394479343803,0.17235770639175008,14148,17692,CONVERGENCE: RELATIVE REDUCTION OF F <= FACTR*EPSMCH,-8.0,7.952494132703838,True,34.018218300072476,14,14
16,mirror,crossed,False,62,0.029092602085873127,0.16380561861928053,0.15792223645606043,0.16003089879727062,418,490,CONVERGENCE: RELATIVE REDUCTION OF F <= FACTR*EPSMCH,-2.5345774751186054,-0.5820156872863048,False,0.9911062999162823,14,14
16,mirror,crossed,False,63,0.029092602085850676,0.16380561871386964,0.15792223684237527,0.16003089956440392,296,324,CONVERGENCE: RELATIVE REDUCTION OF F <= FACTR*EPSMCH,-2.534621145967803,-0.5821561542466083,False,0.5709639999549836,14,14
16,mirror,crossed,False,64,0.029092602086180207,0.16380561860921788,0.15792223640362021,0.1600308989293637,420,536,CONVERGENCE: RELATIVE REDUCTION OF F <= FACTR*EPSMCH,-2.534683994263875,-0.5823649847607937,False,1.4635336000937968,14,14
16,mirror,crossed,False,65,0.03581089264235311,0.1876283115527057,0.18126733378449258,0.18359036468117712,94,174,CONVERGENCE: RELATIVE REDUCTION OF F <= FACTR*EPSMCH,-1.4975859183664157,-0.9243678909193636,False,0.548691299976781,14,14
16,mirror,crossed,False,66,0.029856109460348886,0.16602382201576965,0.15996463319630486,0.16206313629626162,4003,4501,CONVERGENCE: RELATIVE REDUCTION OF F <= FACTR*EPSMCH,-2.384243481752729,-0.39418021050785507,False,10.650519700022414,14,14
16,mirror,crossed,False,67,0.031242094334919278,0.17017756415141574,0.1636937660218545,0.1656593649371359,3075,3537,CONVERGENCE: RELATIVE REDUCTION OF F <= FACTR*EPSMCH,-8.0,6.881498008968671,True,5.107478699996136,14,14
16,mirror,crossed,False,68,0.03601057400864638,0.1883836819450499,0.1820233321077454,0.18434983355073672,713,1038,CONVERGENCE: RELATIVE REDUCTION OF F <= FACTR*EPSMCH,-2.694087361453248,-1.0009722913198624,False,1.5751883999910206,14,14
16,mirror,crossed,False,69,0.029092602086090276,0.1638056184802757,0.1579222362345093,0.16003089851894708,387,410,CONVERGENCE: RELATIVE REDUCTION OF F <= FACTR*EPSMCH,-2.53458067580299,-0.5820275082078772,False,0.6852904000552371,14,14
16,mirror,crossed,False,70,0.035542681269236924,0.1881733500773557,0.1817891172202344,0.18411576444994526,100,228,CONVERGENCE: RELATIVE REDUCTION OF F <= FACTR*EPSMCH,-8.0,-1.105045699827034,True,0.38349579996429384,14,14
16,mirror,crossed,False,71,0.029700901526880593,0.16571867407753735,0.1596555970353315,0.16161497087451124,2413,2836,CONVERGENCE: RELATIVE REDUCTION OF F <= FACTR*EPSMCH,-8.0,7.926163663875825,True,3.4386937000090256,14,14
16,mirror,crossed,False,72,0.029092602085837062,0.16380561867657872,0.15792223762965035,0.16003090054110267,479,524,CONVERGENCE: RELATIVE REDUCTION OF F <= FACTR*EPSMCH,-2.5345950623682123,-0.5820752806261599,False,0.8807612999808043,14,14
16,mirror,crossed,False,73,0.029092602085977016,0.16380561837608348,0.15792223635034286,0.16003089895933115,261,281,CONVERGENCE: RELATIVE REDUCTION OF F <= FACTR*EPSMCH,-2.534654103085462,-0.5822687652436311,False,0.400676800054498,14,14
16,mirror,crossed,False,74,0.029669339672365444,0.16561556332895006,0.1594459366910119,0.1613829112161168,3919,4491,CONVERGENCE: RELATIVE REDUCTION OF F <= FACTR*EPSMCH,-4.182475984387046,8.0,True,6.2139022999908775,14,14
16,mirror,crossed,False,75,0.029856109460344695,0.16602382201860338,0.15996463213195392,0.1620631352364845,123,135,CONVERGENCE: RELATIVE REDUCTION OF F <= FACTR*EPSMCH,-2.3930543401126774,-0.5443171081036222,False,0.2957777000265196,14,14
16,mirror,crossed,False,76,0.0312420837459753,0.17017746440563689,0.1636932290510094,0.16565884862009025,2099,2432,CONVERGENCE: RELATIVE REDUCTION OF F <= FACTR*EPSMCH,-8.0,5.250511087955034,True,3.172886300017126,14,14
16,mirror,crossed,False,77,0.029700744535897362,0.16571740626842224,0.15965700824815418,0.16161667886794448,3468,3963,CONVERGENCE: RELATIVE REDUCTION OF F <= FACTR*EPSMCH,-8.0,7.958934173963649,True,6.33909590006806,14,14
16,mirror,crossed,False,78,0.029092602086168658,0.16380561867704915,0.15792223693644253,0.16003089959149275,306,346,CONVERGENCE: RELATIVE REDUCTION OF F <= FACTR*EPSMCH,-2.53458189104394,-0.5820300163380802,False,0.8476311999838799,14,14
16,mirror,crossed,False,79,0.02909260208600912,0.16380561826992468,0.1579222356750123,0.1600308983425586,258,273,CONVERGENCE: RELATIVE REDUCTION OF F <= FACTR*EPSMCH,-2.53455384902012,-0.5819447261510539,False,0.6089551999466494,14,14
16,mirror,crossed,False,80,0.029856109460347124,0.16602382206423918,0.15996463318498105,0.1620631368198968,195,226,CONVERGENCE: RELATIVE REDUCTION OF F <= FACTR*EPSMCH,-2.3841415596875355,-0.4086598345463509,False,0.28035300003830343,14,14
16,mirror,crossed,False,81,0.02909260208611957,0.16380561869106897,0.15792223755610452,0.16003090057303462,574,620,CONVERGENCE: RELATIVE REDUCTION OF F <= FACTR*EPSMCH,-2.5346458687830307,-0.5822383024791254,False,1.0029962999979034,14,14
16,mirror,crossed,False,82,0.02909260208593563,0.16380561841939137,0.15792223684499768,0.1600308995370283,235,250,CONVERGENCE: RELATIVE REDUCTION OF F <= FACTR*EPSMCH,-2.534594174238444,-0.5820711205118383,False,0.4436623000074178,14,14
16,mirror,crossed,False,83,0.031242080749754052,0.17017745758553582,0.16369312826746943,0.1656586823691762,2008,2313,CONVERGENCE: RELATIVE REDUCTION OF F <= FACTR*EPSMCH,-8.0,7.998413025384295,True,4.226467299973592,14,14
16,mirror,crossed,False,84,0.029092602085847973,0.16380561842033547,0.15792223680817633,0.16003089933150727,293,315,CONVERGENCE: RELATIVE REDUCTION OF F <= FACTR*EPSMCH,-2.5345791456358038,-0.5820280777526727,False,0.633385399938561,14,14
16,mirror,crossed,False,85,0.029092602087268594,0.16380561814402592,0.1579222358766875,0.16003089841933438,279,302,CONVERGENCE: RELATIVE REDUCTION OF F <= FACTR*EPSMCH,-2.534705940516529,-0.5824397391690076,False,0.5341758999275044,14,14
16,mirror,crossed,False,86,0.029092602085987233,0.16380561898553114,0.1579222372484211,0.16003090019291474,327,365,CONVERGENCE: RELATIVE REDUCTION OF F <= FACTR*EPSMCH,-2.534619265529489,-0.5821477750903261,False,0.7004607999697328,14,14
16,mirror,crossed,False,87,0.029092602086572984,0.16380561870694132,0.15792223736519076,0.1600309000975502,411,446,CONVERGENCE: RELATIVE REDUCTION OF F <= FACTR*EPSMCH,-2.534562361609695,-0.5819663927979786,False,1.1093297998886555,14,14
16,mirror,crossed,False,88,0.029092602086450682,0.16380561841443178,0.15792223594352486,0.16003089808140472,246,268,CONVERGENCE: RELATIVE REDUCTION OF F <= FACTR*EPSMCH,-2.5345697010561126,-0.581997740865838,False,0.5050267999758944,14,14
16,mirror,crossed,False,89,0.02970002915004984,0.1657165246650069,0.1596575581401932,0.16161777607076486,12731,14707,CONVERGENCE: RELATIVE REDUCTION OF F <= FACTR*EPSMCH,-8.0,7.9996015603360515,True,24.254856499959715,14,14
16,mirror,crossed,False,90,0.031242074960983204,0.17017741691112773,0.16369352122442513,0.16565911766744143,4428,4965,CONVERGENCE: RELATIVE REDUCTION OF F <= FACTR*EPSMCH,-8.0,7.996735314758035,True,9.809315100079402,14,14
16,mirror,crossed,False,91,0.029092602085825987,0.16380561862757703,0.15792223658601434,0.1600308991028317,233,249,CONVERGENCE: RELATIVE REDUCTION OF F <= FACTR*EPSMCH,-2.5345958996659603,-0.5820759803329218,False,0.6815968999871984,14,14
16,mirror,crossed,False,92,0.029092602085897507,0.16380561865668625,0.1579222369338604,0.16003089964508344,513,551,CONVERGENCE: RELATIVE REDUCTION OF F <= FACTR*EPSMCH,-2.5346090988660968,-0.5821226758676789,False,1.1899730999721214,14,14
16,mirror,crossed,False,93,0.02909260208622326,0.16380561850494657,0.1579222368062577,0.16003089968140324,562,605,CONVERGENCE: RELATIVE REDUCTION OF F <= FACTR*EPSMCH,-2.534650404129351,-0.5822569064260452,False,2.6502330999355763,14,14
16,mirror,crossed,False,94,0.02970099184889821,0.16571795377155113,0.15965277282707097,0.1616115552147546,8303,9456,CONVERGENCE: RELATIVE REDUCTION OF F <= FACTR*EPSMCH,-8.0,7.999946315870348,True,13.295205199974589,14,14
16,mirror,crossed,False,95,0.029092602086279694,0.1638056186757314,0.15792223673548475,0.1600308991286277,469,510,CONVERGENCE: RELATIVE REDUCTION OF F <= FACTR*EPSMCH,-2.5345283943036363,-0.581858791655071,False,0.5499513999093324,14,14
16,mirror,crossed,False,96,0.029359281104482864,0.1646355959128095,0.15881467630505455,0.1609263447932886,13944,16016,CONVERGENCE: RELATIVE REDUCTION OF F <= FACTR*EPSMCH,-3.461636782147105,5.983363903464537,False,27.14101020002272,14,14
16,mirror,crossed,False,97,0.029092602086331888,0.16380561844462638,0.15792223630525348,0.16003089855550956,303,329,CONVERGENCE: RELATIVE REDUCTION OF F <= FACTR*EPSMCH,-2.5345917065294565,-0.5820684529297667,False,0.5192358000203967,14,14
16,mirror,crossed,False,98,0.02970020783816534,0.16571353212922432,0.15964356214948852,0.16160111208000122,5099,5910,CONVERGENCE: RELATIVE REDUCTION OF F <= FACTR*EPSMCH,-8.0,7.750503891781888,True,10.828919199993834,14,14
16,mirror,crossed,False,99,0.03130789173461998,0.17036640521272275,0.16383966604701736,0.16581867756288238,5341,6092,CONVERGENCE: RELATIVE REDUCTION OF F <= FACTR*EPSMCH,-8.0,7.975009677491951,True,12.109392800019123,14,14
16,mirror,crossed,False,100,0.029092602085955478,0.16380561852299677,0.15792223631469557,0.16003089873423512,617,657,CONVERGENCE: RELATIVE REDUCTION OF F <= FACTR*EPSMCH,-2.534635593295607,-0.5822061237777205,False,2.795144599978812,14,14
16,mirror,crossed,False,101,0.029856109460346593,0.1660238220472093,0.15996463167874544,0.16206313477496806,119,135,CONVERGENCE: RELATIVE REDUCTION OF F <= FACTR*EPSMCH,-2.406640159535363,-0.4150058264898358,False,0.5252533000893891,14,14
16,mirror,crossed,False,102,0.02909260208597149,0.1638056186443884,0.1579222370104878,0.16003089948457472,357,392,CONVERGENCE: RELATIVE REDUCTION OF F <= FACTR*EPSMCH,-2.5345503989933498,-0.5819308277427195,False,0.8204350000014529,14,14
16,mirror,crossed,False,103,0.02954891390447794,0.1652242971054113,0.1591760926124851,0.1611796676558334,8992,10259,CONVERGENCE: RELATIVE REDUCTION OF F <= FACTR*EPSMCH,-3.382629029214418,8.0,True,13.585668899933808,14,14
16,mirror,crossed,False,104,0.02909260208611441,0.1638056186677215,0.15792223681523102,0.16003089953521313,387,410,CONVERGENCE: RELATIVE REDUCTION OF F <= FACTR*EPSMCH,-2.5346675105956438,-0.5823098509896952,False,0.4588147000176832,14,14
16,mirror,crossed,False,105,0.029092602086065376,0.16380561865563495,0.15792223716541223,0.16003090005071507,447,500,CONVERGENCE: RELATIVE REDUCTION OF F <= FACTR*EPSMCH,-2.534648683323412,-0.5822488979626185,False,0.5659934000577778,14,14
16,mirror,crossed,False,106,0.02909260208584571,0.16380561873578284,0.15792223719532747,0.16003089992951158,307,337,CONVERGENCE: RELATIVE REDUCTION OF F <= FACTR*EPSMCH,-2.534592200521846,-0.5820615314654756,False,0.3992613999871537,14,14
16,mirror,crossed,False,107,0.0290926020863492,0.16380561838083532,0.157922236222234,0.16003089883734797,421,471,CONVERGENCE: RELATIVE REDUCTION OF F <= FACTR*EPSMCH,-2.5346831334394877,-0.5823652692498352,False,0.7160358999390155,14,14
16,mirror,crossed,False,108,0.02909260208686897,0.1638056187808164,0.15792223656309945,0.16003089874752505,226,249,CONVERGENCE: RELATIVE REDUCTION OF F <= FACTR*EPSMCH,-2.534483649244265,-0.5817103419269889,False,0.2826461000367999,14,14
16,mirror,crossed,False,109,0.029092602087907263,0.16380561857574946,0.15792223672373615,0.1600308998203477,236,261,CONVERGENCE: RELATIVE REDUCTION OF F <= FACTR*EPSMCH,-2.53476884726642,-0.5826395892652265,False,0.2650830999482423,14,14
16,mirror,crossed,False,110,0.029092602085831986,0.16380561863769555,0.15792223724905835,0.16003090004266055,2919,3337,CONVERGENCE: RELATIVE REDUCTION OF F <= FACTR*EPSMCH,-2.5345983891968245,-0.5820863524229017,False,7.495125200017355,14,14
16,mirror,crossed,False,111,0.029092602085922036,0.16380561853930994,0.1579222365649186,0.16003089883087895,362,390,CONVERGENCE: RELATIVE REDUCTION OF F <= FACTR*EPSMCH,-2.5345873891497446,-0.5820598681026012,False,0.685267599998042,14,14
16,mirror,crossed,False,112,0.029856109460344137,0.16602382199233934,0.1599646324332563,0.16206313551882204,115,132,CONVERGENCE: RELATIVE REDUCTION OF F <= FACTR*EPSMCH,-2.451101494805829,-0.5086183008037519,False,0.23744049994274974,14,14
16,mirror,crossed,False,113,0.02985610946034367,0.1660238220649587,0.1599646323430259,0.1620631353381277,176,200,CONVERGENCE: RELATIVE REDUCTION OF F <= FACTR*EPSMCH,-2.4114788133940297,-0.5249252536434635,False,0.38874930003657937,14,14
16,mirror,crossed,False,114,0.029092602085937537,0.16380561844791125,0.15792223727469928,0.16003090027056976,470,506,CONVERGENCE: RELATIVE REDUCTION OF F <= FACTR*EPSMCH,-2.534618746321653,-0.5821513603449173,False,1.1251590000465512,14,14
16,mirror,crossed,False,115,0.03609382887555546,0.18854738161154416,0.18219759074470254,0.18451983013226791,602,880,CONVERGENCE: RELATIVE REDUCTION OF F <= FACTR*EPSMCH,-3.397431031840918,-1.0019629035421629,False,2.2615051000611857,14,14
16,mirror,crossed,False,116,0.029701557364609117,0.16571848754795887,0.1596483629133053,0.16160595573567715,9105,11317,CONVERGENCE: RELATIVE REDUCTION OF F <= FACTR*EPSMCH,-8.0,7.999995919259333,True,21.58098379999865,14,14
16,mirror,crossed,False,117,0.02970215039359624,0.16572126710895915,0.15965779537400332,0.16161664343291618,3702,4285,CONVERGENCE: RELATIVE REDUCTION OF F <= FACTR*EPSMCH,-8.0,5.330901153247078,True,7.189843299915083,14,14
16,mirror,crossed,False,118,0.029092602085860075,0.16380561856513717,0.15792223630112612,0.16003089885356866,530,566,CONVERGENCE: RELATIVE REDUCTION OF F <= FACTR*EPSMCH,-2.53460673880759,-0.5821084046823405,False,0.6400466000195593,14,14
16,mirror,crossed,False,119,0.029092602085833752,0.1638056190067297,0.1579222372026419,0.16003090012497867,445,474,CONVERGENCE: RELATIVE REDUCTION OF F <= FACTR*EPSMCH,-2.5345940648931697,-0.582068664235356,False,0.532989599974826,14,14
16,mirror,crossed,False,120,0.029092602086061604,0.16380561882101874,0.15792223692062932,0.16003089976301088,275,294,CONVERGENCE: RELATIVE REDUCTION OF F <= FACTR*EPSMCH,-2.5346169850673,-0.5821420223449086,False,0.5272592999972403,14,14
16,mirror,crossed,False,121,0.029092602086327458,0.16380561863562493,0.1579222365540544,0.1600308991565983,272,289,CONVERGENCE: RELATIVE REDUCTION OF F <= FACTR*EPSMCH,-2.5345900604570106,-0.5820666222506501,False,0.496424000011757,14,14
16,mirror,crossed,False,122,0.02909260208661255,0.16380561885323736,0.15792223714875173,0.16003089961900246,349,371,CONVERGENCE: RELATIVE REDUCTION OF F <= FACTR*EPSMCH,-2.534524672608272,-0.5818441578622987,False,0.6064601000398397,14,14
16,mirror,crossed,False,123,0.029856109460354524,0.16602382209685554,0.1599646310349704,0.16206313360935093,139,156,CONVERGENCE: RELATIVE REDUCTION OF F <= FACTR*EPSMCH,-2.436959086580116,-0.5316479111462818,False,0.2356471000239253,14,14
16,mirror,crossed,False,124,0.029092602085926123,0.16380561882016476,0.15792223813574102,0.16003090111777,564,613,CONVERGENCE: RELATIVE REDUCTION OF F <= FACTR*EPSMCH,-2.534619539203762,-0.582158562057405,False,1.082039500004612,14,14
16,mirror,crossed,False,125,0.029092602085826536,0.16380561856906453,0.1579222369046244,0.1600308996021844,507,547,CONVERGENCE: RELATIVE REDUCTION OF F <= FACTR*EPSMCH,-2.5346009956321383,-0.5820938451596968,False,1.067602299968712,14,14
16,mirror,crossed,False,126,0.02909260208585615,0.16380561857578668,0.15792223622942617,0.16003089854883445,348,371,CONVERGENCE: RELATIVE REDUCTION OF F <= FACTR*EPSMCH,-2.5345840775810893,-0.5820426006883068,False,0.8223510000389069,14,14
16,mirror,crossed,False,127,0.029092602085961695,0.16380561880484446,0.15792223730795532,0.16003089995205594,390,422,CONVERGENCE: RELATIVE REDUCTION OF F <= FACTR*EPSMCH,-2.5345945434622204,-0.5820751557983261,False,0.9175992999225855,14,14
16,mirror,crossed,False,128,0.029546613073355685,0.1652179317619087,0.1591813346780234,0.16118909448209687,42103,49223,CONVERGENCE: RELATIVE REDUCTION OF F <= FACTR*EPSMCH,-3.476692396415069,8.0,True,69.33711379999295,14,14
16,mirror,crossed,False,129,0.029701927135377577,0.16572083229540996,0.15965787883810276,0.1616169858295036,2270,2710,CONVERGENCE: RELATIVE REDUCTION OF F <= FACTR*EPSMCH,-8.0,6.419232194013423,True,2.492935699992813,14,14
16,mirror,crossed,False,130,0.02909260208672219,0.1638056189787452,0.15792223709457465,0.16003089990646974,425,454,CONVERGENCE: RELATIVE REDUCTION OF F <= FACTR*EPSMCH,-2.534547598528649,-0.5819134453070468,False,0.4471507999114692,14,14
16,mirror,crossed,False,131,0.02909260208588642,0.16380561909710867,0.15792223737611327,0.1600309002047468,327,347,CONVERGENCE: RELATIVE REDUCTION OF F <= FACTR*EPSMCH,-2.534633615932008,-0.5821935909155387,False,0.328129000030458,14,14
16,mirror,crossed,False,132,0.02985610946034543,0.16602382212388775,0.15996463166638836,0.1620631346457061,114,122,CONVERGENCE: RELATIVE REDUCTION OF F <= FACTR*EPSMCH,-2.452848001824853,-0.5058149916747551,False,0.2589577999897301,14,14
16,mirror,crossed,False,133,0.031007560609681923,0.16952903779539305,0.16290565381654726,0.16488187278227104,16946,20133,CONVERGENCE: RELATIVE REDUCTION OF F <= FACTR*EPSMCH,-3.2299311586991055,8.0,True,38.660394800012,14,14
16,mirror,crossed,False,134,0.029092602085840216,0.16380561863307733,0.15792223726075558,0.16003090010842352,326,355,CONVERGENCE: RELATIVE REDUCTION OF F <= FACTR*EPSMCH,-2.534593870150407,-0.5820713929675367,False,0.5314942999975756,14,14
16,mirror,crossed,False,135,0.029092602085855762,0.16380561856216666,0.15792223670359862,0.16003089923189356,466,512,CONVERGENCE: RELATIVE REDUCTION OF F <= FACTR*EPSMCH,-2.534611342244336,-0.5821321273763281,False,0.5718789000529796,14,14
16,mirror,crossed,False,136,0.029092602085884503,0.16380561889165002,0.15792223731609722,0.16003090017887517,448,486,CONVERGENCE: RELATIVE REDUCTION OF F <= FACTR*EPSMCH,-2.5345749108093325,-0.5820028617676165,False,0.5387894000159577,14,14
16,mirror,crossed,False,137,0.029092602085926594,0.16380561867693974,0.1579222367692206,0.16003089915690932,410,452,CONVERGENCE: RELATIVE REDUCTION OF F <= FACTR*EPSMCH,-2.53455137853728,-0.581934872287103,False,0.5203565000556409,14,14
16,mirror,crossed,False,138,0.029546747417785398,0.1652164038278061,0.1591686450585076,0.16117286422610383,30217,34951,CONVERGENCE: RELATIVE REDUCTION OF F <= FACTR*EPSMCH,-3.648013573435593,7.998744613362576,True,46.528723799972795,14,14
16,mirror,crossed,False,139,0.029092602085894186,0.16380561905915386,0.15792223801592592,0.16003090073147258,315,337,CONVERGENCE: RELATIVE REDUCTION OF F <= FACTR*EPSMCH,-2.5346023100066795,-0.5820925399540111,False,0.2549507999792695,14,14
16,mirror,crossed,False,140,0.029092602085938106,0.1638056186501599,0.15792223704353678,0.1600308996829699,377,413,CONVERGENCE: RELATIVE REDUCTION OF F <= FACTR*EPSMCH,-2.5345507218476016,-0.5819289227945302,False,0.4641493000090122,14,14
16,mirror,crossed,False,141,0.02909260208670569,0.1638056186688544,0.15792223677564665,0.16003089964211242,332,360,CONVERGENCE: RELATIVE REDUCTION OF F <= FACTR*EPSMCH,-2.5346428683647244,-0.5822219591623471,False,0.448700699955225,14,14
16,mirror,crossed,False,142,0.029092602086118982,0.16380561856489162,0.1579222365598074,0.16003089900322132,461,494,CONVERGENCE: RELATIVE REDUCTION OF F <= FACTR*EPSMCH,-2.5345677736357586,-0.5819874613257564,False,0.798217499977909,14,14
16,mirror,crossed,False,143,0.03582974774238238,0.1877961583114542,0.1814182552009537,0.18373600832505274,275,412,CONVERGENCE: RELATIVE REDUCTION OF F <= FACTR*EPSMCH,-1.1116082164691308,-0.6757710032917984,False,0.6377059000078589,14,14
16,mirror,crossed,False,144,0.029092602086243237,0.1638056186483776,0.15792223617203863,0.16003089852268718,520,608,CONVERGENCE: RELATIVE REDUCTION OF F <= FACTR*EPSMCH,-2.5346520573868676,-0.582255190347028,False,0.9580234000459313,14,14
16,mirror,crossed,False,145,0.0290926020859658,0.1638056186968477,0.15792223734509117,0.16003090013533486,485,541,CONVERGENCE: RELATIVE REDUCTION OF F <= FACTR*EPSMCH,-2.5346234877346374,-0.582166533617879,False,0.6698399999877438,14,14
16,mirror,crossed,False,146,0.02985610946034454,0.16602382205576333,0.15996463228608748,0.16206313528551705,132,147,CONVERGENCE: RELATIVE REDUCTION OF F <= FACTR*EPSMCH,-2.1998788591965646,-0.42360249794095434,False,0.19169559993315488,14,14
16,mirror,crossed,False,147,0.029092602085844445,0.16380561845847535,0.15792223729467125,0.16003089997583556,527,563,CONVERGENCE: RELATIVE REDUCTION OF F <= FACTR*EPSMCH,-2.5345938332899327,-0.5820736950154859,False,0.695179499918595,14,14
16,mirror,crossed,False,148,0.0290926020858989,0.16380561831724386,0.15792223633130786,0.1600308989137612,439,467,CONVERGENCE: RELATIVE REDUCTION OF F <= FACTR*EPSMCH,-2.534634105127075,-0.5822037921722003,False,0.5122492999071255,14,14
16,mirror,crossed,False,149,0.029092602085841718,0.16380561855658068,0.1579222366326431,0.16003089925872396,224,246,CONVERGENCE: RELATIVE REDUCTION OF F <= FACTR*EPSMCH,-2.534616358345057,-0.5821422971985654,False,0.2814637999981642,14,14
16,mirror,crossed,False,150,0.02909260208612392,0.16380561841740476,0.15792223562746585,0.1600308979950984,359,391,CONVERGENCE: RELATIVE REDUCTION OF F <= FACTR*EPSMCH,-2.5346657364018825,-0.5823133683514905,False,0.4579704001080245,14,14
16,mirror,crossed,False,151,0.029856109460364377,0.1660238218875312,0.1599646329214221,0.16206313607843792,141,152,CONVERGENCE: RELATIVE REDUCTION OF F <= FACTR*EPSMCH,-2.4527688537377466,-0.510082650929531,False,0.26902100001461804,14,14
16,mirror,crossed,False,152,0.02909260208671081,0.16380561886119577,0.15792223742663997,0.16003090044912638,308,326,CONVERGENCE: RELATIVE REDUCTION OF F <= FACTR*EPSMCH,-2.5347339980920256,-0.5825208293927596,False,0.5087116999784485,14,14
16,mirror,crossed,False,153,0.02909260208905158,0.1638056183300476,0.1579222363054447,0.16003089816437635,230,242,CONVERGENCE: RELATIVE REDUCTION OF F <= FACTR*EPSMCH,-2.5344295552993836,-0.581538830473155,False,0.49314909998793155,14,14
16,mirror,crossed,False,154,0.02909260208622655,0.16380561870710394,0.1579222362282584,0.16003089851074404,337,361,CONVERGENCE: RELATIVE REDUCTION OF F <= FACTR*EPSMCH,-2.534554274587982,-0.5819409507551978,False,2.6031379000050947,14,14
16,mirror,crossed,False,155,0.03597347098551117,0.18827387886863728,0.18191047859429332,0.18423651868628246,128,225,CONVERGENCE: RELATIVE REDUCTION OF F <= FACTR*EPSMCH,-1.851193099938896,-0.8267958857184893,False,1.4883831000188366,14,14
16,mirror,crossed,False,156,0.02954903930001714,0.16522450432548122,0.15918177529198355,0.16118786642890837,14908,17598,CONVERGENCE: RELATIVE REDUCTION OF F <= FACTR*EPSMCH,-3.6236834809614535,7.999951269333027,True,22.47268579993397,14,14
16,mirror,crossed,False,157,0.02909260208611152,0.16380561856826778,0.15792223650067955,0.16003089915300012,209,230,CONVERGENCE: RELATIVE REDUCTION OF F <= FACTR*EPSMCH,-2.534650866792598,-0.5822576038830889,False,0.430258100037463,14,14
16,mirror,crossed,False,158,0.029092602086079392,0.1638056185115964,0.15792223678116374,0.16003089939660353,327,361,CONVERGENCE: RELATIVE REDUCTION OF F <= FACTR*EPSMCH,-2.534549431885814,-0.581928926517053,False,0.7474182000150904,14,14
16,mirror,crossed,False,159,0.029092602085848893,0.16380561850752046,0.15792223690124924,0.16003089957256486,467,509,CONVERGENCE: RELATIVE REDUCTION OF F <= FACTR*EPSMCH,-2.5345811904496793,-0.5820250694244231,False,0.9729295999277383,14,14
16,mirror,crossed,False,160,0.029549105443940585,0.1652222707436374,0.15915654444477692,0.16115650253594646,41704,47275,CONVERGENCE: RELATIVE REDUCTION OF F <= FACTR*EPSMCH,-2.996985389487324,8.0,True,46.31727650004905,14,14
16,mirror,crossed,False,161,0.029092602085841524,0.16380561886674772,0.1579222371933901,0.16003089979505167,410,441,CONVERGENCE: RELATIVE REDUCTION OF F <= FACTR*EPSMCH,-2.5346044073240717,-0.5821034578154933,False,0.4606194000225514,14,14
16,mirror,crossed,False,162,0.029856109460343706,0.1660238220796953,0.1599646328941982,0.1620631360731284,184,219,CONVERGENCE: RELATIVE REDUCTION OF F <= FACTR*EPSMCH,-2.364129684837546,-0.24166918855883837,False,0.2506717999931425,14,14
16,mirror,crossed,False,163,0.029092602085957136,0.16380561863692775,0.15792223651717197,0.16003089888683195,383,413,CONVERGENCE: RELATIVE REDUCTION OF F <= FACTR*EPSMCH,-2.534600835624417,-0.582093487821746,False,0.4214349000249058,14,14
16,mirror,crossed,False,164,0.02909260208591337,0.16380561846759648,0.15792223643675316,0.16003089897952952,385,414,CONVERGENCE: RELATIVE REDUCTION OF F <= FACTR*EPSMCH,-2.534587720449247,-0.582049855770152,False,0.593343099928461,14,14
16,mirror,crossed,False,165,0.029092602086237332,0.1638056186415451,0.15792223715304451,0.16003089996406256,426,463,CONVERGENCE: RELATIVE REDUCTION OF F <= FACTR*EPSMCH,-2.5346657193341535,-0.5823049111588547,False,0.5305130999768153,14,14
16,mirror,crossed,False,166,0.02970147677333692,0.16572047733844136,0.15966087727790546,0.1616207953815376,2288,2630,CONVERGENCE: RELATIVE REDUCTION OF F <= FACTR*EPSMCH,-8.0,7.197323559384925,True,2.572422800003551,14,14
16,mirror,crossed,False,167,0.03124212255577026,0.17017758486593845,0.16369272791718287,0.16565828113088008,10460,11952,CONVERGENCE: RELATIVE REDUCTION OF F <= FACTR*EPSMCH,-8.0,7.999421507514832,True,11.466753000044264,14,14
16,mirror,crossed,False,168,0.029701857446972707,0.16572089422531072,0.1596598470870994,0.16161928817495644,1579,1919,CONVERGENCE: RELATIVE REDUCTION OF F <= FACTR*EPSMCH,-8.0,7.066054930700601,True,1.8977096000453457,14,14
16,mirror,crossed,False,169,0.029699909653844864,0.16571448727416066,0.1596505769445373,0.16160958404370868,2988,3452,CONVERGENCE: RELATIVE REDUCTION OF F <= FACTR*EPSMCH,-7.999826423440864,6.237780298782811,True,3.1706842000130564,14,14
16,mirror,crossed,False,170,0.029092602086242977,0.16380561845096173,0.15792223575735276,0.16003089804807105,645,695,CONVERGENCE: RELATIVE REDUCTION OF F <= FACTR*EPSMCH,-2.534643760417678,-0.5822417631496101,False,0.6557171000167727,14,14
16,mirror,crossed,False,171,0.02909260208601141,0.1638056185769476,0.15792223673535632,0.16003089915780677,562,602,CONVERGENCE: RELATIVE REDUCTION OF F <= FACTR*EPSMCH,-2.534576185960335,-0.5820171710449001,False,0.5409329999238253,14,14
16,mirror,crossed,False,172,0.03143273928168652,0.17095001244821287,0.16563301198001973,0.1675735100375712,1955,2228,CONVERGENCE: RELATIVE REDUCTION OF F <= FACTR*EPSMCH,-3.7346047865641445,7.842824096035665,False,1.9912233999930322,14,14
16,mirror,crossed,False,173,0.029092602086166583,0.16380561851746378,0.1579222370064785,0.16003089991020936,318,352,CONVERGENCE: RELATIVE REDUCTION OF F <= FACTR*EPSMCH,-2.5346694070579545,-0.5823143595056915,False,0.338905300013721,14,14
16,mirror,crossed,False,174,0.03261180236847651,0.1761657347708527,0.17002668563177828,0.17224718695891608,6978,8127,CONVERGENCE: RELATIVE REDUCTION OF F <= FACTR*EPSMCH,-2.5132591280583925,7.082171426548519,False,7.415301600005478,14,14
16,mirror,crossed,False,175,0.03110902515242743,0.1714004338503254,0.16544875785986096,0.16759940060933323,8627,9821,CONVERGENCE: RELATIVE REDUCTION OF F <= FACTR*EPSMCH,-3.4551207424552035,6.659643005639198,False,9.208249300019816,14,14
16,mirror,crossed,False,176,0.029092602085944965,0.1638056185583075,0.15792223667760683,0.16003089910686324,413,458,CONVERGENCE: RELATIVE REDUCTION OF F <= FACTR*EPSMCH,-2.534552509869851,-0.5819365031917444,False,0.46965390001423657,14,14
16,mirror,crossed,False,177,0.029092602085946558,0.16380561852618084,0.1579222362243825,0.16003089877548846,471,508,CONVERGENCE: RELATIVE REDUCTION OF F <= FACTR*EPSMCH,-2.5345928964466298,-0.5820659092169957,False,0.47000940004363656,14,14
16,mirror,crossed,False,178,0.03252850194748067,0.1761361826927518,0.169973846010053,0.17219673087965723,29311,32604,CONVERGENCE: RELATIVE REDUCTION OF F <= FACTR*EPSMCH,-5.107306220895924,4.845511554686421,False,30.417225099983625,14,14
16,mirror,crossed,False,179,0.02954627543869372,0.16521603857601058,0.15916637994739566,0.1611709287470213,8503,9661,CONVERGENCE: RELATIVE REDUCTION OF F <= FACTR*EPSMCH,-3.7328645241181455,7.741907702156022,False,9.00979349995032,14,14
16,mirror,crossed,False,180,0.029092602086933123,0.16380561861362516,0.1579222357453192,0.16003089805091938,457,494,CONVERGENCE: RELATIVE REDUCTION OF F <= FACTR*EPSMCH,-2.5345895222835333,-0.5820548334309071,False,0.4323945000069216,14,14
16,mirror,crossed,False,181,0.029092602086152306,0.16380561860808346,0.15792223729565522,0.16003090001173004,280,296,CONVERGENCE: RELATIVE REDUCTION OF F <= FACTR*EPSMCH,-2.5346011531478907,-0.5820988184718362,False,0.2678893000120297,14,14
16,mirror,crossed,False,182,0.02909260208597706,0.16380561904393715,0.1579222381542985,0.16003090103811354,465,505,CONVERGENCE: RELATIVE REDUCTION OF F <= FACTR*EPSMCH,-2.5345592785488775,-0.5819541720104705,False,0.42950569989625365,14,14
16,mirror,crossed,False,183,0.02909260208591221,0.1638056187681273,0.15792223681049142,0.16003089945106244,352,380,CONVERGENCE: RELATIVE REDUCTION OF F <= FACTR*EPSMCH,-2.5345784921037255,-0.5820194810174634,False,0.3535207000095397,14,14
16,mirror,crossed,False,184,0.029092602086158447,0.16380561855239398,0.1579222368032096,0.16003089955079297,523,566,CONVERGENCE: RELATIVE REDUCTION OF F <= FACTR*EPSMCH,-2.5345842532975422,-0.5820393974545378,False,0.4997591999126598,14,14
16,mirror,crossed,False,185,0.02909260208601358,0.1638056185606828,0.1579222365055208,0.16003089884925878,389,418,CONVERGENCE: RELATIVE REDUCTION OF F <= FACTR*EPSMCH,-2.5345569546390014,-0.581956180395351,False,0.3597016000421718,14,14
16,mirror,crossed,False,186,0.02909260208652911,0.16380561857203074,0.15792223576842512,0.16003089815004806,409,436,CONVERGENCE: RELATIVE REDUCTION OF F <= FACTR*EPSMCH,-2.534664629115154,-0.5823007129532126,False,0.42538320005405694,14,14
16,mirror,crossed,False,187,0.029092602085833065,0.1638056187196765,0.15792223711658104,0.16003089971206674,343,370,CONVERGENCE: RELATIVE REDUCTION OF F <= FACTR*EPSMCH,-2.5345979073437497,-0.5820847567977465,False,0.3371374999405816,14,14
16,mirror,crossed,False,188,0.030840539221456832,0.16900709167767175,0.16254534821635822,0.1644221660170981,4987,5798,CONVERGENCE: RELATIVE REDUCTION OF F <= FACTR*EPSMCH,-7.931694567996821,7.999187893719073,True,5.452905899961479,14,14
16,mirror,crossed,False,189,0.02909260208628946,0.16380561863077642,0.15792223717744247,0.16003089957841965,424,466,CONVERGENCE: RELATIVE REDUCTION OF F <= FACTR*EPSMCH,-2.534500057539665,-0.581766173919336,False,0.4302099999040365,14,14
16,mirror,crossed,False,190,0.029092602086081228,0.16380561884753667,0.157922236408945,0.16003089893134756,433,469,CONVERGENCE: RELATIVE REDUCTION OF F <= FACTR*EPSMCH,-2.534648221767654,-0.5822462761183864,False,0.4823120000073686,14,14
16,mirror,crossed,False,191,0.02909260208645304,0.16380561853790018,0.15792223700230468,0.16003089964963674,607,672,CONVERGENCE: RELATIVE REDUCTION OF F <= FACTR*EPSMCH,-2.5345499000489373,-0.581931359803452,False,0.6096745999529958,14,14
16,mirror,crossed,False,192,0.029856109460346936,0.1660238221713594,0.1599646320815604,0.16206313487050644,141,155,CONVERGENCE: RELATIVE REDUCTION OF F <= FACTR*EPSMCH,-2.4430401280889082,-0.4309034907585874,False,0.16660879994742572,14,14
16,mirror,crossed,False,193,0.029092602085840844,0.16380561854892992,0.1579222370218345,0.16003089963527523,307,328,CONVERGENCE: RELATIVE REDUCTION OF F <= FACTR*EPSMCH,-2.534605054703363,-0.5821101346932055,False,0.3064297999953851,14,14
16,mirror,crossed,False,194,0.029092602089143493,0.1638056188215089,0.15792223712490092,0.16003089898490436,318,347,CONVERGENCE: RELATIVE REDUCTION OF F <= FACTR*EPSMCH,-2.5343345889015714,-0.5812276517088162,False,0.32250590005423874,14,14
16,mirror,crossed,False,195,0.029092602085836732,0.1638056185854557,0.1579222369669291,0.16003089959694447,595,636,CONVERGENCE: RELATIVE REDUCTION OF F <= FACTR*EPSMCH,-2.5345913439959085,-0.5820636422885953,False,0.5870876000262797,14,14
16,mirror,crossed,False,196,0.029092602086122802,0.16380561872679544,0.15792223762085714,0.16003090081648852,165,182,CONVERGENCE: RELATIVE REDUCTION OF F <= FACTR*EPSMCH,-2.534647782629785,-0.5822400308676512,False,0.16152910003438592,14,14
16,mirror,crossed,False,197,0.029092602086083726,0.16380561861861032,0.15792223709108083,0.16003089993211989,414,466,CONVERGENCE: RELATIVE REDUCTION OF F <= FACTR*EPSMCH,-2.534616346906975,-0.5821383317684089,False,0.4308539000339806,14,14
16,mirror,crossed,False,198,0.02909260208610549,0.16380561884938163,0.1579222371034086,0.16003089961545236,420,449,CONVERGENCE: RELATIVE REDUCTION OF F <= FACTR*EPSMCH,-2.5345431876257685,-0.5819066859651475,False,0.4253139999927953,14,14
16,mirror,crossed,False,199,0.029700364939312923,0.16571521060821204,0.15964715359704756,0.16160510634473052,2865,3363,CONVERGENCE: RELATIVE REDUCTION OF F <= FACTR*EPSMCH,-8.0,7.999999952051536,True,3.2123957000439987,14,14
16,crossed,nearest,False,0,0.029821920888407284,0.1662792419137098,0.1604627242520049,0.16258162967951956,928,1037,CONVERGENCE: RELATIVE REDUCTION OF F <= FACTR*EPSMCH,-1.4844976789928888,7.999977717456283,True,1.0116540999151766,12,12
16,crossed,nearest,False,1,0.029261212272690473,0.1643022423806348,0.15838652824137783,0.16052149175966532,96,107,CONVERGENCE: RELATIVE REDUCTION OF F <= FACTR*EPSMCH,-2.7636862807651266,0.08404992734208974,False,0.12505110003985465,12,12
16,crossed,nearest,False,2,0.030179858811252805,0.1674012347953863,0.16165859659499499,0.16368518261224527,825,993,CONVERGENCE: RELATIVE REDUCTION OF F <= FACTR*EPSMCH,-8.0,8.0,True,0.9242431999882683,12,12
16,crossed,nearest,False,3,0.035622463780795435,0.18862318536152722,0.18225600777994289,0.1845767589672806,58,138,CONVERGENCE: RELATIVE REDUCTION OF F <= FACTR*EPSMCH,-1.4688786819763864,-0.5914028483132853,False,0.11516589997336268,12,12
16,crossed,nearest,False,4,0.02982226286130208,0.16605902210636567,0.15990848606606592,0.16184720772095992,1539,1954,CONVERGENCE: RELATIVE REDUCTION OF F <= FACTR*EPSMCH,-8.0,7.999999999978221,True,1.8352783999871463,12,12
16,crossed,nearest,False,5,0.02926121227269498,0.16430224260556195,0.15838652970202916,0.1605214932263402,118,128,CONVERGENCE: RELATIVE REDUCTION OF F <= FACTR*EPSMCH,-2.526227218391682,-0.1635646024730663,False,0.12838460004422814,12,12
16,crossed,nearest,False,6,0.029261212272688852,0.1643022421692671,0.15838652836005415,0.16052149205775762,79,89,CONVERGENCE: RELATIVE REDUCTION OF F <= FACTR*EPSMCH,-2.779494561813695,-0.35410703449872966,False,0.10110720002558082,12,12
16,crossed,nearest,False,7,0.029261212272708063,0.16430224203345273,0.15838652777173648,0.16052149201192037,102,111,CONVERGENCE: RELATIVE REDUCTION OF F <= FACTR*EPSMCH,-2.84369824571213,-0.19938363839514553,False,0.11459549993742257,12,12
16,crossed,nearest,False,8,0.029261212272690428,0.16430224221987677,0.15838652834171357,0.1605214919920981,110,126,CONVERGENCE: RELATIVE REDUCTION OF F <= FACTR*EPSMCH,-2.542956406691918,-0.23845942300380085,False,0.1270567000610754,12,12
16,crossed,nearest,False,9,0.029360863732944636,0.1646019491649565,0.15873914585953167,0.16084429242412784,1958,2222,CONVERGENCE: RELATIVE REDUCTION OF F <= FACTR*EPSMCH,-3.173690245324264,4.573479290101214,False,2.0489780999487266,12,12
16,crossed,nearest,False,10,0.029858589181907286,0.16616363083350338,0.16008301765555794,0.16201947988126097,1945,2371,CONVERGENCE: RELATIVE REDUCTION OF F <= FACTR*EPSMCH,-8.0,6.887295995370032,True,2.2771430000429973,12,12
16,crossed,nearest,False,11,0.029261212272688478,0.1643022421314651,0.15838652832256905,0.16052149208313046,91,97,CONVERGENCE: RELATIVE REDUCTION OF F <= FACTR*EPSMCH,-2.392334703739995,-0.187407973446972,False,0.08244499994907528,12,12
16,crossed,nearest,False,12,0.032376163975851344,0.17350213628495811,0.16622243590129146,0.167895834649819,4517,5462,CONVERGENCE: RELATIVE REDUCTION OF F <= FACTR*EPSMCH,-8.0,8.0,True,5.189908500062302,12,12
16,crossed,nearest,False,13,0.029822131061424065,0.16605745380983716,0.15990383493937263,0.16184172656673054,838,999,CONVERGENCE: RELATIVE REDUCTION OF F <= FACTR*EPSMCH,-8.0,7.999999420225767,True,0.9489813999971375,12,12
16,crossed,nearest,False,14,0.02926121227269049,0.16430224224386233,0.15838652884113788,0.1605214927677976,117,137,CONVERGENCE: RELATIVE REDUCTION OF F <= FACTR*EPSMCH,-2.484583024797791,-0.24698865642946843,False,0.14564950007479638,12,12
16,crossed,nearest,False,15,0.029261212272688766,0.16430224225184453,0.15838652846573598,0.16052149200871124,124,134,CONVERGENCE: RELATIVE REDUCTION OF F <= FACTR*EPSMCH,-2.6254878902524497,-0.019475568296994424,False,0.10512720001861453,12,12
16,crossed,nearest,False,16,0.029261212272697915,0.16430224216015585,0.15838652774655515,0.1605214914055919,248,283,CONVERGENCE: RELATIVE REDUCTION OF F <= FACTR*EPSMCH,-1.0444592975603602,2.3474248476562485,False,0.25533489999361336,12,12
16,crossed,nearest,False,17,0.03154698096001787,0.17269471009105952,0.16684794953656037,0.16898341388167276,8369,9594,CONVERGENCE: RELATIVE REDUCTION OF F <= FACTR*EPSMCH,-3.5511628384477163,6.49869088386253,False,9.113079700036906,12,12
16,crossed,nearest,False,18,0.02985845182309102,0.16616321165142278,0.16009057734212467,0.1620288410936912,1554,1903,CONVERGENCE: RELATIVE REDUCTION OF F <= FACTR*EPSMCH,-8.0,7.978930058445052,True,1.6661959000630304,12,12
16,crossed,nearest,False,19,0.02985967711699228,0.16616621284839778,0.16007833188779014,0.1620129909256275,1487,1837,CONVERGENCE: RELATIVE REDUCTION OF F <= FACTR*EPSMCH,-8.0,8.0,True,1.6084869999904186,12,12
16,crossed,nearest,False,20,0.03568425150416319,0.18877394675357898,0.18241452683325657,0.1847389759196987,431,653,CONVERGENCE: RELATIVE REDUCTION OF F <= FACTR*EPSMCH,-1.5304135145105455,-0.8307074905646682,False,0.6438698000274599,12,12
16,crossed,nearest,False,21,0.02982112689958318,0.1660553761394526,0.15990549011094626,0.1618445861022381,1152,1367,CONVERGENCE: RELATIVE REDUCTION OF F <= FACTR*EPSMCH,-8.0,7.999999893145723,True,1.3158138000871986,12,12
16,crossed,nearest,False,22,0.02936086274467705,0.16460193144673288,0.15873908513327817,0.1608442346420458,1748,1973,CONVERGENCE: RELATIVE REDUCTION OF F <= FACTR*EPSMCH,-3.1982269340533938,5.153618429169653,False,1.820843099965714,12,12
16,crossed,nearest,False,23,0.029261212272690205,0.16430224240724972,0.1583865291870044,0.1605214929784827,77,86,CONVERGENCE: RELATIVE REDUCTION OF F <= FACTR*EPSMCH,-2.4119948395870363,-0.191435592813954,False,0.09588629996869713,12,12
16,crossed,nearest,False,24,0.02936086335773216,0.16460193032346832,0.158739206346741,0.1608443935369236,2932,3315,CONVERGENCE: RELATIVE REDUCTION OF F <= FACTR*EPSMCH,-3.261230445235928,4.720009606290386,False,3.2515873999800533,12,12
16,crossed,nearest,False,25,0.029360863861342016,0.1646019348956997,0.15873910186001475,0.16084424226247884,4813,5219,CONVERGENCE: RELATIVE REDUCTION OF F <= FACTR*EPSMCH,-3.272438741353936,4.656528486351022,False,4.740729399956763,12,12
16,crossed,nearest,False,26,0.031437155283274724,0.17072761886817245,0.16437440510294876,0.16640086932391832,5106,6227,CONVERGENCE: RELATIVE REDUCTION OF F <= FACTR*EPSMCH,-8.0,8.0,True,5.856906700064428,12,12
16,crossed,nearest,False,27,0.02985573330464277,0.16615431992978655,0.16006518768745173,0.16200012339782643,2962,3473,CONVERGENCE: RELATIVE REDUCTION OF F <= FACTR*EPSMCH,-8.0,7.999999173576518,True,3.165885300026275,12,12
16,crossed,nearest,False,28,0.029261212272693748,0.16430224201383223,0.15838652784543172,0.16052149157731474,207,229,CONVERGENCE: RELATIVE REDUCTION OF F <= FACTR*EPSMCH,-1.736301121778078,0.5238331948872105,False,0.27931619994342327,12,12
16,crossed,nearest,False,29,0.029261212363706712,0.16430228288316323,0.15838657513386437,0.16052153730481777,4273,4836,CONVERGENCE: RELATIVE REDUCTION OF F <= FACTR*EPSMCH,-3.097908852400602,5.397368438570037,False,4.428508899989538,12,12
16,crossed,nearest,False,30,0.02926121227268831,0.16430224218309056,0.1583865286923254,0.1605214923268806,84,97,CONVERGENCE: RELATIVE REDUCTION OF F <= FACTR*EPSMCH,-2.416281134101022,-0.16679502506256477,False,0.09409480006434023,12,12
16,crossed,nearest,False,31,0.029360863726220893,0.1646019226749089,0.1587392184676271,0.16084444187924876,1837,2126,CONVERGENCE: RELATIVE REDUCTION OF F <= FACTR*EPSMCH,-3.245695421227973,4.6491360153326555,False,1.871415099943988,12,12
16,crossed,nearest,False,32,0.029821953152392822,0.1662793628524741,0.1604628611976055,0.16258176081105036,1009,1188,CONVERGENCE: RELATIVE REDUCTION OF F <= FACTR*EPSMCH,-1.0353279957546078,7.999999641706473,True,1.0622646999545395,12,12
16,crossed,nearest,False,33,0.02926121227269038,0.16430224215492087,0.158386528713097,0.1605214925739331,83,93,CONVERGENCE: RELATIVE REDUCTION OF F <= FACTR*EPSMCH,-2.975955083157596,-0.18220815953984257,False,0.07630800001788884,12,12
16,crossed,nearest,False,34,0.02926121227269104,0.16430224237433183,0.1583865291937271,0.16052149270257762,101,113,CONVERGENCE: RELATIVE REDUCTION OF F <= FACTR*EPSMCH,-2.4451410252267234,-0.2202749948034598,False,0.09759929997380823,12,12
16,crossed,nearest,False,35,0.02982235801464405,0.16605905086394726,0.1599067386767682,0.16184493599612662,670,795,CONVERGENCE: RELATIVE REDUCTION OF F <= FACTR*EPSMCH,-8.0,3.727566330810097,True,0.7031589999096468,12,12
16,crossed,nearest,False,36,0.03349593853016094,0.18102519979593007,0.17428923279766473,0.17647498005299084,22875,28731,CONVERGENCE: RELATIVE REDUCTION OF F <= FACTR*EPSMCH,-6.208722306047535,5.044870287274721,False,26.90394740004558,12,12
16,crossed,nearest,False,37,0.029858325738377302,0.16616138979589315,0.16007154804103643,0.1620059343597888,2010,2340,CONVERGENCE: RELATIVE REDUCTION OF F <= FACTR*EPSMCH,-8.0,7.702123984398536,True,2.59394690010231,12,12
16,crossed,nearest,False,38,0.029261212272694244,0.16430224221076123,0.15838652947837828,0.16052149332780855,88,94,CONVERGENCE: RELATIVE REDUCTION OF F <= FACTR*EPSMCH,-2.547900399312211,-0.2818501629094725,False,0.08163449994754046,12,12
16,crossed,nearest,False,39,0.02936086324425695,0.16460194389792543,0.15873907753267938,0.16084418961304217,2329,2590,CONVERGENCE: RELATIVE REDUCTION OF F <= FACTR*EPSMCH,-3.2841846789766147,4.865562116115064,False,2.3007682999596,12,12
16,crossed,nearest,False,40,0.029821919588128878,0.16627880185428134,0.16046189157647808,0.1625808507875503,588,676,CONVERGENCE: RELATIVE REDUCTION OF F <= FACTR*EPSMCH,-1.9859075752440591,7.949800134776679,True,0.6331621999852359,12,12
16,crossed,nearest,False,41,0.029261212272688714,0.16430224233017476,0.15838652865122482,0.16052149227604015,106,118,CONVERGENCE: RELATIVE REDUCTION OF F <= FACTR*EPSMCH,-2.8511674519702015,-0.33955414386312044,False,0.08679809991735965,12,12
16,crossed,nearest,False,42,0.029261212272688616,0.1643022421323727,0.15838652861760322,0.16052149227271476,95,111,CONVERGENCE: RELATIVE REDUCTION OF F <= FACTR*EPSMCH,-2.684206827058107,-0.06217568794060261,False,0.10083389992360026,12,12
16,crossed,nearest,False,43,0.029360863867326788,0.1646019350943331,0.15873904385448037,0.16084415956471268,7482,8198,CONVERGENCE: RELATIVE REDUCTION OF F <= FACTR*EPSMCH,-3.255973211048156,4.788185596786641,False,7.974964699940756,12,12
16,crossed,nearest,False,44,0.03143659046956751,0.17072596133551945,0.16437322863313816,0.16639981879210924,2134,2530,CONVERGENCE: RELATIVE REDUCTION OF F <= FACTR*EPSMCH,-8.0,7.999999996385231,True,2.2469255999894813,12,12
16,crossed,nearest,False,45,0.02982447252006816,0.16606649334703696,0.15992515856383843,0.16186651813250666,1055,1251,CONVERGENCE: RELATIVE REDUCTION OF F <= FACTR*EPSMCH,-8.0,7.99999210001708,True,1.1256844999734312,12,12
16,crossed,nearest,False,46,0.029261212272687905,0.1643022421413537,0.15838652861340405,0.16052149227784124,223,260,CONVERGENCE: RELATIVE REDUCTION OF F <= FACTR*EPSMCH,-2.1480694423485347,0.015801544127523753,False,0.24918909999541938,12,12
16,crossed,nearest,False,47,0.03017030908118606,0.16712722224469512,0.16038705721734856,0.16219458016354021,872,1118,CONVERGENCE: RELATIVE REDUCTION OF F <= FACTR*EPSMCH,-8.0,8.0,True,0.9838432000251487,12,12
16,crossed,nearest,False,48,0.029261212272692298,0.1643022423828154,0.1583865298740139,0.16052149364947488,99,111,CONVERGENCE: RELATIVE REDUCTION OF F <= FACTR*EPSMCH,-2.4901892168336572,-0.146784485459269,False,0.09611180005595088,12,12
16,crossed,nearest,False,49,0.029821913773796147,0.1662792438586676,0.16046273280991846,0.16258163692885289,689,775,CONVERGENCE: RELATIVE REDUCTION OF F <= FACTR*EPSMCH,-2.0702487991344958,7.999997868315493,True,0.6975269000977278,12,12
16,crossed,nearest,False,50,0.029261212272689713,0.16430224216238085,0.15838652884219048,0.16052149247982225,99,116,CONVERGENCE: RELATIVE REDUCTION OF F <= FACTR*EPSMCH,-2.409747220180991,-0.1399624073558864,False,0.09960279997903854,12,12
16,crossed,nearest,False,51,0.029822216758863172,0.1660582031168572,0.15990405198956606,0.16184176862938887,6664,8115,CONVERGENCE: RELATIVE REDUCTION OF F <= FACTR*EPSMCH,-8.0,7.976284431286831,True,7.448016700102016,12,12
16,crossed,nearest,False,52,0.030969159849745312,0.16941970532672954,0.16274379782994955,0.16470526566665694,2477,2928,CONVERGENCE: RELATIVE REDUCTION OF F <= FACTR*EPSMCH,-2.939296567357374,7.282652724900377,False,2.6129102999111637,12,12
16,crossed,nearest,False,53,0.029261212272688547,0.16430224224143988,0.15838652906689457,0.16052149276108504,87,97,CONVERGENCE: RELATIVE REDUCTION OF F <= FACTR*EPSMCH,-2.631349531251477,-0.31322309316293584,False,0.08791770006064326,12,12
16,crossed,nearest,False,54,0.029852877939038888,0.16614541008038264,0.16006002497554522,0.16199582815238267,3227,3673,CONVERGENCE: RELATIVE REDUCTION OF F <= FACTR*EPSMCH,-8.0,7.995185645763678,True,3.437185800052248,12,12
16,crossed,nearest,False,55,0.0301798588786012,0.16740125060232583,0.16165862128460626,0.16368521133215658,882,1041,CONVERGENCE: RELATIVE REDUCTION OF F <= FACTR*EPSMCH,-8.0,8.0,True,1.0115500999381766,12,12
16,crossed,nearest,False,56,0.029360863135141003,0.16460197714880445,0.15873924277482315,0.16084438358362502,3026,3415,CONVERGENCE: RELATIVE REDUCTION OF F <= FACTR*EPSMCH,-3.2487232920401823,4.960793151169713,False,3.154698899947107,12,12
16,crossed,nearest,False,57,0.029261212272694525,0.16430224256131656,0.1583865289946653,0.1605214924873132,186,238,CONVERGENCE: RELATIVE REDUCTION OF F <= FACTR*EPSMCH,-2.3465602274088524,-0.12445334335790649,False,0.23930760007351637,12,12
16,crossed,nearest,False,58,0.02926121227269035,0.1643022421506468,0.15838652833304326,0.1605214922249392,145,166,CONVERGENCE: RELATIVE REDUCTION OF F <= FACTR*EPSMCH,-2.5474075599796016,-0.21266399176760223,False,0.16124680009670556,12,12
16,crossed,nearest,False,59,0.02926121227269035,0.1643022423266163,0.1583865292884401,0.16052149286342524,98,116,CONVERGENCE: RELATIVE REDUCTION OF F <= FACTR*EPSMCH,-2.392934269579024,-0.1798020253077553,False,0.10435120004694909,12,12
16,crossed,nearest,False,60,0.029261247049458934,0.16430250360738236,0.15838554513063707,0.16052110788617116,8560,9953,CONVERGENCE: RELATIVE REDUCTION OF F <= FACTR*EPSMCH,-3.0771702981936557,7.8182988011638415,False,9.298243399942294,12,12
16,crossed,nearest,False,61,0.02982191887197142,0.1662792524734158,0.16046273704357647,0.16258164304308623,953,1104,CONVERGENCE: RELATIVE REDUCTION OF F <= FACTR*EPSMCH,-1.800610013241621,7.999999006194569,True,1.2672083999495953,12,12
16,crossed,nearest,False,62,0.02926121227268957,0.16430224224047502,0.15838652903719877,0.1605214927118212,378,446,CONVERGENCE: RELATIVE REDUCTION OF F <= FACTR*EPSMCH,-2.079690068405081,0.1611586807404328,False,0.6390833000186831,12,12
16,crossed,nearest,False,63,0.029360862679279637,0.1646019260948205,0.15873915307876818,0.16084432630534412,1108,1334,CONVERGENCE: RELATIVE REDUCTION OF F <= FACTR*EPSMCH,-3.249562009921573,5.283299970059189,False,1.825511800008826,12,12
16,crossed,nearest,False,64,0.029261212272692187,0.1643022421308019,0.15838652849814056,0.16052149231744953,115,138,CONVERGENCE: RELATIVE REDUCTION OF F <= FACTR*EPSMCH,-2.4365293613124503,-0.14746497756651608,False,0.12357449997216463,12,12
16,crossed,nearest,False,65,0.03562391770337173,0.18864298266828655,0.18227887104061913,0.18460415601555946,62,146,CONVERGENCE: RELATIVE REDUCTION OF F <= FACTR*EPSMCH,-1.4205873557230935,-0.5767392717176286,False,0.14183800003957003,12,12
16,crossed,nearest,False,66,0.029261212272690535,0.1643022418597397,0.15838652786028884,0.1605214915241326,416,475,CONVERGENCE: RELATIVE REDUCTION OF F <= FACTR*EPSMCH,-2.2465554993102934,0.8240689632719022,False,0.4540589000098407,12,12
16,crossed,nearest,False,67,0.03096900093129117,0.16941874649454042,0.1627353708768388,0.16469576616620232,3189,3809,CONVERGENCE: RELATIVE REDUCTION OF F <= FACTR*EPSMCH,-2.626770708507921,7.999424895638971,True,3.4052140000276268,12,12
16,crossed,nearest,False,68,0.02936086444007234,0.16460198308508375,0.15873929075401141,0.16084442690054337,3468,3859,CONVERGENCE: RELATIVE REDUCTION OF F <= FACTR*EPSMCH,-3.185589921464943,4.410498953013517,False,3.5165469999192283,12,12
16,crossed,nearest,False,69,0.029261212272692586,0.1643022420553175,0.15838652844772647,0.16052149210348607,91,100,CONVERGENCE: RELATIVE REDUCTION OF F <= FACTR*EPSMCH,-2.51503984781734,-0.2215988969422183,False,0.08673530002124608,12,12
16,crossed,nearest,False,70,0.03577641735043712,0.18900526291587494,0.18265403321065976,0.18497892380338554,52,124,CONVERGENCE: RELATIVE REDUCTION OF F <= FACTR*EPSMCH,-1.3586952857980497,-1.0506536507458168,False,0.11614619998726994,12,12
16,crossed,nearest,False,71,0.02926121227269133,0.16430224227148957,0.15838652848399637,0.16052149198867152,162,200,CONVERGENCE: RELATIVE REDUCTION OF F <= FACTR*EPSMCH,-2.260603261798572,-0.07271258998626594,False,0.18309980002231896,12,12
16,crossed,nearest,False,72,0.029821912360531867,0.16627920784297098,0.1604626931308668,0.16258160541138716,5405,6026,CONVERGENCE: RELATIVE REDUCTION OF F <= FACTR*EPSMCH,-1.9496511695404188,7.999999617780624,True,5.972238200018182,12,12
16,crossed,nearest,False,73,0.02926121227268979,0.16430224224577392,0.15838652871158168,0.1605214921955047,119,130,CONVERGENCE: RELATIVE REDUCTION OF F <= FACTR*EPSMCH,-2.9493641178995755,-0.14609393394266773,False,0.18664859991986305,12,12
16,crossed,nearest,False,74,0.029261212272702074,0.16430224223465115,0.1583865278051206,0.16052149169611213,146,167,CONVERGENCE: RELATIVE REDUCTION OF F <= FACTR*EPSMCH,-2.349741006835075,-0.15545181212143347,False,0.2758661999832839,12,12
16,crossed,nearest,False,75,0.029360862727169063,0.16460194742643816,0.1587391769249463,0.16084430852585038,1783,2041,CONVERGENCE: RELATIVE REDUCTION OF F <= FACTR*EPSMCH,-3.2747256118112054,5.18816277435361,False,2.5499620001064613,12,12
16,crossed,nearest,False,76,0.0309687897417563,0.1694188615577471,0.1627453440868399,0.1647072273315216,2402,2910,CONVERGENCE: RELATIVE REDUCTION OF F <= FACTR*EPSMCH,-2.912968828610884,8.0,True,2.720772900036536,12,12
16,crossed,nearest,False,77,0.029822347353036797,0.16628063444557573,0.16046588125823955,0.1625844610088911,439,505,CONVERGENCE: RELATIVE REDUCTION OF F <= FACTR*EPSMCH,-0.10762794716642622,7.8169865879314475,False,0.46384329989086837,12,12
16,crossed,nearest,False,78,0.029821978077046625,0.1662794557203551,0.16046295076376513,0.1625818571355836,777,915,CONVERGENCE: RELATIVE REDUCTION OF F <= FACTR*EPSMCH,-0.15740356835419853,8.0,True,0.9513214000035077,12,12
16,crossed,nearest,False,79,0.02926121227268872,0.16430224211731745,0.15838652886740728,0.16052149253072887,80,88,CONVERGENCE: RELATIVE REDUCTION OF F <= FACTR*EPSMCH,-2.650008571879419,-0.2973482768835172,False,0.09955950011499226,12,12
16,crossed,nearest,False,80,0.02926121227268946,0.16430224230382537,0.1583865292394617,0.16052149296140272,638,738,CONVERGENCE: RELATIVE REDUCTION OF F <= FACTR*EPSMCH,-2.620525288375866,-0.12401410283481934,False,0.8848986000521109,12,12
16,crossed,nearest,False,81,0.02936086789643448,0.16460193317248992,0.15873919604433573,0.16084437981296432,2079,2317,CONVERGENCE: RELATIVE REDUCTION OF F <= FACTR*EPSMCH,-3.106462111682065,4.139571711751552,False,3.0221015999559313,12,12
16,crossed,nearest,False,82,0.029261212272689918,0.1643022422716009,0.1583865290236664,0.16052149290009804,79,88,CONVERGENCE: RELATIVE REDUCTION OF F <= FACTR*EPSMCH,-2.6501513679688222,-0.32957025137056434,False,0.09698270005173981,12,12
16,crossed,nearest,False,83,0.030968924760767777,0.16941948140537474,0.1627390068410143,0.16469884613561434,8179,9911,CONVERGENCE: RELATIVE REDUCTION OF F <= FACTR*EPSMCH,-2.62754200914083,8.0,True,10.184402300044894,12,12
16,crossed,nearest,False,84,0.0314368236105617,0.17072668068970503,0.16437433291697168,0.16640095611165087,2216,2583,CONVERGENCE: RELATIVE REDUCTION OF F <= FACTR*EPSMCH,-8.0,4.249192263926871,True,2.461198200006038,12,12
16,crossed,nearest,False,85,0.03143657907441028,0.17072593397279195,0.1643733299637772,0.16639989092906918,2323,2773,CONVERGENCE: RELATIVE REDUCTION OF F <= FACTR*EPSMCH,-8.0,7.662095150027567,True,2.8295215000398457,12,12
16,crossed,nearest,False,86,0.029261212430521807,0.16430224267361476,0.15838660858895265,0.16052153036647016,4550,5106,CONVERGENCE: RELATIVE REDUCTION OF F <= FACTR*EPSMCH,-3.052356907234725,5.254805463495923,False,5.4950512000359595,12,12
16,crossed,nearest,False,87,0.02926121227269061,0.16430224204867597,0.1583865289906415,0.16052149279276062,107,116,CONVERGENCE: RELATIVE REDUCTION OF F <= FACTR*EPSMCH,-2.335382102162757,-0.08538682902392479,False,0.11835669993888587,12,12
16,crossed,nearest,False,88,0.02982192681982375,0.16627926409025498,0.1604627317231426,0.16258163982943558,732,802,CONVERGENCE: RELATIVE REDUCTION OF F <= FACTR*EPSMCH,-1.2098893780419135,8.0,True,0.7684790999628603,12,12
16,crossed,nearest,False,89,0.029859498086401936,0.16616634982508113,0.16008572660782983,0.16202206374305,1120,1336,CONVERGENCE: RELATIVE REDUCTION OF F <= FACTR*EPSMCH,-8.0,7.999999871425025,True,1.2352155999979004,12,12
16,crossed,nearest,False,90,0.02926121227269971,0.16430224247746256,0.15838653008132367,0.1605214938343114,230,268,CONVERGENCE: RELATIVE REDUCTION OF F <= FACTR*EPSMCH,-1.98235413180222,0.14406858293738456,False,0.2196588000515476,12,12
16,crossed,nearest,False,91,0.029261212272688335,0.16430224213425937,0.15838652848479304,0.1605214921740586,93,102,CONVERGENCE: RELATIVE REDUCTION OF F <= FACTR*EPSMCH,-2.532466349858657,-0.24726064108326715,False,0.10066590004134923,12,12
16,crossed,nearest,False,92,0.02982191825055721,0.16627923922323223,0.16046270121197984,0.16258160880478556,1057,1157,CONVERGENCE: RELATIVE REDUCTION OF F <= FACTR*EPSMCH,-1.6867974996642354,8.0,True,1.0301011999836192,12,12
16,crossed,nearest,False,93,0.029261212272696024,0.16430224222285644,0.15838652834920688,0.16052149164155713,117,129,CONVERGENCE: RELATIVE REDUCTION OF F <= FACTR*EPSMCH,-2.411610977029869,-0.15832944701787713,False,0.1430537000996992,12,12
16,crossed,nearest,False,94,0.02985211089579057,0.1661436578264515,0.1600626720914451,0.16199990186239457,2626,3074,CONVERGENCE: RELATIVE REDUCTION OF F <= FACTR*EPSMCH,-8.0,7.999921706506853,True,4.012635399936698,12,12
16,crossed,nearest,False,95,0.03278904945632557,0.17689322367427082,0.17070983677770782,0.17293069498221453,3765,4170,CONVERGENCE: RELATIVE REDUCTION OF F <= FACTR*EPSMCH,-5.702142244145092,4.848965482015331,False,3.7974832999752834,12,12
16,crossed,nearest,False,96,0.029360864160940147,0.16460196242286165,0.15873908311530566,0.16084418770435066,2442,2735,CONVERGENCE: RELATIVE REDUCTION OF F <= FACTR*EPSMCH,-3.155476947070019,4.52001718411906,False,3.322943800012581,12,12
16,crossed,nearest,False,97,0.029360862770127345,0.16460192199254411,0.1587390889466082,0.1608442251607706,3214,3589,CONVERGENCE: RELATIVE REDUCTION OF F <= FACTR*EPSMCH,-3.19262263131666,5.170495044711542,False,3.6862743999809027,12,12
16,crossed,nearest,False,98,0.02985908296133127,0.16616474438329615,0.16008329073363337,0.1620194594130389,1134,1381,CONVERGENCE: RELATIVE REDUCTION OF F <= FACTR*EPSMCH,-8.0,7.999999078314214,True,1.2571972999721766,12,12
16,crossed,nearest,False,99,0.02926121227269183,0.1643022420995303,0.15838652879832207,0.16052149283584025,161,188,CONVERGENCE: RELATIVE REDUCTION OF F <= FACTR*EPSMCH,-2.4201081568511618,-0.18059815134954232,False,0.1786967000225559,12,12
16,crossed,nearest,False,100,0.029261212272690518,0.16430224226479084,0.1583865289295439,0.16052149250933342,134,145,CONVERGENCE: RELATIVE REDUCTION OF F <= FACTR*EPSMCH,-2.6106532215612086,0.33930255100492307,False,0.11652150005102158,12,12
16,crossed,nearest,False,101,0.029261212272691888,0.16430224224632634,0.1583865290537856,0.16052149295117757,370,422,CONVERGENCE: RELATIVE REDUCTION OF F <= FACTR*EPSMCH,-1.8754357641026562,0.41268446758989613,False,0.36227440007496625,12,12
16,crossed,nearest,False,102,0.03011285202561754,0.1667849906540935,0.16087224228858335,0.1629822498162378,2080,2353,CONVERGENCE: RELATIVE REDUCTION OF F <= FACTR*EPSMCH,-3.0285788522427293,4.957727509872517,False,2.346331199980341,12,12
16,crossed,nearest,False,103,0.029852801338235015,0.16614548601467327,0.1600606814255951,0.1619969219662295,2706,3090,CONVERGENCE: RELATIVE REDUCTION OF F <= FACTR*EPSMCH,-8.0,7.99960525098475,True,3.0635492999572307,12,12
16,crossed,nearest,False,104,0.02936086247126218,0.16460194772216433,0.15873917732288453,0.16084434917169801,3501,4001,CONVERGENCE: RELATIVE REDUCTION OF F <= FACTR*EPSMCH,-3.1649586352085297,5.889701792139749,False,3.9961991000454873,12,12
16,crossed,nearest,False,105,0.02936086431942759,0.16460195820481346,0.15873884875697652,0.16084389824647138,2508,2847,CONVERGENCE: RELATIVE REDUCTION OF F <= FACTR*EPSMCH,-3.0002679416525844,4.838922702588599,False,2.9083942000288516,12,12
16,crossed,nearest,False,106,0.029821940243608597,0.16627937331034842,0.1604628881596105,0.16258179218382585,709,804,CONVERGENCE: RELATIVE REDUCTION OF F <= FACTR*EPSMCH,-1.4474313976013409,8.0,True,0.740919700008817,12,12
16,crossed,nearest,False,107,0.03143652606472541,0.17072578154808493,0.16437313813961388,0.16639965212687358,4822,5926,CONVERGENCE: RELATIVE REDUCTION OF F <= FACTR*EPSMCH,-7.999898248396763,7.292445950034078,True,5.344815199961886,12,12
16,crossed,nearest,False,108,0.029360862971594064,0.16460197504523377,0.15873933003888202,0.16084446801209498,4115,4568,CONVERGENCE: RELATIVE REDUCTION OF F <= FACTR*EPSMCH,-3.252698394585183,5.196333495357135,False,4.545614700065926,12,12
16,crossed,nearest,False,109,0.02926121227269085,0.16430224214253367,0.1583865282418866,0.16052149168472013,110,120,CONVERGENCE: RELATIVE REDUCTION OF F <= FACTR*EPSMCH,-2.4070604196526397,-0.18609915159484616,False,0.10402860003523529,12,12
16,crossed,nearest,False,110,0.03149584914243263,0.17103371052357152,0.16348799750342857,0.16513913116657003,2353,2997,CONVERGENCE: RELATIVE REDUCTION OF F <= FACTR*EPSMCH,-8.0,8.0,True,2.8866166999796405,12,12
16,crossed,nearest,False,111,0.02926121227269503,0.16430224206348187,0.1583865276788024,0.16052149088310763,85,95,CONVERGENCE: RELATIVE REDUCTION OF F <= FACTR*EPSMCH,-2.3393683378266847,-0.12236276380885482,False,0.09150159999262542,12,12
16,crossed,nearest,False,112,0.0301128491052118,0.16678498955184579,0.16087229992936314,0.16298230883958445,3128,3565,CONVERGENCE: RELATIVE REDUCTION OF F <= FACTR*EPSMCH,-2.9620469123780615,5.250034186230494,False,3.676443799980916,12,12
16,crossed,nearest,False,113,0.02926121910195708,0.16430196138012684,0.15838543806706026,0.16052041914565934,7392,8696,CONVERGENCE: RELATIVE REDUCTION OF F <= FACTR*EPSMCH,-3.1237672890475268,6.989336462147567,False,7.977768099983223,12,12
16,crossed,nearest,False,114,0.03096907079044759,0.1694195338475841,0.1627352868429488,0.1646954305004235,2453,2850,CONVERGENCE: RELATIVE REDUCTION OF F <= FACTR*EPSMCH,-3.144968339013517,7.994982010668148,True,2.5644467999227345,12,12
16,crossed,nearest,False,115,0.03572710285053231,0.18876308237194725,0.18240143909161693,0.18472467637602413,71,153,CONVERGENCE: RELATIVE REDUCTION OF F <= FACTR*EPSMCH,-2.8308927070712584,-0.9176246497331686,False,0.13923839991912246,12,12
16,crossed,nearest,False,116,0.029852270576710256,0.16614381655870444,0.16006006008184565,0.16199664789542897,3182,3668,CONVERGENCE: RELATIVE REDUCTION OF F <= FACTR*EPSMCH,-8.0,7.982552763391361,True,3.567668700008653,12,12
16,crossed,nearest,False,117,0.02936086328044165,0.16460196017593656,0.15873909814881526,0.1608441949409219,3396,3818,CONVERGENCE: RELATIVE REDUCTION OF F <= FACTR*EPSMCH,-3.0626276116988786,5.2054969904357575,False,3.3216574999969453,12,12
16,crossed,nearest,False,118,0.029360859796744087,0.16460193501040762,0.15873913225930789,0.16084427933261047,2025,2319,CONVERGENCE: RELATIVE REDUCTION OF F <= FACTR*EPSMCH,-3.251930480261965,4.967784374419029,False,2.121837200014852,12,12
16,crossed,nearest,False,119,0.029261212272690244,0.16430224214489786,0.15838652873316728,0.16052149261449797,68,80,CONVERGENCE: RELATIVE REDUCTION OF F <= FACTR*EPSMCH,-2.8146897662765804,-0.33436717766034074,False,0.06417829997371882,12,12
16,crossed,nearest,False,120,0.030968985892658722,0.16941920004812547,0.162744829196965,0.16470661875805542,3364,3951,CONVERGENCE: RELATIVE REDUCTION OF F <= FACTR*EPSMCH,-2.7832426792909524,8.0,True,3.431033600005321,12,12
16,crossed,nearest,False,121,0.029261212272691794,0.16430224230834867,0.15838652791188484,0.16052149139055621,82,89,CONVERGENCE: RELATIVE REDUCTION OF F <= FACTR*EPSMCH,-2.789558764077485,-0.3463845659334659,False,0.08249719999730587,12,12
16,crossed,nearest,False,122,0.02926121227268859,0.1643022423377433,0.1583865288634816,0.16052149254794323,125,151,CONVERGENCE: RELATIVE REDUCTION OF F <= FACTR*EPSMCH,-2.4139025250213715,-0.1925315845205289,False,0.13437029998749495,12,12
16,crossed,nearest,False,123,0.029261212272708614,0.16430224181553188,0.15838652978387757,0.16052149353873094,127,140,CONVERGENCE: RELATIVE REDUCTION OF F <= FACTR*EPSMCH,-2.4699205589196196,0.057293019442852026,False,0.13101770007051528,12,12
16,crossed,nearest,False,124,0.029261212272693175,0.16430224231861076,0.15838652923457408,0.1605214933254951,214,237,CONVERGENCE: RELATIVE REDUCTION OF F <= FACTR*EPSMCH,-1.7774068284596618,0.6183088501750525,False,0.24190429993905127,12,12
16,crossed,nearest,False,125,0.02936086342399235,0.16460193333833584,0.15873919079746918,0.16084435483578052,1956,2259,CONVERGENCE: RELATIVE REDUCTION OF F <= FACTR*EPSMCH,-3.284745133320967,4.746491240887612,False,1.9949798999587074,12,12
16,crossed,nearest,False,126,0.02926121227269,0.16430224199593813,0.1583865280031387,0.16052149154953232,91,99,CONVERGENCE: RELATIVE REDUCTION OF F <= FACTR*EPSMCH,-2.58005829790405,-0.29627226879816526,False,0.08645210007671267,12,12
16,crossed,nearest,False,127,0.029261212272698692,0.16430224234305163,0.15838653045177825,0.16052149402239557,153,168,CONVERGENCE: RELATIVE REDUCTION OF F <= FACTR*EPSMCH,-2.583460702578714,-0.13154751216360316,False,0.16145560005679727,12,12
16,crossed,nearest,False,128,0.03567008289717601,0.18870822988654634,0.18234558871613152,0.18467294287471187,65,186,CONVERGENCE: RELATIVE REDUCTION OF F <= FACTR*EPSMCH,-2.955530775270575,-1.4949519541846483,False,0.15725689998362213,12,12
16,crossed,nearest,False,129,0.030170271734120638,0.16712712362104343,0.1603870917662177,0.16219464831664346,841,977,CONVERGENCE: RELATIVE REDUCTION OF F <= FACTR*EPSMCH,-8.0,7.999973869811815,True,0.8591550000710413,12,12
16,crossed,nearest,False,130,0.029261212272694296,0.16430224249877012,0.15838652954630875,0.16052149348663294,163,181,CONVERGENCE: RELATIVE REDUCTION OF F <= FACTR*EPSMCH,-1.9674868331147342,0.20929417981388151,False,0.15801779995672405,12,12
16,crossed,nearest,False,131,0.02926121227269644,0.16430224253123668,0.1583865304187456,0.16052149422299708,157,189,CONVERGENCE: RELATIVE REDUCTION OF F <= FACTR*EPSMCH,-2.341445965220037,-0.13275919966794686,False,0.18515390006359667,12,12
16,crossed,nearest,False,132,0.029261212272693043,0.16430224203951896,0.1583865274300484,0.1605214910236569,174,197,CONVERGENCE: RELATIVE REDUCTION OF F <= FACTR*EPSMCH,-2.5358988612851725,-0.2448777344248028,False,0.18789389997255057,12,12
16,crossed,nearest,False,133,0.03142457010171203,0.1706876711867601,0.16429719340613091,0.16631484786459383,5324,6315,CONVERGENCE: RELATIVE REDUCTION OF F <= FACTR*EPSMCH,-3.864591427294634,6.928247306870307,False,5.684080400038511,12,12
16,crossed,nearest,False,134,0.029360863764399586,0.1646019300402616,0.1587391884982588,0.1608443646260643,2885,3170,CONVERGENCE: RELATIVE REDUCTION OF F <= FACTR*EPSMCH,-3.2810120739097917,4.6541034586756656,False,2.771737200091593,12,12
16,crossed,nearest,False,135,0.029360863603849013,0.16460199599414058,0.15873935722085966,0.1608445140301346,1948,2223,CONVERGENCE: RELATIVE REDUCTION OF F <= FACTR*EPSMCH,-3.2541228649830587,4.6006967730441,False,1.986687000025995,12,12
16,crossed,nearest,False,136,0.02926121227268862,0.1643022423169943,0.15838652904730902,0.1605214927132484,92,100,CONVERGENCE: RELATIVE REDUCTION OF F <= FACTR*EPSMCH,-2.9812074180123447,-0.18660975271963404,False,0.08245619991794229,12,12
16,crossed,nearest,False,137,0.029261212272691694,0.1643022423118612,0.15838652896351169,0.160521492696648,111,124,CONVERGENCE: RELATIVE REDUCTION OF F <= FACTR*EPSMCH,-2.4518573431925863,-0.22742158854031036,False,0.10751420003362,12,12
16,crossed,nearest,False,138,0.02926121227269093,0.16430224207785338,0.1583865281370095,0.16052149183161538,105,110,CONVERGENCE: RELATIVE REDUCTION OF F <= FACTR*EPSMCH,-2.692279729081108,-0.17827418859174346,False,0.09843639994505793,12,12
16,crossed,nearest,False,139,0.0292612122726887,0.16430224214076086,0.15838652842437015,0.16052149214157618,88,98,CONVERGENCE: RELATIVE REDUCTION OF F <= FACTR*EPSMCH,-2.794871927084538,-0.3431029219326279,False,0.08976830006577075,12,12
16,crossed,nearest,False,140,0.02982196005925494,0.16627940826723173,0.16046292115074726,0.16258181662887247,921,1106,CONVERGENCE: RELATIVE REDUCTION OF F <= FACTR*EPSMCH,-1.193507737879868,8.0,True,1.0255776999983937,12,12
16,crossed,nearest,False,141,0.029261212650509585,0.16430226888759636,0.15838666480791913,0.16052165379963174,4858,5704,CONVERGENCE: RELATIVE REDUCTION OF F <= FACTR*EPSMCH,-3.149995250018726,5.40905863434932,False,5.078645400004461,12,12
16,crossed,nearest,False,142,0.029360862893639234,0.16460199011056945,0.15873923954027638,0.16084435818975437,3131,3502,CONVERGENCE: RELATIVE REDUCTION OF F <= FACTR*EPSMCH,-2.7544254256523977,6.203937780115574,False,3.109537399956025,12,12
16,crossed,nearest,False,143,0.035558568703799455,0.18850916687027738,0.18214005455835636,0.184466588566276,412,593,CONVERGENCE: RELATIVE REDUCTION OF F <= FACTR*EPSMCH,-8.0,-0.7358992346530238,True,0.479373799986206,12,12
16,crossed,nearest,False,144,0.02936086270500121,0.16460195488710325,0.1587391475638304,0.1608442618160234,3991,4442,CONVERGENCE: RELATIVE REDUCTION OF F <= FACTR*EPSMCH,-3.1171469886422094,5.609794842056118,False,4.184236300061457,12,12
16,crossed,nearest,False,145,0.0292612122726947,0.16430224194349097,0.15838652873981762,0.16052149246077158,191,219,CONVERGENCE: RELATIVE REDUCTION OF F <= FACTR*EPSMCH,-2.2677676394784085,-0.07183062235606681,False,0.17789060005452484,12,12
16,crossed,nearest,False,146,0.029261212272697835,0.16430224205390243,0.15838652761269623,0.16052149092115447,171,186,CONVERGENCE: RELATIVE REDUCTION OF F <= FACTR*EPSMCH,-2.3353235421032044,-0.14435497521168122,False,0.16884259996004403,12,12
16,crossed,nearest,False,147,0.02982191490386609,0.16627928855923024,0.16046275969886883,0.16258166386343417,921,1028,CONVERGENCE: RELATIVE REDUCTION OF F <= FACTR*EPSMCH,-2.021833533149461,7.999895351972027,True,0.8687744999770075,12,12
16,crossed,nearest,False,148,0.02936086329275657,0.16460192068908988,0.15873907672524118,0.16084421149596403,3012,3399,CONVERGENCE: RELATIVE REDUCTION OF F <= FACTR*EPSMCH,-3.283775369981004,4.721576005798051,False,3.2719390999991447,12,12
16,crossed,nearest,False,149,0.0293608634217297,0.164601942928249,0.15873916384265988,0.16084432581541236,2205,2507,CONVERGENCE: RELATIVE REDUCTION OF F <= FACTR*EPSMCH,-3.204850619147013,4.718074353660763,False,2.150210599997081,12,12
16,crossed,nearest,False,150,0.029261212272689168,0.1643022421507166,0.15838652805237208,0.1605214916642134,147,164,CONVERGENCE: RELATIVE REDUCTION OF F <= FACTR*EPSMCH,-2.368288003509019,-0.16558935586109452,False,0.138770499965176,12,12
16,crossed,nearest,False,151,0.029261212272694306,0.16430224224393256,0.15838652925039848,0.1605214932365958,108,118,CONVERGENCE: RELATIVE REDUCTION OF F <= FACTR*EPSMCH,-2.429979541709336,-0.18475407370126046,False,0.10831819998566061,12,12
16,crossed,nearest,False,152,0.02926121227269245,0.16430224217599118,0.15838652939809802,0.16052149336209928,108,121,CONVERGENCE: RELATIVE REDUCTION OF F <= FACTR*EPSMCH,-2.46179102537059,-0.21182711092601125,False,0.10543679993133992,12,12
16,crossed,nearest,False,153,0.029261212272688585,0.1643022420516973,0.15838652848103915,0.16052149215797806,109,123,CONVERGENCE: RELATIVE REDUCTION OF F <= FACTR*EPSMCH,-2.358047912922139,-0.1436223609828564,False,0.10462150000967085,12,12
16,crossed,nearest,False,154,0.029821924092530885,0.16627928621702953,0.160462778506222,0.1625816813259355,872,1010,CONVERGENCE: RELATIVE REDUCTION OF F <= FACTR*EPSMCH,-1.7362608520986866,7.9999426847576665,True,0.8818938999902457,12,12
16,crossed,nearest,False,155,0.031217684272469317,0.17024819943834935,0.16468573025682798,0.16669425593019827,4668,5406,CONVERGENCE: RELATIVE REDUCTION OF F <= FACTR*EPSMCH,-5.199249313020308,6.880821133158781,False,4.7824693999718875,12,12
16,crossed,nearest,False,156,0.02985292637183717,0.16614564583651686,0.16005960930059365,0.1619955219100149,3857,4385,CONVERGENCE: RELATIVE REDUCTION OF F <= FACTR*EPSMCH,-8.0,7.978147826394191,True,3.9162120999535546,12,12
16,crossed,nearest,False,157,0.02926121227269418,0.16430224234004942,0.15838652964054709,0.160521493146224,98,113,CONVERGENCE: RELATIVE REDUCTION OF F <= FACTR*EPSMCH,-2.7113745573019097,-0.3067800078057183,False,0.10517969995271415,12,12
16,crossed,nearest,False,158,0.029821916804357577,0.1662792312935529,0.1604627325388241,0.1625816392326081,782,872,CONVERGENCE: RELATIVE REDUCTION OF F <= FACTR*EPSMCH,-1.9597368199663279,7.999981766837359,True,0.7642391000408679,12,12
16,crossed,nearest,False,159,0.029360863338180516,0.1646019878919976,0.15873915870601663,0.1608442444294829,3561,3962,CONVERGENCE: RELATIVE REDUCTION OF F <= FACTR*EPSMCH,-3.1876825520336145,5.061748778995347,False,3.720754300011322,12,12
16,crossed,nearest,False,160,0.029360865392725095,0.16460195919443962,0.15873900165832203,0.16084409174934194,2657,2915,CONVERGENCE: RELATIVE REDUCTION OF F <= FACTR*EPSMCH,-3.1715677594077873,4.2187664047867415,False,2.652022600057535,12,12
16,crossed,nearest,False,161,0.029821918259703813,0.16627928971881567,0.16046278524561136,0.1625816892092781,729,805,CONVERGENCE: RELATIVE REDUCTION OF F <= FACTR*EPSMCH,-1.915173442151536,7.99999907120937,True,0.8805880999425426,12,12
16,crossed,nearest,False,162,0.029261212272693914,0.16430224225191764,0.15838653006913583,0.1605214936618712,122,140,CONVERGENCE: RELATIVE REDUCTION OF F <= FACTR*EPSMCH,-2.62137908985683,-0.31688463784672466,False,0.13136329990811646,12,12
16,crossed,nearest,False,163,0.0301798607837379,0.1674012628213695,0.16165862181958357,0.1636852161570536,670,794,CONVERGENCE: RELATIVE REDUCTION OF F <= FACTR*EPSMCH,-8.0,7.999514027531299,True,0.7182769000064582,12,12
16,crossed,nearest,False,164,0.03143654030238005,0.17072583972633734,0.1643729727791198,0.1663995147389256,1352,1637,CONVERGENCE: RELATIVE REDUCTION OF F <= FACTR*EPSMCH,-7.9972468097812515,6.466528743572237,True,1.4590964999515563,12,12
16,crossed,nearest,False,165,0.029261212293347327,0.16430223900471505,0.1583865216364415,0.16052148068604508,3951,4493,CONVERGENCE: RELATIVE REDUCTION OF F <= FACTR*EPSMCH,-3.1197236122312044,5.859656425743798,False,4.185270099900663,12,12
16,crossed,nearest,False,166,0.029820633767834052,0.16605387806650398,0.15990422685034722,0.16184417272050927,7143,8486,CONVERGENCE: RELATIVE REDUCTION OF F <= FACTR*EPSMCH,-8.0,7.9990767191827645,True,7.912615700042807,12,12
16,crossed,nearest,False,167,0.03096877113155394,0.16941876692693306,0.16273904216907775,0.1646995445047105,3113,3715,CONVERGENCE: RELATIVE REDUCTION OF F <= FACTR*EPSMCH,-2.940145287676245,7.947954318545839,True,3.65871920005884,12,12
16,crossed,nearest,False,168,0.02982191600375102,0.16627922548214819,0.16046269109549832,0.16258160155103635,886,1007,CONVERGENCE: RELATIVE REDUCTION OF F <= FACTR*EPSMCH,-1.7069771043781217,8.0,True,0.9896211000159383,12,12
16,crossed,nearest,False,169,0.029360862045837904,0.16460193163718803,0.1587391812164533,0.16084435472983943,1974,2262,CONVERGENCE: RELATIVE REDUCTION OF F <= FACTR*EPSMCH,-3.284906545516064,4.923775550147471,False,2.1013256000587717,12,12
16,crossed,nearest,False,170,0.029261212272702248,0.16430224152808834,0.1583865283411005,0.16052149235379914,209,232,CONVERGENCE: RELATIVE REDUCTION OF F <= FACTR*EPSMCH,-2.1964554363766724,0.06157186598197871,False,0.22313970001414418,12,12
16,crossed,nearest,False,171,0.02926121227268899,0.1643022421887875,0.1583865285718419,0.16052149232638027,101,115,CONVERGENCE: RELATIVE REDUCTION OF F <= FACTR*EPSMCH,-2.4278502124104895,-0.20240505467154576,False,0.10598549991846085,12,12
16,crossed,nearest,False,172,0.030433840344033417,0.1687927221839228,0.16309124548857465,0.16516727991049768,5720,6660,CONVERGENCE: RELATIVE REDUCTION OF F <= FACTR*EPSMCH,-2.3821635866288307,-0.03120175671064426,False,5.932834599982016,12,12
16,crossed,nearest,False,173,0.02926121254482329,0.16430222234021072,0.15838654220219106,0.16052147443170658,12512,14895,CONVERGENCE: RELATIVE REDUCTION OF F <= FACTR*EPSMCH,-3.0442514937524643,6.813390973096387,False,13.91150030004792,12,12
16,crossed,nearest,False,174,0.03273438174785206,0.1768677903304212,0.17066775569598108,0.172837961351731,3884,4949,CONVERGENCE: RELATIVE REDUCTION OF F <= FACTR*EPSMCH,-8.0,7.779801479291042,True,4.553200300084427,12,12
16,crossed,nearest,False,175,0.031546943444402176,0.17269449121359634,0.16684735619533284,0.16898294132287478,3780,4230,CONVERGENCE: RELATIVE REDUCTION OF F <= FACTR*EPSMCH,-3.7235878155210336,6.294391774078707,False,3.7391377999447286,12,12
16,crossed,nearest,False,176,0.029360863613291814,0.16460195057406304,0.15873907782972294,0.16084419903918631,2549,2810,CONVERGENCE: RELATIVE REDUCTION OF F <= FACTR*EPSMCH,-3.2729689525403574,4.752580400846819,False,2.5224799000425264,12,12
16,crossed,nearest,False,177,0.02936086573569899,0.16460191718307832,0.15873899861178728,0.16084414655213136,1644,1838,CONVERGENCE: RELATIVE REDUCTION OF F <= FACTR*EPSMCH,-2.9409680431817327,4.836217072474492,False,1.8044582000002265,12,12
16,crossed,nearest,False,178,0.029821939741595353,0.16627977043904818,0.16046267653059587,0.16258163858610844,372,453,CONVERGENCE: RELATIVE REDUCTION OF F <= FACTR*EPSMCH,-1.5427087716820274,7.978717658640321,True,0.4171838000183925,12,12
16,crossed,nearest,False,179,0.03162926083281423,0.17150690547582834,0.16618110797812313,0.16813035075134153,2040,2327,CONVERGENCE: RELATIVE REDUCTION OF F <= FACTR*EPSMCH,-3.116820078627363,7.99999778203884,True,2.0855613000458106,12,12
16,crossed,nearest,False,180,0.029360864037920712,0.16460195118191795,0.15873918980091267,0.1608443495342859,1969,2225,CONVERGENCE: RELATIVE REDUCTION OF F <= FACTR*EPSMCH,-3.131635395264461,4.614261186018932,False,1.9439805999863893,12,12
16,crossed,nearest,False,181,0.02936086247810247,0.1646019513320273,0.15873920965357566,0.16084434407043702,2753,3095,CONVERGENCE: RELATIVE REDUCTION OF F <= FACTR*EPSMCH,-3.1573919780986084,5.326796249983519,False,2.9075031999964267,12,12
16,crossed,nearest,False,182,0.029821919206838923,0.16627926652546215,0.16046274972477848,0.16258165498481023,599,668,CONVERGENCE: RELATIVE REDUCTION OF F <= FACTR*EPSMCH,-1.8709941899775469,7.999823096376651,True,0.6124313999898732,12,12
16,crossed,nearest,False,183,0.029261212272688252,0.16430224216425826,0.15838652868657047,0.1605214924105354,123,138,CONVERGENCE: RELATIVE REDUCTION OF F <= FACTR*EPSMCH,-2.9996446385701394,-0.18823774159785317,False,0.11779579997528344,12,12
16,crossed,nearest,False,184,0.029763452930236856,0.16586335274377179,0.1595450657042393,0.16156548370722057,5410,5977,CONVERGENCE: RELATIVE REDUCTION OF F <= FACTR*EPSMCH,-2.706061061296649,7.877666403357636,False,5.725173900020309,12,12
16,crossed,nearest,False,185,0.02982191122951484,0.16627920347835054,0.16046268060790403,0.16258158571827347,837,979,CONVERGENCE: RELATIVE REDUCTION OF F <= FACTR*EPSMCH,-2.165968760470594,8.0,True,0.988009599968791,12,12
16,crossed,nearest,False,186,0.02982193323880521,0.1662792783904465,0.16046275340066002,0.16258165800699745,732,805,CONVERGENCE: RELATIVE REDUCTION OF F <= FACTR*EPSMCH,-1.4719984019546506,8.0,True,0.7082857000641525,12,12
16,crossed,nearest,False,187,0.029360863853866836,0.1646019174853072,0.15873913870531445,0.1608443296667677,2832,3088,CONVERGENCE: RELATIVE REDUCTION OF F <= FACTR*EPSMCH,-3.2573817443406954,4.713920127242673,False,2.8053809000412,12,12
16,crossed,nearest,False,188,0.0298588421115181,0.16616643048909194,0.16010057758595048,0.16204036861325355,969,1159,CONVERGENCE: RELATIVE REDUCTION OF F <= FACTR*EPSMCH,-8.0,8.0,True,1.0513781999470666,12,12
16,crossed,nearest,False,189,0.02926121227268839,0.16430224216058303,0.15838652860189684,0.1605214923053896,98,105,CONVERGENCE: RELATIVE REDUCTION OF F <= FACTR*EPSMCH,-2.2932855542637673,-0.02283012434098236,False,0.10011430003214628,12,12
16,crossed,nearest,False,190,0.029261212272697255,0.16430224197505527,0.15838652771250333,0.16052149125106102,84,92,CONVERGENCE: RELATIVE REDUCTION OF F <= FACTR*EPSMCH,-2.782412085688664,-0.08106393851929163,False,0.10065459995530546,12,12
16,crossed,nearest,False,191,0.02936086225255991,0.16460196227668744,0.15873912218586023,0.1608442371718872,2818,3213,CONVERGENCE: RELATIVE REDUCTION OF F <= FACTR*EPSMCH,-3.2192423429738963,5.399842247165671,False,3.1236506000859663,12,12
16,crossed,nearest,False,192,0.029360862120663675,0.1646019108588511,0.1587390957304327,0.16084426099941085,2599,2913,CONVERGENCE: RELATIVE REDUCTION OF F <= FACTR*EPSMCH,-3.276814128633552,5.453851182485749,False,2.7799515000078827,12,12
16,crossed,nearest,False,193,0.029821943427939087,0.1662779921523321,0.1604612480778379,0.16258025125841052,453,537,CONVERGENCE: RELATIVE REDUCTION OF F <= FACTR*EPSMCH,-1.6158668114947758,7.9987715924105185,True,0.5059934000018984,12,12
16,crossed,nearest,False,194,0.02936086285638283,0.16460195260450003,0.15873921864293247,0.16084438404920395,2423,2852,CONVERGENCE: RELATIVE REDUCTION OF F <= FACTR*EPSMCH,-3.168821446653505,5.076046672850314,False,2.583259200095199,12,12
16,crossed,nearest,False,195,0.029261212272700683,0.16430224194458645,0.1583865290671916,0.16052149274444444,177,196,CONVERGENCE: RELATIVE REDUCTION OF F <= FACTR*EPSMCH,-2.310856803955153,-0.10688932813170166,False,0.18461460003163666,12,12
16,crossed,nearest,False,196,0.02926126930274919,0.16430273385466462,0.15838695616796938,0.16052150446008062,12010,13940,CONVERGENCE: RELATIVE REDUCTION OF F <= FACTR*EPSMCH,-3.137692675923515,7.926791818847539,True,12.743409600108862,12,12
16,crossed,nearest,False,197,0.029360863970274525,0.16460190923143558,0.15873911218390543,0.16084428927952066,2350,2652,CONVERGENCE: RELATIVE REDUCTION OF F <= FACTR*EPSMCH,-3.170880866843234,4.747964762686935,False,2.3461494999937713,12,12
16,crossed,nearest,False,198,0.029261212272700662,0.1643022417971254,0.15838652811397966,0.160521491956048,95,103,CONVERGENCE: RELATIVE REDUCTION OF F <= FACTR*EPSMCH,-2.7457442928603726,-0.030576090201585634,False,0.10290139995049685,12,12
16,crossed,nearest,False,199,0.029853641846580427,0.16614836819976708,0.1600601770193414,0.16199556634999815,1591,1840,CONVERGENCE: RELATIVE REDUCTION OF F <= FACTR*EPSMCH,-8.0,7.998127075621138,True,1.7502919000107795,12,12
16,crossed,mirror,False,0,0.02981792152291797,0.16604854824365456,0.15992902696979974,0.16187101157488723,12223,14518,CONVERGENCE: RELATIVE REDUCTION OF F <= FACTR*EPSMCH,-8.0,7.962259242503433,True,13.330704200081527,12,12
16,crossed,mirror,False,1,0.02928487191674715,0.16438950296982444,0.15851904695624694,0.16064136264992676,1321,1517,CONVERGENCE: RELATIVE REDUCTION OF F <= FACTR*EPSMCH,-2.8638965562168215,5.194385023522902,False,1.5579101999755949,12,12
16,crossed,mirror,False,2,0.02981809451267643,0.16604895866339017,0.1599291430357517,0.16187102576050277,4803,5565,CONVERGENCE: RELATIVE REDUCTION OF F <= FACTR*EPSMCH,-8.0,7.99999438869374,True,5.317609600024298,12,12
16,crossed,mirror,False,3,0.03055361633951696,0.16811534326652652,0.1617872544714581,0.16384200235062982,2877,3218,CONVERGENCE: RELATIVE REDUCTION OF F <= FACTR*EPSMCH,-2.763545408124656,7.817306821450851,False,2.7924278000136837,12,12
16,crossed,mirror,False,4,0.029817797160075467,0.16604796611585818,0.1599272380371691,0.16186903048597756,2176,2568,CONVERGENCE: RELATIVE REDUCTION OF F <= FACTR*EPSMCH,-8.0,7.999992824637095,True,2.310261799953878,12,12
16,crossed,mirror,False,5,0.035067204809379214,0.18701852448451461,0.1805385867918927,0.18283268078441756,522,827,CONVERGENCE: RELATIVE REDUCTION OF F <= FACTR*EPSMCH,-0.614808428085361,8.0,True,0.8220803000731394,12,12
16,crossed,mirror,False,6,0.029284882556434667,0.16438950584959025,0.1585189678968196,0.16064122951201573,2773,3138,CONVERGENCE: RELATIVE REDUCTION OF F <= FACTR*EPSMCH,-3.1579083286092238,5.116312535197121,False,2.84087209997233,12,12
16,crossed,mirror,False,7,0.029284870839802257,0.16438949876812184,0.15851904787295149,0.16064137537358938,2558,2971,CONVERGENCE: RELATIVE REDUCTION OF F <= FACTR*EPSMCH,-2.8472165730599817,5.552627949841149,False,2.762269699946046,12,12
16,crossed,mirror,False,8,0.02928487133338934,0.16438946290566317,0.1585188397874583,0.16064107828085972,2684,3071,CONVERGENCE: RELATIVE REDUCTION OF F <= FACTR*EPSMCH,-2.7517037515296754,5.6821721165461945,False,2.7089874000521377,12,12
16,crossed,mirror,False,9,0.029763452485350887,0.16586336240170227,0.1595452411512858,0.1615657220073172,887,1043,CONVERGENCE: RELATIVE REDUCTION OF F <= FACTR*EPSMCH,-2.7805372261943493,7.999997424847218,True,1.1108928000321612,12,12
16,crossed,mirror,False,10,0.02981779695626663,0.16604791468889132,0.15992693820231446,0.1618686520966035,2519,2960,CONVERGENCE: RELATIVE REDUCTION OF F <= FACTR*EPSMCH,-8.0,7.999999189142013,True,2.7469145000213757,12,12
16,crossed,mirror,False,11,0.029857742966565896,0.1661607298235423,0.16007791428496632,0.16201398423264662,1718,2002,CONVERGENCE: RELATIVE REDUCTION OF F <= FACTR*EPSMCH,-8.0,7.999928518724921,True,2.1602561000036076,12,12
16,crossed,mirror,False,12,0.02981964315487509,0.1660543891280454,0.1599362800389979,0.1618773643554225,2146,2562,CONVERGENCE: RELATIVE REDUCTION OF F <= FACTR*EPSMCH,-8.0,7.202968746069407,True,2.4433715000050142,12,12
16,crossed,mirror,False,13,0.02981782612604366,0.16604818205298277,0.15992867356604626,0.16187057656338508,5410,6204,CONVERGENCE: RELATIVE REDUCTION OF F <= FACTR*EPSMCH,-8.0,7.999995436361286,True,6.127740900032222,12,12
16,crossed,mirror,False,14,0.029284872969746325,0.16438956416922218,0.1585189951466999,0.16064132371762024,6549,7483,CONVERGENCE: RELATIVE REDUCTION OF F <= FACTR*EPSMCH,-3.1455555662018293,6.324723119183424,False,6.772100699949078,12,12
16,crossed,mirror,False,15,0.0292848721850731,0.16438947443404586,0.15851891749161107,0.16064115708018423,2167,2498,CONVERGENCE: RELATIVE REDUCTION OF F <= FACTR*EPSMCH,-2.4396602517913473,6.1091769628995305,False,2.160429299925454,12,12
16,crossed,mirror,False,16,0.0297634578305188,0.1658633736209361,0.15954524420126706,0.1615657181742348,4008,4543,ABNORMAL: ,-2.0230998848891626,7.996886331774485,True,4.486002100049518,12,12
16,crossed,mirror,False,17,0.03142459950630219,0.17068782967130824,0.16429767128570147,0.16631517475916435,5796,6950,CONVERGENCE: RELATIVE REDUCTION OF F <= FACTR*EPSMCH,-3.987906392719795,7.202399686864397,False,6.50331079994794,12,12
16,crossed,mirror,False,18,0.030968852923239337,0.16941871742566714,0.16274281447349687,0.16470428536632487,3650,4372,CONVERGENCE: RELATIVE REDUCTION OF F <= FACTR*EPSMCH,-2.985221056997019,7.9999999992783755,True,3.8529491999652237,12,12
16,crossed,mirror,False,19,0.029818881254876282,0.1660521128172703,0.15993374710609048,0.16187437560523804,4085,5243,CONVERGENCE: RELATIVE REDUCTION OF F <= FACTR*EPSMCH,-8.0,7.99983671826158,True,4.493711699964479,12,12
16,crossed,mirror,False,20,0.029284871408537617,0.164389460485752,0.15851882414540186,0.1606410584585775,3692,4187,CONVERGENCE: RELATIVE REDUCTION OF F <= FACTR*EPSMCH,-3.1138529372499546,5.3320408759825275,False,3.8480790000176057,12,12
16,crossed,mirror,False,21,0.029817796859614457,0.1660479811907589,0.15992732383851888,0.16186911760498998,3248,3810,CONVERGENCE: RELATIVE REDUCTION OF F <= FACTR*EPSMCH,-8.0,8.0,True,3.572948000044562,12,12
16,crossed,mirror,False,22,0.029284870691752295,0.16438950320000342,0.15851893768873568,0.160641186487604,3109,3542,CONVERGENCE: RELATIVE REDUCTION OF F <= FACTR*EPSMCH,-3.030315297258911,5.485353280260298,False,3.1254824000643566,12,12
16,crossed,mirror,False,23,0.029284871042327246,0.16438947025109008,0.15851902154781597,0.16064131738581502,2688,3095,CONVERGENCE: RELATIVE REDUCTION OF F <= FACTR*EPSMCH,-3.0605808959581133,6.0634706137084935,False,2.7671690999995917,12,12
16,crossed,mirror,False,24,0.02928487053759833,0.16438944479605794,0.1585188800678181,0.16064115265542467,2168,2564,CONVERGENCE: RELATIVE REDUCTION OF F <= FACTR*EPSMCH,-2.6309992822333528,5.814749155986517,False,2.495106299989857,12,12
16,crossed,mirror,False,25,0.02936088640476212,0.1646020696528585,0.15873924018099378,0.1608443146930363,3104,3453,CONVERGENCE: RELATIVE REDUCTION OF F <= FACTR*EPSMCH,-3.1281460753991133,5.5338114044878,False,3.0094887000741437,12,12
16,crossed,mirror,False,26,0.029284870947420803,0.1643894817592721,0.15851897133452433,0.16064124074471314,1852,2173,CONVERGENCE: RELATIVE REDUCTION OF F <= FACTR*EPSMCH,-3.1351310244727024,5.391057321863372,False,1.8984098000219092,12,12
16,crossed,mirror,False,27,0.029360864671512815,0.16460198824198286,0.15873908975754228,0.16084415827925205,2705,2996,CONVERGENCE: RELATIVE REDUCTION OF F <= FACTR*EPSMCH,-3.245916796781402,4.71060947854319,False,2.658049500081688,12,12
16,crossed,mirror,False,28,0.029284870649480484,0.16438950237116964,0.1585190209578637,0.1606413424357586,3478,3983,CONVERGENCE: RELATIVE REDUCTION OF F <= FACTR*EPSMCH,-3.0631388095189744,5.348756652674352,False,3.406813899986446,12,12
16,crossed,mirror,False,29,0.029284870455976875,0.16438943303976225,0.15851884099722557,0.16064108190700285,2057,2459,CONVERGENCE: RELATIVE REDUCTION OF F <= FACTR*EPSMCH,-2.6143019917740564,5.725016376876114,False,2.249770399997942,12,12
16,crossed,mirror,False,30,0.029284872515160626,0.1643894559842929,0.15851889691392101,0.16064103645972172,4665,5346,CONVERGENCE: RELATIVE REDUCTION OF F <= FACTR*EPSMCH,-3.0698727997136275,6.955829290490949,False,4.774804700049572,12,12
16,crossed,mirror,False,31,0.030112853528615032,0.1667849645500851,0.16087206594172557,0.1629820475387923,2938,3310,CONVERGENCE: RELATIVE REDUCTION OF F <= FACTR*EPSMCH,-2.7701872338475315,5.296191610473,False,2.9830514000495896,12,12
16,crossed,mirror,False,32,0.029819826301210967,0.1660541112258182,0.1599300418917132,0.16187023561280295,1058,1198,CONVERGENCE: RELATIVE REDUCTION OF F <= FACTR*EPSMCH,-8.0,5.70212079693333,True,1.0008925999281928,12,12
16,crossed,mirror,False,33,0.03011286058917417,0.16678500207491612,0.16087209760731783,0.1629820513876236,3224,3693,CONVERGENCE: RELATIVE REDUCTION OF F <= FACTR*EPSMCH,-3.0847075027099935,6.107338559964803,False,3.4108921999577433,12,12
16,crossed,mirror,False,34,0.02928487249732316,0.16438944991519563,0.15851886537112975,0.16064112084314372,5113,5847,CONVERGENCE: RELATIVE REDUCTION OF F <= FACTR*EPSMCH,-2.992886464287908,6.771657366192633,False,5.183091000071727,12,12
16,crossed,mirror,False,35,0.02985415701406839,0.16614940514935442,0.16006231237901772,0.1619978108266945,1478,1679,CONVERGENCE: RELATIVE REDUCTION OF F <= FACTR*EPSMCH,-8.0,8.0,True,1.6893324999837205,12,12
16,crossed,mirror,False,36,0.029360864526852395,0.1646019143310417,0.15873906742064575,0.1608442381918844,2538,2870,CONVERGENCE: RELATIVE REDUCTION OF F <= FACTR*EPSMCH,-3.1386240965200645,5.473149464851665,False,2.665511899976991,12,12
16,crossed,mirror,False,37,0.029817803040827873,0.1660479691477123,0.15992786700590778,0.1618699107769919,3391,4005,CONVERGENCE: RELATIVE REDUCTION OF F <= FACTR*EPSMCH,-8.0,7.9999904454943,True,3.6850897999247536,12,12
16,crossed,mirror,False,38,0.02928487039428352,0.16438947402260645,0.15851891851241096,0.1606412024202825,1830,2153,CONVERGENCE: RELATIVE REDUCTION OF F <= FACTR*EPSMCH,-2.7822109149630805,5.299426601673021,False,1.8741691000759602,12,12
16,crossed,mirror,False,39,0.029360864309481583,0.1646019637734553,0.15873917528643197,0.16084430002987699,3126,3506,CONVERGENCE: RELATIVE REDUCTION OF F <= FACTR*EPSMCH,-3.1809993055203596,4.6391612490054674,False,3.3456627998966724,12,12
16,crossed,mirror,False,40,0.02928487637613269,0.16438947205788834,0.15851889789002616,0.16064115789567582,4062,4656,CONVERGENCE: RELATIVE REDUCTION OF F <= FACTR*EPSMCH,-3.143964249519583,5.9627606228091725,False,4.256587699986994,12,12
16,crossed,mirror,False,41,0.03149731787261531,0.17103804352725765,0.16348217527211092,0.16513064787827558,2562,3171,CONVERGENCE: RELATIVE REDUCTION OF F <= FACTR*EPSMCH,-8.0,8.0,True,2.8759638000046834,12,12
16,crossed,mirror,False,42,0.029284874112593513,0.16438947027155815,0.1585189942044492,0.16064125914151856,2953,3366,CONVERGENCE: RELATIVE REDUCTION OF F <= FACTR*EPSMCH,-2.7139370631497552,5.6769866602311,False,3.2807037999155,12,12
16,crossed,mirror,False,43,0.02928487549110134,0.16438950862602902,0.1585189555195493,0.16064131062350637,6989,7950,CONVERGENCE: RELATIVE REDUCTION OF F <= FACTR*EPSMCH,-2.8187763262396666,7.082656976096306,False,7.422223199973814,12,12
16,crossed,mirror,False,44,0.029284870902534763,0.16438948463797673,0.15851894767018518,0.16064122984571866,3403,3951,CONVERGENCE: RELATIVE REDUCTION OF F <= FACTR*EPSMCH,-1.267433690995843,7.023966381953002,False,4.058056499925442,12,12
16,crossed,mirror,False,45,0.02928487324481797,0.16438952366182466,0.15851909392690738,0.16064141369554158,3288,3732,CONVERGENCE: RELATIVE REDUCTION OF F <= FACTR*EPSMCH,-2.4343670467592493,5.814200419011001,False,3.2175216999603435,12,12
16,crossed,mirror,False,46,0.029284874260545383,0.16438946605391605,0.15851886204776705,0.1606411110750419,1842,2108,CONVERGENCE: RELATIVE REDUCTION OF F <= FACTR*EPSMCH,-3.0677283044071584,6.121833741932881,False,1.762898400076665,12,12
16,crossed,mirror,False,47,0.02936086732432841,0.1646020063183874,0.15873934826291297,0.1608444719870413,2723,2975,CONVERGENCE: RELATIVE REDUCTION OF F <= FACTR*EPSMCH,-3.2763835338346223,4.412770264861534,False,2.6184610000345856,12,12
16,crossed,mirror,False,48,0.029284870739509403,0.16438950424927118,0.1585191208131957,0.1606414483260719,2552,2977,CONVERGENCE: RELATIVE REDUCTION OF F <= FACTR*EPSMCH,-2.952503041758534,5.284782046544629,False,3.075531500042416,12,12
16,crossed,mirror,False,49,0.02936086453506683,0.16460198337922566,0.15873925222532653,0.16084436382924527,3002,3365,CONVERGENCE: RELATIVE REDUCTION OF F <= FACTR*EPSMCH,-3.2695273783401957,5.353445428797815,False,3.0672383999917656,12,12
16,crossed,mirror,False,50,0.029284871272354105,0.16438945181790424,0.15851892631855222,0.16064116875590673,2168,2510,CONVERGENCE: RELATIVE REDUCTION OF F <= FACTR*EPSMCH,-2.55994971115002,5.657479420895223,False,2.1183052000124007,12,12
16,crossed,mirror,False,51,0.02981780994008501,0.16604848957280435,0.1599274004294319,0.16186946316237097,1631,1875,CONVERGENCE: RELATIVE REDUCTION OF F <= FACTR*EPSMCH,-8.0,7.99783586722052,True,1.6395552000030875,12,12
16,crossed,mirror,False,52,0.03538345709728324,0.18694857669800186,0.18049889689926457,0.18280146110449144,1287,1730,CONVERGENCE: RELATIVE REDUCTION OF F <= FACTR*EPSMCH,-1.4254534474149074,-0.6750426642368618,False,1.826188600040041,12,12
16,crossed,mirror,False,53,0.02928487695918174,0.16438948997733616,0.1585189697066349,0.16064123997397145,3449,3949,CONVERGENCE: RELATIVE REDUCTION OF F <= FACTR*EPSMCH,-2.9621559471191645,6.12858011513493,False,3.526118600042537,12,12
16,crossed,mirror,False,54,0.02928487060998983,0.1643894705026584,0.1585189422269935,0.16064123312735568,2364,2762,CONVERGENCE: RELATIVE REDUCTION OF F <= FACTR*EPSMCH,-3.0701482724013087,5.396096034122445,False,2.387447400018573,12,12
16,crossed,mirror,False,55,0.02985243232613532,0.1661443726080508,0.16006027259363434,0.16199671314870365,6745,7651,CONVERGENCE: RELATIVE REDUCTION OF F <= FACTR*EPSMCH,-8.0,7.946821981646405,True,7.251050800085068,12,12
16,crossed,mirror,False,56,0.029284871452216997,0.16438946934375057,0.15851896094659665,0.16064126551809432,2505,2838,CONVERGENCE: RELATIVE REDUCTION OF F <= FACTR*EPSMCH,-2.5882753933126437,4.837342249679477,False,2.49380990001373,12,12
16,crossed,mirror,False,57,0.02981779785742706,0.16604802026133866,0.15992788148766804,0.1618698045041264,5685,6621,CONVERGENCE: RELATIVE REDUCTION OF F <= FACTR*EPSMCH,-8.0,7.994026542051058,True,6.27877630002331,12,12
16,crossed,mirror,False,58,0.02928487293990535,0.16438946165363116,0.1585189436281886,0.16064121583387111,5101,5864,CONVERGENCE: RELATIVE REDUCTION OF F <= FACTR*EPSMCH,-2.972134585547672,6.148091640727851,False,5.103735800017603,12,12
16,crossed,mirror,False,59,0.032834551966955894,0.17693780939665418,0.17076481894695084,0.1729890009108558,1406,1646,CONVERGENCE: RELATIVE REDUCTION OF F <= FACTR*EPSMCH,-6.338473194551762,8.0,True,1.5871636000229046,12,12
16,crossed,mirror,False,60,0.030553678340401163,0.16811553812808638,0.16178716629989998,0.16384183263457847,792,897,CONVERGENCE: RELATIVE REDUCTION OF F <= FACTR*EPSMCH,-1.458460941153334,8.0,True,0.7676363999489695,12,12
16,crossed,mirror,False,61,0.029360865289417098,0.16460195495645108,0.15873926356661924,0.16084444280010593,2579,2861,CONVERGENCE: RELATIVE REDUCTION OF F <= FACTR*EPSMCH,-3.2430386944296794,4.659005350370523,False,2.749696600018069,12,12
16,crossed,mirror,False,62,0.02928489498634551,0.16438954276659487,0.15851899926011218,0.16064125158394277,3198,3615,CONVERGENCE: RELATIVE REDUCTION OF F <= FACTR*EPSMCH,-2.7015022315187074,5.270010456755904,False,3.498828599927947,12,12
16,crossed,mirror,False,63,0.03285120498051651,0.17698759894834415,0.17080691193485417,0.17303088791635401,2950,3347,CONVERGENCE: RELATIVE REDUCTION OF F <= FACTR*EPSMCH,-7.3749137964282765,7.752483907554973,False,2.7698448000010103,12,12
16,crossed,mirror,False,64,0.02976345364622467,0.1658633730609426,0.15954531030208202,0.16156580857022676,7808,8784,CONVERGENCE: RELATIVE REDUCTION OF F <= FACTR*EPSMCH,-2.43725437031199,7.87969012363114,False,8.247021700022742,12,12
16,crossed,mirror,False,65,0.029284870814274395,0.164389455709796,0.15851905709237282,0.1606413508320083,3237,3770,CONVERGENCE: RELATIVE REDUCTION OF F <= FACTR*EPSMCH,-2.935632980643794,5.588504209160891,False,3.1662221000296995,12,12
16,crossed,mirror,False,66,0.029360863539674455,0.16460195485404702,0.15873925609593315,0.16084441449546522,4183,4661,CONVERGENCE: RELATIVE REDUCTION OF F <= FACTR*EPSMCH,-3.1791523974840303,5.407604408629478,False,4.3552396999439225,12,12
16,crossed,mirror,False,67,0.029360863918878034,0.16460196555914552,0.15873930342643594,0.16084445012968546,3336,3768,CONVERGENCE: RELATIVE REDUCTION OF F <= FACTR*EPSMCH,-3.116015397050299,5.139584239098998,False,3.3974359000567347,12,12
16,crossed,mirror,False,68,0.030553636019741995,0.16811541156431936,0.16178701161402873,0.16384168105007663,930,1077,CONVERGENCE: RELATIVE REDUCTION OF F <= FACTR*EPSMCH,-2.9968024136068654,7.841091929073771,False,0.9761535000288859,12,12
16,crossed,mirror,False,69,0.03547022860772069,0.18698327748866186,0.1805595483434846,0.1828651184874762,872,1244,CONVERGENCE: RELATIVE REDUCTION OF F <= FACTR*EPSMCH,-1.3783815529814771,-0.9213356197058723,False,1.1252095000818372,12,12
16,crossed,mirror,False,70,0.03558113593607852,0.18853562077576583,0.1821662499035412,0.18448984677612676,60,149,CONVERGENCE: RELATIVE REDUCTION OF F <= FACTR*EPSMCH,-1.3600073296952568,-1.0571037370440077,False,0.13839069998357445,12,12
16,crossed,mirror,False,71,0.029284903412064467,0.1643895810323234,0.15851907261601453,0.1606413403929037,1563,1777,CONVERGENCE: RELATIVE REDUCTION OF F <= FACTR*EPSMCH,-3.1832842099391585,4.32737319674996,False,1.5192744999658316,12,12
16,crossed,mirror,False,72,0.02936086450023966,0.16460193874260115,0.15873915922850432,0.16084430828847407,2072,2296,CONVERGENCE: RELATIVE REDUCTION OF F <= FACTR*EPSMCH,-3.1787282655247373,4.884439602166797,False,2.043874299968593,12,12
16,crossed,mirror,False,73,0.029360863207409275,0.16460195585357887,0.15873924571385714,0.16084444527231484,3043,3486,CONVERGENCE: RELATIVE REDUCTION OF F <= FACTR*EPSMCH,-2.9633699579255692,7.095036458973654,False,3.2427324999589473,12,12
16,crossed,mirror,False,74,0.03143656567697239,0.17072589472467414,0.16437300709186617,0.16639953481366435,4628,5478,CONVERGENCE: RELATIVE REDUCTION OF F <= FACTR*EPSMCH,-7.984256866374472,5.190020816023304,True,4.917639399995096,12,12
16,crossed,mirror,False,75,0.029360862954667288,0.16460195418820353,0.15873919881344362,0.16084431402772176,2533,2924,CONVERGENCE: RELATIVE REDUCTION OF F <= FACTR*EPSMCH,-3.0163307552606824,5.448731073276559,False,2.9377031000331044,12,12
16,crossed,mirror,False,76,0.029360864560860234,0.164601973331411,0.15873927330778934,0.16084442597534038,8508,10103,CONVERGENCE: RELATIVE REDUCTION OF F <= FACTR*EPSMCH,-2.9619261387500275,6.605441660712646,False,9.16113999998197,12,12
16,crossed,mirror,False,77,0.03162924953064004,0.17150748336287067,0.16618147865254246,0.1681307086677931,1264,1486,CONVERGENCE: RELATIVE REDUCTION OF F <= FACTR*EPSMCH,-2.8959680350257795,7.793421733085159,False,1.5200406999792904,12,12
16,crossed,mirror,False,78,0.029360864449035667,0.1646019789091809,0.15873932946935101,0.16084447376844374,2374,2701,CONVERGENCE: RELATIVE REDUCTION OF F <= FACTR*EPSMCH,-3.2730436719760347,4.726247380586397,False,2.7253731000237167,12,12
16,crossed,mirror,False,79,0.029284871641636387,0.16438945128142915,0.15851887232367193,0.16064111363249964,2410,2768,CONVERGENCE: RELATIVE REDUCTION OF F <= FACTR*EPSMCH,-3.1434308310803583,5.697191697208927,False,2.480442599975504,12,12
16,crossed,mirror,False,80,0.029284870506019002,0.16438948079666743,0.1585189216251095,0.1606411987726866,2054,2401,CONVERGENCE: RELATIVE REDUCTION OF F <= FACTR*EPSMCH,-2.896579955129593,5.531737826545818,False,2.2301694999914616,12,12
16,crossed,mirror,False,81,0.029360863171257325,0.16460191943283178,0.15873890938520818,0.16084398269216163,3686,4087,CONVERGENCE: RELATIVE REDUCTION OF F <= FACTR*EPSMCH,-3.1984826615397,5.585280309312664,False,3.5721226999303326,12,12
16,crossed,mirror,False,82,0.029284871504244137,0.16438946505184088,0.15851885305170013,0.16064111113173307,1452,1687,CONVERGENCE: RELATIVE REDUCTION OF F <= FACTR*EPSMCH,-3.098762033868234,5.418690185594161,False,1.6969143999740481,12,12
16,crossed,mirror,False,83,0.029284870919332413,0.16438946740141072,0.1585189122264148,0.16064118548644793,1825,2133,CONVERGENCE: RELATIVE REDUCTION OF F <= FACTR*EPSMCH,-2.9166318342755746,5.066490169566925,False,1.9690011999337003,12,12
16,crossed,mirror,False,84,0.031436617574854706,0.1707260522175277,0.16437333212419125,0.16639988756303484,2062,2355,CONVERGENCE: RELATIVE REDUCTION OF F <= FACTR*EPSMCH,-8.0,8.0,True,2.405381500022486,12,12
16,crossed,mirror,False,85,0.030969129831881808,0.16941946822042786,0.1627420616670971,0.16470361639994288,2247,2692,CONVERGENCE: RELATIVE REDUCTION OF F <= FACTR*EPSMCH,-2.9575497910925628,8.0,True,2.5565698000136763,12,12
16,crossed,mirror,False,86,0.029284872079841123,0.16438948207644916,0.15851896816463248,0.1606412509568902,2426,2756,CONVERGENCE: RELATIVE REDUCTION OF F <= FACTR*EPSMCH,-2.7344140265468515,5.696807639062974,False,2.466158999945037,12,12
16,crossed,mirror,False,87,0.03143664390405978,0.1707261369035445,0.16437319127404795,0.16639969676787209,1563,1904,CONVERGENCE: RELATIVE REDUCTION OF F <= FACTR*EPSMCH,-8.0,7.235536218451031,True,1.676286399946548,12,12
16,crossed,mirror,False,88,0.029284871092491605,0.16438946485987949,0.15851887792512734,0.1606411379478597,4082,4676,CONVERGENCE: RELATIVE REDUCTION OF F <= FACTR*EPSMCH,-3.0878556707696694,5.572218068221197,False,4.2162022000411525,12,12
16,crossed,mirror,False,89,0.02928487267529079,0.1643894523476506,0.15851886378764077,0.16064115998833997,3806,4342,CONVERGENCE: RELATIVE REDUCTION OF F <= FACTR*EPSMCH,-2.4592645524761316,6.518929713259658,False,3.7837970999535173,12,12
16,crossed,mirror,False,90,0.03286162972819111,0.17693922047226948,0.17075319450182258,0.17297649665080334,12373,14435,CONVERGENCE: RELATIVE REDUCTION OF F <= FACTR*EPSMCH,-7.9362385017648664,6.430009858571691,True,13.344839200028218,12,12
16,crossed,mirror,False,91,0.02928488391345064,0.16438949566050967,0.1585188989246632,0.16064112147619805,2944,3349,CONVERGENCE: RELATIVE REDUCTION OF F <= FACTR*EPSMCH,-3.1559336107962657,5.011612892506951,False,2.9074878999963403,12,12
16,crossed,mirror,False,92,0.030553759471134784,0.16811578517769632,0.16178762578097247,0.16384231289928278,2120,2441,CONVERGENCE: RELATIVE REDUCTION OF F <= FACTR*EPSMCH,-1.0930534457378023,7.99999733901633,True,2.176522299996577,12,12
16,crossed,mirror,False,93,0.029360864236544236,0.16460192657674275,0.15873911279763492,0.16084428286799657,3362,3740,CONVERGENCE: RELATIVE REDUCTION OF F <= FACTR*EPSMCH,-3.1293339589702165,5.387933252097121,False,3.3437416000524536,12,12
16,crossed,mirror,False,94,0.029853469605457584,0.16614716197499657,0.1600571786919266,0.16199206538736882,1082,1254,CONVERGENCE: RELATIVE REDUCTION OF F <= FACTR*EPSMCH,-8.0,7.999992745965746,True,1.0790557999862358,12,12
16,crossed,mirror,False,95,0.0328665614507453,0.17694272414905157,0.17075652276585696,0.1729800983798475,4760,5737,CONVERGENCE: RELATIVE REDUCTION OF F <= FACTR*EPSMCH,-7.89279115089217,5.246780733226016,False,5.336851899977773,12,12
16,crossed,mirror,False,96,0.03505932219062695,0.1854120689018695,0.17914558805319475,0.18143474777573412,7291,9968,CONVERGENCE: RELATIVE REDUCTION OF F <= FACTR*EPSMCH,-2.504189971038172,0.3045235909738674,False,8.749586299993098,12,12
16,crossed,mirror,False,97,0.029284870623181143,0.1643894486350766,0.15851887982939566,0.16064115894087938,3523,4029,CONVERGENCE: RELATIVE REDUCTION OF F <= FACTR*EPSMCH,-2.806504427440873,6.084897853540177,False,4.074324700050056,12,12
16,crossed,mirror,False,98,0.02936087013730197,0.1646019892647464,0.15873917560276568,0.1608442853550241,5847,6625,CONVERGENCE: RELATIVE REDUCTION OF F <= FACTR*EPSMCH,-3.214172576619595,5.192899553930554,False,5.900621899985708,12,12
16,crossed,mirror,False,99,0.029284870873507573,0.16438948630129657,0.15851902416982616,0.16064134054743637,2357,2715,CONVERGENCE: RELATIVE REDUCTION OF F <= FACTR*EPSMCH,-2.700271743138707,6.021333455692206,False,2.3509099000366405,12,12
16,crossed,mirror,False,100,0.035694851204365316,0.18874088103763498,0.18237885657899341,0.18470618479019207,108,294,CONVERGENCE: RELATIVE REDUCTION OF F <= FACTR*EPSMCH,-1.6142334481962668,-0.7944390163648162,False,0.24418090004473925,12,12
16,crossed,mirror,False,101,0.031775500013863506,0.17450576106389032,0.1686016155360566,0.17075834060212045,15362,20130,CONVERGENCE: RELATIVE REDUCTION OF F <= FACTR*EPSMCH,-2.912661021889114,2.5456621782084996,False,18.08941929996945,12,12
16,crossed,mirror,False,102,0.03566344055601581,0.18868918300499288,0.18232609888630208,0.18465301482254298,68,165,CONVERGENCE: RELATIVE REDUCTION OF F <= FACTR*EPSMCH,-1.399589836123383,-0.8068230624156603,False,0.13319899991620332,12,12
16,crossed,mirror,False,103,0.030968902382344152,0.16941890295131104,0.16274436379080315,0.16470650426375183,3660,4284,CONVERGENCE: RELATIVE REDUCTION OF F <= FACTR*EPSMCH,-3.1555801043200677,7.253435495893351,False,3.8781984000233933,12,12
16,crossed,mirror,False,104,0.02928487230137012,0.16438943894334848,0.1585188295022928,0.16064105067838835,2948,3397,CONVERGENCE: RELATIVE REDUCTION OF F <= FACTR*EPSMCH,-2.7610708928080383,6.436505620386022,False,3.4479647999396548,12,12
16,crossed,mirror,False,105,0.029360864103817434,0.1646019172779987,0.15873931787840945,0.1608445495506995,2558,2834,CONVERGENCE: RELATIVE REDUCTION OF F <= FACTR*EPSMCH,-3.2014173502590797,5.054222755869952,False,2.5593195999972522,12,12
16,crossed,mirror,False,106,0.030553732397338804,0.16811569781452218,0.1617872287417243,0.16384186860357436,4271,4978,CONVERGENCE: RELATIVE REDUCTION OF F <= FACTR*EPSMCH,-1.4867460365160203,8.0,True,4.422514599980786,12,12
16,crossed,mirror,False,107,0.031436333271410266,0.17072522399999032,0.16437179662174592,0.1663982059733522,7429,8599,CONVERGENCE: RELATIVE REDUCTION OF F <= FACTR*EPSMCH,-7.591003273784303,6.633858103510275,False,7.603817900060676,12,12
16,crossed,mirror,False,108,0.02936086306347388,0.16460191917377254,0.15873891420825295,0.16084399973138017,3314,3780,CONVERGENCE: RELATIVE REDUCTION OF F <= FACTR*EPSMCH,-3.237903267317312,5.337626267641333,False,3.3281034000683576,12,12
16,crossed,mirror,False,109,0.02928488727403794,0.16438961510196862,0.15851917984214278,0.1606415242784932,5700,6468,CONVERGENCE: RELATIVE REDUCTION OF F <= FACTR*EPSMCH,-2.919511302337894,6.818388594448057,False,5.7778641999466345,12,12
16,crossed,mirror,False,110,0.02981779713356066,0.16604797127965407,0.1599273371438121,0.1618691320670777,1392,1637,CONVERGENCE: RELATIVE REDUCTION OF F <= FACTR*EPSMCH,-8.0,8.0,True,1.3762849000049755,12,12
16,crossed,mirror,False,111,0.02936089010077894,0.16460202925189044,0.15873919884887808,0.1608443356493002,5655,6300,CONVERGENCE: RELATIVE REDUCTION OF F <= FACTR*EPSMCH,-2.786309350438436,4.895878459794021,False,5.480552299995907,12,12
16,crossed,mirror,False,112,0.029360865018028984,0.16460194572996725,0.1587392418440767,0.16084441908210498,3135,3477,CONVERGENCE: RELATIVE REDUCTION OF F <= FACTR*EPSMCH,-3.2563619418197916,4.864637530639327,False,3.038114700000733,12,12
16,crossed,mirror,False,113,0.02936086344459843,0.16460194210782528,0.15873915587774085,0.16084429361714644,4449,4969,CONVERGENCE: RELATIVE REDUCTION OF F <= FACTR*EPSMCH,-3.222075642181754,5.067663180539723,False,4.542741399956867,12,12
16,crossed,mirror,False,114,0.029360863737350182,0.16460197517767788,0.1587392713580146,0.16084442562931578,2710,3037,CONVERGENCE: RELATIVE REDUCTION OF F <= FACTR*EPSMCH,-3.2582350222526744,5.041432487863387,False,2.6153339999727905,12,12
16,crossed,mirror,False,115,0.035780074572014015,0.18881509348178951,0.1824533378569328,0.18477625383922336,64,144,CONVERGENCE: RELATIVE REDUCTION OF F <= FACTR*EPSMCH,-2.5735161551820775,-0.8126343029955588,False,0.1149522999767214,12,12
16,crossed,mirror,False,116,0.029817798046434165,0.16604796874708203,0.15992730279737535,0.16186910080770195,1539,1794,CONVERGENCE: RELATIVE REDUCTION OF F <= FACTR*EPSMCH,-8.0,7.999987937310631,True,1.638747200020589,12,12
16,crossed,mirror,False,117,0.029817897145368713,0.16604851546870666,0.15992836669712346,0.1618703302788144,2139,2533,CONVERGENCE: RELATIVE REDUCTION OF F <= FACTR*EPSMCH,-8.0,7.99999822206472,True,2.3321603999938816,12,12
16,crossed,mirror,False,118,0.029284871493745354,0.16438948545733076,0.15851901968159726,0.16064132962977645,3424,3940,CONVERGENCE: RELATIVE REDUCTION OF F <= FACTR*EPSMCH,-2.986370888602494,5.429370835268415,False,3.3364232999738306,12,12
16,crossed,mirror,False,119,0.029360865145935736,0.16460198036098597,0.15873913949667065,0.16084422240541615,2735,3053,CONVERGENCE: RELATIVE REDUCTION OF F <= FACTR*EPSMCH,-3.2773202490189113,4.968145681621745,False,2.6107806999934837,12,12
16,crossed,mirror,False,120,0.02928488523956575,0.16438951488201245,0.15851901143938485,0.16064126742122953,2540,2869,CONVERGENCE: RELATIVE REDUCTION OF F <= FACTR*EPSMCH,-3.193035091852381,4.543863280877808,False,2.5758808000246063,12,12
16,crossed,mirror,False,121,0.02928487115408992,0.1643894564953539,0.15851884051331355,0.16064110630465245,2769,3226,CONVERGENCE: RELATIVE REDUCTION OF F <= FACTR*EPSMCH,-2.8299536522989217,6.237126325891313,False,2.7315656000282615,12,12
16,crossed,mirror,False,122,0.029284871854627338,0.16438943990414456,0.15851886805284096,0.1606411253359412,4949,5661,CONVERGENCE: RELATIVE REDUCTION OF F <= FACTR*EPSMCH,-3.1015816077377267,6.292997483958116,False,4.903286800021306,12,12
16,crossed,mirror,False,123,0.029284871172214493,0.16438944344217504,0.15851879527636972,0.16064099793896258,5246,5925,CONVERGENCE: RELATIVE REDUCTION OF F <= FACTR*EPSMCH,-2.3591278073008835,6.773891258813801,False,5.361563800019212,12,12
16,crossed,mirror,False,124,0.029360864428305627,0.16460191243398567,0.15873914754142032,0.16084434107871234,3490,3827,CONVERGENCE: RELATIVE REDUCTION OF F <= FACTR*EPSMCH,-3.2645778230876434,4.952603617075955,False,3.259316499927081,12,12
16,crossed,mirror,False,125,0.029817797540301484,0.1660479726840479,0.1599273096045577,0.16186909157926474,3065,3563,CONVERGENCE: RELATIVE REDUCTION OF F <= FACTR*EPSMCH,-8.0,7.999805306500636,True,3.042093600030057,12,12
16,crossed,mirror,False,126,0.02928489510608091,0.16438945027994822,0.15851866749243043,0.16064081952624112,3250,3728,CONVERGENCE: RELATIVE REDUCTION OF F <= FACTR*EPSMCH,-3.0941178043196103,6.895133161088373,False,3.422050500055775,12,12
16,crossed,mirror,False,127,0.03096883716576282,0.16941894261465582,0.16274183570316106,0.16470270491938663,3960,4706,CONVERGENCE: RELATIVE REDUCTION OF F <= FACTR*EPSMCH,-2.9811508813699805,7.9999200283499725,True,4.143437599996105,12,12
16,crossed,mirror,False,128,0.029852598851232155,0.16614473546469008,0.16005840490441886,0.16199427753340237,3217,3661,CONVERGENCE: RELATIVE REDUCTION OF F <= FACTR*EPSMCH,-8.0,7.9999997150988404,True,3.2318139999406412,12,12
16,crossed,mirror,False,129,0.02985949564544656,0.1661666527908222,0.1600856404560471,0.16202130633944276,1154,1404,CONVERGENCE: RELATIVE REDUCTION OF F <= FACTR*EPSMCH,-8.0,7.996246100265676,True,1.38721919991076,12,12
16,crossed,mirror,False,130,0.03143656456358801,0.17072591841811513,0.1643722383157064,0.16639882266007008,3863,4542,CONVERGENCE: RELATIVE REDUCTION OF F <= FACTR*EPSMCH,-7.999963551066689,7.999917254354272,True,4.019880999927409,12,12
16,crossed,mirror,False,131,0.029284871319538552,0.16438948162858424,0.15851904528093652,0.1606413370581889,2738,3102,CONVERGENCE: RELATIVE REDUCTION OF F <= FACTR*EPSMCH,-2.7915482991160285,4.7917633783402955,False,2.6915013000834733,12,12
16,crossed,mirror,False,132,0.035384074639322,0.18623026456472713,0.17992798651924155,0.1822339087846257,3910,5354,CONVERGENCE: RELATIVE REDUCTION OF F <= FACTR*EPSMCH,-3.0686402682078926,-0.20475422341011035,False,4.896620400017127,12,12
16,crossed,mirror,False,133,0.029360863216286955,0.16460191721235898,0.15873909707299322,0.1608442493047135,3010,3412,CONVERGENCE: RELATIVE REDUCTION OF F <= FACTR*EPSMCH,-3.242944741710776,5.175495249674475,False,2.959052799968049,12,12
16,crossed,mirror,False,134,0.029360866031429046,0.16460193983199203,0.15873924091751848,0.1608444174001301,2483,2724,CONVERGENCE: RELATIVE REDUCTION OF F <= FACTR*EPSMCH,-3.2722550395762506,4.599792554059095,False,2.416790699935518,12,12
16,crossed,mirror,False,135,0.029360874778828348,0.16460198446171725,0.1587391891738265,0.16084431754141876,1765,1942,CONVERGENCE: RELATIVE REDUCTION OF F <= FACTR*EPSMCH,-3.216949069959414,3.842233912201191,False,1.7072893999284133,12,12
16,crossed,mirror,False,136,0.030553645124461397,0.16811543693236217,0.16178705536868576,0.16384172924019075,390,467,CONVERGENCE: RELATIVE REDUCTION OF F <= FACTR*EPSMCH,-2.973496408855851,8.0,True,0.3944821999175474,12,12
16,crossed,mirror,False,137,0.02928488745490697,0.16438951942178184,0.1585189794659237,0.16064124332935364,2355,2717,CONVERGENCE: RELATIVE REDUCTION OF F <= FACTR*EPSMCH,-2.8959995482362806,5.420382116665748,False,2.388036899967119,12,12
16,crossed,mirror,False,138,0.029360862683072773,0.16460193127882944,0.15873919741240888,0.16084434916954807,3637,4252,CONVERGENCE: RELATIVE REDUCTION OF F <= FACTR*EPSMCH,-3.153227925751092,5.709158581109624,False,3.6800339000765234,12,12
16,crossed,mirror,False,139,0.02928487035935407,0.1643894802153468,0.15851887660873853,0.16064116244673635,2441,2837,CONVERGENCE: RELATIVE REDUCTION OF F <= FACTR*EPSMCH,-2.5817467447544766,6.150059143710467,False,2.4856124999932945,12,12
16,crossed,mirror,False,140,0.0292848703820163,0.16438944820075013,0.15851889046084633,0.16064115080688196,2109,2496,CONVERGENCE: RELATIVE REDUCTION OF F <= FACTR*EPSMCH,-2.8379062844225995,5.697711847337393,False,2.1799133999738842,12,12
16,crossed,mirror,False,141,0.029360864640629508,0.16460199446952886,0.15873923054847844,0.160844290196255,2966,3292,CONVERGENCE: RELATIVE REDUCTION OF F <= FACTR*EPSMCH,-3.0436664277067185,5.5174736540435845,False,2.989295899984427,12,12
16,crossed,mirror,False,142,0.03573106159939772,0.1887400512242134,0.1823769327009656,0.1847008091213134,68,144,CONVERGENCE: RELATIVE REDUCTION OF F <= FACTR*EPSMCH,-1.6099720310669556,-1.1138732459775613,False,0.11108200007583946,12,12
16,crossed,mirror,False,143,0.02928489320049296,0.16438953826301117,0.15851901719227934,0.16064128776539519,2998,3393,CONVERGENCE: RELATIVE REDUCTION OF F <= FACTR*EPSMCH,-2.8272000315689763,5.443681305840335,False,2.8700047000311315,12,12
16,crossed,mirror,False,144,0.02936086264883976,0.16460190729214116,0.15873909896674268,0.1608442687440895,2793,3295,CONVERGENCE: RELATIVE REDUCTION OF F <= FACTR*EPSMCH,-2.6505142116956044,6.523589187385687,False,2.890859800041653,12,12
16,crossed,mirror,False,145,0.029284871681699767,0.16438944200645816,0.15851887504712406,0.16064110682307803,3682,4178,CONVERGENCE: RELATIVE REDUCTION OF F <= FACTR*EPSMCH,-2.962005901915866,6.102466058076458,False,3.648500500014052,12,12
16,crossed,mirror,False,146,0.03558240351656262,0.18859881684824065,0.18223291937338343,0.18455810957841956,330,520,CONVERGENCE: RELATIVE REDUCTION OF F <= FACTR*EPSMCH,-1.3030116534658465,-0.7342744459864967,False,0.4736993999686092,12,12
16,crossed,mirror,False,147,0.029818411237137098,0.1660492782949098,0.15992106383004318,0.161860577789564,2153,2579,CONVERGENCE: RELATIVE REDUCTION OF F <= FACTR*EPSMCH,-8.0,7.999529952832754,True,2.3728579999879003,12,12
16,crossed,mirror,False,148,0.03571282805111123,0.18890293968135297,0.18254796280833657,0.1848739654992514,56,145,CONVERGENCE: RELATIVE REDUCTION OF F <= FACTR*EPSMCH,-2.543495531551036,-1.202759326413973,False,0.14967469999101013,12,12
16,crossed,mirror,False,149,0.029284871479830315,0.16438945140561856,0.15851892348098579,0.1606411940626536,2041,2348,CONVERGENCE: RELATIVE REDUCTION OF F <= FACTR*EPSMCH,-2.8719454529041664,5.560043557071395,False,2.0573886000784114,12,12
16,crossed,mirror,False,150,0.029819771055999342,0.16605440724807732,0.1599363652210674,0.1618785246074032,9853,11111,CONVERGENCE: RELATIVE REDUCTION OF F <= FACTR*EPSMCH,-8.0,7.998742045362445,True,10.03569570009131,12,12
16,crossed,mirror,False,151,0.029284888227431263,0.16438948014309276,0.15851890375362576,0.16064115453657352,5539,6290,CONVERGENCE: RELATIVE REDUCTION OF F <= FACTR*EPSMCH,-3.1602057998304542,5.803525004699971,False,5.536245499970391,12,12
16,crossed,mirror,False,152,0.03143673764168072,0.1707263929345384,0.16437376768770148,0.16640032343950312,1356,1594,CONVERGENCE: RELATIVE REDUCTION OF F <= FACTR*EPSMCH,-8.0,7.99999872423461,True,1.3514840999851003,12,12
16,crossed,mirror,False,153,0.029284873307307797,0.16438949772284808,0.15851898747085497,0.1606412865150121,1461,1660,CONVERGENCE: RELATIVE REDUCTION OF F <= FACTR*EPSMCH,-3.1446134247855264,4.728029585307069,False,1.4954836999531835,12,12
16,crossed,mirror,False,154,0.029284870570847128,0.1643894640936269,0.15851893766311803,0.16064120526706677,2843,3281,CONVERGENCE: RELATIVE REDUCTION OF F <= FACTR*EPSMCH,-2.941356062022519,5.853496317457235,False,2.814570300048217,12,12
16,crossed,mirror,False,155,0.02928487300395894,0.164389449706044,0.15851887009302462,0.16064113431591978,4018,4579,CONVERGENCE: RELATIVE REDUCTION OF F <= FACTR*EPSMCH,-2.977172388969881,7.009812841149891,False,4.209047299926169,12,12
16,crossed,mirror,False,156,0.029360863585445294,0.16460191987631936,0.15873924709547468,0.16084444684625693,2190,2526,CONVERGENCE: RELATIVE REDUCTION OF F <= FACTR*EPSMCH,-3.2598123943163153,5.126717333886433,False,2.2974291999125853,12,12
16,crossed,mirror,False,157,0.03153635120468097,0.1712094147600318,0.1658800938674133,0.16781355099691475,1969,2297,CONVERGENCE: RELATIVE REDUCTION OF F <= FACTR*EPSMCH,-8.0,7.622485375953888,True,1.9216722999699414,12,12
16,crossed,mirror,False,158,0.029284871270868967,0.16438945741223054,0.15851888537214723,0.1606411503026366,2325,2673,CONVERGENCE: RELATIVE REDUCTION OF F <= FACTR*EPSMCH,-2.5873474732096238,5.95457176710015,False,2.462682400015183,12,12
16,crossed,mirror,False,159,0.02928487203311845,0.16438946518249692,0.15851889610898412,0.16064117677684595,1574,1851,CONVERGENCE: RELATIVE REDUCTION OF F <= FACTR*EPSMCH,-2.426241262543136,5.138676945808888,False,1.6195342999417335,12,12
16,crossed,mirror,False,160,0.029360865425244513,0.16460195053548343,0.15873930798793395,0.16084450164335015,3291,3660,CONVERGENCE: RELATIVE REDUCTION OF F <= FACTR*EPSMCH,-3.278245992136513,5.308003794937503,False,3.3076620999490842,12,12
16,crossed,mirror,False,161,0.029284870730361075,0.1643894310848573,0.15851886080829627,0.160641100973425,3004,3467,CONVERGENCE: RELATIVE REDUCTION OF F <= FACTR*EPSMCH,-2.6764976384650345,5.75261614867502,False,3.206264999927953,12,12
16,crossed,mirror,False,162,0.02928488170570629,0.16438948066197925,0.15851904844979545,0.1606413086836412,4327,4944,CONVERGENCE: RELATIVE REDUCTION OF F <= FACTR*EPSMCH,-2.8686560872282354,7.211460095049105,False,4.284067199914716,12,12
16,crossed,mirror,False,163,0.03143660063632798,0.17072600326881002,0.16437325805811862,0.16639980790136405,2160,2468,CONVERGENCE: RELATIVE REDUCTION OF F <= FACTR*EPSMCH,-8.0,7.999999818849564,True,2.0906128000933677,12,12
16,crossed,mirror,False,164,0.03503108673466941,0.1846255004674453,0.17830442129844054,0.18057601288635008,6837,9080,CONVERGENCE: RELATIVE REDUCTION OF F <= FACTR*EPSMCH,-2.6950728063859724,-0.3692470972251604,False,7.8104687999002635,12,12
16,crossed,mirror,False,165,0.029284881458530167,0.1643894869059859,0.15851889427540936,0.16064107665906693,2768,3174,CONVERGENCE: RELATIVE REDUCTION OF F <= FACTR*EPSMCH,-3.2007421778523093,5.562232896771382,False,2.863138100015931,12,12
16,crossed,mirror,False,166,0.029853353152686335,0.16614674489858258,0.16005593980060784,0.1619907999902913,4149,4821,CONVERGENCE: RELATIVE REDUCTION OF F <= FACTR*EPSMCH,-8.0,7.999999995355317,True,4.051306999986991,12,12
16,crossed,mirror,False,167,0.030553699245346455,0.1681156013327254,0.16178723284918886,0.16384189614190914,936,1084,CONVERGENCE: RELATIVE REDUCTION OF F <= FACTR*EPSMCH,-0.8928171398107366,7.999997339927199,True,0.8779328999808058,12,12
16,crossed,mirror,False,168,0.0298601857537975,0.16616779016743533,0.16008053410406883,0.1620151614895074,1681,2063,CONVERGENCE: RELATIVE REDUCTION OF F <= FACTR*EPSMCH,-8.0,7.877767496685454,True,1.8903798001119867,12,12
16,crossed,mirror,False,169,0.029284870609080835,0.1643894246086725,0.15851883627974309,0.16064104767016182,5874,6686,CONVERGENCE: RELATIVE REDUCTION OF F <= FACTR*EPSMCH,-3.1248877494146874,6.180453574781475,False,5.735241899965331,12,12
16,crossed,mirror,False,170,0.0292848711522078,0.16438941268912596,0.1585188159807615,0.16064101809571157,4578,5279,CONVERGENCE: RELATIVE REDUCTION OF F <= FACTR*EPSMCH,-3.093967714407958,6.179906784156271,False,4.636693499982357,12,12
16,crossed,mirror,False,171,0.029284872579225893,0.16438946313032013,0.1585188895633887,0.16064114977902974,2244,2568,CONVERGENCE: RELATIVE REDUCTION OF F <= FACTR*EPSMCH,-2.483372093232058,5.754356736241005,False,2.0874113000463694,12,12
16,crossed,mirror,False,172,0.029360862768696004,0.16460195335578248,0.15873904536783257,0.16084414582250023,2115,2490,CONVERGENCE: RELATIVE REDUCTION OF F <= FACTR*EPSMCH,-3.053977463090524,5.7135542294667365,False,2.126587299979292,12,12
16,crossed,mirror,False,173,0.035415838690991734,0.18681989329723314,0.18037998274297543,0.18267457807048262,596,788,CONVERGENCE: RELATIVE REDUCTION OF F <= FACTR*EPSMCH,-1.655226379942645,-0.9627332299340693,False,0.6866882999893278,12,12
16,crossed,mirror,False,174,0.032980874083545414,0.17726981214027968,0.1710617264529479,0.17324910966899965,10200,12301,CONVERGENCE: RELATIVE REDUCTION OF F <= FACTR*EPSMCH,-8.0,8.0,True,10.65439229994081,12,12
16,crossed,mirror,False,175,0.02928487176280021,0.16438942859435088,0.15851888354296828,0.1606410969276165,1909,2217,CONVERGENCE: RELATIVE REDUCTION OF F <= FACTR*EPSMCH,-2.970718731347573,5.802352257505979,False,2.045072100008838,12,12
16,crossed,mirror,False,176,0.031217781074420494,0.1702492188642779,0.16468667669735146,0.16669498655089654,4457,5217,CONVERGENCE: RELATIVE REDUCTION OF F <= FACTR*EPSMCH,-8.0,8.0,True,4.625948200002313,12,12
16,crossed,mirror,False,177,0.029284896909284097,0.1643894366865032,0.15851855500946377,0.16064053268351355,3211,3644,CONVERGENCE: RELATIVE REDUCTION OF F <= FACTR*EPSMCH,-3.09004353269138,7.293505380868514,False,3.1145525999600068,12,12
16,crossed,mirror,False,178,0.02928487807592249,0.16438949876587933,0.15851894427880964,0.16064122376774004,2435,2803,CONVERGENCE: RELATIVE REDUCTION OF F <= FACTR*EPSMCH,-2.1810835427109483,6.006988001902709,False,2.333208200056106,12,12
16,crossed,mirror,False,179,0.02986066116993517,0.16617075547173557,0.16010218954995398,0.16204105398715007,5629,6984,CONVERGENCE: RELATIVE REDUCTION OF F <= FACTR*EPSMCH,-8.0,7.999998964950995,True,5.986201299936511,12,12
16,crossed,mirror,False,180,0.029284879331611825,0.16438959392229507,0.15851923762573564,0.16064155935585575,3489,4047,CONVERGENCE: RELATIVE REDUCTION OF F <= FACTR*EPSMCH,-3.132174760100913,6.795253364591877,False,3.444777700002305,12,12
16,crossed,mirror,False,181,0.029360867018857185,0.1646020055581733,0.15873929312804233,0.16084443517274144,3643,4094,CONVERGENCE: RELATIVE REDUCTION OF F <= FACTR*EPSMCH,-3.1216476109446236,6.112353804331746,False,3.6980050000129268,12,12
16,crossed,mirror,False,182,0.029284871328529315,0.16438947902559375,0.1585190018682383,0.16064129712291045,2218,2559,CONVERGENCE: RELATIVE REDUCTION OF F <= FACTR*EPSMCH,-2.802673457502478,5.931384240524257,False,2.257737399893813,12,12
16,crossed,mirror,False,183,0.029284878338349703,0.16438954045048018,0.15851900649914488,0.16064127743331386,3395,3872,CONVERGENCE: RELATIVE REDUCTION OF F <= FACTR*EPSMCH,-2.6327644578163327,6.907601030058578,False,3.2897868000436574,12,12
16,crossed,mirror,False,184,0.030112859136269206,0.16678502181175217,0.16087218617344265,0.16298220493466956,4391,4800,CONVERGENCE: RELATIVE REDUCTION OF F <= FACTR*EPSMCH,-3.0924826557046843,5.4379370757257135,False,4.292689599911682,12,12
16,crossed,mirror,False,185,0.029284872656592464,0.1643895452839047,0.1585191228451249,0.16064148901113323,7236,8234,CONVERGENCE: RELATIVE REDUCTION OF F <= FACTR*EPSMCH,-2.6565875815704723,7.968697523112606,True,7.153346200007945,12,12
16,crossed,mirror,False,186,0.02928487105957234,0.16438944236025801,0.15851895789383602,0.1606411841941281,2356,2721,CONVERGENCE: RELATIVE REDUCTION OF F <= FACTR*EPSMCH,-3.171117173522942,5.482442730302384,False,2.359143999987282,12,12
16,crossed,mirror,False,187,0.030112857101412645,0.16678497654071983,0.16087202560645514,0.16298197194192424,2915,3304,CONVERGENCE: RELATIVE REDUCTION OF F <= FACTR*EPSMCH,-2.852393466906502,6.009473066928437,False,2.8533196999924257,12,12
16,crossed,mirror,False,188,0.029817877134960986,0.1660482195058348,0.15992749112751317,0.16186922007609741,2745,3226,CONVERGENCE: RELATIVE REDUCTION OF F <= FACTR*EPSMCH,-8.0,7.99999270959532,True,2.815018799970858,12,12
16,crossed,mirror,False,189,0.02928487269063628,0.16438954589381086,0.15851905130167743,0.16064146877057456,6086,7085,CONVERGENCE: RELATIVE REDUCTION OF F <= FACTR*EPSMCH,-2.948458217512388,6.189465556033142,False,6.079866999993101,12,12
16,crossed,mirror,False,190,0.029284885066708524,0.16438954204276804,0.15851909360237465,0.16064145114733164,4763,5439,CONVERGENCE: RELATIVE REDUCTION OF F <= FACTR*EPSMCH,-2.935488819193655,7.191514521981795,False,4.796702600084245,12,12
16,crossed,mirror,False,191,0.029284871641850178,0.16438948675129256,0.15851896020875886,0.16064124820217254,3923,4447,CONVERGENCE: RELATIVE REDUCTION OF F <= FACTR*EPSMCH,-2.904090387090739,4.718917703887972,False,4.220846400014125,12,12
16,crossed,mirror,False,192,0.02928489219998147,0.16438954790823898,0.15851901862157955,0.1606412980637803,2588,2927,CONVERGENCE: RELATIVE REDUCTION OF F <= FACTR*EPSMCH,-3.019211865000512,5.2258760074231505,False,2.553697899915278,12,12
16,crossed,mirror,False,193,0.029360863462011857,0.1646019111150734,0.15873899069579883,0.16084412355974478,3124,3498,CONVERGENCE: RELATIVE REDUCTION OF F <= FACTR*EPSMCH,-3.184766823962321,6.523443725384692,False,3.019068200024776,12,12
16,crossed,mirror,False,194,0.02928487142590738,0.16438944005548436,0.1585188585193485,0.16064112512691492,2853,3284,CONVERGENCE: RELATIVE REDUCTION OF F <= FACTR*EPSMCH,-3.01713207483154,5.069694182191495,False,2.904772999929264,12,12
16,crossed,mirror,False,195,0.029284906268953154,0.16438958750281477,0.1585192202772311,0.16064159467033523,5040,5718,CONVERGENCE: RELATIVE REDUCTION OF F <= FACTR*EPSMCH,-2.97007026694174,6.34503986679677,False,5.324616699945182,12,12
16,crossed,mirror,False,196,0.02936086528044794,0.16460201097800486,0.158739415720998,0.16084449424694136,3286,3758,CONVERGENCE: RELATIVE REDUCTION OF F <= FACTR*EPSMCH,-3.2643888496003486,6.7892348424462705,False,3.2963705000001937,12,12
16,crossed,mirror,False,197,0.030112880548877407,0.16678509037566647,0.1608724220541269,0.16298246231675814,3902,4355,CONVERGENCE: RELATIVE REDUCTION OF F <= FACTR*EPSMCH,-2.9069123164532,5.625702641409775,False,3.880884399986826,12,12
16,crossed,mirror,False,198,0.030112870089356886,0.16678502803118306,0.16087196906207687,0.1629819396450458,4452,5061,CONVERGENCE: RELATIVE REDUCTION OF F <= FACTR*EPSMCH,-3.05737652798907,5.970307867019371,False,4.8131058000726625,12,12
16,crossed,mirror,False,199,0.02985798334047164,0.1661607293787568,0.16006476845344617,0.16199783895017397,1971,2344,CONVERGENCE: RELATIVE REDUCTION OF F <= FACTR*EPSMCH,-8.0,7.999999999918996,True,2.2589939000317827,12,12
16,crossed,crossed,True,0,0.029116732844109892,0.16385704922172362,0.15790684572594707,0.16001462970393826,91,108,CONVERGENCE: RELATIVE REDUCTION OF F <= FACTR*EPSMCH,-2.9284856103623156,-1.0940472150399572,False,0.11832919996231794,13,13
16,crossed,crossed,True,1,0.029116732844113993,0.16385704942413162,0.15790684551064044,0.16001462937137248,152,167,CONVERGENCE: RELATIVE REDUCTION OF F <= FACTR*EPSMCH,-2.865687162051633,-0.09971615337228529,False,0.1279566999292001,13,13
16,crossed,crossed,True,2,0.02963141277253393,0.16547905450935257,0.15914290101420692,0.1610213306570204,1180,1356,CONVERGENCE: RELATIVE REDUCTION OF F <= FACTR*EPSMCH,-8.0,4.759606419988719,True,1.1634011999703944,13,13
16,crossed,crossed,True,3,0.029116732844133377,0.16385704996228662,0.15790684870728333,0.1600146328476475,398,429,CONVERGENCE: RELATIVE REDUCTION OF F <= FACTR*EPSMCH,-2.855055189359154,1.309408202246268,False,0.447515600011684,13,13
16,crossed,crossed,True,4,0.02963141752328546,0.16547906944184324,0.15914296288949112,0.1610214090834927,4464,5134,CONVERGENCE: RELATIVE REDUCTION OF F <= FACTR*EPSMCH,-8.0,5.095890391977763,True,4.719550600042567,13,13
16,crossed,crossed,True,5,0.029116732844496708,0.1638570497798773,0.15790683822281076,0.1600146199834397,1726,1878,CONVERGENCE: RELATIVE REDUCTION OF F <= FACTR*EPSMCH,-3.1486053709689212,3.4881650261716026,False,1.8449803999392316,13,13
16,crossed,crossed,True,6,0.02911673307896543,0.16385705447964138,0.15790675158175463,0.16001454476359525,2735,3032,CONVERGENCE: RELATIVE REDUCTION OF F <= FACTR*EPSMCH,-3.1485452299986685,5.3372105362290085,False,2.6808599999640137,13,13
16,crossed,crossed,True,7,0.02911673284410865,0.16385704944140872,0.15790684519617199,0.16001462863683294,91,102,CONVERGENCE: RELATIVE REDUCTION OF F <= FACTR*EPSMCH,-3.116817793607538,-1.0024605657448766,False,0.10397769999690354,13,13
16,crossed,crossed,True,8,0.02911673284411151,0.16385704959366515,0.15790684569552388,0.16001462915384718,192,208,CONVERGENCE: RELATIVE REDUCTION OF F <= FACTR*EPSMCH,-3.145688708694172,0.21153045673312532,False,0.19431729998905212,13,13
16,crossed,crossed,True,9,0.0291167328443018,0.16385704891843303,0.15790685213204614,0.16001463761271043,454,496,CONVERGENCE: RELATIVE REDUCTION OF F <= FACTR*EPSMCH,-3.1483494629939917,1.446909920107509,False,0.50334430008661,13,13
16,crossed,crossed,True,10,0.02963101177526677,0.16547820259761045,0.15914712559492442,0.16102686340948708,1500,1807,CONVERGENCE: RELATIVE REDUCTION OF F <= FACTR*EPSMCH,-8.0,7.594935612290685,True,1.7445532999699935,13,13
16,crossed,crossed,True,11,0.02911673284411104,0.1638570494510616,0.15790684504304947,0.16001462857606374,80,86,CONVERGENCE: RELATIVE REDUCTION OF F <= FACTR*EPSMCH,-3.1283332073873678,-0.7701829932578674,False,0.10469900001771748,13,13
16,crossed,crossed,True,12,0.02963096245390176,0.16547747123529077,0.1591456182199641,0.16102518565416174,3550,4127,CONVERGENCE: RELATIVE REDUCTION OF F <= FACTR*EPSMCH,-8.0,6.425337123610414,True,3.817964200046845,13,13
16,crossed,crossed,True,13,0.02963141078140246,0.16547903825362692,0.15914333948602002,0.16102188279095253,2657,3124,CONVERGENCE: RELATIVE REDUCTION OF F <= FACTR*EPSMCH,-8.0,5.185865558062634,True,2.6764190000249073,13,13
16,crossed,crossed,True,14,0.029116732844116873,0.16385704937331966,0.15790684389961235,0.16001462715849146,98,109,CONVERGENCE: RELATIVE REDUCTION OF F <= FACTR*EPSMCH,-2.900254747824311,-0.8308777379145255,False,0.0815152000868693,13,13
16,crossed,crossed,True,15,0.029117288346218552,0.16385948610397214,0.15790729172624793,0.160016002294555,1634,1908,CONVERGENCE: RELATIVE REDUCTION OF F <= FACTR*EPSMCH,-3.1412608065751746,7.999999925557071,True,1.5976469999877736,13,13
16,crossed,crossed,True,16,0.029116732844109747,0.16385704947596724,0.15790684575913458,0.16001462947274347,78,86,CONVERGENCE: RELATIVE REDUCTION OF F <= FACTR*EPSMCH,-2.8863052345305196,-0.6373494811938311,False,0.08388070005457848,13,13
16,crossed,crossed,True,17,0.029630960037752993,0.16547776380307538,0.15914632784182572,0.1610260217347691,1985,2386,CONVERGENCE: RELATIVE REDUCTION OF F <= FACTR*EPSMCH,-8.0,4.930347377422312,True,2.194651300087571,13,13
16,crossed,crossed,True,18,0.02911673284415096,0.16385704907457307,0.15790684635368477,0.16001462992458332,566,631,CONVERGENCE: RELATIVE REDUCTION OF F <= FACTR*EPSMCH,-3.148198812410733,1.2013915906719945,False,0.5468097999691963,13,13
16,crossed,crossed,True,19,0.02963095992554119,0.1654776469628152,0.15914663666908757,0.16102643493241273,1886,2156,CONVERGENCE: RELATIVE REDUCTION OF F <= FACTR*EPSMCH,-8.0,5.026911361996775,True,1.8991550999926403,13,13
16,crossed,crossed,True,20,0.02911673284412726,0.16385704954284233,0.15790684475448274,0.16001462797419658,111,121,CONVERGENCE: RELATIVE REDUCTION OF F <= FACTR*EPSMCH,-3.142452543894532,-0.1639927050579716,False,0.10843680007383227,13,13
16,crossed,crossed,True,21,0.02911673284425204,0.1638570522816617,0.1579068515872603,0.16001463479910116,352,411,CONVERGENCE: RELATIVE REDUCTION OF F <= FACTR*EPSMCH,-2.8553768441002894,1.1224074391950634,False,0.3631905000656843,13,13
16,crossed,crossed,True,22,0.029116732844109962,0.16385704945773422,0.15790684549409037,0.1600146290584615,92,104,CONVERGENCE: RELATIVE REDUCTION OF F <= FACTR*EPSMCH,-3.12328866668214,-0.8846120892393816,False,0.09687249991111457,13,13
16,crossed,crossed,True,23,0.029116732844109646,0.16385704945094615,0.15790684545544703,0.16001462920445308,106,117,CONVERGENCE: RELATIVE REDUCTION OF F <= FACTR*EPSMCH,-3.1348741504397117,-0.5709227733216264,False,0.10048279992770404,13,13
16,crossed,crossed,True,24,0.029630966367455245,0.16547787694773677,0.15914636727108925,0.1610260528533564,4951,5681,CONVERGENCE: RELATIVE REDUCTION OF F <= FACTR*EPSMCH,-8.0,6.099966297506964,True,4.8591931000119075,13,13
16,crossed,crossed,True,25,0.029116732844115353,0.16385704862207273,0.15790684428680893,0.16001462814005235,158,171,CONVERGENCE: RELATIVE REDUCTION OF F <= FACTR*EPSMCH,-2.879941328417079,-0.5204586625140356,False,0.14582970004994422,13,13
16,crossed,crossed,True,26,0.029116732844112238,0.16385704972527954,0.15790684537837618,0.16001462913973352,61,65,CONVERGENCE: RELATIVE REDUCTION OF F <= FACTR*EPSMCH,-2.981198461225909,-1.400055240852155,False,0.06486259994562715,13,13
16,crossed,crossed,True,27,0.02963096118700392,0.1654777298607958,0.1591461601829903,0.1610258132332981,2169,2563,CONVERGENCE: RELATIVE REDUCTION OF F <= FACTR*EPSMCH,-8.0,4.437545325573883,True,2.184922399930656,13,13
16,crossed,crossed,True,28,0.03005391635735132,0.1666751804036671,0.1607938832190626,0.1629330247139532,18936,21130,CONVERGENCE: RELATIVE REDUCTION OF F <= FACTR*EPSMCH,-3.228505012433139,7.999912732787598,True,18.70691419998184,13,13
16,crossed,crossed,True,29,0.029116732844107512,0.16385704942471735,0.157906845548695,0.1600146291775649,56,61,CONVERGENCE: RELATIVE REDUCTION OF F <= FACTR*EPSMCH,-3.0587741422462162,-1.5520532181668607,False,0.049549799994565547,13,13
16,crossed,crossed,True,30,0.029116732844142384,0.16385704992920905,0.1579068468616529,0.16001463037257024,553,615,CONVERGENCE: RELATIVE REDUCTION OF F <= FACTR*EPSMCH,-3.1477467670231807,0.8261212124078919,False,0.530607599997893,13,13
16,crossed,crossed,True,31,0.029116732844112793,0.16385704923384092,0.15790684542121416,0.16001462919588227,119,138,CONVERGENCE: RELATIVE REDUCTION OF F <= FACTR*EPSMCH,-3.138110844496248,-0.43422304432976205,False,0.13628700003027916,13,13
16,crossed,crossed,True,32,0.029631411209148806,0.16547901329835912,0.1591434543734147,0.1610220232263818,2313,2772,CONVERGENCE: RELATIVE REDUCTION OF F <= FACTR*EPSMCH,-8.0,5.324580199500203,True,2.396142699988559,13,13
16,crossed,crossed,True,33,0.029631416871810864,0.165479139316296,0.15914107676363357,0.1610190254046557,2935,3424,CONVERGENCE: RELATIVE REDUCTION OF F <= FACTR*EPSMCH,-8.0,7.34026976159708,True,2.835793999955058,13,13
16,crossed,crossed,True,34,0.029116732844109594,0.16385704967231524,0.15790684568965718,0.16001462922077977,151,182,CONVERGENCE: RELATIVE REDUCTION OF F <= FACTR*EPSMCH,-2.8853581613471526,-0.6214150706089765,False,0.14491120004095137,13,13
16,crossed,crossed,True,35,0.029630960580649953,0.1654775535402094,0.1591460510204029,0.16102571322100692,4001,4593,CONVERGENCE: RELATIVE REDUCTION OF F <= FACTR*EPSMCH,-8.0,5.903692565834822,True,4.214294700068422,13,13
16,crossed,crossed,True,36,0.029116732844108317,0.16385704939208914,0.15790684534735316,0.16001462909561326,79,87,CONVERGENCE: RELATIVE REDUCTION OF F <= FACTR*EPSMCH,-3.1157104226263543,-1.0202288232559658,False,0.08443739998620003,13,13
16,crossed,crossed,True,37,0.02963141449340653,0.165479063145205,0.15914278360572187,0.1610211654532883,1962,2325,CONVERGENCE: RELATIVE REDUCTION OF F <= FACTR*EPSMCH,-8.0,5.391897943017237,True,1.9965153000084683,13,13
16,crossed,crossed,True,38,0.029116732844108175,0.16385704950270719,0.15790684533803584,0.16001462899856467,68,75,CONVERGENCE: RELATIVE REDUCTION OF F <= FACTR*EPSMCH,-3.0213190071760323,-1.5592765049826662,False,0.057132799993269145,13,13
16,crossed,crossed,True,39,0.029116732844110406,0.16385704936091125,0.15790684632114269,0.16001463010099923,88,95,CONVERGENCE: RELATIVE REDUCTION OF F <= FACTR*EPSMCH,-3.1291470225878872,-0.7491263854921842,False,0.08136350009590387,13,13
16,crossed,crossed,True,40,0.029116732844351595,0.16385705015602064,0.1579068384879943,0.16001462111107648,756,832,CONVERGENCE: RELATIVE REDUCTION OF F <= FACTR*EPSMCH,-3.148524739728882,1.9593996604685178,False,0.7008377000456676,13,13
16,crossed,crossed,True,41,0.029116732844113258,0.16385704950726576,0.15790684510525216,0.16001462888040177,176,198,CONVERGENCE: RELATIVE REDUCTION OF F <= FACTR*EPSMCH,-3.1364314274870764,-0.5096783992901702,False,0.15860379999503493,13,13
16,crossed,crossed,True,42,0.0291167328441091,0.1638570495411729,0.15790684538250452,0.16001462917240145,108,117,CONVERGENCE: RELATIVE REDUCTION OF F <= FACTR*EPSMCH,-2.875309333929553,-0.4162717463971625,False,0.09188349999021739,13,13
16,crossed,crossed,True,43,0.029631417105454173,0.165479098189574,0.1591429139424413,0.16102134922657627,2804,3244,CONVERGENCE: RELATIVE REDUCTION OF F <= FACTR*EPSMCH,-8.0,5.249383606688731,True,2.9903960999799892,13,13
16,crossed,crossed,True,44,0.02911673284412429,0.16385704921898747,0.15790684593615492,0.16001462922615114,245,291,CONVERGENCE: RELATIVE REDUCTION OF F <= FACTR*EPSMCH,-2.859799445314414,0.273121016802515,False,0.2349996999837458,13,13
16,crossed,crossed,True,45,0.02963095924334512,0.16547763870468385,0.1591459949473269,0.16102563694404148,1747,2051,CONVERGENCE: RELATIVE REDUCTION OF F <= FACTR*EPSMCH,-8.0,5.5183668162000306,True,1.8924608000088483,13,13
16,crossed,crossed,True,46,0.029116732844108227,0.16385704956272534,0.15790684549949502,0.16001462907856187,64,65,CONVERGENCE: RELATIVE REDUCTION OF F <= FACTR*EPSMCH,-2.9970870579684297,-1.468474925873218,False,0.06255039991810918,13,13
16,crossed,crossed,True,47,0.02963100197022614,0.16547723981196574,0.1591463946239587,0.1610263831132965,1726,2152,CONVERGENCE: RELATIVE REDUCTION OF F <= FACTR*EPSMCH,-8.0,7.884772937651336,True,1.8920458999928087,13,13
16,crossed,crossed,True,48,0.029116732844115128,0.1638570497909591,0.15790684565458948,0.1600146289883711,125,140,CONVERGENCE: RELATIVE REDUCTION OF F <= FACTR*EPSMCH,-3.136368830986449,-0.5123919563014185,False,0.11852250003721565,13,13
16,crossed,crossed,True,49,0.029116732844107915,0.163857049539376,0.15790684566193502,0.16001462923164453,61,68,CONVERGENCE: RELATIVE REDUCTION OF F <= FACTR*EPSMCH,-2.9221475203342506,-1.0442664614362072,False,0.05003280006349087,13,13
16,crossed,crossed,True,50,0.02911673284410821,0.16385704931368614,0.15790684526308396,0.1600146288317828,119,130,CONVERGENCE: RELATIVE REDUCTION OF F <= FACTR*EPSMCH,-3.1391722230285684,-0.3802120677276002,False,0.1108263999922201,13,13
16,crossed,crossed,True,51,0.029631410372157933,0.16547905497575385,0.15914300517150817,0.16102145316591268,2897,3341,CONVERGENCE: RELATIVE REDUCTION OF F <= FACTR*EPSMCH,-8.0,5.7458694804591115,True,2.8749815000919625,13,13
16,crossed,crossed,True,52,0.029116732844119707,0.16385704950558935,0.15790684612104008,0.16001463037484132,152,169,CONVERGENCE: RELATIVE REDUCTION OF F <= FACTR*EPSMCH,-2.86398587271935,-0.01682187164342173,False,0.15977669996209443,13,13
16,crossed,crossed,True,53,0.029116732844113116,0.1638570495475402,0.1579068452893393,0.1600146288480514,125,141,CONVERGENCE: RELATIVE REDUCTION OF F <= FACTR*EPSMCH,-3.1416406535126447,-0.22661200693839995,False,0.12990920001175255,13,13
16,crossed,crossed,True,54,0.029630984092011918,0.16547764775829282,0.15914653824707742,0.1610263702422008,2681,3290,CONVERGENCE: RELATIVE REDUCTION OF F <= FACTR*EPSMCH,-8.0,7.6616159101925225,True,2.8231393999885768,13,13
16,crossed,crossed,True,55,0.02963095945149253,0.16547752476448851,0.1591456628573778,0.16102523647502123,2786,3249,CONVERGENCE: RELATIVE REDUCTION OF F <= FACTR*EPSMCH,-8.0,7.159387114707446,True,2.8152652999851853,13,13
16,crossed,crossed,True,56,0.02911673284410782,0.1638570493972992,0.15790684549520476,0.16001462919247036,82,92,CONVERGENCE: RELATIVE REDUCTION OF F <= FACTR*EPSMCH,-3.096380725188897,-1.2625280789776072,False,0.07483759999740869,13,13
16,crossed,crossed,True,57,0.02911673284410778,0.16385704951575458,0.1579068457340183,0.16001462946560271,98,107,CONVERGENCE: RELATIVE REDUCTION OF F <= FACTR*EPSMCH,-3.1270343873034183,-0.802086781893312,False,0.10129950009286404,13,13
16,crossed,crossed,True,58,0.02911673284410832,0.16385704950228427,0.15790684567175625,0.16001462932883925,62,67,CONVERGENCE: RELATIVE REDUCTION OF F <= FACTR*EPSMCH,-3.097853985321794,-1.2474217802846579,False,0.058863600017502904,13,13
16,crossed,crossed,True,59,0.029116732844210708,0.16385704949650587,0.15790684691215404,0.16001463112201272,435,473,CONVERGENCE: RELATIVE REDUCTION OF F <= FACTR*EPSMCH,-2.855185930043701,1.2266372295767558,False,0.399737500003539,13,13
16,crossed,crossed,True,60,0.02911673284410835,0.16385704938744047,0.15790684542074648,0.160014629007327,63,69,CONVERGENCE: RELATIVE REDUCTION OF F <= FACTR*EPSMCH,-3.0307599349093852,-1.5909097457008807,False,0.06116949999704957,13,13
16,crossed,crossed,True,61,0.029116732844107457,0.16385704944026802,0.1579068456016236,0.1600146292719892,62,66,CONVERGENCE: RELATIVE REDUCTION OF F <= FACTR*EPSMCH,-3.0345653033268927,-1.60313075590952,False,0.05897639994509518,13,13
16,crossed,crossed,True,62,0.029631411391982974,0.16547905523196688,0.15914309891002962,0.1610215707987856,3307,3966,CONVERGENCE: RELATIVE REDUCTION OF F <= FACTR*EPSMCH,-8.0,4.9290926842331135,True,3.420954199973494,13,13
16,crossed,crossed,True,63,0.02911673284411011,0.1638570492754967,0.1579068454236747,0.16001462918482062,89,100,CONVERGENCE: RELATIVE REDUCTION OF F <= FACTR*EPSMCH,-3.130985236390939,-0.6982958755618071,False,0.078205700032413,13,13
16,crossed,crossed,True,64,0.02911673284410778,0.16385704943654872,0.15790684525120063,0.16001462890917875,184,217,CONVERGENCE: RELATIVE REDUCTION OF F <= FACTR*EPSMCH,-3.1276682063359003,-0.7867588021447688,False,0.19112650002352893,13,13
16,crossed,crossed,True,65,0.029116732844112314,0.16385704947257823,0.15790684565516097,0.1600146292175003,501,566,CONVERGENCE: RELATIVE REDUCTION OF F <= FACTR*EPSMCH,-3.1485291084330664,2.0583654849467905,False,0.5036813000915572,13,13
16,crossed,crossed,True,66,0.029116744962559962,0.16385695338393408,0.15790580872465573,0.16001386267284187,2707,2967,CONVERGENCE: RELATIVE REDUCTION OF F <= FACTR*EPSMCH,-3.1492347583596443,6.684783057875415,False,2.6294910999713466,13,13
16,crossed,crossed,True,67,0.029116732844107814,0.16385704944642723,0.157906845677853,0.16001462939023,134,148,CONVERGENCE: RELATIVE REDUCTION OF F <= FACTR*EPSMCH,-3.133465801211949,-0.6207558365398264,False,0.13488720008172095,13,13
16,crossed,crossed,True,68,0.02911673284410969,0.16385704956886044,0.15790684489893858,0.16001462828182453,62,66,CONVERGENCE: RELATIVE REDUCTION OF F <= FACTR*EPSMCH,-3.098222413827491,-1.2435882519935357,False,0.06450619990937412,13,13
16,crossed,crossed,True,69,0.02911673284410804,0.16385704947334193,0.15790684510753852,0.16001462868000915,63,69,CONVERGENCE: RELATIVE REDUCTION OF F <= FACTR*EPSMCH,-3.088543526125167,-1.3366139268377148,False,0.06686620006803423,13,13
16,crossed,crossed,True,70,0.029116732844118344,0.1638570493398458,0.1579068458824936,0.16001462945041625,289,330,CONVERGENCE: RELATIVE REDUCTION OF F <= FACTR*EPSMCH,-3.145449235418863,0.17225228556961383,False,0.3066571999806911,13,13
16,crossed,crossed,True,71,0.029116732844108508,0.16385704934104747,0.15790684566753554,0.1600146293126913,254,283,CONVERGENCE: RELATIVE REDUCTION OF F <= FACTR*EPSMCH,-3.1439790556207226,-0.020252682998035523,False,0.24767449998762459,13,13
16,crossed,crossed,True,72,0.029116732844109764,0.16385704973973036,0.1579068464672693,0.1600146303014211,228,251,CONVERGENCE: RELATIVE REDUCTION OF F <= FACTR*EPSMCH,-2.8586042085051284,0.39841898374639656,False,0.20505019999109209,13,13
16,crossed,crossed,True,73,0.029116732844108074,0.1638570493385014,0.15790684547201825,0.1600146292617852,75,84,CONVERGENCE: RELATIVE REDUCTION OF F <= FACTR*EPSMCH,-3.1127038656680908,-1.065787355125289,False,0.08073530008550733,13,13
16,crossed,crossed,True,74,0.02911673294600627,0.16385707201523475,0.15790689765616917,0.1600146541860262,1885,2091,CONVERGENCE: RELATIVE REDUCTION OF F <= FACTR*EPSMCH,-2.854381684020626,4.91173763358521,False,1.9235715999966487,13,13
16,crossed,crossed,True,75,0.029116732844108813,0.16385704943493784,0.15790684575464495,0.16001462955823542,56,59,CONVERGENCE: RELATIVE REDUCTION OF F <= FACTR*EPSMCH,-3.00557443046305,-1.5019797255504375,False,0.06871819996740669,13,13
16,crossed,crossed,True,76,0.029631429301067963,0.1654791021785989,0.1591429305102829,0.16102135289668412,644,707,CONVERGENCE: RELATIVE REDUCTION OF F <= FACTR*EPSMCH,-8.0,2.3713457885080382,True,0.6672044999431819,13,13
16,crossed,crossed,True,77,0.02963141557838224,0.165479061749706,0.15914287270909167,0.16102127859500498,4677,5340,CONVERGENCE: RELATIVE REDUCTION OF F <= FACTR*EPSMCH,-8.0,6.250550560644881,True,4.952957900008187,13,13
16,crossed,crossed,True,78,0.02963141021119115,0.16547905835095195,0.15914277922083847,0.16102116071897454,2365,2839,CONVERGENCE: RELATIVE REDUCTION OF F <= FACTR*EPSMCH,-8.0,5.82617329263298,True,2.4988262000260875,13,13
16,crossed,crossed,True,79,0.029116732844110645,0.16385704951821284,0.15790684529355095,0.16001462912083395,72,76,CONVERGENCE: RELATIVE REDUCTION OF F <= FACTR*EPSMCH,-2.909452326955269,-0.9301031562585317,False,0.07629580004140735,13,13
16,crossed,crossed,True,80,0.029116732844108713,0.16385704952938543,0.15790684589255155,0.16001462961002996,65,71,CONVERGENCE: RELATIVE REDUCTION OF F <= FACTR*EPSMCH,-3.063718185647987,-1.5215713024955424,False,0.05530860007274896,13,13
16,crossed,crossed,True,81,0.02963095862735603,0.1654776807098304,0.1591459930415638,0.1610256365321847,2089,2479,CONVERGENCE: RELATIVE REDUCTION OF F <= FACTR*EPSMCH,-8.0,6.815322513478118,True,2.3764368999982253,13,13
16,crossed,crossed,True,82,0.02911673284410772,0.16385704944229978,0.15790684577303274,0.1600146294385532,52,58,CONVERGENCE: RELATIVE REDUCTION OF F <= FACTR*EPSMCH,-3.070588245762573,-1.476236068751803,False,0.05073899996932596,13,13
16,crossed,crossed,True,83,0.030054117195004892,0.1666753625939887,0.16079521360795318,0.16293447991410576,20643,22898,CONVERGENCE: RELATIVE REDUCTION OF F <= FACTR*EPSMCH,-3.2292734034066726,7.9983812395629466,True,20.184682699968107,13,13
16,crossed,crossed,True,84,0.0291167328441099,0.16385704951555694,0.1579068449011374,0.1600146283362336,86,94,CONVERGENCE: RELATIVE REDUCTION OF F <= FACTR*EPSMCH,-3.1139085686395473,-1.0480097265827666,False,0.0994567999150604,13,13
16,crossed,crossed,True,85,0.029116732844112113,0.16385704944378485,0.15790684621780265,0.1600146299647677,69,74,CONVERGENCE: RELATIVE REDUCTION OF F <= FACTR*EPSMCH,-3.1169064712383117,-1.000995156402853,False,0.08487390005029738,13,13
16,crossed,crossed,True,86,0.029630960095208873,0.1654776362145444,0.15914609621131975,0.16102576475897437,2982,3373,CONVERGENCE: RELATIVE REDUCTION OF F <= FACTR*EPSMCH,-8.0,5.267410787606647,True,2.9745721000945196,13,13
16,crossed,crossed,True,87,0.02911673284411821,0.16385704951257213,0.15790684449028486,0.16001462828268595,161,178,CONVERGENCE: RELATIVE REDUCTION OF F <= FACTR*EPSMCH,-2.8625417857668856,0.06603239712647402,False,0.1547465999610722,13,13
16,crossed,crossed,True,88,0.029116732844107884,0.16385704944206456,0.15790684532322843,0.1600146289436124,84,90,CONVERGENCE: RELATIVE REDUCTION OF F <= FACTR*EPSMCH,-3.1081322780287346,-1.1284339803438694,False,0.09350449999328703,13,13
16,crossed,crossed,True,89,0.029116732844107922,0.1638570495816101,0.15790684544301012,0.16001462900472566,73,82,CONVERGENCE: RELATIVE REDUCTION OF F <= FACTR*EPSMCH,-2.948993962826449,-1.231783615145546,False,0.08045949996449053,13,13
16,crossed,crossed,True,90,0.029116732844152327,0.16385704981491356,0.15790684715043612,0.16001463068333655,305,335,CONVERGENCE: RELATIVE REDUCTION OF F <= FACTR*EPSMCH,-3.1479072615130703,0.9303120962342175,False,0.3004036999773234,13,13
16,crossed,crossed,True,91,0.02911673284420551,0.16385704970983306,0.1579068442115437,0.16001462905188862,813,885,CONVERGENCE: RELATIVE REDUCTION OF F <= FACTR*EPSMCH,-3.1483493436814425,1.4436893861623916,False,0.7770026000216603,13,13
16,crossed,crossed,True,92,0.0291167328727412,0.16385704816207397,0.15790682816037088,0.1600146249497303,1482,1589,CONVERGENCE: RELATIVE REDUCTION OF F <= FACTR*EPSMCH,-3.1485813450039566,3.541373809035613,False,1.3440987999783829,13,13
16,crossed,crossed,True,93,0.029116732844107988,0.1638570492950336,0.1579068455422487,0.16001462924755,51,58,CONVERGENCE: RELATIVE REDUCTION OF F <= FACTR*EPSMCH,-2.9951533474936136,-1.4605619380553694,False,0.055679599987342954,13,13
16,crossed,crossed,True,94,0.029631413246350814,0.16547905893211026,0.1591428035115243,0.16102120813966114,1636,1879,CONVERGENCE: RELATIVE REDUCTION OF F <= FACTR*EPSMCH,-8.0,4.067799458213823,True,1.6377738999435678,13,13
16,crossed,crossed,True,95,0.02911673284410857,0.1638570495015055,0.15790684561835247,0.1600146291986916,46,48,CONVERGENCE: RELATIVE REDUCTION OF F <= FACTR*EPSMCH,-3.0695126893819196,-1.4835837493830277,False,0.03856430004816502,13,13
16,crossed,crossed,True,96,0.02911673284410926,0.16385704931388476,0.15790684532749746,0.16001462914983786,115,124,CONVERGENCE: RELATIVE REDUCTION OF F <= FACTR*EPSMCH,-3.1374725813623017,-0.46420258005530446,False,0.1258250999962911,13,13
16,crossed,crossed,True,97,0.02911673288202318,0.1638570513030646,0.1579068239411046,0.1600146125197067,1566,1716,CONVERGENCE: RELATIVE REDUCTION OF F <= FACTR*EPSMCH,-2.854193252005749,4.048526735375456,False,1.4509556000120938,13,13
16,crossed,crossed,True,98,0.029631421976767897,0.16547906604276974,0.15914357432243384,0.1610221002247258,2896,3368,CONVERGENCE: RELATIVE REDUCTION OF F <= FACTR*EPSMCH,-8.0,6.28681479696759,True,2.9446996999904513,13,13
16,crossed,crossed,True,99,0.02911673284410955,0.16385704931096803,0.15790684545106806,0.16001462908896458,100,109,CONVERGENCE: RELATIVE REDUCTION OF F <= FACTR*EPSMCH,-2.874622234880742,-0.39897694764644764,False,0.08548570005223155,13,13
16,crossed,crossed,True,100,0.0291167332018381,0.16385704126242923,0.1579069682444749,0.16001480090858902,2465,2657,CONVERGENCE: RELATIVE REDUCTION OF F <= FACTR*EPSMCH,-3.1482680333990736,5.229438594910046,False,2.2983303000219166,13,13
16,crossed,crossed,True,101,0.029116732844107738,0.16385704950345922,0.15790684566978427,0.1600146293721937,68,73,CONVERGENCE: RELATIVE REDUCTION OF F <= FACTR*EPSMCH,-2.9746121938526535,-1.3692250273650468,False,0.06032509997021407,13,13
16,crossed,crossed,True,102,0.029116732844116183,0.16385704972882223,0.15790684522444345,0.16001462848828862,128,139,CONVERGENCE: RELATIVE REDUCTION OF F <= FACTR*EPSMCH,-3.143188359946034,-0.09993427344396039,False,0.12781259999610484,13,13
16,crossed,crossed,True,103,0.029116732844109223,0.16385704936621395,0.15790684567406713,0.1600146293981124,96,119,CONVERGENCE: RELATIVE REDUCTION OF F <= FACTR*EPSMCH,-2.9335798505933846,-1.1312820747548062,False,0.0997612999053672,13,13
16,crossed,crossed,True,104,0.02963141322314791,0.1654790646139898,0.159142563791851,0.16102092727551318,1917,2278,CONVERGENCE: RELATIVE REDUCTION OF F <= FACTR*EPSMCH,-8.0,6.845652482070974,True,2.0191942000528798,13,13
16,crossed,crossed,True,105,0.029116732844108064,0.16385704930766554,0.15790684547576045,0.16001462913494366,69,72,CONVERGENCE: RELATIVE REDUCTION OF F <= FACTR*EPSMCH,-2.9371558141892646,-1.1561074902787059,False,0.07318920001853257,13,13
16,crossed,crossed,True,106,0.02954610158928865,0.16517271294520047,0.15904920564066763,0.16109639842059856,6874,7529,CONVERGENCE: RELATIVE REDUCTION OF F <= FACTR*EPSMCH,-3.1834173378472777,8.0,True,6.883654400007799,13,13
16,crossed,crossed,True,107,0.029367742533645626,0.1646556684043685,0.15841761351278194,0.1604289541844403,2921,3421,CONVERGENCE: RELATIVE REDUCTION OF F <= FACTR*EPSMCH,-2.985481701885796,7.4876177405662645,False,2.984856600058265,13,13
16,crossed,crossed,True,108,0.029116732844120998,0.1638570496193238,0.15790684673625205,0.160014630553041,237,265,CONVERGENCE: RELATIVE REDUCTION OF F <= FACTR*EPSMCH,-2.8565900202955152,0.7228274278520221,False,0.23148069996386766,13,13
16,crossed,crossed,True,109,0.029116732844321532,0.16385704957630978,0.15790684341858086,0.1600146274993393,362,406,CONVERGENCE: RELATIVE REDUCTION OF F <= FACTR*EPSMCH,-2.855559146259533,1.0423602480731176,False,0.37349909998010844,13,13
16,crossed,crossed,True,110,0.02963141062925675,0.16547905476490457,0.15914276051830434,0.1610211566058902,2688,3125,CONVERGENCE: RELATIVE REDUCTION OF F <= FACTR*EPSMCH,-8.0,5.628307167043351,True,2.9303123999852687,13,13
16,crossed,crossed,True,111,0.029116732844108918,0.1638570495791818,0.15790684621563558,0.16001463005001035,145,173,CONVERGENCE: RELATIVE REDUCTION OF F <= FACTR*EPSMCH,-2.898251312731721,-0.8068125830050397,False,0.13779389997944236,13,13
16,crossed,crossed,True,112,0.029116733020958237,0.16385704647909083,0.15790702121410538,0.1600148628675683,2379,2605,CONVERGENCE: RELATIVE REDUCTION OF F <= FACTR*EPSMCH,-3.1486312177207947,4.668867396050555,False,2.4165000999346375,13,13
16,crossed,crossed,True,113,0.02911673284410862,0.16385704926957578,0.15790684509342484,0.16001462871472147,117,129,CONVERGENCE: RELATIVE REDUCTION OF F <= FACTR*EPSMCH,-2.889241562691736,-0.6839514687800484,False,0.12942950008437037,13,13
16,crossed,crossed,True,114,0.02911673284425722,0.16385704926664893,0.15790684792461132,0.16001463084514603,445,492,CONVERGENCE: RELATIVE REDUCTION OF F <= FACTR*EPSMCH,-2.8551862730468067,1.2223122273885574,False,0.5012958999723196,13,13
16,crossed,crossed,True,115,0.029116732844107644,0.16385704940146328,0.15790684557655352,0.16001462924216706,51,56,CONVERGENCE: RELATIVE REDUCTION OF F <= FACTR*EPSMCH,-2.996310200474911,-1.4653059552264858,False,0.04235859995242208,13,13
16,crossed,crossed,True,116,0.029630959813715954,0.16547770911770043,0.1591463072090575,0.1610260117369597,1944,2301,CONVERGENCE: RELATIVE REDUCTION OF F <= FACTR*EPSMCH,-8.0,4.944850929896585,True,2.079479099949822,13,13
16,crossed,crossed,True,117,0.02963141066922896,0.16547905549477465,0.1591427538830475,0.16102115284205412,3931,4553,CONVERGENCE: RELATIVE REDUCTION OF F <= FACTR*EPSMCH,-8.0,5.346978424614845,True,3.975062599987723,13,13
16,crossed,crossed,True,118,0.029116732844109035,0.16385704939711146,0.15790684547403014,0.16001462918015238,60,66,CONVERGENCE: RELATIVE REDUCTION OF F <= FACTR*EPSMCH,-2.944627810021032,-1.2049497922854464,False,0.07317390001844615,13,13
16,crossed,crossed,True,119,0.029116732844108033,0.16385704947765584,0.15790684570674043,0.1600146293926295,61,67,CONVERGENCE: RELATIVE REDUCTION OF F <= FACTR*EPSMCH,-3.1042145828746865,-1.1768933672464803,False,0.05229790008161217,13,13
16,crossed,crossed,True,120,0.02911673284410796,0.16385704942670778,0.15790684539731312,0.16001462905553526,121,126,CONVERGENCE: RELATIVE REDUCTION OF F <= FACTR*EPSMCH,-3.135817557818668,-0.5347313861041687,False,0.11418809997849166,13,13
16,crossed,crossed,True,121,0.029116732844123763,0.1638570494027533,0.15790684688262324,0.16001463072449942,363,394,CONVERGENCE: RELATIVE REDUCTION OF F <= FACTR*EPSMCH,-3.148047267537615,1.0447908933747243,False,0.34283249999862164,13,13
16,crossed,crossed,True,122,0.030068448165520782,0.16671988140583932,0.1608394958464223,0.1629786036538917,13381,14920,CONVERGENCE: RELATIVE REDUCTION OF F <= FACTR*EPSMCH,-3.221751252908301,7.999991757899609,True,13.244080699980259,13,13
16,crossed,crossed,True,123,0.029116732844110253,0.16385704940900508,0.15790684578000969,0.1600146296390341,87,94,CONVERGENCE: RELATIVE REDUCTION OF F <= FACTR*EPSMCH,-3.0731310142701576,-1.4584639965937025,False,0.08566620002966374,13,13
16,crossed,crossed,True,124,0.02911673284410778,0.16385704950769117,0.1579068454225749,0.16001462913227416,73,82,CONVERGENCE: RELATIVE REDUCTION OF F <= FACTR*EPSMCH,-3.1139843545493737,-1.0468635526658954,False,0.06478959997184575,13,13
16,crossed,crossed,True,125,0.029116732844112685,0.16385704954474417,0.15790684432834315,0.16001462797515728,209,239,CONVERGENCE: RELATIVE REDUCTION OF F <= FACTR*EPSMCH,-3.1442754155044685,0.01295717747995705,False,0.21898889995645732,13,13
16,crossed,crossed,True,126,0.029116732844108387,0.16385704946717572,0.1579068460134638,0.16001462967260172,82,89,CONVERGENCE: RELATIVE REDUCTION OF F <= FACTR*EPSMCH,-3.124252857340563,-0.8645410560303459,False,0.08078829990699887,13,13
16,crossed,crossed,True,127,0.02911673284410784,0.16385704950838076,0.1579068455449115,0.16001462910036918,67,73,CONVERGENCE: RELATIVE REDUCTION OF F <= FACTR*EPSMCH,-2.940776223089582,-1.1802584361040234,False,0.07143240002915263,13,13
16,crossed,crossed,True,128,0.029630993031298063,0.16547729128277244,0.15914524855811052,0.16102476174175653,15258,18161,CONVERGENCE: RELATIVE REDUCTION OF F <= FACTR*EPSMCH,-8.0,6.916050591578481,True,15.939001600025222,13,13
16,crossed,crossed,True,129,0.02963140961650315,0.16547785713814483,0.1591438293806665,0.1610229233203073,1890,2329,CONVERGENCE: RELATIVE REDUCTION OF F <= FACTR*EPSMCH,-8.0,7.999999999139195,True,2.0405293999938294,13,13
16,crossed,crossed,True,130,0.029116732844525442,0.16385704933490033,0.15790684871160032,0.16001463110611042,517,563,CONVERGENCE: RELATIVE REDUCTION OF F <= FACTR*EPSMCH,-3.1484855994735756,1.7725002002061794,False,0.5880251999478787,13,13
16,crossed,crossed,True,131,0.02911673284415291,0.16385704955295136,0.15790684520385975,0.16001462874484068,305,334,CONVERGENCE: RELATIVE REDUCTION OF F <= FACTR*EPSMCH,-3.1482107391700573,1.22401807557575,False,0.43444609991274774,13,13
16,crossed,crossed,True,132,0.02911673284410883,0.16385704941627363,0.15790684587089898,0.16001462956503346,88,96,CONVERGENCE: RELATIVE REDUCTION OF F <= FACTR*EPSMCH,-2.9107445980252384,-0.9427708030198353,False,0.08245609991718084,13,13
16,crossed,crossed,True,133,0.029116732844108206,0.1638570496112078,0.15790684556381374,0.16001462918372314,52,55,CONVERGENCE: RELATIVE REDUCTION OF F <= FACTR*EPSMCH,-3.0493235913435743,-1.6060483892881274,False,0.05084140005055815,13,13
16,crossed,crossed,True,134,0.029116732844107797,0.16385704939976464,0.15790684572884184,0.16001462949719802,83,89,CONVERGENCE: RELATIVE REDUCTION OF F <= FACTR*EPSMCH,-3.1223925807202484,-0.9025236983923687,False,0.08961959998123348,13,13
16,crossed,crossed,True,135,0.029116732844108883,0.16385704957795627,0.15790684595296406,0.1600146297312662,99,108,CONVERGENCE: RELATIVE REDUCTION OF F <= FACTR*EPSMCH,-2.895028665681761,-0.765863673521647,False,0.08181940007489175,13,13
16,crossed,crossed,True,136,0.029116732844108262,0.16385704945942137,0.15790684538630193,0.16001462911349576,61,70,CONVERGENCE: RELATIVE REDUCTION OF F <= FACTR*EPSMCH,-3.0940818462731934,-1.2853118117121447,False,0.042416200041770935,13,13
16,crossed,crossed,True,137,0.029116732844110114,0.163857049552976,0.157906844849838,0.16001462844905603,92,101,CONVERGENCE: RELATIVE REDUCTION OF F <= FACTR*EPSMCH,-2.9091829813639807,-0.9274139426978517,False,0.09498709999024868,13,13
16,crossed,crossed,True,138,0.02963096020757448,0.16547777469122046,0.15914662546394148,0.16102640993260692,2730,3269,CONVERGENCE: RELATIVE REDUCTION OF F <= FACTR*EPSMCH,-8.0,4.814586710587638,True,3.0430184999713674,13,13
16,crossed,crossed,True,139,0.029116732844108956,0.16385704951391838,0.15790684601035876,0.16001462968884153,43,47,CONVERGENCE: RELATIVE REDUCTION OF F <= FACTR*EPSMCH,-2.977848623083967,-1.3845748387641326,False,0.05030649993568659,13,13
16,crossed,crossed,True,140,0.029116732845770384,0.16385704905555548,0.1579068553407714,0.16001463962138,1120,1231,CONVERGENCE: RELATIVE REDUCTION OF F <= FACTR*EPSMCH,-3.1486095038456603,2.831949446874188,False,1.2498172000050545,13,13
16,crossed,crossed,True,141,0.029631420058710903,0.16547909678192835,0.15914267423730738,0.16102102737729043,2142,2529,CONVERGENCE: RELATIVE REDUCTION OF F <= FACTR*EPSMCH,-8.0,6.0853572886402025,True,2.2869577000383288,13,13
16,crossed,crossed,True,142,0.029117010873048424,0.1638565728960638,0.1579065098038904,0.16001481457036063,15847,17554,CONVERGENCE: RELATIVE REDUCTION OF F <= FACTR*EPSMCH,-3.143751986760094,7.999597177457614,True,16.583115000044927,13,13
16,crossed,crossed,True,143,0.029116732861619442,0.1638570424050514,0.1579068187308787,0.1600146061256728,2060,2244,CONVERGENCE: RELATIVE REDUCTION OF F <= FACTR*EPSMCH,-3.1484715095165106,4.040160645178957,False,2.2191747999750078,13,13
16,crossed,crossed,True,144,0.02963096624734583,0.16547756235875163,0.15914637502033363,0.16102618316399073,2918,3415,CONVERGENCE: RELATIVE REDUCTION OF F <= FACTR*EPSMCH,-8.0,7.122940948630627,True,2.988567900029011,13,13
16,crossed,crossed,True,145,0.029116806080220842,0.16385663898717742,0.15790939709931182,0.16001793125253772,22010,24321,CONVERGENCE: RELATIVE REDUCTION OF F <= FACTR*EPSMCH,-3.14856013954283,7.393191811782366,False,22.67082949995529,13,13
16,crossed,crossed,True,146,0.029116732844418403,0.16385704914331942,0.15790683401987235,0.16001461645361367,624,683,CONVERGENCE: RELATIVE REDUCTION OF F <= FACTR*EPSMCH,-3.1485866857045983,2.5429664376172876,False,0.5834234999492764,13,13
16,crossed,crossed,True,147,0.029116732844107842,0.16385704943101279,0.15790684570234978,0.16001462938078165,58,63,CONVERGENCE: RELATIVE REDUCTION OF F <= FACTR*EPSMCH,-3.0284091235145687,-1.5832131345832354,False,0.0506234000204131,13,13
16,crossed,crossed,True,148,0.029630993614892746,0.1654771893440195,0.15914532378068819,0.1610249644159789,5731,6424,CONVERGENCE: RELATIVE REDUCTION OF F <= FACTR*EPSMCH,-8.0,7.9999995952033665,True,5.628272400004789,13,13
16,crossed,crossed,True,149,0.029116800053330727,0.16385660848649225,0.15790643274833516,0.16001433205302898,2386,2681,CONVERGENCE: RELATIVE REDUCTION OF F <= FACTR*EPSMCH,-2.8453348822646336,7.260788462828906,False,2.5218666000291705,13,13
16,crossed,crossed,True,150,0.029116732844110718,0.1638570495417441,0.15790684607102634,0.16001462969911354,103,108,CONVERGENCE: RELATIVE REDUCTION OF F <= FACTR*EPSMCH,-3.1342679415971615,-0.5930485168117275,False,0.08877709996886551,13,13
16,crossed,crossed,True,151,0.029116732844158996,0.1638570492110755,0.15790684662312737,0.1600146310673771,572,632,CONVERGENCE: RELATIVE REDUCTION OF F <= FACTR*EPSMCH,-3.147931842593296,0.9483093477246076,False,0.5691519000101835,13,13
16,crossed,crossed,True,152,0.029116732844108168,0.16385704941824303,0.15790684537677374,0.16001462906018366,59,63,CONVERGENCE: RELATIVE REDUCTION OF F <= FACTR*EPSMCH,-2.9860943586190585,-1.421993210753638,False,0.054666099953465164,13,13
16,crossed,crossed,True,153,0.029116732844109598,0.16385704944570123,0.15790684525653567,0.1600146286957696,176,219,CONVERGENCE: RELATIVE REDUCTION OF F <= FACTR*EPSMCH,-2.9317063886955825,-1.117843422823485,False,0.2050689000170678,13,13
16,crossed,crossed,True,154,0.029116732844108744,0.16385704953336816,0.15790684583706735,0.16001462946956138,79,86,CONVERGENCE: RELATIVE REDUCTION OF F <= FACTR*EPSMCH,-2.8942497195451393,-0.7555075888905443,False,0.08923000004142523,13,13
16,crossed,crossed,True,155,0.029116732844109636,0.1638570495585171,0.15790684638028918,0.1600146299831145,93,103,CONVERGENCE: RELATIVE REDUCTION OF F <= FACTR*EPSMCH,-2.9115331258414128,-0.9503685768319889,False,0.08074710005894303,13,13
16,crossed,crossed,True,156,0.0291167328441078,0.16385704936743276,0.15790684511694333,0.1600146286709801,87,99,CONVERGENCE: RELATIVE REDUCTION OF F <= FACTR*EPSMCH,-2.914301824940291,-0.9763269144306437,False,0.09695170004852116,13,13
16,crossed,crossed,True,157,0.029116732844108442,0.16385704946153112,0.1579068453386696,0.16001462882952044,66,68,CONVERGENCE: RELATIVE REDUCTION OF F <= FACTR*EPSMCH,-2.9253292127842117,-1.069758197815943,False,0.059445700026117265,13,13
16,crossed,crossed,True,158,0.02963141133484479,0.16547905194927678,0.1591428268267854,0.16102124229356674,2825,3258,CONVERGENCE: RELATIVE REDUCTION OF F <= FACTR*EPSMCH,-8.0,4.992668522068315,True,3.577267099986784,13,13
16,crossed,crossed,True,159,0.029116732844110715,0.16385704942111257,0.15790684547959694,0.16001462901952543,163,182,CONVERGENCE: RELATIVE REDUCTION OF F <= FACTR*EPSMCH,-3.1427530509638473,-0.1389759800167109,False,0.23441469995304942,13,13
16,crossed,crossed,True,160,0.02911673284411144,0.16385704923575153,0.15790684467060223,0.16001462838349945,79,86,CONVERGENCE: RELATIVE REDUCTION OF F <= FACTR*EPSMCH,-2.8995694633105447,-0.8227758616365424,False,0.12118170002941042,13,13
16,crossed,crossed,True,161,0.02911673284410942,0.16385704948096844,0.15790684608232136,0.16001462994844806,116,131,CONVERGENCE: RELATIVE REDUCTION OF F <= FACTR*EPSMCH,-2.8729329734941964,-0.35385622749988926,False,0.1830458000767976,13,13
16,crossed,crossed,True,162,0.02911673284411803,0.16385704965176334,0.1579068461325017,0.16001462979978556,83,93,CONVERGENCE: RELATIVE REDUCTION OF F <= FACTR*EPSMCH,-2.9121226540217524,-0.9559731134938299,False,0.12043009989429265,13,13
16,crossed,crossed,True,163,0.029116732844132003,0.16385704902122925,0.15790684581894604,0.16001462973659847,342,387,CONVERGENCE: RELATIVE REDUCTION OF F <= FACTR*EPSMCH,-3.1479604229756024,0.9735468650062253,False,0.49491479992866516,13,13
16,crossed,crossed,True,164,0.029116732844113608,0.16385704932737208,0.15790684566508734,0.16001462954834328,86,94,CONVERGENCE: RELATIVE REDUCTION OF F <= FACTR*EPSMCH,-3.131903995055086,-0.6708314354712877,False,0.12432800000533462,13,13
16,crossed,crossed,True,165,0.029116732844264984,0.16385704830038264,0.15790684750441492,0.16001463240802555,480,508,CONVERGENCE: RELATIVE REDUCTION OF F <= FACTR*EPSMCH,-3.148292472343106,1.3340578644635377,False,0.6772048999555409,13,13
16,crossed,crossed,True,166,0.02963141095509418,0.16547907284774857,0.15914248619537358,0.16102082229041242,2011,2404,CONVERGENCE: RELATIVE REDUCTION OF F <= FACTR*EPSMCH,-8.0,5.266225731579745,True,2.3601709000067785,13,13
16,crossed,crossed,True,167,0.029116732844119936,0.16385704935010337,0.1579068441829233,0.16001462761256105,138,150,CONVERGENCE: RELATIVE REDUCTION OF F <= FACTR*EPSMCH,-3.144733972253324,0.0691274319783749,False,0.13211780006531626,13,13
16,crossed,crossed,True,168,0.02963146213919205,0.16547898953969897,0.15914364686958912,0.16102214450161578,1894,2223,CONVERGENCE: RELATIVE REDUCTION OF F <= FACTR*EPSMCH,-8.0,7.918139358438159,True,2.205166000057943,13,13
16,crossed,crossed,True,169,0.029116732844108886,0.16385704947579088,0.1579068448410549,0.16001462840269978,84,91,CONVERGENCE: RELATIVE REDUCTION OF F <= FACTR*EPSMCH,-3.128029169000396,-0.7778244275916524,False,0.09933200001250952,13,13
16,crossed,crossed,True,170,0.02911673288307639,0.16385705837705955,0.15790680487857536,0.1600145624799614,990,1092,CONVERGENCE: RELATIVE REDUCTION OF F <= FACTR*EPSMCH,-3.1486612812145003,3.4112889435307054,False,0.9441898999502882,13,13
16,crossed,crossed,True,171,0.02911673284411714,0.16385704935548293,0.1579068463704879,0.16001463030976903,136,151,CONVERGENCE: RELATIVE REDUCTION OF F <= FACTR*EPSMCH,-3.1382777844397642,-0.42605877575625584,False,0.14111249998677522,13,13
16,crossed,crossed,True,172,0.029116732844108872,0.1638570495997891,0.1579068455024028,0.16001462891713109,52,58,CONVERGENCE: RELATIVE REDUCTION OF F <= FACTR*EPSMCH,-3.024776171751413,-1.5710797533895076,False,0.050621200003661215,13,13
16,crossed,crossed,True,173,0.029116732844108036,0.16385704948973573,0.15790684570537222,0.16001462930815133,69,79,CONVERGENCE: RELATIVE REDUCTION OF F <= FACTR*EPSMCH,-2.951330262611975,-1.2456765059872708,False,0.06277550000231713,13,13
16,crossed,crossed,True,174,0.02963141179910879,0.16547905354676012,0.15914274354140878,0.16102110205433212,2108,2459,CONVERGENCE: RELATIVE REDUCTION OF F <= FACTR*EPSMCH,-8.0,6.353707831462884,True,2.4154874000232667,13,13
16,crossed,crossed,True,175,0.02911673284410769,0.16385704946915539,0.1579068455474164,0.160014629222373,67,72,CONVERGENCE: RELATIVE REDUCTION OF F <= FACTR*EPSMCH,-3.117717599587831,-0.9875278647399515,False,0.059440999990329146,13,13
16,crossed,crossed,True,176,0.029116732844108404,0.16385704931062106,0.15790684531023433,0.16001462910513564,93,104,CONVERGENCE: RELATIVE REDUCTION OF F <= FACTR*EPSMCH,-2.880184570572728,-0.5254120476890829,False,0.1145012000342831,13,13
16,crossed,crossed,True,177,0.029116778797595055,0.16385824725260853,0.15790877025528172,0.16001675908323776,7015,7678,CONVERGENCE: RELATIVE REDUCTION OF F <= FACTR*EPSMCH,-2.8511501442190137,7.906990923198882,True,6.845470799948089,13,13
16,crossed,crossed,True,178,0.029116732844107603,0.1638570494354249,0.1579068453178256,0.16001462897442334,50,57,CONVERGENCE: RELATIVE REDUCTION OF F <= FACTR*EPSMCH,-2.9977088547309454,-1.4709959111852366,False,0.04927409999072552,13,13
16,crossed,crossed,True,179,0.029116732844109105,0.1638570494175344,0.15790684561388987,0.16001462935382385,72,77,CONVERGENCE: RELATIVE REDUCTION OF F <= FACTR*EPSMCH,-3.09486946201382,-1.2776005633880239,False,0.07221530005335808,13,13
16,crossed,crossed,True,180,0.02911673284411512,0.16385704936937137,0.15790684551456127,0.1600146292598637,64,68,CONVERGENCE: RELATIVE REDUCTION OF F <= FACTR*EPSMCH,-3.0227124221737287,-1.5640771755054617,False,0.0588953000260517,13,13
16,crossed,crossed,True,181,0.029116732844109976,0.16385704931063133,0.15790684425379162,0.1600146276733365,57,63,CONVERGENCE: RELATIVE REDUCTION OF F <= FACTR*EPSMCH,-2.963935011455841,-1.3156385039470477,False,0.05569219996687025,13,13
16,crossed,crossed,True,182,0.02911673284410818,0.16385704962441586,0.15790684603107258,0.16001462959446974,219,255,CONVERGENCE: RELATIVE REDUCTION OF F <= FACTR*EPSMCH,-2.8704455572644583,-0.279573303670521,False,0.2559079999336973,13,13
16,crossed,crossed,True,183,0.029116732844108796,0.16385704933037235,0.1579068455842277,0.1600146293915209,51,57,CONVERGENCE: RELATIVE REDUCTION OF F <= FACTR*EPSMCH,-3.052110053519068,-1.5906619843377072,False,0.056996400002390146,13,13
16,crossed,crossed,True,184,0.02963141195023322,0.16547906534683038,0.15914291351338503,0.16102135773734197,2875,3366,CONVERGENCE: RELATIVE REDUCTION OF F <= FACTR*EPSMCH,-8.0,5.837709818812595,True,2.9463110000360757,13,13
16,crossed,crossed,True,185,0.0291167328441089,0.16385704951515867,0.15790684495221444,0.16001462835375416,71,78,CONVERGENCE: RELATIVE REDUCTION OF F <= FACTR*EPSMCH,-3.1251256121003976,-0.8457459573090119,False,0.0604906000662595,13,13
16,crossed,crossed,True,186,0.02911705131927802,0.16385739680263697,0.15789801956245225,0.1600061730109653,4016,4618,CONVERGENCE: RELATIVE REDUCTION OF F <= FACTR*EPSMCH,-3.144464430811248,7.999999846007239,True,3.868855500011705,13,13
16,crossed,crossed,True,187,0.02911673284410782,0.16385704931650577,0.15790684514922393,0.16001462880600992,60,65,CONVERGENCE: RELATIVE REDUCTION OF F <= FACTR*EPSMCH,-3.010790888622629,-1.521627935271089,False,0.06607290008105338,13,13
16,crossed,crossed,True,188,0.0296314103057851,0.16547904809173183,0.15914274714240684,0.16102113409832042,4156,4800,CONVERGENCE: RELATIVE REDUCTION OF F <= FACTR*EPSMCH,-8.0,5.611281155604493,True,4.004500100039877,13,13
16,crossed,crossed,True,189,0.029116732844109608,0.16385704950038718,0.15790684519896342,0.16001462858353574,133,148,CONVERGENCE: RELATIVE REDUCTION OF F <= FACTR*EPSMCH,-3.136472663274348,-0.5080103241417846,False,0.13517300004605204,13,13
16,crossed,crossed,True,190,0.02911673284414648,0.1638570493928227,0.15790684859153764,0.1600146327819956,344,383,CONVERGENCE: RELATIVE REDUCTION OF F <= FACTR*EPSMCH,-3.146961431393653,0.49934424638263936,False,0.3427265000063926,13,13
16,crossed,crossed,True,191,0.029116732844112377,0.16385704936186854,0.15790684419278678,0.1600146275939624,100,113,CONVERGENCE: RELATIVE REDUCTION OF F <= FACTR*EPSMCH,-3.12969913977453,-0.734382291559815,False,0.08818940003402531,13,13
16,crossed,crossed,True,192,0.029116732844112796,0.1638570492753404,0.15790684590745102,0.16001462998696536,98,108,CONVERGENCE: RELATIVE REDUCTION OF F <= FACTR*EPSMCH,-2.9000597971112456,-0.828590916058638,False,0.09038319997489452,13,13
16,crossed,crossed,True,193,0.029116732844108015,0.16385704949383134,0.15790684588077,0.1600146296667869,54,59,CONVERGENCE: RELATIVE REDUCTION OF F <= FACTR*EPSMCH,-2.9524259559742037,-1.2520949770701628,False,0.05854230001568794,13,13
16,crossed,crossed,True,194,0.029631411185690897,0.16547903989135532,0.15914283606782853,0.1610212779003278,2206,2594,CONVERGENCE: RELATIVE REDUCTION OF F <= FACTR*EPSMCH,-8.0,6.610853941511587,True,2.1159544999245554,13,13
16,crossed,crossed,True,195,0.029116732844114892,0.16385704963147313,0.15790684751155817,0.16001463126842125,218,240,CONVERGENCE: RELATIVE REDUCTION OF F <= FACTR*EPSMCH,-3.1465649606708714,0.3915679179856967,False,0.20040219998918474,13,13
16,crossed,crossed,True,196,0.029116946924413512,0.16385729718000955,0.157903883848583,0.16001071748709372,22103,24127,CONVERGENCE: RELATIVE REDUCTION OF F <= FACTR*EPSMCH,-3.1452910721153913,7.99903813998098,True,10.875399500015192,13,13
16,crossed,crossed,True,197,0.02963095897235861,0.1654776916376813,0.15914642754629074,0.16102616612799622,2500,3033,CONVERGENCE: RELATIVE REDUCTION OF F <= FACTR*EPSMCH,-8.0,5.930719611542718,True,1.1682964999927208,13,13
16,crossed,crossed,True,198,0.029116732844107866,0.1638570494429278,0.1579068456748138,0.16001462927779328,62,67,CONVERGENCE: RELATIVE REDUCTION OF F <= FACTR*EPSMCH,-2.990760428036503,-1.4421741079404649,False,0.02559800003655255,13,13
16,crossed,crossed,True,199,0.029631410940658295,0.16547899743888755,0.1591431658833004,0.1610216764324143,1717,1991,CONVERGENCE: RELATIVE REDUCTION OF F <= FACTR*EPSMCH,-8.0,5.264022356499356,True,0.7501031000865623,13,13
