target,sector,n_layers,method,kind,init,seed,nominal_params,effective_circuit_params,n_bases,boundary_margin,nfev,seconds,included_fraction,train_rmse,train_linf,nested_rmse,nested_linf,shifted_rmse,shifted_linf,odd_energy,even_energy,train_objective,n_live_observables,optimizer_success,optimizer_message,optimizer_fun,max_raw_even_expectation,raw_even_expectation_l2,max_decoder_even_expectation,log_scale_odd_z,log_scale_odd_x,log_scale_even_x,log_scale_even_y,train_recovery,train_success,nested_recovery,nested_success,shifted_recovery,shifted_success
triangle,odd,1,zero,classical,n/a,,,,,,,,0.63671875,0.11834645469858371,0.1875,0.1185679148198624,0.18945312500000003,0.11878397420043624,0.18994140625000008,0.0,0.0,0.014005883339723926,,,,,,,,,,,,0.0,False,0.0,False,0.0,False
triangle,odd,1,analytic_truncation,classical,n/a,,,,,,,,0.63671875,0.0003919148459943011,0.0007773439519150882,0.00039230833883597134,0.0007821813484310824,0.0003924560514316886,0.0007816055290817137,0.04166500865049353,0.0,1.5401389659724167e-07,,,,,,,,,,,,0.9967002616340459,False,0.9967058660567926,False,0.9967125748040453,False
triangle,odd,1,ols_full,classical,n/a,,,,,,,,0.63671875,1.3831246220405298e-06,4.0095386426575175e-06,1.6545990721022358e-06,1.2943104611223832e-05,1.8528746691463645e-06,1.591795318034439e-05,0.040579870935136424,1.4281033852372337e-09,4.0771175735249287e-10,,,,,,,,,,,,1.0000002030297275,True,1.000000682014282,True,1.000000978434005,True
triangle,odd,1,ols_odd,classical,n/a,,,,,,,,0.63671875,1.8476110022881477e-06,4.179650705038451e-06,2.158905850557928e-06,1.3879161363888892e-05,2.388695757376414e-06,1.711010491797782e-05,0.04053861043585017,0.0,4.0879977077427785e-10,,,,,,,,,,,,0.9999962781812451,True,0.9999964286362849,True,0.9999964674721994,True
triangle,odd,1,ols_even,classical,n/a,,,,,,,,0.63671875,0.11753369200531716,0.19057448874812705,0.11778612630439966,0.19576585752405623,0.11803132333771942,0.19719436805902393,0.0,0.004104683636212964,0.01381416879744759,,,,,,,,,,,,0.006867737265878357,False,0.0065936890241612076,False,0.006336404761385158,False
triangle,odd,1,ridge_full,classical,n/a,,,,,,,,0.63671875,1.4071521847876198e-06,4.707394049896507e-06,1.735462899783449e-06,1.4325628578171212e-05,1.9690950221376376e-06,1.7504992828709653e-05,0.0405664597384573,1.0436437404080017e-09,4.07644685092163e-10,,,,,,,,,,,,1.0,True,1.0,True,1.0,True
triangle,odd,1,ridge_odd,classical,n/a,,,,,,,,0.63671875,1.8577224959762688e-06,4.835864224006503e-06,2.2155646363175006e-06,1.50937888577507e-05,2.4749389625373233e-06,1.8487787078691476e-05,0.04053111629705734,0.0,4.087622958426298e-10,,,,,,,,,,,,0.9999961927404608,True,0.9999959507699485,True,0.9999957414093157,True
triangle,odd,1,ridge_even,classical,n/a,,,,,,,,0.63671875,0.11753369200531862,0.19057442151166737,0.11778612627213168,0.19576575002298172,0.11803132328034129,0.19719424935811616,0.0,0.004104614971640801,0.013814168797447245,,,,,,,,,,,,0.006867737265866044,False,0.006593689296312846,False,0.00633640524443922,False
triangle,odd,1,spherical_full,classical_null,random,0.0,17.0,,,,846.0,,0.63671875,0.0010309166222089061,0.0030260127887739574,0.0010903612057052963,0.005881079968912767,0.0011364872022074182,0.006725139717382395,0.025290017486551897,4.688527951447982e-05,1.063042450974281e-06,,,,,,,,,,,,0.9913007811364436,False,0.9908184125632653,False,0.9904487375324365,False
triangle,odd,1,spherical_full,classical_null,random,1.0,17.0,,,,2448.0,,0.63671875,6.39438198665077e-06,3.660180372666577e-05,7.483131888317121e-06,6.651505119845136e-05,8.271546551040531e-06,7.550114789600659e-05,0.04036962741731166,1.3335275681512525e-08,4.445845285170772e-10,,,,,,,,,,,,0.9999578585677621,True,0.9999515235371527,True,0.9999469410242459,True
triangle,odd,1,spherical_full,classical_null,random,2.0,17.0,,,,3420.0,,0.63671875,2.057016059029611e-06,9.394915299776319e-06,2.558783747052129e-06,1.9521773480968285e-05,2.908823327154636e-06,2.277922371382579e-05,0.040560849236306366,1.8223683235482698e-09,4.098398256538527e-10,,,,,,,,,,,,0.9999945087362107,True,0.9999930560227904,True,0.99999208863073,True
triangle,odd,1,spherical_full,classical_null,random,3.0,17.0,,,,3870.0,,0.63671875,1.5495617599415945e-06,4.503052076110237e-06,1.8499190621171874e-06,1.3541385394638672e-05,2.0691835435576964e-06,1.6723424728304348e-05,0.04055476734560349,5.654614680991399e-10,4.079488207585229e-10,,,,,,,,,,,,0.9999987966579243,True,0.9999990346643287,True,0.9999991573763943,True
triangle,odd,1,spherical_full,classical_null,random,4.0,17.0,,,,4356.0,,0.63671875,2.3572249917142027e-06,7.009835434640399e-06,2.570803622919549e-06,1.5105036132001537e-05,2.7391927669863374e-06,1.8842789651085656e-05,0.040528446628848414,6.16757048541843e-10,4.1084098211761667e-10,,,,,,,,,,,,0.9999919720104337,True,0.9999929546458554,True,0.999993516713713,True
triangle,odd,1,spherical_full,classical_null,random,5.0,17.0,,,,3744.0,,0.63671875,1.0917836741278737e-05,4.1743180498148014e-05,1.1689938411465716e-05,6.07313264174153e-05,1.229292771284024e-05,6.582705844478814e-05,0.04071125082337227,6.179778898077287e-08,5.263122853208285e-10,,,,,,,,,,,,0.9999196359733368,True,0.9999160428752476,True,0.9999130858863551,True
triangle,odd,1,spherical_full,classical_null,random,6.0,17.0,,,,3240.0,,0.63671875,1.5561091686294963e-06,5.931152382593341e-06,1.9271278142031634e-06,1.506426327058108e-05,2.189481196218725e-06,1.8080200238995703e-05,0.04055547135627398,6.137269564710825e-10,4.0797619544470215e-10,,,,,,,,,,,,0.9999987413331869,True,0.9999983834773503,True,0.9999981446164855,True
triangle,odd,1,spherical_full,classical_null,random,7.0,17.0,,,,3456.0,,0.63671875,3.7312656791523337e-06,2.485581252514857e-05,4.459739803300457e-06,4.6181002725520504e-05,4.9812228831788594e-06,5.267912409215314e-05,0.04048150504831303,8.624056611270038e-09,4.1873748029211654e-10,,,,,,,,,,,,0.9999803615483491,True,0.9999770231534971,True,0.999974641547275,True
triangle,odd,1,spherical_full,classical_null,random,8.0,17.0,,,,4734.0,,0.63671875,1.549406958714069e-06,4.4532397652785605e-06,1.7715481937848263e-06,1.2823623061541944e-05,1.9406735205131054e-06,1.5661360069280095e-05,0.04057574444412338,7.844866131565087e-10,4.0815811420981147e-10,,,,,,,,,,,,0.9999987979659742,True,0.9999996956527215,True,1.0000002392744727,True
triangle,odd,1,spherical_full,classical_null,random,9.0,17.0,,,,4176.0,,0.63671875,1.50819727340513e-06,4.780233847589965e-06,1.816386157961351e-06,1.3773574213421513e-05,2.039811088888298e-06,1.704780881059409e-05,0.04055711635327941,8.268692245794289e-10,4.0784583081699293e-10,,,,,,,,,,,,0.999999146182365,True,0.9999993174844748,True,0.9999994046567349,True
triangle,odd,1,spherical_full,classical_null,random,10.0,17.0,,,,4734.0,,0.63671875,1.4027290197628858e-06,4.401081690502684e-06,1.6949088234955939e-06,1.3541349431045457e-05,1.90662128624531e-06,1.6580823935380407e-05,0.040571950351831136,1.022983468422464e-09,4.076871624510311e-10,,,,,,,,,,,,1.0000000373751594,True,1.0000003420374721,True,1.000000525952865,True
triangle,odd,1,spherical_full,classical_null,random,11.0,17.0,,,,3798.0,,0.63671875,1.5226162898019366e-06,5.813406834892509e-06,1.859574332429212e-06,1.550013972509423e-05,2.1008601086714504e-06,1.8696988038857665e-05,0.04055999442005302,6.72816517619625e-10,4.079183112946655e-10,,,,,,,,,,,,0.9999990243435833,True,0.999998953230733,True,0.9999988906982465,True
triangle,odd,1,spherical_full,classical_null,random,12.0,17.0,,,,4104.0,,0.63671875,1.515467997622798e-06,5.064541632654462e-06,1.7947307087653717e-06,1.2959126652722919e-05,1.9997102235939632e-06,1.560374487311056e-05,0.04057559304693227,7.444514904165028e-10,4.080525811656564e-10,,,,,,,,,,,,0.9999990847457069,True,0.999999500128879,True,0.9999997422572432,True
triangle,odd,1,spherical_full,classical_null,random,13.0,17.0,,,,3348.0,,0.63671875,1.9035300949270676e-06,7.129064438143873e-06,2.2364537440838304e-06,1.890397603701577e-05,2.4802943046260233e-06,2.2704209788809715e-05,0.04054494647244696,1.0990542837937686e-09,4.090729025373055e-10,,,,,,,,,,,,0.999995805672308,True,0.9999957745889508,True,0.9999956963238494,True
triangle,odd,1,spherical_full,classical_null,random,14.0,17.0,,,,4302.0,,0.63671875,1.794997136711745e-06,5.5017613287966505e-06,2.0077938334050347e-06,1.4160923815897952e-05,2.1700492319616322e-06,1.701824854991041e-05,0.04060531582466834,2.5237571868630843e-09,4.0927519820505863e-10,,,,,,,,,,,,0.9999967227614509,True,0.9999977031314065,True,0.9999983082099881,True
triangle,odd,1,spherical_full,classical_null,random,15.0,17.0,,,,4716.0,,0.63671875,7.972040859217801e-06,3.845608143612789e-05,8.988197421738575e-06,6.455961596407711e-05,9.745444202918256e-06,7.226750619762634e-05,0.04046495496488638,2.1250287916494047e-08,4.682031976127809e-10,,,,,,,,,,,,0.9999445275589428,True,0.9999388296514125,True,0.9999345325988235,True
triangle,odd,1,spherical_full,classical_null,random,16.0,17.0,,,,4122.0,,0.63671875,2.1894049993589626e-06,1.2112409880665753e-05,2.665182279998732e-06,2.338732256149112e-05,3.0021025526856083e-06,2.69655505223676e-05,0.04058609385126754,5.048378499557984e-09,4.106544832476784e-10,,,,,,,,,,,,0.999993390067174,True,0.9999921586460383,True,0.9999913033331131,True
triangle,odd,1,spherical_full,classical_null,random,17.0,17.0,,,,3438.0,,0.63671875,1.6649631250255317e-05,6.367076151017614e-05,1.837155999260788e-05,0.00011087427249276138,1.967199241757028e-05,0.00012529116426168718,0.04023198327112512,7.145472812140305e-08,6.795307680280109e-10,,,,,,,,,,,,0.9998712030677964,True,0.9998596893550669,True,0.9998509631372217,True
triangle,odd,1,spherical_full,classical_null,random,18.0,17.0,,,,4266.0,,0.63671875,1.7076165795895649e-06,5.8060369906853815e-06,1.9684691402114615e-06,1.4624196810669732e-05,2.164220791523947e-06,1.756812526323981e-05,0.040563943545259204,1.4785648879887815e-10,4.08555391314046e-10,,,,,,,,,,,,0.9999974611156021,True,0.9999980348001285,True,0.9999983572783671,True
triangle,odd,1,spherical_full,classical_null,random,19.0,17.0,,,,3528.0,,0.63671875,1.4978766785961352e-06,5.2608831511979925e-06,1.8102219091340188e-06,1.5424794127666397e-05,2.0363135453605915e-06,1.8765194035791355e-05,0.040558588331323676,9.4158538021273e-10,4.0782952727337277e-10,,,,,,,,,,,,0.9999992333900262,True,0.999999369474417,True,0.999999434101797,True
triangle,odd,1,spherical_odd,classical_null,random,0.0,9.0,,,,780.0,,0.63671875,1.9190515616533202e-06,5.4194056945677804e-06,2.3233030031585195e-06,1.6426093719268398e-05,2.6121956451873463e-06,2.0035323107209235e-05,0.04052263809060837,0.0,4.089091398023678e-10,,,,,,,,,,,,0.999995674517967,True,0.9999950420928921,True,0.9999945858750028,True
triangle,odd,1,spherical_odd,classical_null,random,1.0,9.0,,,,540.0,,0.63671875,0.00039868053934847164,0.0011401845772684438,0.0004319944841601834,0.002265657185178377,0.00045713398656009645,0.00259509241483058,0.02892880919436473,0.0,1.592354605471319e-07,,,,,,,,,,,,0.9966430924200024,False,0.996371148808253,False,0.9961680652626295,False
triangle,odd,1,spherical_odd,classical_null,random,2.0,9.0,,,,1120.0,,0.63671875,1.9465394637589153e-06,4.828820721530791e-06,2.270707424170458e-06,1.4672280851502073e-05,2.509232623818574e-06,1.792898669555898e-05,0.04054226400453657,0.0,4.092116559293366e-10,,,,,,,,,,,,0.9999954422488296,True,0.9999954856897025,True,0.9999954526984015,True
triangle,odd,1,spherical_odd,classical_null,random,3.0,9.0,,,,420.0,,0.63671875,1.8581033683872582e-06,4.7728181824246985e-06,2.1935091613030315e-06,1.4607883458417348e-05,2.438691105297007e-06,1.7874675699081077e-05,0.04053785448703749,0.0,4.0883109299798685e-10,,,,,,,,,,,,0.9999961895221393,True,0.9999961367882139,True,0.9999960465721829,True
triangle,odd,1,spherical_odd,classical_null,random,4.0,9.0,,,,1190.0,,0.63671875,2.5408726156589162e-06,8.514841594781108e-06,2.913526579711063e-06,1.8774805768284608e-05,3.1894339731887793e-06,2.211332565432711e-05,0.04054837759624319,0.0,4.119398096114373e-10,,,,,,,,,,,,0.9999904202122998,True,0.9999900640833134,True,0.999989726230417,True
triangle,odd,1,spherical_odd,classical_null,random,5.0,9.0,,,,1250.0,,0.63671875,1.863715680012449e-06,5.054642878449256e-06,2.2302620326211064e-06,1.5358871768872406e-05,2.495167278442351e-06,1.876702833700228e-05,0.04053020766238046,0.0,4.087755127597289e-10,,,,,,,,,,,,0.9999961420988484,True,0.999995826810516,True,0.9999955711115008,True
triangle,odd,1,spherical_odd,classical_null,random,6.0,9.0,,,,1290.0,,0.63671875,1.920535583848424e-06,5.592846757662695e-06,2.274950990166556e-06,1.546594274456914e-05,2.5326323787925285e-06,1.873429159773843e-05,0.04054066726427457,0.0,4.0909512957157367e-10,,,,,,,,,,,,0.9999956619781757,True,0.9999954498990072,True,0.9999952557009275,True
triangle,odd,1,spherical_odd,classical_null,random,7.0,9.0,,,,990.0,,0.63671875,1.9703501737253357e-06,7.5308675246410495e-06,2.4689973563166867e-06,1.9092042168739054e-05,2.8158185390399522e-06,2.285234386126267e-05,0.04051793381350208,0.0,4.090616179421203e-10,,,,,,,,,,,,0.9999952410514794,True,0.9999938132909357,True,0.9999928716179175,True
triangle,odd,1,spherical_odd,classical_null,random,8.0,9.0,,,,1310.0,,0.63671875,1.904126437426533e-06,5.0482425352771365e-06,2.2695550721646864e-06,1.5467845839611805e-05,2.5343426826934524e-06,1.8909441833608875e-05,0.040528368760559236,0.0,4.08909385095299e-10,,,,,,,,,,,,0.9999958006332927,True,0.9999954954087642,True,0.9999952413022489,True
triangle,odd,1,spherical_odd,classical_null,random,9.0,9.0,,,,1400.0,,0.63671875,1.9035463281857278e-06,5.8334860530140364e-06,2.3077660643734465e-06,1.6496754335737496e-05,2.596470843974972e-06,2.0005655167631975e-05,0.04052667433079533,0.0,4.0889023193150257e-10,,,,,,,,,,,,0.999995805535139,True,0.9999951731331169,True,0.9999947182587019,True
triangle,odd,1,spherical_odd,classical_null,random,10.0,9.0,,,,1130.0,,0.63671875,1.90927499760162e-06,4.486020454441686e-06,2.189817597622588e-06,1.319611311040303e-05,2.4003881382681747e-06,1.6420093095326216e-05,0.040537914315001165,0.0,4.090244741664784e-10,,,,,,,,,,,,0.9999957571286402,True,0.9999961679232618,True,0.9999963690365745,True
triangle,odd,1,spherical_odd,classical_null,random,11.0,9.0,,,,1050.0,,0.63671875,1.944882055384816e-06,5.7631808184355204e-06,2.3074049313014242e-06,1.5768931935777886e-05,2.5707882183363604e-06,1.908439620160185e-05,0.040535497503053214,0.0,4.0913754123988997e-10,,,,,,,,,,,,0.9999954562537111,True,0.9999951761789523,True,0.9999949344751702,True
triangle,odd,1,spherical_odd,classical_null,random,12.0,9.0,,,,1280.0,,0.63671875,1.925417825856641e-06,5.4096614156007305e-06,2.287021293203694e-06,1.557990416506394e-05,2.549253560640227e-06,1.893424706150837e-05,0.04053686712495402,0.0,4.0907590505366676e-10,,,,,,,,,,,,0.9999956207238764,True,0.999995348096764,True,0.9999951157707938,True
triangle,odd,1,spherical_odd,classical_null,random,13.0,9.0,,,,500.0,,0.63671875,2.516709969645745e-06,7.5238471731464696e-06,2.7389373451876847e-06,1.2876352539631375e-05,2.9138360399334743e-06,1.6523886303715374e-05,0.04051128983178255,0.0,4.1144672738913977e-10,,,,,,,,,,,,0.9999906243834629,True,0.9999915365878292,True,0.9999920464297857,True
triangle,odd,1,spherical_odd,classical_null,random,14.0,9.0,,,,1110.0,,0.63671875,2.014945791748954e-06,7.003669309446625e-06,2.4427287330628484e-06,1.773405160945818e-05,2.7473496682857746e-06,2.1239701219977203e-05,0.040533451972846295,0.0,4.093945262721498e-10,,,,,,,,,,,,0.9999948642244052,True,0.9999940348433497,True,0.9999934480425258,True
triangle,odd,1,spherical_odd,classical_null,random,15.0,9.0,,,,1150.0,,0.63671875,1.8847367587231091e-06,4.861300992919926e-06,2.2443846262358135e-06,1.5231070968485527e-05,2.5052021300622663e-06,1.8656340826206375e-05,0.040530501768661485,0.0,4.088572503362969e-10,,,,,,,,,,,,0.9999959644735135,True,0.9999957076990318,True,0.9999954866302564,True
triangle,odd,1,spherical_odd,classical_null,random,16.0,9.0,,,,1040.0,,0.63671875,1.8824962547654837e-06,5.3903757667173036e-06,2.2735107675081847e-06,1.6022220022116063e-05,2.5537774955007894e-06,1.952435473318026e-05,0.0405265578448201,0.0,4.0880937059740715e-10,,,,,,,,,,,,0.9999959834054755,True,0.9999954620460012,True,0.999995077684765,True
triangle,odd,1,spherical_odd,classical_null,random,17.0,9.0,,,,760.0,,0.63671875,1.8624999818321141e-06,4.6745311005624846e-06,2.2148318761233254e-06,1.4947095082429307e-05,2.470848704051765e-06,1.834604268044493e-05,0.04053072586925397,0.0,4.087761648748644e-10,,,,,,,,,,,,0.9999961523713371,True,0.9999959569501273,True,0.9999957758443169,True
triangle,odd,1,spherical_odd,classical_null,random,18.0,9.0,,,,1230.0,,0.63671875,2.0532695463671496e-06,5.032968650037217e-06,2.4095117513422152e-06,1.5643326890357745e-05,2.6706948583696277e-06,1.9279798366911294e-05,0.04051452677006634,0.0,4.09361183530702e-10,,,,,,,,,,,,0.9999945403937471,True,0.9999943149989717,True,0.9999940933827846,True
triangle,odd,1,spherical_odd,classical_null,random,19.0,9.0,,,,690.0,,0.63671875,2.029417384028621e-06,5.279380039663328e-06,2.2618766912324146e-06,1.2051321853584485e-05,2.441958825916409e-06,1.5299020215353565e-05,0.04053018400003643,0.0,4.0942037491896193e-10,,,,,,,,,,,,0.9999947419413643,True,0.9999955601690608,True,0.99999601906195,True
triangle,odd,1,spherical_sector,classical_null,random,0.0,18.0,,,,2128.0,,0.63671875,0.0004103094994038572,0.001359493252202748,0.0004382831255649154,0.002318031861792913,0.0004597343647476576,0.002596853016611722,0.03063743568987137,1.1253517471925914e-07,1.6866026078329437e-07,,,,,,,,,,,,0.9965448292455267,False,0.9963181097254484,False,0.9961461732413148,False
triangle,odd,1,spherical_sector,classical_null,random,1.0,18.0,,,,2318.0,,0.63671875,9.425266594103136e-05,0.00043645269628049543,9.763652638425793e-05,0.0005081971276100425,0.00010051613070041059,0.000525321603353196,0.039356359725342765,1.1253517471925913e-07,9.277129759596827e-09,,,,,,,,,,,,0.9992154676880768,True,0.9991911600423949,True,0.9991703538293464,True
triangle,odd,1,spherical_sector,classical_null,random,2.0,18.0,,,,3952.0,,0.63671875,3.4392036578943933e-05,0.0002014539767374035,3.643211070527442e-05,0.0002475529220761566,3.812020826914834e-05,0.0002593794503026395,0.040236812103071715,1.1253517471925913e-07,1.5851814264298821e-09,,,,,,,,,,,,0.9997212820892972,True,0.9997073647140046,True,0.9996956515996263,True
triangle,odd,1,spherical_sector,classical_null,random,3.0,18.0,,,,931.0,,0.63671875,0.00010530161538294866,0.0005165126192137118,0.0001106904211240377,0.000598586821113474,0.00011519779444205063,0.0006184481439932207,0.0386890870344773,1.1253517471925912e-07,1.147532219795497e-08,,,,,,,,,,,,0.9991221055265753,False,0.9990810620801381,False,0.9990467520789919,False
triangle,odd,1,spherical_sector,classical_null,random,4.0,18.0,,,,2451.0,,0.63671875,0.00019248361685605787,0.00036456569204990075,0.0001923170843928464,0.0003662978907121861,0.0001921669278502126,0.0003664317719303811,0.040151862670342486,1.1253517471925913e-07,3.745146251004486e-08,,,,,,,,,,,,0.9983854291444147,False,0.9983926139601809,False,0.9983987655987178,False
triangle,odd,1,spherical_sector,classical_null,random,5.0,18.0,,,,3534.0,,0.63671875,0.00011579607127411324,0.00039125034231040495,0.00011885632032460625,0.0004814698068911008,0.000121448022968846,0.0005038821022185433,0.03959600448657238,1.1253517471925913e-07,1.3804691292736983e-08,,,,,,,,,,,,0.9990334287622431,False,0.9990121900017356,False,0.998994132757393,False
triangle,odd,1,spherical_sector,classical_null,random,6.0,18.0,,,,2546.0,,0.63671875,0.0001713432496178622,0.000497400102774069,0.00017402083533910956,0.000560140666407527,0.00017647518493055947,0.0005957056751214052,0.03919579158797426,1.125351747192591e-07,2.9750468230840528e-08,,,,,,,,,,,,0.9985640624516506,False,0.9985469265065829,False,0.9985308709871199,False
triangle,odd,1,spherical_sector,classical_null,random,7.0,18.0,,,,3040.0,,0.63671875,0.0001282904725702729,0.0006406783158561455,0.00013264782064074834,0.0007353202473440873,0.00013641788886012733,0.0007579334882301322,0.03894538238610508,1.1253517471925916e-07,1.6847900301516744e-08,,,,,,,,,,,,0.9989278527237421,False,0.9988958709941489,False,0.9988681046954994,False
triangle,odd,1,spherical_sector,classical_null,random,8.0,18.0,,,,3287.0,,0.63671875,0.00016828483637277834,0.0007760744868404376,0.000172630178300633,0.0008795553599378475,0.00017643397058973644,0.0009032686609950352,0.038583089057585576,1.1253517471925908e-07,2.8705618168940387e-08,,,,,,,,,,,,0.9985899056390799,False,0.9985586554586839,False,0.9985312179617378,False
triangle,odd,1,spherical_sector,classical_null,random,9.0,18.0,,,,2641.0,,0.63671875,2.6457024996328e-05,9.279384558425613e-05,2.6843276034080508e-05,0.00010546225515502966,2.7180927280009936e-05,0.00010812515372331938,0.04096908256747972,1.1253517471925909e-07,1.109666122682869e-09,,,,,,,,,,,,0.9997883318877224,True,0.9997882379843015,True,0.9997877470393306,True
triangle,odd,1,spherical_sector,classical_null,random,10.0,18.0,,,,2603.0,,0.63671875,0.00013152730345802194,0.0004702962261338428,0.0001341195361252076,0.0005415499056685147,0.00013651782061357276,0.0005608135748888521,0.03996018514264701,1.125351747192591e-07,1.7699034531716806e-08,,,,,,,,,,,,0.9989005019308288,False,0.9988834583863341,False,0.9988672633916894,False
triangle,odd,1,spherical_sector,classical_null,random,11.0,18.0,,,,2774.0,,0.63671875,7.952377734169965e-05,0.00029838631224347184,8.085873282748651e-05,0.00030696250573034045,8.204707667709079e-05,0.0003075688232597115,0.03948826741002363,1.1253517471925913e-07,6.718914962144206e-09,,,,,,,,,,,,0.9993399248487665,True,0.9993326657706537,True,0.9993258407990007,True
triangle,odd,1,spherical_sector,classical_null,random,12.0,18.0,,,,2451.0,,0.63671875,2.0469712479577354e-05,7.815365546282038e-05,2.1612062302879248e-05,0.0001276891317860407,2.2529426362509907e-05,0.00014203400121198806,0.0403434331886768,1.125511299050111e-07,8.224445863946318e-10,,,,,,,,,,,,0.9998389238866349,True,0.999832358607565,True,0.999826907019105,True
triangle,odd,1,spherical_sector,classical_null,random,13.0,18.0,,,,988.0,,0.63671875,0.00011422206759297875,0.000459808028686004,0.00011807446996672593,0.0005574872985070201,0.00012146749367263704,0.0005836806384555693,0.03996209179933857,1.1253517471925916e-07,1.3446302768560138e-08,,,,,,,,,,,,0.9990467288851782,False,0.9990187842123452,False,0.9989939688377507,False
triangle,odd,1,spherical_sector,classical_null,random,14.0,18.0,,,,3211.0,,0.63671875,7.589586542862478e-05,0.00017203617845124725,7.667173186708664e-05,0.00022805864305504991,7.73031617584529e-05,0.00024264538753285964,0.04044061785154238,1.1253517471925912e-07,6.1645896930270924e-09,,,,,,,,,,,,0.9993705802246213,True,0.9993679793902973,True,0.9993657787922551,True
triangle,odd,1,spherical_sector,classical_null,random,15.0,18.0,,,,3078.0,,0.63671875,8.385266989140364e-05,0.00019611702228764655,8.478613646191522e-05,0.0002689245649447544,8.554546528458351e-05,0.0002880212630231721,0.04008007425396825,1.125351747192591e-07,7.432072115808142e-09,,,,,,,,,,,,0.9993033462792409,True,0.9992995416229775,True,0.9992963886222641,True
triangle,odd,1,spherical_sector,classical_null,random,16.0,18.0,,,,2546.0,,0.63671875,7.908645781853954e-05,0.00029670773194445665,8.112177379086176e-05,0.00038802315846131474,8.289848964880172e-05,0.0004134453656066406,0.03969461151512087,1.1253517471925913e-07,6.6516150507865895e-09,,,,,,,,,,,,0.9993436201408995,True,0.9993304472546755,True,0.9993186729374129,True
triangle,odd,1,spherical_sector,classical_null,random,17.0,18.0,,,,3572.0,,0.63671875,0.0001299437575631463,0.0005986921312702356,0.0001329069499273363,0.000649297376345899,0.00013558610967429326,0.0006607750750495661,0.039259734798239604,1.1253517471925909e-07,1.7277978602963885e-08,,,,,,,,,,,,0.9989138826842081,False,0.9988936854696765,False,0.998875107264492,False
triangle,odd,1,spherical_sector,classical_null,random,18.0,18.0,,,,2565.0,,0.63671875,7.827682762782111e-05,0.00034924343856220647,8.18603906423569e-05,0.00042212040764348646,8.489386660738042e-05,0.00044032631094314406,0.0398272179091373,1.1253517471925913e-07,6.52553504791874e-09,,,,,,,,,,,,0.9993504614089331,True,0.9993242176801418,True,0.9993018742905404,True
triangle,odd,1,spherical_sector,classical_null,random,19.0,18.0,,,,2185.0,,0.63671875,0.00020361565079016105,0.00045814761108444596,0.00020567462701669771,0.000522910946414365,0.00020757203999365557,0.0005372000730032508,0.041483632439371816,1.1253517471925916e-07,4.1874170696446275e-08,,,,,,,,,,,,0.9982913649299427,False,0.9982799549987782,False,0.9982690732928018,False
triangle,odd,1,generic,variational,random,0.0,16.0,12.0,3.0,0.10315086436199394,7837.0,3.6001922000432387,0.63671875,2.8901461691447097e-05,9.995781266322612e-05,3.146178227184225e-05,0.0001746405908669979,3.340990613576207e-05,0.00019629099399764982,0.03987877508058861,1.8050675463380462e-13,1.2340822387098753e-09,16.0,True,CONVERGENCE: RELATIVE REDUCTION OF F <= FACTR*EPSMCH,1.2340822387098753e-09,1.4083193610170325e-06,2.201430557501594e-06,1.4083193610170325e-06,-0.7964987001140096,-7.999876495324144,-1.0571630488751915,-2.2781925258089015,0.9997676767209386,True,0.9997492850024072,True,0.9997353066141145,True
triangle,odd,1,generic,variational,random,1.0,16.0,12.0,3.0,0.02901984743928121,6749.0,4.674493899976369,0.63671875,0.00019346820154971564,0.0005433309336162484,0.0001987422848637791,0.0007354871644771332,0.000203081675351354,0.000787425647207296,0.03957897578173454,3.425678282384053e-09,3.782573480295552e-08,16.0,True,CONVERGENCE: RELATIVE REDUCTION OF F <= FACTR*EPSMCH,3.782573480295552e-08,0.014710097105869343,0.02628656538507386,0.014710097105869343,-1.1411660794108054,-8.0,-7.999999960869559,-5.436832116781208,0.99837710953397,False,0.9983384231234197,False,0.9983068767011406,False
triangle,odd,1,generic,variational,random,2.0,16.0,12.0,3.0,0.06338401435182017,1802.0,1.0683840000419877,0.63671875,0.00023638545173010063,0.0007217165620856392,0.00024466129448896476,0.0009903997941213272,0.00025144220876631396,0.0010618997591693713,0.03937588560389943,1.7155526037219266e-10,5.627184064739827e-08,16.0,True,CONVERGENCE: RELATIVE REDUCTION OF F <= FACTR*EPSMCH,5.627184064739827e-08,4.942174630231876e-05,5.6596704967929815e-05,4.942174630231876e-05,-1.3947634528843365,-8.0,-1.8207264311857043,-1.4290515468097778,0.9980144644459821,False,0.9979511372222105,False,0.9978997398341375,False
triangle,odd,1,generic,variational,random,3.0,16.0,12.0,3.0,0.24633297067040627,11152.0,4.830839100002777,0.63671875,0.00015418429472198038,0.00044150103919221584,0.00016000126642269535,0.000644917155238317,0.00016470131727973664,0.0007008100027666164,0.03927564970766583,4.533331316285061e-10,2.4165553240524497e-08,16.0,True,CONVERGENCE: RELATIVE REDUCTION OF F <= FACTR*EPSMCH,2.4165553240524497e-08,6.671602164894062e-05,7.142591377171114e-05,6.671602164894062e-05,-1.3399392234999468,-8.0,-1.2725532778666857,-1.2100562523651637,0.9987090533511569,False,0.9986651690694491,False,0.9986299926313487,False
triangle,odd,1,generic,variational,random,4.0,16.0,12.0,3.0,0.00278605691651701,7514.0,3.3510029000462964,0.63671875,0.0006337684541463337,0.0025748467755972726,0.0007030585603030089,0.004443091015167933,0.0007548791603815811,0.0049883055701052115,0.0249469509360851,6.588325256151218e-08,4.019119236392268e-07,16.0,True,CONVERGENCE: RELATIVE REDUCTION OF F <= FACTR*EPSMCH,4.019119236392268e-07,0.0003557245143583048,0.0005628835434075788,0.0003557245143583048,-1.9310560015908933,0.7682474554159963,-1.8502784802367023,-0.5240905173720062,0.9946566306315976,False,0.9940849650279125,False,0.9936614130676505,False
triangle,odd,1,generic,variational,random,5.0,16.0,12.0,3.0,0.0001470035567536776,4301.0,1.9011877999873832,0.63671875,0.0022125813055654158,0.0050631739635811565,0.002242347139335324,0.005072518615327017,0.0022654798688887924,0.005689572501984985,0.03335956219420602,2.819482408475269e-07,4.895849632178984e-06,16.0,True,CONVERGENCE: RELATIVE REDUCTION OF F <= FACTR*EPSMCH,4.895849632178984e-06,0.0018772596042721987,0.0023689419045942006,0.0018772596042721987,-2.3591917573788868,0.03909045590449692,-0.9530549221282686,-1.6398510536938913,0.9813158708435712,False,0.981102438413826,False,0.9809439925529302,False
triangle,odd,1,generic,variational,random,6.0,16.0,12.0,3.0,0.9177635992262865,20672.0,12.30681519996142,0.63671875,0.00010414986127032734,0.00035458344539301967,0.00011456916297370505,0.0006599993992986719,0.000122380967628699,0.0007498322808830449,0.036731533070606275,3.935072872057771e-10,1.1214508937269564e-08,16.0,True,CONVERGENCE: RELATIVE REDUCTION OF F <= FACTR*EPSMCH,1.1214508937269564e-08,5.511327519884683e-05,6.909800845578972e-05,5.511327519884683e-05,0.8438309650989736,-0.5415185569201975,-1.4952588767985822,-1.220558741312156,0.9991318376965013,False,0.9990483483512257,False,0.9989862784981638,False
triangle,odd,1,generic,variational,random,7.0,16.0,12.0,3.0,0.034825683458756584,5372.0,2.800680900050793,0.63671875,0.0014077848120661043,0.005183124249904109,0.0015476267963134534,0.009347194611171866,0.0016526527440796275,0.010565131332402278,0.03211444868907567,1.689769957249395e-06,1.982179238468587e-06,16.0,True,CONVERGENCE: RELATIVE REDUCTION OF F <= FACTR*EPSMCH,1.982179238468587e-06,0.005665081470006726,0.009717002978037443,0.005665081470006726,-2.324405531106975,-1.8455399476185745,-1.6987156621320283,-2.308007315634221,0.988116294774989,False,0.9869617850402388,False,0.9861032515186743,False
triangle,odd,1,generic,variational,random,8.0,16.0,12.0,3.0,0.0039049445905270375,5168.0,3.4677193999523297,0.63671875,0.0006447313505775887,0.00238883743318552,0.0007140104381072425,0.004287254424172521,0.000765879505914058,0.004840446538333432,0.024975757481154784,9.389036729299574e-10,4.1592827200180214e-07,16.0,True,CONVERGENCE: RELATIVE REDUCTION OF F <= FACTR*EPSMCH,4.1592827200180214e-07,0.00012099833844801057,0.00013023179318242213,0.00012099833844801057,-1.927288821780069,-1.369371598983796,-1.5553169259640551,-0.9405154822728655,0.9945639956066554,False,0.9939925957041843,False,0.9935688035387684,False
triangle,odd,1,generic,variational,random,9.0,16.0,12.0,3.0,0.07542527916958397,1581.0,0.7528942999779247,0.63671875,0.00014304091461804182,0.0005022061341841688,0.00015774491056324292,0.0009350573296521836,0.0001687591335624172,0.0010614555459419472,0.035417326636795865,1.3177488293721915e-09,2.081487653431138e-08,16.0,True,CONVERGENCE: RELATIVE REDUCTION OF F <= FACTR*EPSMCH,2.081487653431138e-08,0.0004739447270530662,0.0006286600198885972,0.0004739447270530662,-1.5939232085764143,-1.3770231377579143,-4.034873361333155,-2.8356077126982266,0.9988032134392635,False,0.9986841994191803,False,0.9985958307540586,False
triangle,odd,1,generic,variational,random,10.0,16.0,12.0,3.0,0.1662753958634423,4318.0,1.9661893000011332,0.63671875,2.5650875114184825e-06,5.1305624398922944e-06,2.762193170236144e-06,1.3001786641347879e-05,2.9171449740635735e-06,1.5875283768229664e-05,0.04056364443957878,5.924006147745935e-14,4.122161183376153e-10,16.0,True,CONVERGENCE: RELATIVE REDUCTION OF F <= FACTR*EPSMCH,4.122161183376153e-10,1.3753664007364662e-06,1.6190769456080619e-06,1.3753664007364662e-06,-1.426192251805563,-2.869917905094158,-1.9135664921878968,-1.8315345994768846,0.9999902155996331,True,0.9999913404456817,True,0.9999920185725852,True
triangle,odd,1,generic,variational,random,11.0,16.0,12.0,3.0,0.3993124615760526,10251.0,5.315882800030522,0.63671875,0.00026421351659528056,0.0005629831165196164,0.0002683892157765843,0.0007519651239617509,0.00027184733982877214,0.0008028690285914186,0.03938678484947558,1.6015330838460642e-09,7.020265021615469e-08,16.0,True,CONVERGENCE: RELATIVE REDUCTION OF F <= FACTR*EPSMCH,7.020265021615469e-08,0.0002271445634784505,0.0002470773645781741,0.0002271445634784505,-0.2853076667653987,-8.0,-1.8267174861138231,-1.695748899731993,0.9977793209782821,False,0.9977510133638193,False,0.9977279534508015,False
triangle,odd,1,generic,variational,random,12.0,16.0,12.0,3.0,0.0018620176391087595,8041.0,4.536677399999462,0.63671875,0.0006461469996789109,0.002469587525522593,0.0007160018199356995,0.004380371800145999,0.0007682823335164867,0.004936809987861279,0.024945892011181237,6.208528937917555e-09,4.1775540417625555e-07,16.0,True,CONVERGENCE: RELATIVE REDUCTION OF F <= FACTR*EPSMCH,4.1775540417625555e-07,0.0003431034651387509,0.00037685745358109356,0.0003431034651387509,-1.9311976437879452,-1.0041426564614353,-1.775717541202769,-0.7599747514690175,0.9945520335589764,False,0.9939758001741331,False,0.9935485746530859,False
triangle,odd,1,generic,variational,random,13.0,16.0,12.0,3.0,0.34755338989260354,2057.0,0.7667602999717928,0.63671875,0.00023898813368164543,0.0008353097983176128,0.0002635579712833536,0.0015398001805199957,0.0002819722866411739,0.0017456591067307736,0.0325798907225628,4.3537478678295396e-11,5.744112694829703e-08,16.0,True,CONVERGENCE: RELATIVE REDUCTION OF F <= FACTR*EPSMCH,5.744112694829703e-08,1.2639720930208188e-05,1.792224510060072e-05,1.2639720930208188e-05,-1.2894828635194537,-1.6081147209514577,-0.9431163925140479,-1.514187193176806,0.9979924721277103,False,0.9977917606032044,False,0.9976427137143328,False
triangle,odd,1,generic,variational,random,14.0,16.0,12.0,3.0,0.06823852670321018,52496.0,27.5489905999857,0.63671875,0.06478838541691338,0.30849587171178205,0.06655948336485994,0.3565777438577339,0.06811821636455424,0.3686612720496628,0.05767993974090406,0.03777342449240159,0.004197535839464157,16.0,True,CONVERGENCE: RELATIVE REDUCTION OF F <= FACTR*EPSMCH,0.004197535839464157,0.9317614732967898,1.0501016230965126,0.9317614732967898,-1.4016396379045197,4.310640330562446,1.0200846938623496,-2.492267607215081,0.45255860208828846,False,0.4386447445390197,False,0.42654405261906664,False
triangle,odd,1,generic,variational,random,15.0,16.0,12.0,3.0,0.07932589546697189,1870.0,0.7462916999938898,0.63671875,5.3724194750879976e-05,0.00016818504112378618,5.8435942908642006e-05,0.00032254155724895095,6.199175880065665e-05,0.0003684250260548305,0.03851159776221992,6.104518424898499e-10,3.2714050853571976e-09,16.0,True,CONVERGENCE: RELATIVE REDUCTION OF F <= FACTR*EPSMCH,3.2714050853571976e-09,0.00013146521489779941,0.00020233401926407686,0.00013146521489779941,-1.5491531363597493,-2.4574284023718933,-2.2899982222929074,-2.0486270393602193,0.9995579279095259,True,0.9995217820097065,True,0.999494682180813,True
triangle,odd,1,generic,variational,random,16.0,16.0,12.0,3.0,0.0005898879239381039,2924.0,1.2396003999747336,0.63671875,0.00033510845807204566,0.0006597355464035837,0.000336217511864952,0.0006597355464035837,0.0003369984018818345,0.0007234039418961835,0.039061331811338584,3.217090502824596e-07,1.1268829520662789e-07,16.0,True,CONVERGENCE: RELATIVE REDUCTION OF F <= FACTR*EPSMCH,1.1268829520662789e-07,0.7175741299639841,1.1105619268671814,0.7175741299639841,-0.33212030631831724,-8.0,-6.587398822661459,-8.0,0.9971802680990396,False,0.9971789421673262,False,0.9971794607561778,False
triangle,odd,1,generic,variational,random,17.0,16.0,12.0,3.0,0.08026316727289018,5202.0,2.927503400016576,0.63671875,0.00014405476537063353,0.00046100828630882273,0.00014991270504715243,0.0006439456534371724,0.00015465330109514338,0.000693592237263202,0.039632109618672556,3.251321985743569e-09,2.1148096554688223e-08,16.0,True,CONVERGENCE: RELATIVE REDUCTION OF F <= FACTR*EPSMCH,2.1148096554688223e-08,0.00037688905989667463,0.00044723753883924315,0.00037688905989667463,-0.682857524489542,-8.0,-1.9828014452435077,-2.07412971807795,0.9987946465344912,False,0.9987502570889017,False,0.9987145847055073,False
triangle,odd,1,generic,variational,random,18.0,16.0,12.0,3.0,0.18187353660060301,1020.0,0.45045060000848025,0.63671875,0.001397321178650857,0.004832764144959645,0.0015330976477566328,0.008813683339175954,0.0016351295239552099,0.009980447233164408,0.03099754918316065,7.675765044512625e-08,1.952816452565629e-06,16.0,True,CONVERGENCE: RELATIVE REDUCTION OF F <= FACTR*EPSMCH,1.952816452565629e-06,0.0006247245818011458,0.000904443702069215,0.0006247245818011458,-2.191830863144727,-2.38513062384248,-1.389834770323791,-1.0956759972386454,0.9882047110934763,False,0.9870843254529907,False,0.9862507757173848,False
triangle,odd,1,generic,variational,random,19.0,16.0,12.0,3.0,0.0008331878471391496,5576.0,2.457818800001405,0.63671875,0.0006461825828902434,0.002446491398391537,0.0007158976867055284,0.004346809711902377,0.000768083185766374,0.004900639928142714,0.02495386947121551,3.100006510746507e-09,4.1780146915641843e-07,16.0,True,CONVERGENCE: RELATIVE REDUCTION OF F <= FACTR*EPSMCH,4.1780146915641843e-07,7.940156080861501e-05,0.00012852616521896837,7.940156080861501e-05,-1.9317182938174264,-0.3521931330176338,-0.7877005022418928,-0.9031746691869574,0.9945517328855467,False,0.9939766784450762,False,0.9935502512349043,False
triangle,odd,1,equivariant,variational,random,0.0,16.0,8.0,2.0,0.07442601134707538,11118.0,4.514913399994839,0.63671875,0.00018469607568786955,0.0005251984256892939,0.0001910825902893532,0.000747523715174031,0.00019627405046386282,0.0008073285710644695,0.03956092188980228,0.0,3.450824959339726e-08,8.0,True,CONVERGENCE: RELATIVE REDUCTION OF F <= FACTR*EPSMCH,3.450824959339726e-08,0.0,0.0,0.0,-0.6474419097381818,-8.0,-1.3114777368132664,-1.183066838675863,0.9984512328373418,False,0.9984030258171724,False,0.9983641886220956,False
triangle,odd,1,equivariant,variational,random,1.0,16.0,8.0,2.0,0.16647176877377312,3094.0,1.0562644000165164,0.63671875,7.972566235101144e-06,2.4442426942494766e-05,8.939847671626788e-06,5.359578067132276e-05,9.656409607271853e-06,6.255148482064987e-05,0.040265935795038274,0.0,4.662211703234576e-10,8.0,True,CONVERGENCE: RELATIVE REDUCTION OF F <= FACTR*EPSMCH,4.662211703234576e-10,0.0,0.0,0.0,-1.429273637670006,-6.554717216880795,-1.1205298281699945,-0.8502884468413431,0.9999445231195861,True,0.9999392374384422,True,0.9999352821618197,True
triangle,odd,1,equivariant,variational,random,2.0,16.0,8.0,2.0,0.2129299224748602,6494.0,2.6362697000149637,0.63671875,3.666031031196968e-05,0.00012942942176438765,3.972483877158437e-05,0.00021702137532722543,4.207695385492494e-05,0.00024227309561847266,0.03973983562562702,0.0,1.7413767084261806e-09,8.0,True,CONVERGENCE: RELATIVE REDUCTION OF F <= FACTR*EPSMCH,1.7413767084261806e-09,0.0,0.0,0.0,-1.3778973447708216,-7.022451107298799,-0.8862604821897861,-1.024799512929347,0.9997021154762445,True,0.9996795934888192,True,0.9996623406146646,True
triangle,odd,1,equivariant,variational,random,3.0,16.0,8.0,2.0,0.193322012912871,9231.0,3.6983174000051804,0.63671875,0.00013742729879563388,0.0003987729213325575,0.00014311011541728633,0.0005942149735234104,0.00014767466811976338,0.0006480400372188277,0.03929979260209301,0.0,1.927926038028536e-08,8.0,True,CONVERGENCE: RELATIVE REDUCTION OF F <= FACTR*EPSMCH,1.927926038028536e-08,0.0,0.0,0.0,-1.4076262697934292,-8.0,-1.2637876378012805,-1.0977002443086636,0.998850647750532,False,0.9988076308667088,False,0.9987733363065531,False
triangle,odd,1,equivariant,variational,random,4.0,16.0,8.0,2.0,0.02701811993021075,2006.0,0.7443768999655731,0.63671875,0.0018260702588915438,0.00739097863104593,0.0019488231580194932,0.0103425269210273,0.002046859188683788,0.01114910771178898,0.025547512061349677,0.0,3.334788065528843e-06,8.0,True,CONVERGENCE: RELATIVE REDUCTION OF F <= FACTR*EPSMCH,3.334788065528843e-06,0.0,0.0,0.0,-1.8474415008030873,-2.8131053471729435,-1.3732791712410581,-0.4368177188189931,0.984581838069807,False,0.9835780514672933,False,0.9827845127563986,False
triangle,odd,1,equivariant,variational,random,5.0,16.0,8.0,2.0,0.002463313939222722,1598.0,0.5787756000063382,0.63671875,0.0014720139740987805,0.004881058209006278,0.0016133891875880814,0.009117485801176356,0.0017197003756783604,0.01035576329800561,0.0325894999024996,0.0,2.16715103494111e-06,8.0,True,CONVERGENCE: RELATIVE REDUCTION OF F <= FACTR*EPSMCH,2.16715103494111e-06,0.0,0.0,0.0,-2.3387557131508188,-0.6171582395574404,-0.9492793898728479,-1.4330337106098963,0.9875735668504639,False,0.9864071379087272,False,0.9855387920154084,False
triangle,odd,1,equivariant,variational,random,6.0,16.0,8.0,2.0,0.0003236935575428035,7055.0,2.673785100050736,0.63671875,0.0006469128810687736,0.0023872943757700937,0.0007165800154049582,0.004291497510991726,0.0007687361031120593,0.004846347675881352,0.024959109717406478,0.0,4.1874586678987527e-07,8.0,True,CONVERGENCE: RELATIVE REDUCTION OF F <= FACTR*EPSMCH,4.1874586678987527e-07,0.0,0.0,0.0,-1.9318374997988448,-0.1405264554176004,-1.2116572415595679,-0.9051039384980678,0.994545561962524,False,0.9939709236109141,False,0.9935447544650434,False
triangle,odd,1,equivariant,variational,random,7.0,16.0,8.0,2.0,0.10966996114479866,2023.0,0.8517100000171922,0.63671875,0.0014722099059357554,0.004874613620118234,0.00161343261920122,0.009111703228838003,0.0017196312438681185,0.010350187550848738,0.03259385709907129,0.0,2.1677279457063565e-06,8.0,True,CONVERGENCE: RELATIVE REDUCTION OF F <= FACTR*EPSMCH,2.1677279457063565e-06,0.0,0.0,0.0,-2.2249153048746964,-1.9212274733880677,-1.0073129556158185,-0.8261742013854281,0.9875719112523546,False,0.9864067716017975,False,0.9855393740211605,False
triangle,odd,1,equivariant,variational,random,8.0,16.0,8.0,2.0,0.0006056700737755438,5117.0,2.3202027999795973,0.63671875,0.0006464927922414273,0.002386445545400434,0.0007161392218461852,0.0042895712177798695,0.0007682788249244609,0.004844098048277318,0.0249629420029173,0.0,4.1820255984014656e-07,8.0,True,CONVERGENCE: RELATIVE REDUCTION OF F <= FACTR*EPSMCH,4.1820255984014656e-07,0.0,0.0,0.0,-1.931327020405107,-0.44500079641269646,-1.163398633354262,-0.8474122135424532,0.9945491116575561,False,0.9939746413115365,False,0.993548604191163,False
triangle,odd,1,equivariant,variational,random,9.0,16.0,8.0,2.0,0.0010112731984235346,4947.0,2.585568400041666,0.63671875,0.0006477090229109253,0.002380307665066861,0.0007171773635412677,0.004285882634466609,0.0007691919441745529,0.004841208119443247,0.02494983945207672,0.0,4.1977647675474637e-07,8.0,True,CONVERGENCE: RELATIVE REDUCTION OF F <= FACTR*EPSMCH,4.1977647675474637e-07,0.0,0.0,0.0,-1.931801374492129,-0.7056257995844081,-0.793445437706346,-0.9305548682561543,0.9945388346692519,False,0.9939658855120267,False,0.993540916837769,False
triangle,odd,1,equivariant,variational,random,10.0,16.0,8.0,2.0,0.07073789559355204,5134.0,2.598672699998133,0.63671875,0.00017548946214716393,0.0005849987647182919,0.00019272552557942786,0.0010979955251464446,0.00020566818033199792,0.001248305535217542,0.03444322121865422,0.0,3.1140983536887425e-08,8.0,True,CONVERGENCE: RELATIVE REDUCTION OF F <= FACTR*EPSMCH,3.1140983536887425e-08,0.0,0.0,0.0,-1.6132456468416405,-1.5043542834041692,-1.2430684193435892,-1.2836218832392556,0.9985290275041367,False,0.9983891691229702,False,0.9982851014753532,False
triangle,odd,1,equivariant,variational,random,11.0,16.0,8.0,2.0,0.06709568536816668,6647.0,3.056570400018245,0.63671875,0.00019428175714775766,0.000646541600426237,0.00020340320686556616,0.0009198725964519039,0.00021075530038455886,0.0009941233857059806,0.03890874117358691,0.0,3.813448857215616e-08,8.0,True,CONVERGENCE: RELATIVE REDUCTION OF F <= FACTR*EPSMCH,3.813448857215616e-08,0.0,0.0,0.0,-0.6051192548628659,-8.0,-1.0947746417687134,-0.8842224603506033,0.9983702350967636,False,0.998299112402377,False,0.998242274112336,False
triangle,odd,1,equivariant,variational,random,12.0,16.0,8.0,2.0,0.8794663297449956,20366.0,9.36888949997956,0.63671875,8.564756021991751e-05,0.0002776395773125828,9.39749208663993e-05,0.000530645786427919,0.00010022683164408378,0.0006050695255226113,0.03739325266897532,0.0,7.709437098314148e-09,8.0,True,CONVERGENCE: RELATIVE REDUCTION OF F <= FACTR*EPSMCH,7.709437098314148e-09,0.0,0.0,0.0,0.4701061018725286,-1.0069161232522101,-1.226735812814824,-0.5561526531884649,0.9992881796933487,True,0.9992220424199644,True,0.9991727893755056,True
triangle,odd,1,equivariant,variational,random,13.0,16.0,8.0,2.0,0.7903994565843774,10217.0,5.238643400021829,0.63671875,0.00018514709292877157,0.000571348133496602,0.00020136024947748862,0.0010887336422836236,0.0002136151849813164,0.0012408338329204238,0.034262588472494165,0.0,3.462207190470011e-08,8.0,True,CONVERGENCE: RELATIVE REDUCTION OF F <= FACTR*EPSMCH,3.462207190470011e-08,0.0,0.0,0.0,-0.12682031383940562,-2.5898633816088257,-0.8239210015345015,-1.1234835575587951,0.9984474218013056,False,0.998316342926285,False,0.998218197362712,False
triangle,odd,1,equivariant,variational,random,14.0,16.0,8.0,2.0,0.6205796874871395,10727.0,5.342000200005714,0.63671875,0.00010545490281662494,0.0003330342192846836,0.00011076403037139182,0.0005013833040824756,0.00011498951614771888,0.0005479849585792729,0.03944998267856076,0.0,1.1515236354849418e-08,8.0,True,CONVERGENCE: RELATIVE REDUCTION OF F <= FACTR*EPSMCH,1.1515236354849418e-08,0.0,0.0,0.0,0.4295904090716005,-8.0,-1.02856310303791,-0.9714263715727395,0.9991208102680338,False,0.9990804412517724,False,0.9990485055288865,False
triangle,odd,1,equivariant,variational,random,15.0,16.0,8.0,2.0,0.06503375715925519,663.0,0.39115049998508766,0.63671875,0.00019273634450549688,0.0006353783808063507,0.00021139780152156336,0.0011962574378113489,0.00022542027475773362,0.0013606234110549453,0.033920760662385724,0.0,3.748650609996544e-08,8.0,True,CONVERGENCE: RELATIVE REDUCTION OF F <= FACTR*EPSMCH,3.748650609996544e-08,0.0,0.0,0.0,-1.6273826994675078,-2.000491136750983,-0.9496280524434294,-0.9462555203305264,0.9983832936292015,False,0.9982316851250594,False,0.9981188128661636,False
triangle,odd,1,equivariant,variational,random,16.0,16.0,8.0,2.0,0.1176953344879037,5797.0,3.2024026999715716,0.63671875,5.824218955318833e-05,0.0001657450186975662,6.298302096966686e-05,0.00032704071229011644,6.657878458026089e-05,0.0003747700202846038,0.03850823351308977,0.0,3.777234979080417e-09,8.0,True,CONVERGENCE: RELATIVE REDUCTION OF F <= FACTR*EPSMCH,3.777234979080417e-09,0.0,0.0,0.0,-1.5066241487740688,-5.866656065263138,-1.0478677549297353,-0.7199374810630224,0.9995197514509754,True,0.999483431460792,True,0.999456065003274,True
triangle,odd,1,equivariant,variational,random,17.0,16.0,8.0,2.0,0.15426993099087005,1513.0,0.7637195000424981,0.63671875,0.0014113773572495833,0.004709137336111585,0.0015477727647686989,0.008774896857017739,0.00165031935391369,0.009963154791968049,0.030976371101814157,0.0,1.992295808267836e-06,8.0,True,CONVERGENCE: RELATIVE REDUCTION OF F <= FACTR*EPSMCH,1.992295808267836e-06,0.0,0.0,0.0,-2.2246668272748584,-2.4053154144032076,-0.5350939728614132,-0.8523579721000344,0.9880859382433219,False,0.9869605539264757,False,0.9861228958256033,False
triangle,odd,1,equivariant,variational,random,18.0,16.0,8.0,2.0,0.00025162895557651055,6800.0,2.9913738999748603,0.63671875,0.0006470005220992107,0.0023935035779159564,0.0007168674754818136,0.004299096258474466,0.0007691668020556102,0.004854291989712378,0.024958041589166976,0.0,4.188592560125428e-07,8.0,True,CONVERGENCE: RELATIVE REDUCTION OF F <= FACTR*EPSMCH,4.188592560125428e-07,0.0,0.0,0.0,-1.931919238622385,-0.014506973073420262,-0.7269504542294767,-0.873306424971772,0.9945448214074079,False,0.9939684991414878,False,0.9935411285038284,False
triangle,odd,1,equivariant,variational,random,19.0,16.0,8.0,2.0,0.17943599945035926,1496.0,0.626362299954053,0.63671875,0.00012851441424850094,0.00038174452466546716,0.00013953942470979017,0.0007439148962015696,0.00014787042881852375,0.0008506077204061269,0.03600826955543436,0.0,1.6876037365189643e-08,8.0,True,CONVERGENCE: RELATIVE REDUCTION OF F <= FACTR*EPSMCH,1.6876037365189643e-08,0.0,0.0,0.0,-1.4663263245399587,-3.9744995275497277,-0.4997123611967085,-0.7995100160533926,0.9989259604461785,False,0.9988377464589195,False,0.9987716882395872,False
triangle,odd,1,sector_mixed,variational,random,0.0,16.0,10.0,3.0,0.13202733549802725,8279.0,3.8513030000030994,0.63671875,4.248324969919637e-05,0.00016164392892592527,4.598797924487854e-05,0.0002557999275493994,4.8694112120746916e-05,0.00028246660314132366,0.03982718969328355,6.536847671111091e-12,2.2030984020024726e-09,16.0,True,CONVERGENCE: RELATIVE REDUCTION OF F <= FACTR*EPSMCH,2.2030984020024726e-09,6.110323216860475e-06,9.827393603106064e-06,6.110323216860475e-06,-0.9144918606330004,-7.9939329100918,-1.0994861752360985,-3.6334562262265244,0.9996529124085374,True,0.9996267694836327,True,0.999606632190986,True
triangle,odd,1,sector_mixed,variational,random,1.0,16.0,10.0,3.0,0.0021237997324122793,7939.0,4.4346439999644645,0.63671875,0.00017692092794316093,0.0003250008744755811,0.0001785472552915279,0.0004196049907706223,0.00017990086567259332,0.0004549141358985431,0.03982328120131817,4.4761162662121835e-08,3.1699248003893954e-08,16.0,True,CONVERGENCE: RELATIVE REDUCTION OF F <= FACTR*EPSMCH,3.1699248003893954e-08,0.43111708674734983,0.6306526140975094,0.43111708674734983,1.1148423199969364,-7.9712971348816755,-8.0,-2.1256303405507984,0.9985169318074796,False,0.9985087501903943,False,0.9985020309221707,False
triangle,odd,1,sector_mixed,variational,random,2.0,16.0,10.0,3.0,0.11931298436166515,1802.0,0.9924357999698259,0.63671875,5.2689857219272253e-05,0.00014395762476703683,5.3406326034494565e-05,0.0001462784532655012,5.401945833872962e-05,0.0001462544268567012,0.04024879790488086,3.1663374992740982e-09,3.17870906449948e-09,16.0,True,CONVERGENCE: RELATIVE REDUCTION OF F <= FACTR*EPSMCH,3.17870906449948e-09,9.089791005225914e-05,0.0001461275604812916,9.089791005225914e-05,-1.4845115116768632,-6.394472606936747,-0.9355531689660217,-0.9617634679000592,0.9995666679248713,True,0.9995642023432403,True,0.9995617992534273,True
triangle,odd,1,sector_mixed,variational,random,3.0,16.0,10.0,3.0,0.3595750471722925,11322.0,5.167445800034329,0.63671875,0.00015845996965265055,0.00047643612115949585,0.0001650247934578703,0.000694354717376805,0.0001703198580119854,0.0007540951244248972,0.03918771625043074,4.621816168893227e-12,2.550143914486946e-08,16.0,True,CONVERGENCE: RELATIVE REDUCTION OF F <= FACTR*EPSMCH,2.550143914486946e-08,7.230395438236521e-06,7.93441799398303e-06,7.230395438236521e-06,-1.1781503220101242,-8.0,-1.3060705519105014,-1.0995656052547822,0.9986729244634738,False,0.9986228000982769,False,0.9985826913526131,False
triangle,odd,1,sector_mixed,variational,random,4.0,16.0,10.0,3.0,0.08468631513136493,18173.0,7.37416290002875,0.63671875,4.205629787478068e-05,0.00015933690467967443,4.705783499521584e-05,0.0002923174272307094,5.0771594142768e-05,0.0003313584410570558,0.03899013131418792,2.734965665471067e-12,2.158633504101511e-09,16.0,True,CONVERGENCE: RELATIVE REDUCTION OF F <= FACTR*EPSMCH,2.158633504101511e-09,2.138386847064367e-06,3.2000471116117896e-06,2.138386847064367e-06,-1.5375794796314242,-6.093496181996984,-2.1965861972078944,-0.355646696581047,0.9996565200949871,True,0.9996177462043456,True,0.9995891423193495,True
triangle,odd,1,sector_mixed,variational,random,5.0,16.0,10.0,3.0,0.0005907557797270035,2244.0,1.0079315999755636,0.63671875,0.0014717686022507114,0.004920675132314034,0.0016134152735141874,0.009160780801819313,0.0017199170094574425,0.010399916264630688,0.0326245052637295,8.37777304921247e-09,2.1664290637074277e-06,16.0,True,CONVERGENCE: RELATIVE REDUCTION OF F <= FACTR*EPSMCH,2.1664290637074277e-06,0.0007723552019438495,0.0009384291443966573,0.0007723552019438495,-2.339745781777817,0.05072615435844331,-0.9154326172557488,-2.672685933648846,0.9875756402101284,False,0.9864069178972008,False,0.9855369682224955,False
triangle,odd,1,sector_mixed,variational,random,6.0,16.0,10.0,3.0,0.8688338388569995,15606.0,5.904140099999495,0.63671875,7.773040762707453e-05,0.00030302018027730804,8.677409359996981e-05,0.0005429169562622682,9.35061755104692e-05,0.0006129724980397655,0.03770340371999893,8.164588913119211e-11,6.4190503078876136e-09,16.0,True,CONVERGENCE: RELATIVE REDUCTION OF F <= FACTR*EPSMCH,6.4190503078876136e-09,2.8139606838488005e-05,3.0329989258180768e-05,2.8139606838488005e-05,0.3895097686658022,-1.6716199936228988,-1.2556611108375286,-0.9549307052978036,0.9993550785856725,True,0.999282774977136,True,0.9992293691253392,True
triangle,odd,1,sector_mixed,variational,random,7.0,16.0,10.0,3.0,0.6656633819621874,11475.0,4.754945900000166,0.63671875,0.00026705867541934673,0.0009497354339609021,0.0002951320875546678,0.0017416491204685636,0.00031614797256978303,0.0019728256353626628,0.03180248754736897,6.104047577203061e-10,7.163836099831372e-08,16.0,True,CONVERGENCE: RELATIVE REDUCTION OF F <= FACTR*EPSMCH,7.163836099831372e-08,0.00011102891629218806,0.00015506857344176446,0.00011102891629218806,-0.6346129545338498,-1.4545160988804053,-1.7534720856065404,-2.0474562416439346,0.9977552797625063,False,0.9975254610864067,False,0.9973549960091276,False
triangle,odd,1,sector_mixed,variational,random,8.0,16.0,10.0,3.0,0.7977187746107584,13515.0,7.934834800020326,0.63671875,0.0002898249561254342,0.001033107612608719,0.00031997997994738124,0.0018860585184509726,0.00034257309050493383,0.0021351615362992515,0.03122068113197146,2.2990246356998515e-10,8.431071200672861e-08,16.0,True,CONVERGENCE: RELATIVE REDUCTION OF F <= FACTR*EPSMCH,8.431071200672861e-08,0.00038595819923056287,0.0005103208438811296,0.00038595819923056287,-0.1429836299220128,-0.8481679177842366,-3.1587482129162794,-4.152386492141797,0.9975629077015025,False,0.9973158912703978,False,0.997132528658861,False
triangle,odd,1,sector_mixed,variational,random,9.0,16.0,10.0,3.0,0.0011390555794600354,4454.0,2.344455700018443,0.63671875,0.0006467802561698027,0.0023983656589490754,0.0007165751447402696,0.004308988022824922,0.000768819549865999,0.004865839801757532,0.024947455133849387,1.6020752103957626e-08,4.1857417448262166e-07,16.0,True,CONVERGENCE: RELATIVE REDUCTION OF F <= FACTR*EPSMCH,4.1857417448262166e-07,0.0001914369507164611,0.00030374820543736607,0.0001914369507164611,-1.9319727667740292,-0.764221291612772,-0.820653205248074,-0.9297901026465402,0.9945466826253799,False,0.9939709646906277,False,0.9935440519448773,False
triangle,odd,1,sector_mixed,variational,random,10.0,16.0,10.0,3.0,0.1471265240931673,1139.0,0.5487716000061482,0.63671875,0.00011325749787435085,0.0002942070458075152,0.00012105860174367478,0.0005851713893239296,0.00012700180782649243,0.0006705674613382284,0.04511921592812565,9.656585553759132e-12,1.327845298413641e-08,16.0,True,CONVERGENCE: RELATIVE REDUCTION OF F <= FACTR*EPSMCH,1.327845298413641e-08,1.8483167577715622e-05,2.1262094631227033e-05,1.8483167577715622e-05,-1.4026220589159204,-2.753868944159574,-2.0820095295848073,-1.6095934035614485,0.9990548793717312,False,0.998993615721692,False,0.9989473766443545,False
triangle,odd,1,sector_mixed,variational,random,11.0,16.0,10.0,3.0,0.21720434035738845,5763.0,2.3793235999764875,0.63671875,0.00014385407093472962,0.00047523583263292535,0.0001511837810459354,0.0006979386305304147,0.0001570395674057277,0.0007590010445890638,0.03915918334813881,4.801087487330565e-13,2.108558555798041e-08,16.0,True,CONVERGENCE: RELATIVE REDUCTION OF F <= FACTR*EPSMCH,2.108558555798041e-08,4.6105778523066175e-06,5.419105020218534e-06,4.6105778523066175e-06,-1.3792250919567584,-8.0,-3.5897923879044455,-0.8282903511991153,0.9987963423759317,False,0.9987395366962427,False,0.9986944952457573,False
triangle,odd,1,sector_mixed,variational,random,12.0,16.0,10.0,3.0,0.0014873651204554417,6851.0,3.6152302999980748,0.63671875,0.0006482430165686119,0.0024378704278944785,0.0007188442056479893,0.004350599855339282,0.0007716748957690838,0.0049076872929103565,0.024945428941595425,9.797591446973765e-10,4.204684628291872e-07,16.0,True,CONVERGENCE: RELATIVE REDUCTION OF F <= FACTR*EPSMCH,4.204684628291872e-07,9.403546691056347e-05,9.585072043621676e-05,9.403546691056347e-05,-1.931325995183906,-0.8973480485526927,-1.1584346307350868,-0.5415372285861084,0.9945343224934678,False,0.9939518271851432,False,0.9935200134055334,False
triangle,odd,1,sector_mixed,variational,random,13.0,16.0,10.0,3.0,0.5185166436141995,782.0,0.37166320002870634,0.63671875,0.0002659926625724591,0.0008671058251248087,0.00029125008289379773,0.0016351003947706333,0.00031024889847272217,0.0018601552410332234,0.03183422311406634,7.339771595261504e-10,7.107043878086652e-08,16.0,True,CONVERGENCE: RELATIVE REDUCTION OF F <= FACTR*EPSMCH,7.107043878086652e-08,9.768964460883005e-05,0.000131121047991689,9.768964460883005e-05,-0.998837684803608,-1.4239006782830055,-1.541361406147019,-2.287420370344359,0.9977642874300765,False,0.9975582023342222,False,0.997404659037562,False
triangle,odd,1,sector_mixed,variational,random,14.0,16.0,10.0,3.0,0.021847198076432095,3026.0,1.5071315999957733,0.63671875,0.0002934477144841812,0.0007057458826077168,0.0002989785576558685,0.0009282792238497484,0.0003036009875372954,0.00098756412710152,0.03938752213287674,4.7756966722914845e-09,8.650543640507527e-08,16.0,True,CONVERGENCE: RELATIVE REDUCTION OF F <= FACTR*EPSMCH,8.650543640507527e-08,0.012258271254864077,0.012516854656805212,0.012258271254864077,-1.1763454518766638,-8.0,-2.6065549293128814,-7.729031372773113,0.9975322958725004,False,0.9974930195409165,False,0.9974606263613123,False
triangle,odd,1,sector_mixed,variational,random,15.0,16.0,10.0,3.0,0.06389402069587458,578.0,0.3584027999895625,0.63671875,0.0002017511265133707,0.0007193943773727285,0.00022250719883551174,0.0013138685371532344,0.0002380642375017589,0.0014877140978893366,0.03363692146213956,4.1887578714033603e-10,4.1039886268224264e-08,16.0,True,CONVERGENCE: RELATIVE REDUCTION OF F <= FACTR*EPSMCH,4.1039886268224264e-08,0.0002631262133474704,0.0002871888607833998,0.0002631262133474704,-1.633055976689239,-2.2476664227370273,-2.7669667161134193,-2.243331018154995,0.9983071199134883,False,0.9981379872647236,False,0.9980123660796085,False
triangle,odd,1,sector_mixed,variational,random,16.0,16.0,10.0,3.0,0.13879438504335273,7752.0,3.8575778999947943,0.63671875,0.00015955632098325824,0.0003802905758290842,0.00016470077935609837,0.0005389362969507872,0.00016865996394638993,0.0006450833416360158,0.0356782149163424,1.1858383113220152e-10,2.58150017160618e-08,16.0,True,CONVERGENCE: RELATIVE REDUCTION OF F <= FACTR*EPSMCH,2.58150017160618e-08,5.277369370077639e-05,5.697614604489791e-05,5.277369370077639e-05,-1.5193186634230582,2.2376089979139064,-1.9920095718939106,-0.9297195895239603,0.9986636604397284,False,0.998625532868309,False,0.9985966656415984,False
triangle,odd,1,sector_mixed,variational,random,17.0,16.0,10.0,3.0,0.022800956384179782,2924.0,1.6545843000058085,0.63671875,0.00042125671049901895,0.0009160453535513868,0.00042314557123080445,0.0009196422054761205,0.0004247110494179577,0.0009193186902890366,0.03961574785792348,3.0701737441250505e-07,1.7785337668920724e-07,16.0,True,CONVERGENCE: RELATIVE REDUCTION OF F <= FACTR*EPSMCH,1.7785337668920724e-07,0.5478500930065257,0.5486648986278627,0.5478500930065257,-0.42834255613735983,-8.0,-3.7354178138606695,-7.879216226584953,0.9964523267595999,False,0.9964457814984297,False,0.9964410269550453,False
triangle,odd,1,sector_mixed,variational,random,18.0,16.0,10.0,3.0,0.33656035885172286,11441.0,5.533574200002477,0.63671875,6.643946724574972e-05,0.00019188566654720907,6.967314668061601e-05,0.00030697466598728074,7.223402177930224e-05,0.0003398421181905198,0.039527033292623755,5.029717186615594e-11,4.809473141328258e-09,16.0,True,CONVERGENCE: RELATIVE REDUCTION OF F <= FACTR*EPSMCH,4.809473141328258e-09,2.1707847164766974e-05,3.340965359623282e-05,2.1707847164766974e-05,-1.2094743533831847,-7.9977862874706345,-1.3588814816263075,-2.085735414982323,0.9994504855386073,True,0.9994270062158593,True,0.9994084547849246,True
triangle,odd,1,sector_mixed,variational,random,19.0,16.0,10.0,3.0,0.19835017011933975,1581.0,0.651499799976591,0.63671875,0.00011448770648482938,0.0003198464956804814,0.0001235765379021077,0.0006374661481630128,0.0001304605116729155,0.0007313212226879584,0.03646471062821113,2.984539950449614e-11,1.3472082042737007e-08,16.0,True,CONVERGENCE: RELATIVE REDUCTION OF F <= FACTR*EPSMCH,1.3472082042737007e-08,1.3957097290053864e-05,1.4374550002166518e-05,1.3957097290053864e-05,-1.4368094727537017,-4.095160827699563,-0.9678587564103103,-0.8798305948237821,0.9990444842716742,False,0.9989723791753843,False,0.9989182585650348,False
sawtooth,both,1,zero,classical,n/a,,,,,,,,0.63671875,0.2542034230144025,0.4375,0.25460107855890185,0.439453125,0.25499311094653787,0.43994140625,0.0,0.0,0.06461938027223926,,,,,,,,,,,,0.0,False,0.0,False,0.0,False
sawtooth,both,1,analytic_truncation,classical,n/a,,,,,,,,0.63671875,0.014416912376238909,0.04793586902909952,0.014520667214818574,0.048894565008462454,0.014622844542776242,0.048845335598662,0.12183781350686289,0.03869005256141791,0.00020784896774281127,,,,,,,,,,,,0.9435597502691754,False,0.9432925539752752,False,0.9430164576180161,False
sawtooth,both,1,ols_full,classical,n/a,,,,,,,,0.63671875,7.377099839066828e-05,0.0002562894482633915,8.785943510548279e-05,0.0007803766338790874,9.799690967506744e-05,0.0009515464752347658,0.10811256830990615,0.02972600930485628,6.820545979703608e-09,,,,,,,,,,,,1.0000000014765509,True,1.000000054746955,True,1.000000087778831,True
sawtooth,both,1,ols_odd,classical,n/a,,,,,,,,0.63671875,0.119291103100443,0.2604289843795918,0.11960802373301604,0.27617231090644656,0.11989891741461711,0.28014374443380385,0.9088415649539545,0.0,0.014230376367336171,,,,,,,,,,,,0.5308798837243285,False,0.5303970563143255,False,0.5299991955545835,False
sawtooth,both,1,ols_even,classical,n/a,,,,,,,,0.63671875,0.2265731332702895,0.3416186870529153,0.22695474531514184,0.35992381959505204,0.2273139644335825,0.36453793332413725,0.0,0.07779958553984076,0.05133538549791222,,,,,,,,,,,,0.10872517065883229,False,0.1086243569292378,False,0.10859034723825871,False
sawtooth,both,1,ridge_full,classical,n/a,,,,,,,,0.63671875,7.377137362602021e-05,0.0002561421234030803,8.787336892844491e-05,0.000779952246700466,9.801928406820242e-05,0.0009510396549159417,0.10810106369967533,0.02972643902879757,6.8204905939546e-09,,,,,,,,,,,,1.0,True,1.0,True,1.0,True
sawtooth,both,1,ridge_odd,classical,n/a,,,,,,,,0.63671875,0.11929110310829752,0.26042903132694745,0.11960801222001793,0.2761720925352153,0.11989889669615329,0.2801434593750762,0.9084667325992808,0.0,0.014230376365461796,,,,,,,,,,,,0.5308798836934209,False,0.530397101549692,False,0.5299992768369013,False
sawtooth,both,1,ridge_even,classical,n/a,,,,,,,,0.63671875,0.2265731332703019,0.3416187070381377,0.22695474502553645,0.3599238258641112,0.22731396391931716,0.36453793601823437,0.0,0.07779845974765917,0.05133538549790659,,,,,,,,,,,,0.10872517065878347,False,0.10862435806711744,False,0.10859034925581561,False
sawtooth,both,1,spherical_full,classical_null,random,0.0,17.0,,,,4104.0,,0.63671875,7.377417745280945e-05,0.0002573579228084544,8.790002446566625e-05,0.0007814116537955274,9.806071638008442e-05,0.0009525523208597231,0.10809950389348638,0.029726475789751988,6.820889055671002e-09,,,,,,,,,,,,0.9999999889669436,True,0.9999998952685493,True,0.9999998374534732,True
sawtooth,both,1,spherical_full,classical_null,random,1.0,17.0,,,,2394.0,,0.63671875,7.377515226749022e-05,0.0002552295473728927,8.787336464963159e-05,0.0007788775260786363,9.801698666376095e-05,0.0009499196998581372,0.10808756969858054,0.02972670066731668,6.82091579575034e-09,,,,,,,,,,,,0.9999999851310485,True,1.0000000000168119,True,1.0000000090131371,True
sawtooth,both,1,spherical_full,classical_null,random,2.0,17.0,,,,2376.0,,0.63671875,0.00012618679974383453,0.0007306189312349387,0.00015162960249959855,0.0012912646666140004,0.0001697115180792131,0.0014563876098260264,0.10536807893632892,0.029631561827028172,1.727310483722417e-08,,,,,,,,,,,,0.9997937453351885,True,0.9997494973452417,True,0.9997187382717203,True
sawtooth,both,1,spherical_full,classical_null,random,3.0,17.0,,,,1818.0,,0.63671875,0.00033513904022012,0.001324462842034857,0.00037925017493453103,0.002793933000752813,0.00041157930755316384,0.003234086776938039,0.09679654027989905,0.030705043077185936,1.1359319211323408e-07,,,,,,,,,,,,0.9989715184162626,False,0.9988551603607815,False,0.9987698467575824,False
sawtooth,both,1,spherical_full,classical_null,random,4.0,17.0,,,,4410.0,,0.63671875,7.37979147338169e-05,0.00025953649663001954,8.79916125893608e-05,0.0007837493891953984,9.81951631395609e-05,0.0009549342279604467,0.10812750324563977,0.029725228989523535,6.824659541411343e-09,,,,,,,,,,,,0.9999998955607595,True,0.9999995354124717,True,0.9999993099942796,True
sawtooth,both,1,spherical_full,classical_null,random,5.0,17.0,,,,4158.0,,0.63671875,7.377472069868854e-05,0.00025746422874495245,8.791271267613907e-05,0.0007828768202179925,9.808112461935897e-05,0.0009544333572731878,0.10813498253889181,0.029723868816210246,6.821297927720525e-09,,,,,,,,,,,,0.9999999868292714,True,0.999999845415692,True,0.999999757388223,True
sawtooth,both,1,spherical_full,classical_null,random,6.0,17.0,,,,4590.0,,0.63671875,7.441215430767237e-05,0.00027166382169174774,8.906740967865689e-05,0.0008059900234733131,9.956478886160023e-05,0.000979999600324244,0.10822294422351662,0.02970514939039063,6.916449644847915e-09,,,,,,,,,,,,0.9999974785284697,True,0.9999953085312436,True,0.9999939367024163,True
sawtooth,both,1,spherical_full,classical_null,random,7.0,17.0,,,,2448.0,,0.63671875,7.380948917501272e-05,0.0002536073081632062,8.772194536739519e-05,0.000774938158058347,9.774999573135775e-05,0.0009453109632419077,0.10810058096570203,0.029729231856091554,6.826138820494257e-09,,,,,,,,,,,,0.9999998500153415,True,1.0000005949536526,True,1.0000010564673298,True
sawtooth,both,1,spherical_full,classical_null,random,8.0,17.0,,,,5706.0,,0.63671875,7.377365030315051e-05,0.00025709709576854367,8.7913700412693e-05,0.0007807279468362016,9.808336804640954e-05,0.0009517535259099263,0.10809412487817764,0.029726677420610147,6.820759502039418e-09,,,,,,,,,,,,0.9999999910412771,True,0.9999998415348069,True,0.9999997485868489,True
sawtooth,both,1,spherical_full,classical_null,random,9.0,17.0,,,,5058.0,,0.63671875,7.377447132364075e-05,0.0002564654816800682,8.787177112186772e-05,0.0007810081271335534,9.801481176076856e-05,0.0009523188345094691,0.10812090621647677,0.029725008678242324,6.821131768029882e-09,,,,,,,,,,,,0.9999999878105621,True,1.0000000062778929,True,1.0000000175456791,True
sawtooth,both,1,spherical_full,classical_null,random,10.0,17.0,,,,4068.0,,0.63671875,7.395636208228018e-05,0.00024109422413420845,8.757155048311461e-05,0.0007545497190291073,9.741517921371796e-05,0.0009227054732900974,0.10807403100085158,0.029736629654923272,6.8476500990030774e-09,,,,,,,,,,,,0.9999992720705551,True,1.0000011858655629,True,1.000002370013681,True
sawtooth,both,1,spherical_full,classical_null,random,11.0,17.0,,,,4536.0,,0.63671875,7.377777078021463e-05,0.00025661885154409925,8.793389263366101e-05,0.0007812735414952643,9.811355440666446e-05,0.0009525979543191787,0.10809944494899675,0.02972541127854628,6.821408023573322e-09,,,,,,,,,,,,0.9999999748272027,True,0.9999997621981729,True,0.9999996301602443,True
sawtooth,both,1,spherical_full,classical_null,random,12.0,17.0,,,,4788.0,,0.63671875,7.38026513486045e-05,0.0002600850273856148,8.803232450442966e-05,0.0007849667869380128,9.825850044855698e-05,0.0009563417377151384,0.10808457232852196,0.029726999390092445,6.824947063269817e-09,,,,,,,,,,,,0.9999998769221837,True,0.9999993754525395,True,0.9999990615104483,True
sawtooth,both,1,spherical_full,classical_null,random,13.0,17.0,,,,2250.0,,0.63671875,7.377248567307523e-05,0.00025653888521792734,8.789041713007683e-05,0.000780449150999396,9.804633748386853e-05,0.000951565522135267,0.10809914041945652,0.029726545339889394,6.820636499977548e-09,,,,,,,,,,,,0.9999999956240956,True,0.9999999330164357,True,0.9999998938645092,True
sawtooth,both,1,spherical_full,classical_null,random,14.0,17.0,,,,4266.0,,0.63671875,7.378692405386193e-05,0.00025922473910833244,8.8116066205476e-05,0.000783923637044992,9.840366701439853e-05,0.0009552556158126113,0.10807601940800976,0.029724969218713756,6.822520047597623e-09,,,,,,,,,,,,0.9999999388090774,True,0.9999990464255998,True,0.9999984919954963,True
sawtooth,both,1,spherical_full,classical_null,random,15.0,17.0,,,,4536.0,,0.63671875,7.378138776870365e-05,0.0002544218668560916,8.787903341190253e-05,0.000777740735318222,9.802216184366806e-05,0.0009486887983199965,0.10809184825582403,0.02972623595103564,6.82187402314441e-09,,,,,,,,,,,,0.9999999605943556,True,0.9999999777438525,True,0.9999999887099612,True
sawtooth,both,1,spherical_full,classical_null,random,16.0,17.0,,,,4536.0,,0.63671875,7.377734038678267e-05,0.00025532064644451236,8.786041423050586e-05,0.0007782109012006155,9.79947648724763e-05,0.0009490421554420037,0.10809145608615897,0.02972759131179351,6.821286428526717e-09,,,,,,,,,,,,0.9999999765208006,True,1.000000050899905,True,1.0000000961932831,True
sawtooth,both,1,spherical_full,classical_null,random,17.0,17.0,,,,3906.0,,0.63671875,7.377345743241157e-05,0.00025419089275802165,8.779838164309911e-05,0.0007770243435204494,9.789635203500415e-05,0.0009478429577097214,0.1081071835791417,0.029727919659739598,6.820874053920655e-09,,,,,,,,,,,,0.9999999918002233,True,1.0000002946302347,True,1.0000004822848192,True
sawtooth,both,1,spherical_full,classical_null,random,18.0,17.0,,,,4122.0,,0.63671875,7.388763940374734e-05,0.0002556629978875957,8.794209511097153e-05,0.0007778443440144001,9.806055496408767e-05,0.0009484571373252759,0.10802356221942366,0.02973190374538076,6.83693791630624e-09,,,,,,,,,,,,0.9999995424942466,True,0.9999997299700718,True,0.9999998380867375,True
sawtooth,both,1,spherical_full,classical_null,random,19.0,17.0,,,,3312.0,,0.63671875,7.451558084863155e-05,0.00022990134399625273,8.725516947453817e-05,0.000736215475309776,9.655183615997437e-05,0.0009024053994998726,0.1082441500235114,0.02974246485813648,6.932437938025423e-09,,,,,,,,,,,,0.9999970715451038,True,1.0000024289484448,True,1.0000057570661667,True
sawtooth,both,1,spherical_odd,classical_null,random,0.0,9.0,,,,1140.0,,0.63671875,0.11929110311037103,0.26042873639539826,0.11960800905922887,0.27617171513943206,0.11989889082426944,0.2801430615707337,0.9084277166404352,0.0,0.014230376365566337,,,,,,,,,,,,0.5308798836852616,False,0.5303971139686511,False,0.5299992998733741,False
sawtooth,both,1,spherical_odd,classical_null,random,1.0,9.0,,,,1260.0,,0.63671875,0.11929110310749565,0.260429312697652,0.11960801370889107,0.2761723909420061,0.11989889953913731,0.2801437611302072,0.9084922439506817,0.0,0.014230376365525595,,,,,,,,,,,,0.5308798836965763,False,0.5303970956998064,False,0.5299992656833558,False
sawtooth,both,1,spherical_odd,classical_null,random,2.0,9.0,,,,1320.0,,0.63671875,0.11929110310867685,0.2604289023868905,0.1196080113221499,0.27617196895952617,0.11989889499472489,0.2801433372224374,0.9084594505440315,0.0,0.014230376365479478,,,,,,,,,,,,0.5308798836919282,False,0.5303971050774776,False,0.5299992835119156,False
sawtooth,both,1,spherical_odd,classical_null,random,3.0,9.0,,,,1450.0,,0.63671875,0.11929110310896096,0.2604291701717115,0.11960801302024789,0.2761722700738029,0.11989889822062022,0.28014364571662925,0.9084552755239935,0.0,0.014230376365505512,,,,,,,,,,,,0.5308798836908103,False,0.5303970984055332,False,0.5299992708561391,False
sawtooth,both,1,spherical_odd,classical_null,random,4.0,9.0,,,,1180.0,,0.63671875,0.1192911031092872,0.2604290547632377,0.11960801190214877,0.27617207725181275,0.11989889614522349,0.28014343513337386,0.9084473486309674,0.0,0.014230376365504078,,,,,,,,,,,,0.5308798836895265,False,0.530397102798622,False,0.5299992789982996,False
sawtooth,both,1,spherical_odd,classical_null,random,5.0,9.0,,,,1380.0,,0.63671875,0.11929110310829356,0.2604287332036965,0.11960801200976126,0.27617172842944476,0.11989889616189518,0.2801430788437025,0.9084777953918467,0.0,0.014230376365571482,,,,,,,,,,,,0.5308798836934365,False,0.5303971023758051,False,0.5299992789328933,False
sawtooth,both,1,spherical_odd,classical_null,random,6.0,9.0,,,,870.0,,0.63671875,0.11929110310734813,0.260428924348881,0.11960801182311372,0.2761720356168229,0.11989889589693054,0.2801434153990984,0.9084952345475071,0.0,0.014230376365520306,,,,,,,,,,,,0.5308798836971567,False,0.5303971031091562,False,0.5299992799723982,False
sawtooth,both,1,spherical_odd,classical_null,random,7.0,9.0,,,,560.0,,0.63671875,0.1193496629441351,0.26004003447843294,0.1196451554729563,0.27506545344973615,0.11991867473242811,0.27885766210231416,0.21290343411437235,0.0,0.014244344173912996,,,,,,,,,,,,0.5306494507806951,False,0.5302511631379282,False,0.5299216839882284,False
sawtooth,both,1,spherical_odd,classical_null,random,8.0,9.0,,,,1380.0,,0.63671875,0.11929110310897519,0.26042907890429423,0.11960801171161728,0.276172149910847,0.11989889579764752,0.280143518846293,0.9084522230323813,0.0,0.01423037636547838,,,,,,,,,,,,0.5308798836907543,False,0.5303971035472334,False,0.5299992803619036,False
sawtooth,both,1,spherical_odd,classical_null,random,9.0,9.0,,,,1040.0,,0.63671875,0.11929110310825028,0.26042879748976067,0.11960801216107597,0.2761718309715255,0.11989889645941681,0.2801431924041705,0.9084762145617193,0.0,0.014230376365545345,,,,,,,,,,,,0.5308798836936068,False,0.5303971017812791,False,0.5299992777656617,False
sawtooth,both,1,spherical_odd,classical_null,random,10.0,9.0,,,,1030.0,,0.63671875,0.11929110310880967,0.2604289630761156,0.11960801176444567,0.27617201877458675,0.11989889583564861,0.28014338427041335,0.9084550015700958,0.0,0.014230376365466675,,,,,,,,,,,,0.5308798836914056,False,0.5303971033396669,False,0.5299992802128183,False
sawtooth,both,1,spherical_odd,classical_null,random,11.0,9.0,,,,1090.0,,0.63671875,0.11929110310888104,0.2604289311508612,0.11960801103655981,0.2761719547200319,0.11989889450439713,0.2801433125298347,0.9084553887146146,0.0,0.014230376365487575,,,,,,,,,,,,0.5308798836911248,False,0.5303971061995808,False,0.5299992854355611,False
sawtooth,both,1,spherical_odd,classical_null,random,12.0,9.0,,,,1080.0,,0.63671875,0.11929110310955812,0.26042887897216654,0.1196080109944772,0.27617190288072807,0.11989889440101939,0.2801432607382731,0.9084387398592543,0.0,0.014230376365482626,,,,,,,,,,,,0.5308798836884604,False,0.5303971063649263,False,0.5299992858411308,False
sawtooth,both,1,spherical_odd,classical_null,random,13.0,9.0,,,,1500.0,,0.63671875,0.11929110310808339,0.2604288769060228,0.11960801163185966,0.276171970901303,0.11989889553303212,0.28014334607074626,0.9084735842544273,0.0,0.014230376365479223,,,,,,,,,,,,0.5308798836942635,False,0.5303971038606066,False,0.529999281400038,False
sawtooth,both,1,spherical_odd,classical_null,random,14.0,9.0,,,,1200.0,,0.63671875,0.11929110310705011,0.260429229217162,0.11960801427859902,0.2761723715200365,0.11989890051488207,0.2801437582917822,0.9085016679081426,0.0,0.014230376365513542,,,,,,,,,,,,0.5308798836983295,False,0.5303970934613844,False,0.5299992618553309,False
sawtooth,both,1,spherical_odd,classical_null,random,15.0,9.0,,,,1320.0,,0.63671875,0.11929110310829984,0.2604290676907321,0.11960801205185607,0.2761720778071613,0.11989889641909057,0.2801434325514867,0.9084728611714655,0.0,0.014230376365523635,,,,,,,,,,,,0.5308798836934119,False,0.5303971022104117,False,0.5299992779238689,False
sawtooth,both,1,spherical_odd,classical_null,random,16.0,9.0,,,,1240.0,,0.63671875,0.11929110310864618,0.26042838569674975,0.1196080098043129,0.27617136275735865,0.11989889197375474,0.2801427111422099,0.9084739540102674,0.0,0.014230376365617197,,,,,,,,,,,,0.5308798836920489,False,0.5303971110411643,False,0.5299992953637332,False
sawtooth,both,1,spherical_odd,classical_null,random,17.0,9.0,,,,980.0,,0.63671875,0.11929110311125386,0.2604291576149575,0.11960801557309259,0.276172192432954,0.11989890284886107,0.28014355515794354,0.9084685655731082,0.0,0.014230376366185458,,,,,,,,,,,,0.5308798836817877,False,0.5303970883752296,False,0.529999252698705,False
sawtooth,both,1,spherical_odd,classical_null,random,18.0,9.0,,,,1530.0,,0.63671875,0.1192911031101684,0.26042953990531925,0.11960801376144387,0.2761725890103851,0.11989889978879735,0.2801439512407378,0.9084316743812001,0.0,0.014230376365557573,,,,,,,,,,,,0.5308798836860591,False,0.5303970954933228,False,0.5299992647038937,False
sawtooth,both,1,spherical_odd,classical_null,random,19.0,9.0,,,,1010.0,,0.63671875,0.11929110310929567,0.26042908956803923,0.119608011328856,0.27617210612495274,0.11989889512124456,0.2801434612270145,0.9084488612868309,0.0,0.014230376365521224,,,,,,,,,,,,0.5308798836894932,False,0.5303971050511289,False,0.5299992830155558,False
sawtooth,both,1,spherical_sector,classical_null,random,0.0,18.0,,,,3800.0,,0.63671875,7.400127584863626e-05,0.0002559237275814308,8.860984139381407e-05,0.0007793751991267417,9.907407046756061e-05,0.0009503455135436711,0.10790781600425052,0.029729550654984453,6.852562493818306e-09,,,,,,,,,,,,0.9999990953349163,True,0.9999971063487068,True,0.9999958618803035,True
sawtooth,both,1,spherical_sector,classical_null,random,1.0,18.0,,,,4313.0,,0.63671875,7.37802769831297e-05,0.00026115788112746063,8.807471982886085e-05,0.0007877596672009601,9.834073470735726e-05,0.0009596344941250612,0.10811133182493654,0.02972316836592742,6.821874273615978e-09,,,,,,,,,,,,0.9999999649652961,True,0.9999992088783753,True,0.9999987388904311,True
sawtooth,both,1,spherical_sector,classical_null,random,2.0,18.0,,,,7562.0,,0.63671875,7.44030411074503e-05,0.0002753677313305225,8.888988821100966e-05,0.0008127366012014026,9.928339081899409e-05,0.0009876398986674029,0.10836903584051442,0.0297016271090938,6.916519155533022e-09,,,,,,,,,,,,0.999997514388906,True,0.9999960060253779,True,0.9999950406783334,True
sawtooth,both,1,spherical_sector,classical_null,random,3.0,18.0,,,,5301.0,,0.63671875,7.380505140104115e-05,0.0002610383138307304,8.821772535194782e-05,0.0007872946907114264,9.85570960248374e-05,0.0009590307615639504,0.1080523891207066,0.029724778778269012,6.824957291300083e-09,,,,,,,,,,,,0.9999998674779791,True,0.9999986469997766,True,0.9999978900654652,True
sawtooth,both,1,spherical_sector,classical_null,random,4.0,18.0,,,,8531.0,,0.63671875,7.385546403134718e-05,0.00026980387351238644,8.859296596157377e-05,0.0008030238870138096,9.913470943945e-05,0.000976757924222027,0.10810143807413161,0.029715718332350635,6.832801131350439e-09,,,,,,,,,,,,0.9999996691043144,True,0.999997172653448,True,0.9999956239825414,True
sawtooth,both,1,spherical_sector,classical_null,random,5.0,18.0,,,,8379.0,,0.63671875,7.86118595777091e-05,0.00020820663062992573,9.06235808343975e-05,0.000676637503577604,9.9494297505277e-05,0.0008344900733087135,0.10785007809964765,0.0297706232659317,7.556031479921248e-09,,,,,,,,,,,,0.9999809526911936,True,0.9999891942270583,True,0.9999942132528821,True
sawtooth,both,1,spherical_sector,classical_null,random,6.0,18.0,,,,8056.0,,0.63671875,7.385406645728172e-05,0.0002534909087597015,8.789943524416137e-05,0.0007766337779850363,9.801076733878361e-05,0.0009475434900236834,0.10813235696453051,0.029724456861814887,6.83299127054004e-09,,,,,,,,,,,,0.9999996746037674,True,0.9999998975836413,True,1.000000033412685,True
sawtooth,both,1,spherical_sector,classical_null,random,7.0,18.0,,,,4484.0,,0.63671875,7.406275539883895e-05,0.0002307696324986841,8.673819006979181e-05,0.0007428495021478687,9.599145889331622e-05,0.000910757777873139,0.10825508646537166,0.029742515729828483,6.865267759220249e-09,,,,,,,,,,,,0.9999988534129294,True,1.0000044601963103,True,1.000007955528534,True
sawtooth,both,1,spherical_sector,classical_null,random,8.0,18.0,,,,9291.0,,0.63671875,7.378604338097675e-05,0.00025182190913347613,8.777035325048711e-05,0.0007754904202122992,9.784293289896139e-05,0.0009465611153773867,0.10810329864573015,0.029726426237203365,6.822677446648719e-09,,,,,,,,,,,,0.9999999422745246,True,1.0000004047557294,True,1.0000006918578468,True
sawtooth,both,1,spherical_sector,classical_null,random,9.0,18.0,,,,9690.0,,0.63671875,7.378920406707127e-05,0.0002578520496997472,8.797081976250599e-05,0.0007814097934600306,9.816673385537168e-05,0.0009524138294929041,0.10808137936908807,0.029726600222281106,6.822926432765579e-09,,,,,,,,,,,,0.999999929837227,True,0.9999996171089276,True,0.9999994215275539,True
sawtooth,both,1,spherical_sector,classical_null,random,10.0,18.0,,,,6346.0,,0.63671875,7.431610491225099e-05,0.0002793722254213482,8.929678790718833e-05,0.0008207508766781002,9.999676243360751e-05,0.000996858849738047,0.10820163735207089,0.029709048898066616,6.9019903118300705e-09,,,,,,,,,,,,0.9999978564827727,True,0.9999944072883068,True,0.9999922419911953,True
sawtooth,both,1,spherical_sector,classical_null,random,11.0,18.0,,,,4674.0,,0.63671875,7.445523537471302e-05,0.0003042391133743494,9.063488994061466e-05,0.0008611132394424903,0.0001020698970108204,0.0010415087061230177,0.10816658698052758,0.029684929141144727,6.922097235920641e-09,,,,,,,,,,,,0.9999973090045012,True,0.9999891497927973,True,0.9999841087056004,True
sawtooth,both,1,spherical_sector,classical_null,random,12.0,18.0,,,,5472.0,,0.63671875,7.479295228193938e-05,0.00021586646218091365,8.718661742566753e-05,0.0006972887393240645,9.6269445705028e-05,0.0008592889409227977,0.10783484028312325,0.029775438883632845,6.9700885027160225e-09,,,,,,,,,,,,0.9999959800887093,True,1.0000026982941896,True,1.0000068649354987,True
sawtooth,both,1,spherical_sector,classical_null,random,13.0,18.0,,,,3914.0,,0.63671875,7.392525811874222e-05,0.0002510982467845979,8.752564343188519e-05,0.0007705896494291098,9.73596330453723e-05,0.0009404476469769829,0.10819603909468954,0.02972917383799217,6.8441959172494806e-09,,,,,,,,,,,,0.9999993944646297,True,1.0000013662375447,True,1.000002587931445,True
sawtooth,both,1,spherical_sector,classical_null,random,14.0,18.0,,,,6403.0,,0.63671875,7.380971182789238e-05,0.00025161710492238587,8.777836634652568e-05,0.0007710194976744966,9.784137867035534e-05,0.0009408187418801228,0.10802131368216301,0.02973317791640988,6.825418476102245e-09,,,,,,,,,,,,0.9999998491392026,True,1.0000003732717202,True,1.0000006979553695,True
sawtooth,both,1,spherical_sector,classical_null,random,15.0,18.0,,,,5263.0,,0.63671875,0.0005701163963749316,0.0017923642768685744,0.0006262337730309625,0.0035542221668432017,0.0006682714415484633,0.004140268104489642,0.09641722874492326,0.032421702450508114,3.2632109472749243e-07,,,,,,,,,,,,0.9980468826854942,False,0.9978847447082337,False,0.9977627966322892,False
sawtooth,both,1,spherical_sector,classical_null,random,16.0,18.0,,,,3287.0,,0.63671875,7.377887130490004e-05,0.0002560337586462458,8.792507938476484e-05,0.0007794348758337621,9.809876505741215e-05,0.0009504154581650992,0.10810069972126482,0.02972643401161911,6.821593188353841e-09,,,,,,,,,,,,0.9999999704966389,True,0.9999997968260379,True,0.9999996881815626,True
sawtooth,both,1,spherical_sector,classical_null,random,17.0,18.0,,,,2869.0,,0.63671875,0.00011855643987538312,0.00045975362620193083,0.00013656116164406304,0.001011695918029465,0.00014969607124866097,0.0011788630394997113,0.10400471492934453,0.02999451847841348,1.5395621770002913e-08,,,,,,,,,,,,0.99982377079589,True,0.9998087022923653,True,0.9997972625253653,True
sawtooth,both,1,spherical_sector,classical_null,random,18.0,18.0,,,,8303.0,,0.63671875,7.3902634149912e-05,0.00025903617907641063,8.803849367622903e-05,0.0007814597241945775,9.820731239328347e-05,0.0009520892804278924,0.10801835598870083,0.02973025790205244,6.839085473203272e-09,,,,,,,,,,,,0.9999994834899311,True,0.9999993512134365,True,0.9999992623305383,True
sawtooth,both,1,spherical_sector,classical_null,random,19.0,18.0,,,,4294.0,,0.63671875,7.38331482488478e-05,0.00026316316957530894,8.829046917368529e-05,0.0007899749368204256,9.865847690457198e-05,0.0009618815932308511,0.10804862165898725,0.029724880216221918,6.829068799088429e-09,,,,,,,,,,,,0.9999997569169028,True,0.9999983611842658,True,0.9999974923297574,True
sawtooth,both,1,generic,variational,random,0.0,16.0,12.0,3.0,0.8630652367307808,24497.0,11.406259600014891,0.63671875,0.00209875208708781,0.00792692329153194,0.0022147962565220317,0.01175419925109411,0.002307925370926622,0.012830298697229847,0.09773698820841133,0.025899636128738072,4.4059966892988095e-06,16.0,True,CONVERGENCE: RELATIVE REDUCTION OF F <= FACTR*EPSMCH,4.4059966892988095e-06,0.13693476326921916,0.1590386538907036,0.13693476326921916,1.6220356817519477,-2.534769983100329,0.06879488089647212,-2.922905466412286,0.9920317023204982,False,0.9916431727540187,False,0.9913301347921414,False
sawtooth,both,1,generic,variational,random,1.0,16.0,12.0,3.0,0.315755947741434,21573.0,11.74831609998364,0.63671875,0.0018880980992891467,0.009267353051138849,0.00207287228140386,0.015537736802716862,0.002213416517654344,0.01731694934270467,0.18123208276988745,0.023434975225463537,3.566961103119242e-06,16.0,True,CONVERGENCE: RELATIVE REDUCTION OF F <= FACTR*EPSMCH,3.566961103119242e-06,0.08086290717302963,0.10729212553559966,0.08086290717302963,-0.52441388750465,-2.3414252006395975,1.9759739035468153,-1.9050014179147592,0.9928606256139376,False,0.9922008018759036,False,0.9917009102851329,False
sawtooth,both,1,generic,variational,random,2.0,16.0,12.0,3.0,0.38155682641919486,23188.0,11.38412529998459,0.63671875,0.0006068135865376303,0.001961870415799122,0.0006459370510330976,0.003318853013513229,0.0006763924167446059,0.003699746810568949,0.10171455166117101,0.029138798977093535,3.695312623130448e-07,16.0,True,CONVERGENCE: RELATIVE REDUCTION OF F <= FACTR*EPSMCH,3.695312623130448e-07,0.2516122021927966,0.28380208112211813,0.2516122021927966,1.757756730226472,-4.168294164570627,-0.4990252924841818,-1.365270271376064,0.9979024792680821,False,0.9978073291651485,False,0.9977309365633361,False
sawtooth,both,1,generic,variational,random,3.0,16.0,12.0,3.0,0.5019750172175554,24973.0,10.503671899961773,0.63671875,0.0028817000171890237,0.013191857872776103,0.003029929741560366,0.017970706056554486,0.0031505115746187006,0.019266519243932134,0.1006386271059368,0.025594274024433063,8.305457318078523e-06,16.0,True,CONVERGENCE: RELATIVE REDUCTION OF F <= FACTR*EPSMCH,8.305457318078523e-06,0.16168651441996945,0.2021005468349757,0.16168651441996945,2.22284394585098,-6.988360917028382,-0.11603042832892178,-2.4818928947984835,0.9889508027676671,False,0.9884404568696705,False,0.988024515220589,False
sawtooth,both,1,generic,variational,random,4.0,16.0,12.0,3.0,0.2245700809359017,22117.0,9.62657229998149,0.63671875,0.0007861904939511101,0.001840561479883207,0.0008069349254798785,0.0026170472025714986,0.0008240157595692202,0.0028237085363871928,0.10962924419936691,0.02934282645444151,6.194852134856287e-07,16.0,True,CONVERGENCE: RELATIVE REDUCTION OF F <= FACTR*EPSMCH,6.194852134856287e-07,0.761126051153946,0.8579771845644676,0.761126051153946,-0.9143599844198275,-3.5120930731734594,-1.6129403472952626,1.3466609185487552,0.9971966312639025,False,0.9971747573725508,False,0.9971517832267154,False
sawtooth,both,1,generic,variational,random,5.0,16.0,12.0,3.0,0.0011471090892053448,13345.0,5.950248299981467,0.63671875,0.02710176795067653,0.13307672475984467,0.02786869633015795,0.15182733041603946,0.028545208458942633,0.15661103181058422,0.12315618322348962,0.021787276081710015,0.0007345072754869105,16.0,True,CONVERGENCE: RELATIVE REDUCTION OF F <= FACTR*EPSMCH,0.0007345072754869105,0.1813190567608106,0.24694866975330065,0.1813190567608106,-1.3910522912149055,3.6426283170402165,-0.2533876135385804,-2.6307785610908607,0.8936448525288352,False,0.890847223661761,False,0.8883964811195973,False
sawtooth,both,1,generic,variational,random,6.0,16.0,12.0,3.0,0.6115428021728391,39865.0,19.29057129996363,0.63671875,0.003608907621112391,0.016646817350036258,0.003911462264142758,0.027460752224421348,0.004142997165433427,0.030521467745067477,0.09338620432054454,0.032157331765401115,1.3025469653083955e-05,16.0,True,CONVERGENCE: RELATIVE REDUCTION OF F <= FACTR*EPSMCH,1.3025469653083955e-05,0.388457197827161,0.4262261376411831,0.388457197827161,0.15883660992431461,2.9450305965555863,-0.8849067174466368,-0.3303176847161725,0.986089241359039,False,0.9849768545708256,False,0.9841308129749257,False
sawtooth,both,1,generic,variational,random,7.0,16.0,12.0,3.0,0.4168369986044994,15164.0,8.193042400002014,0.63671875,0.0005079022404682368,0.0023152530512584035,0.0005548393721239096,0.0042951280503933376,0.0005902464258521084,0.004873876813981715,0.10758430821544716,0.028072131009897295,2.5932125026490797e-07,16.0,True,CONVERGENCE: RELATIVE REDUCTION OF F <= FACTR*EPSMCH,2.5932125026490797e-07,0.5831630013955006,0.6447527732623166,0.5831630013955006,0.20422240702215907,-3.9420418311067236,-1.3486714375713853,0.34406141605066126,0.998291695345115,False,0.9981652582511509,False,0.9980689030197738,False
sawtooth,both,1,generic,variational,random,8.0,16.0,12.0,3.0,2.792536147322444e-06,9520.0,5.312325500010047,0.63671875,0.02705238512064741,0.13202070524682596,0.027815899050714757,0.15072015411827433,0.028489314725919444,0.15549218892964817,0.12365730923891516,0.021756790367837182,0.0007318329948568215,16.0,True,CONVERGENCE: RELATIVE REDUCTION OF F <= FACTR*EPSMCH,0.0007318329948568215,0.1882470090946407,0.2604830130845181,0.1882470090946407,-1.3873014689755876,4.356635394353727,-0.2902483281129193,-2.811599224433716,0.8938391739301761,False,0.8910546678271976,False,0.8886157624429787,False
sawtooth,both,1,generic,variational,random,9.0,16.0,12.0,3.0,0.3052348053015389,29444.0,12.870756099990103,0.63671875,0.001329804720269866,0.007056165160026162,0.0014552894667984346,0.011520777004470406,0.001550950854427161,0.012780961068198815,0.10437057609911492,0.02531427782873066,1.7696774425912954e-06,16.0,True,CONVERGENCE: RELATIVE REDUCTION OF F <= FACTR*EPSMCH,1.7696774425912954e-06,0.21897575048698736,0.3224455863704922,0.21897575048698736,-0.8165165124484332,-4.408598312025526,2.2418509645512024,-4.060457241247359,0.9950575096666825,False,0.9946273275021257,False,0.9942998840782589,False
sawtooth,both,1,generic,variational,random,10.0,16.0,12.0,3.0,0.22539651554233697,13498.0,5.236180100007914,0.63671875,0.005887317913025431,0.018578695716683025,0.006244859671322177,0.026640686002657066,0.006525276002607416,0.02986500471964837,0.20496746841967567,0.05495725234109235,3.466311145623772e-05,16.0,True,CONVERGENCE: RELATIVE REDUCTION OF F <= FACTR*EPSMCH,3.466311145623772e-05,0.6907118450485432,0.9193054680633596,0.6907118450485432,-0.6288382562615356,-2.086931382571334,-1.4045562816079982,2.4009913856018885,0.9771236984670442,False,0.9758087746457084,False,0.9747846979844943,False
sawtooth,both,1,generic,variational,random,11.0,16.0,12.0,3.0,0.06721330520770641,16490.0,7.93567289999919,0.63671875,0.002475691881120993,0.012454537502150642,0.002604420403480811,0.017288458878913504,0.002708675724789327,0.018600924073727154,0.10464598917228066,0.02577018831797922,6.130354452023303e-06,16.0,True,CONVERGENCE: RELATIVE REDUCTION OF F <= FACTR*EPSMCH,6.130354452023303e-06,0.04530476106694549,0.05241982627300406,0.04530476106694549,1.1790232145067563,-5.830200422640863,1.1750060559699371,-4.365336231693794,0.9905484444967869,False,0.9901123125117459,False,0.9897579179587415,False
sawtooth,both,1,generic,variational,random,12.0,16.0,12.0,3.0,0.3021424963541798,57392.0,30.70862779999152,0.63671875,0.00287841082417258,0.012167161170792418,0.003010785544312576,0.016662122303407356,0.003118662146267789,0.017887602921142443,0.10063670458278659,0.02710185371087991,8.286526258296807e-06,16.0,False,STOP: TOTAL NO. OF ITERATIONS REACHED LIMIT,8.286526258296807e-06,0.03472866173504591,0.038273893762952906,0.03472866173504591,-0.4897464925254658,-8.0,1.4766781392755057,0.4922883774243056,0.9889637457398673,False,0.9885156757457737,False,0.9881494663451603,False
sawtooth,both,1,generic,variational,random,13.0,16.0,12.0,3.0,0.5384285945796079,19448.0,9.02832679997664,0.63671875,0.0014671112582964095,0.006525889938125973,0.0015888123567241639,0.010220470595050213,0.0016839426063484588,0.011260879742543528,0.1056996352759552,0.025986948326122437,2.1537323100560947e-06,16.0,True,CONVERGENCE: RELATIVE REDUCTION OF F <= FACTR*EPSMCH,2.1537323100560947e-06,0.3326216775543078,0.46628449364994634,0.3326216775543078,0.18859941616487963,-4.84383120391022,0.278648155172147,-4.452579387914332,0.9945172085363737,False,0.9941027068254656,False,0.9937781331451438,False
sawtooth,both,1,generic,variational,random,14.0,16.0,12.0,3.0,4.0224364713736804e-05,5882.0,3.264218899945263,0.63671875,0.19739045692745769,0.4610005659981853,0.1999096142967895,0.5398377979076153,0.20215673689535194,0.5597095946515096,0.1423722899342176,0.023317448741007944,0.03896299414292791,16.0,True,CONVERGENCE: RELATIVE REDUCTION OF F <= FACTR*EPSMCH,0.03896299414292791,0.003549580692592674,0.003668190791586246,0.003549580692592674,-2.2056255446601583,2.7795823508172552,7.461722535807357,-7.678785217477667,0.22355898148891523,False,0.21488654870103746,False,0.20728674572184977,False
sawtooth,both,1,generic,variational,random,15.0,16.0,12.0,3.0,0.2412075176757379,10506.0,4.60032600001432,0.63671875,0.0002923556263611166,0.0009894335115007147,0.0003302470705494629,0.002139726721787194,0.0003580552576152919,0.002503712113806289,0.122301224841603,0.02895935518437332,8.698441806526058e-08,16.0,True,CONVERGENCE: RELATIVE REDUCTION OF F <= FACTR*EPSMCH,8.698441806526058e-08,0.10981544550885887,0.16584514637707307,0.10981544550885887,-0.8185137510200092,-3.0704431907077017,0.33124196123956995,-2.3335663128589137,0.9991398711196281,False,0.9990476969497906,False,0.9989798313814084,False
sawtooth,both,1,generic,variational,random,16.0,16.0,12.0,3.0,0.44735493872506804,20315.0,10.75257159996545,0.63671875,0.0007642395076522172,0.003927613267749541,0.0008506541799838037,0.006949038016730136,0.0009151974940478994,0.007820166429802655,0.12889855894097774,0.026596733481166628,5.856169779807249e-07,16.0,True,CONVERGENCE: RELATIVE REDUCTION OF F <= FACTR*EPSMCH,5.856169779807249e-07,0.11898008119336771,0.18013750643066037,0.11898008119336771,-0.46648619373351624,-3.2190869759420875,0.770701116295316,-4.0817214130437,0.9972830083795095,False,0.9970029813954604,False,0.9967940606284339,False
sawtooth,both,1,generic,variational,random,17.0,16.0,12.0,3.0,0.4310958081058659,49368.0,25.092968200042378,0.63671875,0.0005417558169582713,0.0024545482997544443,0.0006040532282296035,0.004320327017751202,0.0006505807590190451,0.004863214287393669,0.10044248676375758,0.02805949675264046,2.9478438504328796e-07,16.0,True,CONVERGENCE: RELATIVE REDUCTION OF F <= FACTR*EPSMCH,2.9478438504328796e-07,0.0775545006244654,0.11688613619833321,0.0775545006244654,0.1654043760886865,-4.149916147712218,0.6613244116117579,-2.530167763416659,0.9981584815454997,False,0.9979718936040437,False,0.9978322004109733,False
sawtooth,both,1,generic,variational,random,18.0,16.0,12.0,3.0,0.8418327169861517,15623.0,7.347530399973039,0.63671875,0.007427689423569679,0.031669342316188676,0.008093468581939087,0.05068578865659035,0.008603648939452587,0.05598172762334075,0.1162152405459391,0.021697981232616268,5.517194930522665e-05,16.0,True,CONVERGENCE: RELATIVE REDUCTION OF F <= FACTR*EPSMCH,5.517194930522665e-05,0.12253267558133074,0.13338107820053202,0.12253267558133074,0.4356576619840585,-0.2940142313282239,-0.0002342521015778665,4.582709654333053,0.9710623376592876,False,0.9685454622795108,False,0.9666308613480582,False
sawtooth,both,1,generic,variational,random,19.0,16.0,12.0,3.0,0.26366893323900786,22168.0,11.22136429999955,0.63671875,0.005849146745402037,0.02697435124633507,0.006447205448859215,0.042809409481000316,0.006899324033381026,0.047262256974784034,0.7866471774809161,0.022830824132309822,3.4220612429263384e-05,16.0,True,CONVERGENCE: RELATIVE REDUCTION OF F <= FACTR*EPSMCH,3.4220612429263384e-05,0.1561918556672664,0.18367963853772315,0.1561918556672664,-0.056555898817070384,-1.101030636004239,-0.29978948184824505,0.6889399274155342,0.9772739019847249,False,0.9750137440798641,False,0.9733172392416286,False
sawtooth,both,1,equivariant,variational,random,0.0,16.0,8.0,2.0,0.608762965492374,20077.0,11.994663599994965,0.63671875,0.11929110312689574,0.26042904583185283,0.11960800243763497,0.27617188139600835,0.1198988790677295,0.2801431912118872,0.908154617768622,0.0,0.014230376366777854,8.0,True,CONVERGENCE: RELATIVE REDUCTION OF F <= FACTR*EPSMCH,0.014230376366777854,0.0,0.0,0.0,0.43594988171459115,1.0849305355309644,-1.3114777368132664,-1.183066838675863,0.530879883620237,False,0.5303971399853518,False,0.5299993459964275,False
sawtooth,both,1,equivariant,variational,random,1.0,16.0,8.0,2.0,0.018493123833191127,1632.0,0.5363265999476425,0.63671875,0.12097115606097633,0.2506734210567041,0.12133047396783526,0.26324952133037544,0.12165961164192014,0.2664907682442893,0.2381534532522615,0.0,0.014634022980263622,8.0,True,CONVERGENCE: RELATIVE REDUCTION OF F <= FACTR*EPSMCH,0.014634022980263622,0.0,0.0,0.0,-0.7579319076026252,-3.710695462983547,-1.1205298281699945,-0.8502884468413431,0.5242688765093649,False,0.5236294301177455,False,0.5230916705182266,False
sawtooth,both,1,equivariant,variational,random,2.0,16.0,8.0,2.0,0.00772949352190011,9741.0,4.538832999998704,0.63671875,0.11953127550598472,0.2595578303361684,0.11982148925904507,0.27360137181451494,0.1200905394452234,0.2771510164662745,0.1223723865933055,0.0,0.01428772704781149,8.0,True,CONVERGENCE: RELATIVE REDUCTION OF F <= FACTR*EPSMCH,0.01428772704781149,0.0,0.0,0.0,1.1973767921279381,-3.8366917482097183,-0.8862604821897861,-1.024799512929347,0.5299348054778859,False,0.5295583354869732,False,0.5292474273296386,False
sawtooth,both,1,equivariant,variational,random,3.0,16.0,8.0,2.0,0.004898425705566645,8534.0,4.1761200000182725,0.63671875,0.11953115812008012,0.2597365121158607,0.11982236354102693,0.27380459892834297,0.12009231701021841,0.2773595713358502,0.12350089835694644,0.0,0.014287698996536582,8.0,True,CONVERGENCE: RELATIVE REDUCTION OF F <= FACTR*EPSMCH,0.014287698996536582,0.0,0.0,0.0,1.4276951241057683,-3.862042542537418,-1.2637876378012805,-1.0977002443086636,0.5299352673913377,False,0.5295549003725507,False,0.5292404536174992,False
sawtooth,both,1,equivariant,variational,random,4.0,16.0,8.0,2.0,0.0014972716008070375,748.0,0.4828115000273101,0.63671875,0.12755157296105646,0.22812305086955298,0.1277433944183324,0.23560047469488193,0.12791918421808882,0.23772119628088959,0.10971188535161086,0.0,0.01626940486195856,8.0,True,CONVERGENCE: RELATIVE REDUCTION OF F <= FACTR*EPSMCH,0.01626940486195856,0.0,0.0,0.0,-1.4156150348099152,-2.5640891830548442,-1.3732791712410581,-0.4368177188189931,0.4983749406479101,False,0.49843262178039255,False,0.49853422401997244,False
sawtooth,both,1,equivariant,variational,random,5.0,16.0,8.0,2.0,0.01563496559029698,3757.0,1.4926493999664672,0.63671875,0.11953170361893255,0.25974041823874405,0.11982294920531633,0.27380265469663473,0.12009293946141532,0.27735616119653117,0.12416667056399829,0.0,0.014287829411711037,8.0,True,CONVERGENCE: RELATIVE REDUCTION OF F <= FACTR*EPSMCH,0.014287829411711037,0.0,0.0,0.0,0.828610742921867,-3.8686939644665737,-0.9492793898728479,-1.4330337106098963,0.529933120853738,False,0.5295525992570194,False,0.5292380116277658,False
sawtooth,both,1,equivariant,variational,random,6.0,16.0,8.0,2.0,0.0004382827366371522,8959.0,4.004539199988358,0.63671875,0.11937998690840329,0.26058693075762207,0.11967560059731736,0.2754486738966487,0.11994959381680866,0.27919847338697024,0.12776103463406274,0.0,0.014251582551860886,8.0,True,CONVERGENCE: RELATIVE REDUCTION OF F <= FACTR*EPSMCH,0.014251582551860886,0.0,0.0,0.0,-1.4225408359781038,0.7733677815540903,-1.2116572415595679,-0.9051039384980678,0.5305301260026836,False,0.5301315421369732,False,0.529800382772976,False
sawtooth,both,1,equivariant,variational,random,7.0,16.0,8.0,2.0,0.7246282977643473,4386.0,2.270879600022454,0.63671875,0.11929110311092836,0.2604303452273937,0.11960803023163505,0.2761733906027575,0.11989892999678145,0.28014475036913195,0.9088705341224658,0.0,0.014230376370127484,8.0,True,CONVERGENCE: RELATIVE REDUCTION OF F <= FACTR*EPSMCH,0.014230376370127484,0.0,0.0,0.0,1.4357118771963664,0.04731548578799245,-1.0073129556158185,-0.8261742013854281,0.5308798836830686,False,0.5303970307808017,False,0.5299991461924548,False
sawtooth,both,1,equivariant,variational,random,8.0,16.0,8.0,2.0,0.8072654302624657,15164.0,6.465312200016342,0.63671875,0.1192911031227302,0.2604285550989546,0.11960803695158946,0.2761720842541498,0.1198989409507287,0.2801435709328251,0.909419103143321,0.0,0.014230376378428881,8.0,True,CONVERGENCE: RELATIVE REDUCTION OF F <= FACTR*EPSMCH,0.014230376378428881,0.0,0.0,0.0,1.1445525599091948,2.8134451930920528,-1.163398633354262,-0.8474122135424532,0.5308798836366283,False,0.5303970043776357,False,0.529999103218119,False
sawtooth,both,1,equivariant,variational,random,9.0,16.0,8.0,2.0,0.4108272064223094,3706.0,1.525377199985087,0.63671875,0.11929110311521811,0.2604293774070277,0.11960801312915129,0.27617227122649335,0.11989889860521473,0.28014359417430024,0.9083853973344888,0.0,0.014230376366299572,8.0,True,CONVERGENCE: RELATIVE REDUCTION OF F <= FACTR*EPSMCH,0.014230376366299572,0.0,0.0,0.0,1.0399244462801667,-0.7135002087351964,-0.793445437706346,-0.9305548682561543,0.5308798836661883,False,0.5303970979776441,False,0.5299992693473046,False
sawtooth,both,1,equivariant,variational,random,10.0,16.0,8.0,2.0,1.533982925927546e-05,6392.0,2.7769242000067607,0.63671875,0.11967061261401142,0.2611319109686385,0.11998931595450796,0.27512269420561564,0.12028269526133263,0.2786525151128658,0.34624898399491727,0.0,0.014321058985902628,8.0,True,CONVERGENCE: RELATIVE REDUCTION OF F <= FACTR*EPSMCH,0.014321058985902628,0.0,0.0,0.0,-0.6479869879054455,2.3511096600851,-1.2430684193435892,-1.2836218832392556,0.5293865140560582,False,0.5288989327839283,False,0.5284935649666721,False
sawtooth,both,1,equivariant,variational,random,11.0,16.0,8.0,2.0,0.6583716429616181,4267.0,2.5797800000291318,0.63671875,0.1192911031051733,0.26042869026476484,0.1196080202130378,0.2761721734244277,0.11989891082549108,0.280143649082794,0.9088025173417035,0.0,0.01423037636807426,8.0,True,CONVERGENCE: RELATIVE REDUCTION OF F <= FACTR*EPSMCH,0.01423037636807426,0.0,0.0,0.0,0.5718471545475642,0.8890168863856589,-1.0947746417687134,-0.8842224603506033,0.5308798837057147,False,0.5303970701445637,False,0.5299992214049284,False
sawtooth,both,1,equivariant,variational,random,12.0,16.0,8.0,2.0,0.645271247155568,1972.0,1.4491965000052005,0.63671875,0.11929110311645846,0.26042899210497994,0.11960800703726236,0.2761719442557367,0.11989888732106073,0.2801432849957679,0.9083120268145224,0.0,0.014230376365861795,8.0,True,CONVERGENCE: RELATIVE REDUCTION OF F <= FACTR*EPSMCH,0.014230376365861795,0.0,0.0,0.0,0.5339849044746989,0.5185390382017501,-1.226735812814824,-0.5561526531884649,0.5308798836613076,False,0.5303971219130973,False,0.5299993136171016,False
sawtooth,both,1,equivariant,variational,random,13.0,16.0,8.0,2.0,0.8181524118245853,15725.0,7.826712700014468,0.63671875,0.11940679308335678,0.2590729227970524,0.11969615828481299,0.27379177463284815,0.11996421068449804,0.27751155971773833,0.09748521704997146,0.0,0.014257983209303752,8.0,True,CONVERGENCE: RELATIVE REDUCTION OF F <= FACTR*EPSMCH,0.014257983209303752,0.0,0.0,0.0,2.843514119498963,-0.5577693153734399,-0.8239210015345015,-1.1234835575587951,0.5304246437231447,False,0.5300507695598478,False,0.5297430381313274,False
sawtooth,both,1,equivariant,variational,random,14.0,16.0,8.0,2.0,3.762144790286914e-05,13022.0,9.473423599964008,0.63671875,0.12022883254674471,0.28054161509275827,0.12058253704737938,0.29383706804976706,0.12091486445953505,0.2971205578321635,0.11552415210989317,0.0,0.014454973330794702,8.0,True,CONVERGENCE: RELATIVE REDUCTION OF F <= FACTR*EPSMCH,0.014454973330794702,0.0,0.0,0.0,2.812507814851298,-4.475706838631261,-1.02856310303791,-0.9714263715727395,0.5271899190143967,False,0.5265681260486604,False,0.5260134497393474,False
sawtooth,both,1,equivariant,variational,random,15.0,16.0,8.0,2.0,0.45494039795881347,11917.0,8.328413100040052,0.63671875,0.119462981466676,0.2598763578297827,0.11975595307511003,0.2743340414444698,0.120027448072144,0.2779856377266118,0.08279414889753535,0.0,0.014271404768848864,8.0,True,CONVERGENCE: RELATIVE REDUCTION OF F <= FACTR*EPSMCH,0.014271404768848864,0.0,0.0,0.0,-0.008504493001804942,-2.1906204256946324,-0.9496280524434294,-0.9462555203305264,0.5302035424744063,False,0.5298158316899153,False,0.5294949463095762,False
sawtooth,both,1,equivariant,variational,random,16.0,16.0,8.0,2.0,0.5532209784303044,19499.0,11.316100600000937,0.63671875,0.11929110310213528,0.26042998044324533,0.11960802894812,0.27617345478786337,0.11989892739367271,0.280144922638343,0.9088917152810158,0.0,0.014230376368241425,8.0,True,CONVERGENCE: RELATIVE REDUCTION OF F <= FACTR*EPSMCH,0.014230376368241425,0.0,0.0,0.0,1.9119914420844115,-0.4366089534590376,-1.0478677549297353,-0.7199374810630224,0.5308798837176693,False,0.5303970358238211,False,0.5299991564049259,False
sawtooth,both,1,equivariant,variational,random,17.0,16.0,8.0,2.0,0.451503913158371,5202.0,3.8805832999642007,0.63671875,0.1192911031250202,0.26042757503335906,0.11960799832267818,0.27617035751604346,0.11989887077918607,0.2801416607763972,0.9082207635029744,0.0,0.01423037636699184,8.0,True,CONVERGENCE: RELATIVE REDUCTION OF F <= FACTR*EPSMCH,0.01423037636699184,0.0,0.0,0.0,0.34405947080421884,-0.6420284903774888,-0.5350939728614132,-0.8523579721000344,0.5308798836276172,False,0.5303971561533019,False,0.5299993785138973,False
sawtooth,both,1,equivariant,variational,random,18.0,16.0,8.0,2.0,0.6476486833076294,9197.0,6.307999500015285,0.63671875,0.11931701842875765,0.26046207960960666,0.11961804925336009,0.27572173365162356,0.1198962490162825,0.27957169814252175,0.3681621613026494,0.0,0.014236554568350107,8.0,True,CONVERGENCE: RELATIVE REDUCTION OF F <= FACTR*EPSMCH,0.014236554568350107,0.0,0.0,0.0,0.1488511008566504,4.425322732023025,-0.7269504542294767,-0.873306424971772,0.5307779069256853,False,0.5303576653509507,False,0.5300096641686209,False
sawtooth,both,1,equivariant,variational,random,19.0,16.0,8.0,2.0,0.6444041139624204,5899.0,4.092015600006562,0.63671875,0.11929110311009461,0.26042899693231353,0.11960801073425874,0.27617203179174654,0.11989889399641206,0.28014339195607907,0.9084263518917588,0.0,0.014230376365486743,8.0,True,CONVERGENCE: RELATIVE REDUCTION OF F <= FACTR*EPSMCH,0.014230376365486743,0.0,0.0,0.0,0.9298450964173652,-0.20855123723645924,-0.4997123611967085,-0.7995100160533926,0.5308798836863493,False,0.5303971073873427,False,0.5299992874284791,False
sawtooth,both,1,sector_mixed,variational,random,0.0,16.0,10.0,3.0,0.01985825635077565,5984.0,4.343566399998963,0.63671875,0.009795955916354458,0.0394546751521237,0.01008302067785265,0.04674565280858611,0.01033259584351581,0.04860113525619614,0.08591080084867585,0.026243048893399915,9.596187385365733e-05,16.0,True,CONVERGENCE: RELATIVE REDUCTION OF F <= FACTR*EPSMCH,9.596187385365733e-05,0.22881320527302984,0.22883970356903538,0.22881320527302984,-0.12484884503528451,-7.416525397042267,3.8473184547150607,-3.959937616734662,0.9617432106802272,False,0.9607283743825251,False,0.9598478868592725,False
sawtooth,both,1,sector_mixed,variational,random,1.0,16.0,10.0,3.0,0.6372474866192285,8483.0,5.381711900001392,0.63671875,0.0024840484918528917,0.011889818320985124,0.0026146754609230904,0.016437577504815226,0.002720600839674156,0.0176797444176906,0.10097511681798294,0.02607719258554816,6.171767432970661e-06,16.0,True,CONVERGENCE: RELATIVE REDUCTION OF F <= FACTR*EPSMCH,6.171767432970661e-06,0.09230511354703504,0.10458840619968607,0.09230511354703504,1.9899921105568734,-6.56968787554234,0.47431912660580006,-2.0502305775487035,0.9905155612394498,False,0.990072019681224,False,0.9897111335549813,False
sawtooth,both,1,sector_mixed,variational,random,2.0,16.0,10.0,3.0,0.04646207316884432,16167.0,12.046829600003548,0.63671875,0.010185432101753798,0.03455178905042777,0.010424394521365588,0.03989033411374776,0.010632762352393807,0.04126281171196078,0.08678497427135451,0.02656858956736765,0.00010374416063507518,16.0,True,CONVERGENCE: RELATIVE REDUCTION OF F <= FACTR*EPSMCH,0.00010374416063507518,0.08491828580778987,0.08493038521035245,0.08491828580778987,-0.16917762983931617,-6.36662890039096,4.753155340062353,-3.2010904627475347,0.9602106221653306,False,0.9593870929222641,False,0.9586702788209213,False
sawtooth,both,1,sector_mixed,variational,random,3.0,16.0,10.0,3.0,0.20783645465818623,11475.0,8.69494560000021,0.63671875,0.000805874718029872,0.0035224428821410414,0.0008779355079416535,0.006255299512127777,0.0009328315599415272,0.007045020241533084,0.10586618595952968,0.026916455103015963,6.507618875703512e-07,16.0,True,CONVERGENCE: RELATIVE REDUCTION OF F <= FACTR*EPSMCH,6.507618875703512e-07,0.1258142200886688,0.14571586780860904,0.1258142200886688,-0.9465902371779067,-4.30826152649548,0.16604202732437404,-2.6756303993233406,0.9971191738560334,False,0.9968957911695645,False,0.9967248789671528,False
sawtooth,both,1,sector_mixed,variational,random,4.0,16.0,10.0,3.0,0.7576824520727584,9214.0,6.725125700002536,0.63671875,0.02830455411748925,0.13525212642367357,0.029074398560844664,0.15333872624165057,0.029759619678200143,0.15794925876720933,0.13019457649346003,0.020903145919043083,0.0008011492947671017,16.0,True,CONVERGENCE: RELATIVE REDUCTION OF F <= FACTR*EPSMCH,0.0008011492947671017,0.04207185797586103,0.049372989016454386,0.04207185797586103,0.05772248949322464,4.1689135291770505,1.1987916280891617,-7.999979680132186,0.8889118898106046,False,0.8861099361415055,False,0.8836321240998645,False
sawtooth,both,1,sector_mixed,variational,random,5.0,16.0,10.0,3.0,0.2421436969519526,16524.0,9.673490200017113,0.63671875,0.005361963866227389,0.02265376984522438,0.005596283728759895,0.029596321422345806,0.005790246985125337,0.031439578507817756,0.10350524711962408,0.025305579435925707,2.8751944610993724e-05,16.0,True,CONVERGENCE: RELATIVE REDUCTION OF F <= FACTR*EPSMCH,2.8751944610993724e-05,0.1855312004945438,0.1988463733685595,0.1855312004945438,-1.184154119728034,4.037470354692522,-0.22257330797258068,-1.3391602341458149,0.9791909662707268,False,0.9783570744169449,False,0.9776683510697227,False
sawtooth,both,1,sector_mixed,variational,random,6.0,16.0,10.0,3.0,0.18847093703538542,11577.0,4.874224299972411,0.63671875,0.003791382270601958,0.016237559405752167,0.004006154885836887,0.021941588671785472,0.00417948510919121,0.02345947834631512,0.0864117536442866,0.026143816158453282,1.4375705077532889e-05,16.0,True,CONVERGENCE: RELATIVE REDUCTION OF F <= FACTR*EPSMCH,1.4375705077532889e-05,0.5378452495147074,0.5379626236954376,0.5378452495147074,-0.7378774134324729,-4.291269036980406,2.6869294822945964,-6.181661173940581,0.9853712037419745,False,0.9846048007057876,False,0.98398766410721,False
sawtooth,both,1,sector_mixed,variational,random,7.0,16.0,10.0,3.0,0.6117586646800002,15045.0,6.040252499980852,0.63671875,0.0020563181024300875,0.009680413138860089,0.0021643985271451766,0.013787473530207928,0.0022517245579074556,0.014915633207901347,0.10430699152669622,0.026183024083241375,4.229749038537776e-06,16.0,True,CONVERGENCE: RELATIVE REDUCTION OF F <= FACTR*EPSMCH,4.229749038537776e-06,0.38824133531999977,0.5268107659257558,0.38824133531999977,0.4512757774396938,-4.579216568665964,-0.9697710438527014,-6.982431701940016,0.992198680020203,False,0.9918411889211534,False,0.9915506208464338,False
sawtooth,both,1,sector_mixed,variational,random,8.0,16.0,10.0,3.0,0.2622050705908915,18853.0,8.707814399967901,0.63671875,0.0029286772720781965,0.010760604065952473,0.003176166347311727,0.015553756685474096,0.0033659516259164127,0.01685665816568338,0.12111713650681982,0.026051860083204353,8.578622253953286e-06,16.0,True,CONVERGENCE: RELATIVE REDUCTION OF F <= FACTR*EPSMCH,8.578622253953286e-06,0.6903384693518244,1.0930500020984524,0.6903384693518244,-1.0304761332451224,2.9132512403084383,-0.10451400360883692,-6.7585195583557045,0.9887659473028055,False,0.9878658831235178,False,0.9871793045502204,False
sawtooth,both,1,sector_mixed,variational,random,9.0,16.0,10.0,3.0,0.09546655450350627,24905.0,11.366764500038698,0.63671875,0.002868838015359663,0.011571856239007083,0.0030847586849057913,0.01819194842932101,0.0032520932188237,0.020091922190888678,0.2909440044294502,0.026368308965838992,8.233404681506723e-06,16.0,True,CONVERGENCE: RELATIVE REDUCTION OF F <= FACTR*EPSMCH,8.233404681506723e-06,0.001681362064883146,0.0018853796977792985,0.001681362064883146,-0.61631839128587,-1.4203869596149146,4.472045346046021,-4.772443208394754,0.9890014147357957,False,0.9882250301561353,False,0.9876259918769559,False
sawtooth,both,1,sector_mixed,variational,random,10.0,16.0,10.0,3.0,0.5501253552544786,24973.0,9.281170900037978,0.63671875,0.0017087677771937778,0.006536021250556523,0.0018247163191108028,0.010008609594122253,0.001917009039259504,0.010988589371919155,0.10285817838129525,0.026143716201206906,2.9211773353215893e-06,16.0,True,CONVERGENCE: RELATIVE REDUCTION OF F <= FACTR*EPSMCH,2.9211773353215893e-06,0.1666958066961342,0.24881749023053387,0.1666958066961342,0.5304809533960485,-5.056054500730687,0.4990658090059344,-4.162501519295194,0.9935662903049233,False,0.9931758238285282,False,0.9928637709603291,False
sawtooth,both,1,sector_mixed,variational,random,11.0,16.0,10.0,3.0,0.1713742927802373,10217.0,3.965947899967432,0.63671875,0.0021369963292233113,0.009094342669522026,0.0022585332267184024,0.012945447166512913,0.0023564887106249616,0.014013089214996666,0.10168957609083079,0.026082563055921187,4.5680310325053755e-06,16.0,True,CONVERGENCE: RELATIVE REDUCTION OF F <= FACTR*EPSMCH,4.5680310325053755e-06,0.8286257072197627,0.9146121975451454,0.8286257072197627,-0.7075016360797951,-5.091431600110329,-1.7340679390318212,-0.9781347803706619,0.991881211254664,False,0.9914713271707464,False,0.9911396119406357,False
sawtooth,both,1,sector_mixed,variational,random,12.0,16.0,10.0,3.0,0.49199936731537797,8466.0,3.45650420000311,0.63671875,0.0013844721576665533,0.005459250517807102,0.001447769582302748,0.008006211260439988,0.0014987405667227292,0.008718765765719783,0.10585297976482937,0.027644371727663195,1.9180981288688062e-06,16.0,True,CONVERGENCE: RELATIVE REDUCTION OF F <= FACTR*EPSMCH,1.9180981288688062e-06,0.508000632684622,0.5647282125304014,0.508000632684622,0.275155794032232,-3.9871992579350954,-1.2230887108297515,-0.7515483175995985,0.9948423933390769,False,0.9946568736488182,False,0.9945047145728905,False
sawtooth,both,1,sector_mixed,variational,random,13.0,16.0,10.0,3.0,0.2588605249129764,23783.0,7.713296499976423,0.63671875,0.0016684017983702615,0.0068253469988222015,0.0017777899464853856,0.010451392746512966,0.0018650285383666945,0.011473141262370201,0.10635710039274543,0.02605262052665736,2.784888658014317e-06,16.0,True,CONVERGENCE: RELATIVE REDUCTION OF F <= FACTR*EPSMCH,2.784888658014317e-06,0.4272788857635905,0.7388525830735727,0.4272788857635905,-0.872548444424287,-4.450497593458276,-0.8251642066597322,-5.526051235536598,0.9937251304031286,False,0.9933602007947072,False,0.9930676999593294,False
sawtooth,both,1,sector_mixed,variational,random,14.0,16.0,10.0,3.0,2.9593220637669226e-05,38284.0,14.172191600024235,0.63671875,0.032121379454953525,0.12413218447459279,0.033594799302870376,0.1500532597657434,0.03484820348110337,0.15671143659201564,0.14415713542763625,0.022431759975628636,0.0010317846839780645,16.0,True,CONVERGENCE: RELATIVE REDUCTION OF F <= FACTR*EPSMCH,0.0010317846839780645,0.016565444189617418,0.018475814219336095,0.016565444189617418,-1.0194564030853814,3.78121625700506,3.298118240410464,1.3788323054525398,0.8738926847992212,False,0.8683489687345232,False,0.8636686804348076,False
sawtooth,both,1,sector_mixed,variational,random,15.0,16.0,10.0,3.0,0.096133000164359,6902.0,3.758014400023967,0.63671875,0.0063454936013141415,0.02182363561106529,0.006627715445269285,0.02732007719278809,0.006863796389057193,0.02877237665519855,0.08494398165224606,0.025786295155696835,4.0266396347086794e-05,16.0,True,CONVERGENCE: RELATIVE REDUCTION OF F <= FACTR*EPSMCH,4.0266396347086794e-05,0.008222164657604766,0.008949245127532035,0.008222164657604766,-0.49214062086605914,-4.460362215076255,2.8911217072667856,1.5042810568993599,0.9753207774567232,False,0.9743045078094893,False,0.9734566206792709,False
sawtooth,both,1,sector_mixed,variational,random,16.0,16.0,10.0,3.0,0.11226773832242154,10064.0,4.4296950999996625,0.63671875,0.007971926433574994,0.031620089560272846,0.00824355381677928,0.03755397345667555,0.008477277731926755,0.039082861311548256,0.08639279588692089,0.02627759469570396,6.355273776623756e-05,16.0,True,CONVERGENCE: RELATIVE REDUCTION OF F <= FACTR*EPSMCH,6.355273776623756e-05,0.3165440415600087,0.3165652304320608,0.3165440415600087,-0.4453193780126205,-6.692516398541819,3.7954010903577005,-7.842734152197599,0.9689207654087002,False,0.9679557670032749,False,0.9671266386762979,False
sawtooth,both,1,sector_mixed,variational,random,17.0,16.0,10.0,3.0,0.5032213692228589,20842.0,10.541183400026057,0.63671875,0.001027028847611228,0.004581251792496577,0.0011098626210483285,0.007621193140165516,0.0011737865391016362,0.008488278002034333,0.10657895213577893,0.027044803861419688,1.0561244913856193e-06,16.0,True,CONVERGENCE: RELATIVE REDUCTION OF F <= FACTR*EPSMCH,1.0561244913856193e-06,0.4967786307771412,0.5999768434856205,0.4967786307771412,1.1313834695201603,-4.128144141112289,-1.1973261245542932,-3.872869299941053,0.9962489325120837,False,0.9959845334887161,False,0.9957795685745963,False
sawtooth,both,1,sector_mixed,variational,random,18.0,16.0,10.0,3.0,0.49848817929578215,10591.0,6.383684899949003,0.63671875,0.002265220554243707,0.00976657255127733,0.002383054764388329,0.01383735442981815,0.0024782157745249496,0.014960244713260906,0.10137647789841527,0.026087883322720717,5.132498802980379e-06,16.0,True,CONVERGENCE: RELATIVE REDUCTION OF F <= FACTR*EPSMCH,5.132498802980379e-06,0.06138473958846047,0.08055478807174028,0.06138473958846047,0.8296128330751764,-5.301223175900322,0.8740143049322678,-5.839759047797956,0.9913766490196295,False,0.9909820734301519,False,0.9906620544360714,False
sawtooth,both,1,sector_mixed,variational,random,19.0,16.0,10.0,3.0,0.4021327451429968,13277.0,5.904427100031171,0.63671875,0.0012034203602029742,0.004192572612678136,0.001276557446167784,0.006039348371499997,0.0013344400611992517,0.006719162325887762,0.10271674248397315,0.02742613820051427,1.4495219921579007e-06,16.0,True,CONVERGENCE: RELATIVE REDUCTION OF F <= FACTR*EPSMCH,1.4495219921579007e-06,0.5978672548570032,0.6591720456051374,0.5978672548570032,0.7480412951264797,-4.390593471158181,-1.3818669898843579,-0.6049961778857655,0.9955548320344224,False,0.9953295779825959,False,0.9951492954647856,False
double_sawtooth,even,1,zero,classical,n/a,,,,,,,,0.63671875,0.11834645469858371,0.1875,0.11856791481986238,0.189453125,0.11878397420043624,0.18994140625,0.0,0.0,0.014005883339723926,,,,,,,,,,,,0.0,False,0.0,False,0.0,False
double_sawtooth,even,1,analytic_truncation,classical,n/a,,,,,,,,0.63671875,0.009931941559990099,0.022980617921345592,0.010006197850390386,0.02444886910232477,0.010076251744793435,0.024656506250997967,0.0,0.03869005256141791,9.864385005158419e-05,,,,,,,,,,,,0.9165623745562277,False,0.9161671874635403,False,0.9157847876382741,False
double_sawtooth,even,1,ols_full,classical,n/a,,,,,,,,0.63671875,6.261918797809368e-05,0.00019267514111837025,7.237781801870581e-05,0.0005366270191601297,7.952133113509877e-05,0.0006467576940756836,1.6442191979644963e-05,0.029648057650101266,4.217807701456642e-09,,,,,,,,,,,,1.0000000000795588,True,1.00000005427778,True,1.0000000892943706,True
double_sawtooth,even,1,ols_odd,classical,n/a,,,,,,,,0.63671875,0.11754689798834504,0.19063509914853255,0.1177997608065209,0.197114279434366,0.11804540279184374,0.19898306235953636,0.11039507783074277,0.0,0.013817274330633173,,,,,,,,,,,,0.006759644771838566,False,0.006482556849573419,False,0.006221935712520991,False
double_sawtooth,even,1,ols_even,classical,n/a,,,,,,,,0.63671875,6.820718558131539e-05,0.00017869448827659284,7.847941766820446e-05,0.0004939467681818743,8.601168604862489e-05,0.000594947424722797,0.0,0.029582157354395854,4.948041738467956e-09,,,,,,,,,,,,0.9999527578035576,True,0.9999485620432618,True,0.9999454126976953,True
double_sawtooth,even,1,ridge_full,classical,n/a,,,,,,,,0.63671875,6.261919738859865e-05,0.00019275760117046237,7.238424969305327e-05,0.0005367371328213189,7.953193077355352e-05,0.0006468744922388803,1.6413217461874063e-05,0.02964785089894539,4.217806522756353e-09,,,,,,,,,,,,1.0,True,1.0,True,1.0,True
double_sawtooth,even,1,ridge_odd,classical,n/a,,,,,,,,0.63671875,0.11754689798940224,0.19063345447247976,0.11779975949990228,0.19711120507014207,0.11804540043903347,0.19897957016736226,0.11034536441671682,0.0,0.013817274330384582,,,,,,,,,,,,0.006759644762900776,False,0.00648256787630677,False,0.006221955533264183,False
double_sawtooth,even,1,ridge_even,classical,n/a,,,,,,,,0.63671875,6.820719143901841e-05,0.0001788038779104717,7.848545747096358e-05,0.0004941178857478801,8.602166521275967e-05,0.0005951356834592025,0.0,0.02958199753866538,4.94804093938556e-09,,,,,,,,,,,,0.9999527577540351,True,0.9999485110725396,True,0.999945328630377,True
double_sawtooth,even,1,spherical_full,classical_null,random,0.0,17.0,,,,1764.0,,0.63671875,9.640943594385392e-05,0.00037444128458188897,0.00010983660588743527,0.0009030106916895486,0.0001196835848141541,0.0010684957149978136,0.0003665463173520245,0.029794801066903645,9.59639281285463e-09,,,,,,,,,,,,0.9997143291945846,True,0.9996839344402766,True,0.9996617510408803,True
double_sawtooth,even,1,spherical_full,classical_null,random,1.0,17.0,,,,2178.0,,0.63671875,6.26274517694396e-05,0.00019359945249944333,7.246365100540983e-05,0.0005372498812935833,7.965782621116327e-05,0.0006473023597187433,1.631240717827379e-05,0.029646411339207517,4.218824952597341e-09,,,,,,,,,,,,0.9999999302154787,True,0.999999329921458,True,0.9999989394210089,True
double_sawtooth,even,1,spherical_full,classical_null,random,2.0,17.0,,,,3042.0,,0.63671875,6.264259242261498e-05,0.00019569628296306485,7.262366329739322e-05,0.0005420801879383319,7.991168974736543e-05,0.0006528914133973607,1.62107932006205e-05,0.029641402654209628,4.220670519899963e-09,,,,,,,,,,,,0.9999998022127545,True,0.9999979795558264,True,0.999996800802341,True
double_sawtooth,even,1,spherical_full,classical_null,random,3.0,17.0,,,,3672.0,,0.63671875,6.267635291553257e-05,0.0002047438614161401,7.276611357688916e-05,0.0005553353354382784,8.012489645739412e-05,0.0006673098767532304,1.6959129256873615e-05,0.029639372009867698,4.224888526183634e-09,,,,,,,,,,,,0.9999995167934259,True,0.9999967773984217,True,0.999995004688346,True
double_sawtooth,even,1,spherical_full,classical_null,random,4.0,17.0,,,,2700.0,,0.63671875,6.263791848976053e-05,0.0001829074530575736,7.207271762574158e-05,0.0005221638520482574,7.900563198005857e-05,0.0006309891011867241,1.5825045031870548e-05,0.029654582070038623,4.2202129038805896e-09,,,,,,,,,,,,0.9999998417273073,True,1.000002629061753,True,1.000004433690799,True
double_sawtooth,even,1,spherical_full,classical_null,random,5.0,17.0,,,,1602.0,,0.63671875,0.00011106833985229611,0.00046876844389809325,0.00012636780764628853,0.0010724689623936856,0.00013758959303763877,0.0012588777533482087,0.00021946257967517426,0.029467276128378586,1.2633043504625685e-08,,,,,,,,,,,,0.999590399294558,True,0.9995444253661427,True,0.9995109057323044,True
double_sawtooth,even,1,spherical_full,classical_null,random,6.0,17.0,,,,1854.0,,0.63671875,0.00026899120264321796,0.0014210791293241265,0.0003118741146082422,0.00268357893130608,0.0003430282700315518,0.003061723675514022,0.0020827786457416177,0.029277598200204678,7.266987086790422e-08,,,,,,,,,,,,0.9982552814221811,False,0.9979789122529531,False,0.9977802318580512,False
double_sawtooth,even,1,spherical_full,classical_null,random,7.0,17.0,,,,1890.0,,0.63671875,6.262384000058612e-05,0.0001907547404078891,7.239242638194953e-05,0.0005328774477581233,7.954250340705377e-05,0.0006424593061215289,1.5208455055642587e-05,0.029646275601632417,4.218360176985892e-09,,,,,,,,,,,,0.9999999607502416,True,0.9999999309958033,True,0.9999999109331268,True
double_sawtooth,even,1,spherical_full,classical_null,random,8.0,17.0,,,,1998.0,,0.63671875,9.121628587819335e-05,0.00035541703775548994,0.0001039969546506101,0.0008680198476012091,0.00011337001112815645,0.0010287173029955854,0.000313705249978566,0.029774629096782787,8.621294152879909e-09,,,,,,,,,,,,0.9997582333345177,True,0.9997332160562897,True,0.9997149383821902,True
double_sawtooth,even,1,spherical_full,classical_null,random,9.0,17.0,,,,3168.0,,0.63671875,6.265047405379433e-05,0.00019051088355870327,7.214881316648615e-05,0.0005364014982679743,7.912302655739201e-05,0.0006471739287409184,1.9224292101826987e-05,0.029656306890256653,4.22183721098874e-09,,,,,,,,,,,,0.9999997355795485,True,1.00000198688107,True,1.000003444725474,True
double_sawtooth,even,1,spherical_full,classical_null,random,10.0,17.0,,,,1566.0,,0.63671875,6.26706069483414e-05,0.0001855029852629031,7.237862987468972e-05,0.0005230716555397197,7.949004033113268e-05,0.0006313037965083867,1.259335117294973e-05,0.029643351686958194,4.224164425654808e-09,,,,,,,,,,,,0.9999995653712148,True,1.0000000474264163,True,1.0000003528970072,True
double_sawtooth,even,1,spherical_full,classical_null,random,11.0,17.0,,,,3384.0,,0.63671875,6.26323845991716e-05,0.00019812125281734594,7.241224923902135e-05,0.0005436591876698538,7.956997755223723e-05,0.0006542215856253919,1.694351672828043e-05,0.02964939933003769,4.219479029046206e-09,,,,,,,,,,,,0.9999998885121496,True,0.9999997637079995,True,0.9999996794831099,True
double_sawtooth,even,1,spherical_full,classical_null,random,12.0,17.0,,,,1476.0,,0.63671875,0.00012088443954437386,0.0005073994233729673,0.0001369199723471935,0.0011529273482882296,0.00014871191109158978,0.001351802755935827,0.0002974387454943657,0.02946337851918812,1.4910655896604203e-08,,,,,,,,,,,,0.9995074116263741,True,0.999455374204043,True,0.9994172081600714,True
double_sawtooth,even,1,spherical_full,classical_null,random,13.0,17.0,,,,2016.0,,0.63671875,7.77624108183758e-05,0.00029495740255927605,8.89097931226366e-05,0.0007168320540334727,9.710060316069923e-05,0.0008491526115366743,2.964618520643494e-05,0.029563659579314446,6.342925593931058e-09,,,,,,,,,,,,0.9998719756307732,True,0.9998605386772812,True,0.9998519965045011,True
double_sawtooth,even,1,spherical_full,classical_null,random,14.0,17.0,,,,3564.0,,0.63671875,6.262698391478348e-05,0.0001919134688637969,7.244041471444751e-05,0.0005344636342185516,7.961962528330865e-05,0.000644157683264146,1.5119904944661846e-05,0.029645079819357607,4.218741111505571e-09,,,,,,,,,,,,0.9999999341708345,True,0.9999995260156975,True,0.9999992612364955,True
double_sawtooth,even,1,spherical_full,classical_null,random,15.0,17.0,,,,1800.0,,0.63671875,7.524511658526145e-05,0.00029758942645827235,8.642284968651114e-05,0.0007484793051114602,9.460451566870488e-05,0.0008906429473341526,0.00015990976598100645,0.02972561088337437,5.960682776423142e-09,,,,,,,,,,,,0.9998932574417869,True,0.9998815263333064,True,0.9998730242558159,True
double_sawtooth,even,1,spherical_full,classical_null,random,16.0,17.0,,,,1638.0,,0.63671875,6.951002844755638e-05,0.0002676133702138317,7.999157649697558e-05,0.000688663527277783,8.766662741793943e-05,0.0008218955947777995,0.00010543282507147679,0.02970542567870659,5.129752639817878e-09,,,,,,,,,,,,0.999941743256551,True,0.9999358007279489,True,0.9999314710006731,True
double_sawtooth,even,1,spherical_full,classical_null,random,17.0,17.0,,,,2988.0,,0.63671875,6.262552117029085e-05,0.00019139794335301663,7.234664596618164e-05,0.0005357909266438532,7.946569176555326e-05,0.0006460614770511242,1.654090446720336e-05,0.029647114488421937,4.2185924557794385e-09,,,,,,,,,,,,0.9999999465372285,True,1.0000003173429977,True,1.0000005580162523,True
double_sawtooth,even,1,spherical_full,classical_null,random,18.0,17.0,,,,3834.0,,0.63671875,6.264193835249412e-05,0.00019656469921830455,7.236767223624632e-05,0.0005435568689584058,7.949024852287365e-05,0.0006546067234344533,1.88698199388382e-05,0.029652506465514008,4.220726203412203e-09,,,,,,,,,,,,0.9999998077424207,True,1.000000139899427,True,1.0000003511431408,True
double_sawtooth,even,1,spherical_full,classical_null,random,19.0,17.0,,,,1890.0,,0.63671875,6.292191809767662e-05,0.00020907639915909715,7.279962631009997e-05,0.0005698742948947455,8.002250267098326e-05,0.0006850340147666056,2.8089256698115545e-05,0.02965600860314294,4.256008755689135e-09,,,,,,,,,,,,0.9999974407263023,True,0.9999964945798795,True,0.9999958672827397,True
double_sawtooth,even,1,spherical_odd,classical_null,random,0.0,9.0,,,,660.0,,0.63671875,0.1175468979892378,0.1906335910555233,0.11779975956734293,0.19711151227369872,0.11804540055300403,0.19897992605300216,0.11034998656288723,0.0,0.013817274330392143,,,,,,,,,,,,0.006759644764290974,False,0.006482567307165892,False,0.006221954573143795,False
double_sawtooth,even,1,spherical_odd,classical_null,random,1.0,9.0,,,,660.0,,0.63671875,0.11754689798947457,0.1906332115266688,0.11779975934441286,0.19711088073698482,0.11804540014937887,0.1989792237770711,0.11034393796225052,0.0,0.013817274330387319,,,,,,,,,,,,0.006759644762289272,False,0.0064825691885032075,False,0.006221957973397006,False
double_sawtooth,even,1,spherical_odd,classical_null,random,2.0,9.0,,,,1080.0,,0.63671875,0.11754689798951148,0.19063357075011064,0.11779975947146364,0.19711130667178778,0.11804540038603743,0.19897966612426846,0.11034364137774465,0.0,0.013817274330393032,,,,,,,,,,,,0.006759644761977185,False,0.006482568116304348,False,0.006221955979717889,False
double_sawtooth,even,1,spherical_odd,classical_null,random,3.0,9.0,,,,810.0,,0.63671875,0.11754689798934141,0.19063334382265526,0.11779975941784847,0.19711111564402295,0.11804540028139733,0.19897948908867968,0.11034772060397477,0.0,0.01381727433039384,,,,,,,,,,,,0.0067596447634150165,False,0.006482568568770088,False,0.006221956861235885,False
double_sawtooth,even,1,spherical_odd,classical_null,random,4.0,9.0,,,,1090.0,,0.63671875,0.11754689799284153,0.19063020697538094,0.11779975923215678,0.19710729561446086,0.11804540005042609,0.19897550096366703,0.11035161947912939,0.0,0.013817274331255685,,,,,,,,,,,,0.006759644733824187,False,0.006482570135847625,False,0.0062219588070033536,False
double_sawtooth,even,1,spherical_odd,classical_null,random,5.0,9.0,,,,810.0,,0.63671875,0.11754689798964384,0.1906331395318584,0.11779975916964461,0.19711077407781125,0.11804539981705911,0.19897910603559468,0.11034182301302708,0.0,0.013817274330405966,,,,,,,,,,,,0.006759644760858245,False,0.006482570663396434,False,0.006221960772953187,False
double_sawtooth,even,1,spherical_odd,classical_null,random,6.0,9.0,,,,1280.0,,0.63671875,0.1175468979908458,0.19063223225247972,0.11779975854031374,0.19710926235863366,0.11804539867628311,0.198977419521047,0.11032217954216575,0.0,0.013817274330492105,,,,,,,,,,,,0.006759644750696509,False,0.006482575974405737,False,0.00622197038317484,False
double_sawtooth,even,1,spherical_odd,classical_null,random,7.0,9.0,,,,1200.0,,0.63671875,0.11754689799250367,0.19063214655264737,0.11779975908991525,0.19710883339115345,0.1180453997537068,0.19897689142960845,0.11031193073413617,0.0,0.013817274330779372,,,,,,,,,,,,0.006759644736680492,False,0.006482571336243432,False,0.00622196130665107,False
double_sawtooth,even,1,spherical_odd,classical_null,random,8.0,9.0,,,,1360.0,,0.63671875,0.11754689798904916,0.19063416005085912,0.11779975986898564,0.19711225087265297,0.11804540109338962,0.19898071523195254,0.11035744988527404,0.0,0.013817274330422428,,,,,,,,,,,,0.006759644765885788,False,0.0064825647615617725,False,0.006221950020781751,False
double_sawtooth,even,1,spherical_odd,classical_null,random,9.0,9.0,,,,1210.0,,0.63671875,0.11754689798985403,0.1906334610241926,0.11779975947455901,0.1971110096744086,0.11804540041523398,0.1989793151010783,0.11033787383399253,0.0,0.013817274330415888,,,,,,,,,,,,0.006759644759081223,False,0.006482568090182087,False,0.00622195573375786,False
double_sawtooth,even,1,spherical_odd,classical_null,random,10.0,9.0,,,,1100.0,,0.63671875,0.11754689798975956,0.19063355564694112,0.11779975984101068,0.19711125764442314,0.1180454011218498,0.19897960939998657,0.11034416769749647,0.0,0.013817274330456616,,,,,,,,,,,,0.006759644759879863,False,0.006482564997646252,False,0.0062219497810251075,False
double_sawtooth,even,1,spherical_odd,classical_null,random,11.0,9.0,,,,550.0,,0.63671875,0.11755268359036397,0.18846882101379692,0.11780370793539131,0.189625627685052,0.11804788926375887,0.19050856199754218,0.025617549368899116,0.0,0.013818633675471722,,,,,,,,,,,,0.006710731900570787,False,0.006449246488824572,False,0.006200988965562023,False
double_sawtooth,even,1,spherical_odd,classical_null,random,12.0,9.0,,,,450.0,,0.63671875,0.11756334859096244,0.19169419190437392,0.1178141303452845,0.19488494266506012,0.11805807532662704,0.1956694179111972,0.002022404438446138,0.0,0.013821140952144196,,,,,,,,,,,,0.006620567419910496,False,0.0063612903453056134,False,0.0061151786734329515,False
double_sawtooth,even,1,spherical_odd,classical_null,random,13.0,9.0,,,,600.0,,0.63671875,0.11754689798992093,0.19063263080866888,0.11779975903624365,0.19711000791701833,0.11804539958707212,0.1989782681406983,0.11033614793653668,0.0,0.013817274330414358,,,,,,,,,,,,0.006759644758515594,False,0.006482571789185367,False,0.006221962710429017,False
double_sawtooth,even,1,spherical_odd,classical_null,random,14.0,9.0,,,,1440.0,,0.63671875,0.11754689798966468,0.1906330769295304,0.11779975938632745,0.19711065052304996,0.11804540024069721,0.19897896523304714,0.11034044271560643,0.0,0.013817274330397063,,,,,,,,,,,,0.006759644760682021,False,0.006482568834780305,False,0.00622195720410531,False
double_sawtooth,even,1,spherical_odd,classical_null,random,15.0,9.0,,,,1150.0,,0.63671875,0.11754689798933389,0.19063391326691503,0.11779975979773477,0.19711191941809475,0.11804540100015973,0.1989803581186051,0.11035298508044462,0.0,0.013817274330444718,,,,,,,,,,,,0.006759644763478607,False,0.006482565362857585,False,0.006221950806176924,False
double_sawtooth,even,1,spherical_odd,classical_null,random,16.0,9.0,,,,920.0,,0.63671875,0.11754689798970727,0.19063350596603507,0.11779975962701557,0.19711115484034428,0.11804540070643675,0.19897948795850107,0.11033993943348311,0.0,0.013817274330402043,,,,,,,,,,,,0.006759644760321947,False,0.006482566803580301,False,0.00622195328058286,False
double_sawtooth,even,1,spherical_odd,classical_null,random,17.0,9.0,,,,1430.0,,0.63671875,0.11754689798994195,0.19063294897089395,0.1177997590828798,0.1971103609801744,0.11804539967310419,0.19897862845518283,0.11033482895360236,0.0,0.013817274330406106,,,,,,,,,,,,0.006759644758337961,False,0.006482571395616487,False,0.006221961985670375,False
double_sawtooth,even,1,spherical_odd,classical_null,random,18.0,9.0,,,,800.0,,0.63671875,0.11754689798992389,0.19063319497241454,0.11779975956392047,0.19711070261058045,0.11804540059900515,0.19897899649363096,0.11033705112236136,0.0,0.013817274330424083,,,,,,,,,,,,0.006759644758490603,False,0.006482567336048474,False,0.006221954185617273,False
double_sawtooth,even,1,spherical_odd,classical_null,random,19.0,9.0,,,,700.0,,0.63671875,0.11754689798956797,0.1906332758466983,0.11779975938621276,0.19711091331345804,0.11804540023349358,0.19897924561674235,0.11034164038782675,0.0,0.0138172743303863,,,,,,,,,,,,0.006759644761499667,False,0.006482568835748157,False,0.00622195726479071,False
double_sawtooth,even,1,spherical_sector,classical_null,random,0.0,18.0,,,,1615.0,,0.63671875,8.47508200347515e-05,0.00018396163356215744,9.336447078557236e-05,0.0005019422564080944,9.989539047874772e-05,0.000604700937509639,2.9752060885791236e-07,0.02959280092585695,7.478632481027493e-09,,,,,,,,,,,,0.9998128939381077,True,0.9998229450428082,True,0.9998284524208543,True
double_sawtooth,even,1,spherical_sector,classical_null,random,1.0,18.0,,,,912.0,,0.63671875,0.0011325589008657332,0.00286746386381595,0.001196690137103279,0.005396414360689827,0.0012460112901687508,0.006119076492221515,1.1253517471925913e-07,0.024721236235906587,1.2829368774179086e-06,,,,,,,,,,,,0.9909544723592741,False,0.9905118287415537,False,0.9901732459452082,False
double_sawtooth,even,1,spherical_sector,classical_null,random,2.0,18.0,,,,988.0,,0.63671875,0.00012481687782706606,0.0004842829734318377,0.0001314902351615478,0.0006081367534714333,0.00013697340165028704,0.0006956015954016348,1.1253517471925909e-07,0.029718768410196824,1.5876441799950453e-08,,,,,,,,,,,,0.9994741658471344,True,0.9995011964992765,True,0.9995160967038939,True
double_sawtooth,even,1,spherical_sector,classical_null,random,3.0,18.0,,,,1349.0,,0.63671875,0.00010412697223060776,0.0003107164428046705,0.00011225596393151294,0.0006657841688531008,0.00011855655675832858,0.0007773040381096052,1.280096817228629e-07,0.029547480280865117,1.1137902428819228e-08,,,,,,,,,,,,0.9996490832862653,True,0.9996635171466248,True,0.9996712454459276,True
double_sawtooth,even,1,spherical_sector,classical_null,random,4.0,18.0,,,,1216.0,,0.63671875,0.0001764834568924048,0.0005527708552296659,0.00018477147556528574,0.0009401556747081208,0.00019155930082004682,0.001062942603158451,1.1253517471925913e-07,0.02943159347271173,3.144072761677217e-08,,,,,,,,,,,,0.999037364158667,False,0.9990515488193399,False,0.9990562495564235,False
double_sawtooth,even,1,spherical_sector,classical_null,random,5.0,18.0,,,,1444.0,,0.63671875,9.308125832106903e-05,0.0003559261785394674,0.00010290798710195921,0.0007314132252940753,0.00011038897600060437,0.0008481946009449848,1.1253517471925913e-07,0.02952469030336152,8.959368679018945e-09,,,,,,,,,,,,0.9997424664088429,True,0.9997424060024709,True,0.9997400514703826,True
double_sawtooth,even,1,spherical_sector,classical_null,random,6.0,18.0,,,,1083.0,,0.63671875,0.0001145129865090196,0.0003038929321821926,0.0001197447337564103,0.0004440757198575229,0.000123961023122843,0.0005315899990698814,1.1253517471925912e-07,0.02970934205590773,1.341031862512573e-08,,,,,,,,,,,,0.9995612774230686,True,0.9996003183931456,True,0.9996257166833877,True
double_sawtooth,even,1,spherical_sector,classical_null,random,7.0,18.0,,,,1349.0,,0.63671875,0.00017127430552022076,0.0003505086577366423,0.00017578241903416455,0.0005806136642752258,0.00017941849647754585,0.0006785764364601876,1.1253517471925912e-07,0.029591341131729086,2.9630802268102963e-08,,,,,,,,,,,,0.9990814035774946,False,0.9991274086976649,False,0.99915852714697,True
double_sawtooth,even,1,spherical_sector,classical_null,random,8.0,18.0,,,,1805.0,,0.63671875,8.478632295170602e-05,0.00037319526985102325,9.489656279187469e-05,0.0007353622708980156,0.00010251911433395437,0.000848806225916543,1.125351747192591e-07,0.029545521602742444,7.484176901050163e-09,,,,,,,,,,,,0.9998125937879071,True,0.999810015508682,True,0.999806349424496,True
double_sawtooth,even,1,spherical_sector,classical_null,random,9.0,18.0,,,,1482.0,,0.63671875,0.00017012973591590033,0.0005904668106227334,0.00017507935703280983,0.0006363742668242037,0.00017926454593393963,0.0006759791958635408,1.1253517471925913e-07,0.029739826125562786,2.9241526429421364e-08,,,,,,,,,,,,0.9990910800442702,False,0.9991333419341166,False,0.9991598240701572,True
double_sawtooth,even,1,spherical_sector,classical_null,random,10.0,18.0,,,,4636.0,,0.63671875,6.296959837033886e-05,0.0001748800116262994,7.221416023160373e-05,0.0004972090408500995,7.902733470303795e-05,0.0006043696510783791,1.4169736161396622e-05,0.029654900656533034,4.261861022848726e-09,,,,,,,,,,,,0.999997037625807,True,1.0000014354082438,True,1.0000042508608848,True
double_sawtooth,even,1,spherical_sector,classical_null,random,11.0,18.0,,,,1349.0,,0.63671875,0.00010023114269455714,0.00039348192852808883,0.0001084933519671299,0.0007571440649630501,0.00011490134501041812,0.0008700678679270935,1.1253517471925914e-07,0.029590670000776895,1.034218979121619e-08,,,,,,,,,,,,0.9996820195663543,True,0.9996952703439503,True,0.9997020379898124,True
double_sawtooth,even,1,spherical_sector,classical_null,random,12.0,18.0,,,,1482.0,,0.63671875,0.00015886766818902078,0.00043385771798223893,0.0001638560646108747,0.000717120928993481,0.00016806554341788628,0.0008079819974247116,1.1253517471925912e-07,0.029716242901452646,2.553609955018308e-08,,,,,,,,,,,,0.9991862922740661,True,0.999228056834906,True,0.9992541676541201,True
double_sawtooth,even,1,spherical_sector,classical_null,random,13.0,18.0,,,,969.0,,0.63671875,0.0001832782725549768,0.0004622575670478815,0.00018914854021225808,0.0007250218559186616,0.00019396758847497702,0.0008280663221700013,1.1253517471925913e-07,0.029481641118121297,3.388574272726932e-08,,,,,,,,,,,,0.9989799191524766,False,0.9990146101717308,False,0.9990359614559203,False
double_sawtooth,even,1,spherical_sector,classical_null,random,14.0,18.0,,,,1121.0,,0.63671875,0.00015152606287143074,0.00036647168876156877,0.00015729183481187742,0.000652143188620613,0.00016183650839890875,0.0007610151768849271,1.1253517471925913e-07,0.029536495522962735,2.325551380989816e-08,,,,,,,,,,,,0.999248359971537,True,0.9992834532685725,True,0.9993066428176429,True
double_sawtooth,even,1,spherical_sector,classical_null,random,15.0,18.0,,,,1349.0,,0.63671875,0.00020269454959544718,0.0005195205083932397,0.00020606263340300316,0.0005741830895496514,0.00020876347448752698,0.0006586637315857125,1.1253517471925909e-07,0.029569980934183563,4.1380781370394774e-08,,,,,,,,,,,,0.9988157692755455,False,0.9988718698243999,False,0.9989113167018602,False
double_sawtooth,even,1,spherical_sector,classical_null,random,16.0,18.0,,,,1444.0,,0.63671875,0.00010107518270369816,0.00038017363982452423,0.00011095436444788486,0.0006284672276288261,0.00011857641182827717,0.000737253703591817,1.125351747192591e-07,0.029509457841985155,1.0511288262357563e-08,,,,,,,,,,,,0.9996748838490725,True,0.9996745015228065,True,0.9996710781811684,True
double_sawtooth,even,1,spherical_sector,classical_null,random,17.0,18.0,,,,1330.0,,0.63671875,0.00019984012319024057,0.0004386728869683054,0.0002033438827251851,0.000669460401737626,0.00020616537312915652,0.0007654771992418596,1.1253517471925913e-07,0.02959818923720667,4.0232057854414344e-08,,,,,,,,,,,,0.9988399012830435,False,0.9988948137334633,False,0.9989332038470141,False
double_sawtooth,even,1,spherical_sector,classical_null,random,18.0,18.0,,,,1102.0,,0.63671875,0.00015225354077060346,0.00040979186978620796,0.00015831044568725302,0.0006984063565565191,0.000163194581310864,0.0008007317544136694,1.1253517471925912e-07,0.029510462864202214,2.347624643117958e-08,,,,,,,,,,,,0.9992422096983734,True,0.9992748570719862,True,0.9992952020249819,True
double_sawtooth,even,1,spherical_sector,classical_null,random,19.0,18.0,,,,665.0,,0.63671875,0.0020921567211678706,0.0075192897488408905,0.0022534677029054126,0.012360844155457101,0.002377295450558209,0.013721423624701523,1.6827987279990047e-07,0.021982320072015928,4.377339570811414e-06,,,,,,,,,,,,0.9828418015430455,False,0.9815935382312095,False,0.9806429862619228,False
double_sawtooth,even,1,generic,variational,random,0.0,16.0,12.0,3.0,0.06449451472743395,7310.0,4.133794700028375,0.63671875,0.0005358315170488557,0.0015886232526264865,0.0005706553233363425,0.0027974362259878816,0.000597601005825939,0.003149419946047227,1.257142214093428e-06,0.02737342784010164,2.873891615127014e-07,16.0,True,CONVERGENCE: RELATIVE REDUCTION OF F <= FACTR*EPSMCH,2.873891615127014e-07,0.04471533146531416,0.054995250410520356,0.04471533146531416,-7.318707582363079,-6.472559087129214,1.730346534198266,-2.291622995332086,0.9959993492123826,False,0.9957950222152199,False,0.9956356386909642,False
double_sawtooth,even,1,generic,variational,random,1.0,16.0,12.0,3.0,0.3977871968449139,6409.0,3.155260899977293,0.63671875,0.0005052212476888447,0.001762661084802275,0.0005485227601260366,0.003058611929100563,0.0005814104839211468,0.0034338137091437237,5.307902932432655e-08,0.02716738775347407,2.55520183524598e-07,16.0,True,CONVERGENCE: RELATIVE REDUCTION OF F <= FACTR*EPSMCH,2.55520183524598e-07,0.6022128031550861,0.7466024089013381,0.6022128031550861,-8.0,-8.0,-0.8535271681289871,-5.03343594829684,0.9962581357932397,False,0.9959818019452553,False,0.9957720322546357,False
double_sawtooth,even,1,generic,variational,random,2.0,16.0,12.0,3.0,0.0845919645228358,3944.0,1.8743878999957815,0.63671875,0.0004873436708345659,0.0020225038581186405,0.0005276003093728342,0.0033448023493154733,0.0005583376897070953,0.0037243645830041805,4.963105391356358e-07,0.027346947105276215,2.3777732793666787e-07,16.0,True,CONVERGENCE: RELATIVE REDUCTION OF F <= FACTR*EPSMCH,2.3777732793666787e-07,0.15698889398577284,0.1992558571303316,0.15698889398577284,-7.9994074210061425,-7.045414770752157,-0.04664344852921042,-3.039791791201665,0.996409277128643,False,0.9961583693706472,False,0.9959664040386472,False
double_sawtooth,even,1,generic,variational,random,3.0,16.0,12.0,3.0,0.09800873717420411,8619.0,4.245041799964383,0.63671875,0.0005544147705210091,0.002229193432798371,0.000600596188471183,0.003646748187969562,0.0006358151499884404,0.004054858123206884,1.2334917763529052e-07,0.026958222974640133,3.0764532123510146e-07,16.0,True,CONVERGENCE: RELATIVE REDUCTION OF F <= FACTR*EPSMCH,3.0764532123510146e-07,0.2243488051670896,0.26519860132669015,0.2243488051670896,-8.0,-8.0,-0.40793837677699185,-3.2499979870802984,0.9958422419170924,False,0.9955423471565846,False,0.995313711866392,False
double_sawtooth,even,1,generic,variational,random,4.0,16.0,12.0,3.0,0.01981489800516001,3961.0,1.7048150000046007,0.63671875,0.0005302135228690638,0.00187760278602081,0.0005720876542057132,0.00324705921499141,0.0006040573431972261,0.0036404106496701616,4.143729052593623e-07,0.027177624756920253,2.8139816022452145e-07,16.0,True,CONVERGENCE: RELATIVE REDUCTION OF F <= FACTR*EPSMCH,2.8139816022452145e-07,0.7673153642047473,0.8456413899447413,0.7673153642047473,-8.0,-8.0,-1.6353386640671392,-0.10723279616341476,0.9960468450866582,False,0.9957829345789818,False,0.9955812486677449,False
double_sawtooth,even,1,generic,variational,random,5.0,16.0,12.0,3.0,0.4855572208159795,13753.0,5.401690100028645,0.63671875,0.0004788990850184867,0.001876664739287992,0.0005210963190097701,0.0031502730814670366,0.0005531352058093554,0.0035180255506659097,8.152681430336506e-08,0.027271146410716266,2.2961704591091902e-07,16.0,True,CONVERGENCE: RELATIVE REDUCTION OF F <= FACTR*EPSMCH,2.2961704591091902e-07,0.21234545016225934,0.25917934923704333,0.21234545016225934,-8.0,-6.184845176246758,-0.3497778860945798,-3.2176318348485546,0.9964806696885842,False,0.9962132574354692,False,0.9960102312434111,False
double_sawtooth,even,1,generic,variational,random,6.0,16.0,12.0,3.0,0.4740774076459411,9418.0,3.3970803000265732,0.63671875,0.00020626380063289872,0.00048366541342785563,0.00020986941646778385,0.0006208866232506882,0.00021277667324252257,0.0007239226216158856,1.1649280192135414e-07,0.029563157729572805,4.284038819375195e-08,16.0,True,CONVERGENCE: RELATIVE REDUCTION OF F <= FACTR*EPSMCH,4.284038819375195e-08,0.5259225923540589,0.6430874292727407,0.5259225923540589,-8.0,-8.0,-0.446557950838322,-3.9516034011461922,0.9987855939686463,False,0.9988397438611128,False,0.9988775083735596,False
double_sawtooth,even,1,generic,variational,random,7.0,16.0,12.0,3.0,0.6181116989500983,14841.0,11.819488300010562,0.63671875,0.00037898789879885116,0.0014447277212209508,0.0004118390992843892,0.0027072971697578996,0.00043673535215509057,0.003077652953363791,0.0002563650618399177,0.027881450216339768,1.4391320558875005e-07,16.0,True,CONVERGENCE: RELATIVE REDUCTION OF F <= FACTR*EPSMCH,1.4391320558875005e-07,0.1375130767252054,0.15906386959857421,0.1375130767252054,-1.4141048132170386,-4.654576889973946,0.089492247381999,-2.0241106562343063,0.9973253428917846,False,0.9971352940658778,False,0.9969908167331255,False
double_sawtooth,even,1,generic,variational,random,8.0,16.0,12.0,3.0,0.11040299885884108,10761.0,7.443683299992699,0.63671875,0.0002374396510670216,0.0005618700295914048,0.00024100505360978754,0.0008214491840032312,0.00024398985393394546,0.0009199911087545143,1.4953304286769982e-07,0.029549801254280306,5.6673087406702206e-08,16.0,True,CONVERGENCE: RELATIVE REDUCTION OF F <= FACTR*EPSMCH,5.6673087406702206e-08,0.42215041359158945,0.47864990931517526,0.42215041359158945,-8.0,-8.0,-1.0177974898507054,-1.7070731115942093,0.998522025829331,False,0.9985769859579904,False,0.998614559657449,False
double_sawtooth,even,1,generic,variational,random,9.0,16.0,12.0,3.0,0.0034952567363460973,2601.0,2.002844400005415,0.63671875,0.0006592671389210883,0.0026204411656558235,0.0007072337213363086,0.004148208067010578,0.0007441460518576095,0.00458670866811256,2.3669391437548681e-07,0.026682506030534157,4.3489998788844213e-07,16.0,True,CONVERGENCE: RELATIVE REDUCTION OF F <= FACTR*EPSMCH,4.3489998788844213e-07,0.41237190673019597,0.452549723374383,0.41237190673019597,-8.0,-7.630762985255258,-1.0190302930499733,-0.9868994814133336,0.9949557947710745,False,0.9946424184221251,False,0.9944011015226015,False
double_sawtooth,even,1,generic,variational,random,10.0,16.0,12.0,3.0,0.15786457031373735,10540.0,5.960493899998255,0.63671875,0.00012044682900899745,0.0003261657016186692,0.00012820551923147669,0.0007199351881052307,0.0001342594600113652,0.0008418504210593869,2.5893403887595683e-07,0.029511490905171862,1.4802556116714778e-08,16.0,True,CONVERGENCE: RELATIVE REDUCTION OF F <= FACTR*EPSMCH,1.4802556116714778e-08,0.5275109364473456,0.7618441911197144,0.5275109364473456,-7.999615870839738,-8.0,-1.0467380385830818,-3.9652784229494085,0.9995111112911129,True,0.9995289166665626,True,0.9995389597205344,True
double_sawtooth,even,1,generic,variational,random,11.0,16.0,12.0,3.0,0.16702490499466816,8602.0,5.516419299994595,0.63671875,0.0022472637964955815,0.007791231819223254,0.002333908543157249,0.010261722611889956,0.002405494589417501,0.010927385158992248,2.1072162325847193e-07,0.025829717750537075,5.050452870324456e-06,16.0,True,CONVERGENCE: RELATIVE REDUCTION OF F <= FACTR*EPSMCH,5.050452870324456e-06,0.003944719008302477,0.005251538553716125,0.003944719008302477,-8.0,-8.0,3.6210434147771156,-8.0,0.9815304890152561,False,0.9809146869710416,False,0.9804054286918764,False
double_sawtooth,even,1,generic,variational,random,12.0,16.0,12.0,3.0,0.33072567017036314,7633.0,5.4355668000062,0.63671875,0.00016692234110310254,0.00039601811472950166,0.00017180165317073526,0.0005811186984172878,0.00017566634360730737,0.0006841572937216489,1.297654997133191e-07,0.02955106578378553,2.815857991483337e-08,16.0,True,CONVERGENCE: RELATIVE REDUCTION OF F <= FACTR*EPSMCH,2.815857991483337e-08,0.6449949634908405,0.769923899339285,0.6449949634908405,-8.0,-8.0,-1.4416326586497672,-3.13971252610913,0.999118196131597,False,0.9991610029256014,True,0.9991901363504546,True
double_sawtooth,even,1,generic,variational,random,13.0,16.0,12.0,3.0,0.9585287415494734,9571.0,6.940880700014532,0.63671875,0.0004862577239250083,0.001742810973440534,0.0005303999233955699,0.003119669566849753,0.0005638168172350935,0.0035155670575750253,5.931874122556362e-07,0.027176482968184593,2.3671834483828558e-07,16.0,True,CONVERGENCE: RELATIVE REDUCTION OF F <= FACTR*EPSMCH,2.3671834483828558e-07,0.041471258450526516,0.04563562773032418,0.041471258450526516,-3.3288088181708706,-2.5107867118846365,2.675787487132406,-2.386141311965692,0.9964184579850548,False,0.9961347430447489,False,0.9959202463092208,False
double_sawtooth,even,1,generic,variational,random,14.0,16.0,12.0,3.0,0.3529040434519153,15181.0,9.158797600015532,0.63671875,0.0006469452655738268,0.002572876129190771,0.0007040495092455645,0.004192783444977338,0.0007475963088563981,0.004654864533303493,1.4103157801072722e-07,0.02660925802482064,4.1880427063895326e-07,16.0,True,CONVERGENCE: RELATIVE REDUCTION OF F <= FACTR*EPSMCH,4.1880427063895326e-07,0.6470959565480847,0.8875416536852969,0.6470959565480847,-8.0,-8.0,0.9859303276565504,-5.577382108828667,0.9950599668525348,False,0.9946692904237561,False,0.9943720355758447,False
double_sawtooth,even,1,generic,variational,random,15.0,16.0,12.0,3.0,0.17612297403464994,11866.0,7.598054499947466,0.63671875,0.00037372317578374706,0.0014241393797151947,0.0004043151781786319,0.00247644138420014,0.0004276228709778519,0.0027818370566078388,2.8730627376311483e-07,0.02790449169117957,1.3994805990786405e-07,16.0,True,CONVERGENCE: RELATIVE REDUCTION OF F <= FACTR*EPSMCH,1.3994805990786405e-07,0.6752587149063196,0.7264334334438268,0.6752587149063196,-8.0,-8.0,-0.22218231740549926,-4.722954120122467,0.9973698521266501,False,0.9971987894658271,False,0.9970675828675937,False
double_sawtooth,even,1,generic,variational,random,16.0,16.0,12.0,3.0,0.4348357289231509,8177.0,5.681239300000016,0.63671875,0.002110313225089445,0.007759259473123642,0.002198080170946297,0.010202604395915638,0.002270308513820947,0.010861075117538865,1.8317524274257549e-06,0.02584473285947013,4.4536803736335324e-06,16.0,True,CONVERGENCE: RELATIVE REDUCTION OF F <= FACTR*EPSMCH,4.4536803736335324e-06,0.09252130647747916,0.1437831363647298,0.09252130647747916,-5.948298412836805,-8.0,1.0221106076140043,-7.999999987884873,0.9826883020911158,False,0.9820609611938531,False,0.9815442746610058,False
double_sawtooth,even,1,generic,variational,random,17.0,16.0,12.0,3.0,0.5115216982269168,10608.0,7.564109299972188,0.63671875,0.0021140951229482213,0.007413446966059001,0.0022016665597711844,0.009823419592872196,0.002273791099539188,0.010473866806894383,3.7375195154337535e-07,0.025862948494967637,4.469656822095925e-06,16.0,True,CONVERGENCE: RELATIVE REDUCTION OF F <= FACTR*EPSMCH,4.469656822095925e-06,0.19607554155727647,0.21637881900724598,0.19607554155727647,-7.1374035650616525,-7.919725980895923,2.21021179200935,-7.384451168736224,0.9826563290168344,False,0.98203069516772,False,0.981514936367917,False
double_sawtooth,even,1,generic,variational,random,18.0,16.0,12.0,3.0,0.42886594674063383,14620.0,9.366813400003593,0.63671875,0.00024744344847946886,0.0006412345258593743,0.00024816097180350473,0.0006434030169088084,0.0002489285973676316,0.0006436106488932891,9.269256945895835e-08,0.0301146732287817,6.152940785462508e-08,16.0,True,CONVERGENCE: RELATIVE REDUCTION OF F <= FACTR*EPSMCH,6.152940785462508e-08,0.01811802044238524,0.02070588523491713,0.01811802044238524,-8.0,-8.0,2.13458671415964,1.4224587234776587,0.9984374513194662,False,0.9985165961849812,False,0.9985729542774038,False
double_sawtooth,even,1,generic,variational,random,19.0,16.0,12.0,3.0,0.06186309916309096,27387.0,17.686440200021025,0.63671875,0.00015717864321152132,0.0004410061804333565,0.0001635069486472974,0.0008033006346193083,0.0001685755937339646,0.0009165140886288614,6.96565751591724e-08,0.029494175605516978,2.5000068334435637e-08,16.0,True,CONVERGENCE: RELATIVE REDUCTION OF F <= FACTR*EPSMCH,2.5000068334435637e-08,0.938136900836909,1.0542860818375932,0.938136900836909,-7.572125810655748,-8.0,-1.8166834045284523,0.4487343371973148,0.9992005716975423,True,0.9992310030723034,True,0.9992498708451185,True
double_sawtooth,even,1,equivariant,variational,random,0.0,16.0,8.0,2.0,3.639619987394482e-05,5848.0,2.406318499997724,0.63671875,0.11756676758075334,0.1915921581925898,0.11781791769356367,0.1952381142821334,0.11806221858276456,0.19616251217524922,0.0005790277663188988,0.0,0.013821944845177153,8.0,True,CONVERGENCE: RELATIVE REDUCTION OF F <= FACTR*EPSMCH,0.013821944845177153,0.0,0.0,0.0,-4.233796166969659,-0.5522958709618264,-1.3114777368132664,-1.183066838675863,0.006591662457737041,False,0.006329328394834142,False,0.006080274704733113,False
double_sawtooth,even,1,equivariant,variational,random,1.0,16.0,8.0,2.0,0.2460367196728579,3689.0,1.6063858999987133,0.63671875,0.11754689800246998,0.1906319728917253,0.11779976073126165,0.19711186333231556,0.11804540258234454,0.19898088199798797,0.11044124190798163,0.0,0.013817274334415501,8.0,True,CONVERGENCE: RELATIVE REDUCTION OF F <= FACTR*EPSMCH,0.013817274334415501,0.0,0.0,0.0,-1.381441765966691,-1.799017108939342,-1.1205298281699945,-0.8502884468413431,0.006759644652422947,False,0.006482557484696474,False,0.00622193747740183,False
double_sawtooth,even,1,equivariant,variational,random,2.0,16.0,8.0,2.0,0.2965394094136504,5797.0,2.3901644999859855,0.63671875,0.11754689798994804,0.19063349157280068,0.11779975996004884,0.19711193331886315,0.11804540131754025,0.19898050392445293,0.11037054958691297,0.0,0.013817274330764745,8.0,True,CONVERGENCE: RELATIVE REDUCTION OF F <= FACTR*EPSMCH,0.013817274330764745,0.0,0.0,0.0,-1.3124189980819394,-1.9978056730063882,-0.8862604821897861,-1.024799512929347,0.006759644758286456,False,0.006482563993066976,False,0.006221948132473072,False
double_sawtooth,even,1,equivariant,variational,random,3.0,16.0,8.0,2.0,0.2952203743784859,884.0,0.37159659998724237,0.63671875,0.11754689798968333,0.1906337348290761,0.11779975912653955,0.19711169818791735,0.11804539966456783,0.1989801273596411,0.11035351440141891,0.0,0.013817274330532162,8.0,True,CONVERGENCE: RELATIVE REDUCTION OF F <= FACTR*EPSMCH,0.013817274330532162,0.0,0.0,0.0,-1.314369533445514,-2.0121174903116246,-1.2637876378012805,-1.0977002443086636,0.006759644760524335,False,0.006482571027165944,False,0.006221962057583152,False
double_sawtooth,even,1,equivariant,variational,random,4.0,16.0,8.0,2.0,0.0003604056626602681,493.0,0.3201421999838203,0.63671875,0.11825638356814883,0.18970656153840212,0.11847989360435426,0.19317357292463205,0.11869750447675188,0.1940498930740945,0.0001141362878383233,0.0,0.013984572255758502,8.0,True,CONVERGENCE: RELATIVE REDUCTION OF F <= FACTR*EPSMCH,0.013984572255758502,0.0,0.0,0.0,-8.0,-1.2700950590684272,-1.3732791712410581,-0.4368177188189931,0.0007614830044463023,False,0.0007428230844200113,False,0.0007284455579844236,False
double_sawtooth,even,1,equivariant,variational,random,5.0,16.0,8.0,2.0,0.6401507329528434,13090.0,6.481756800028961,0.63671875,0.11756548818347366,0.1914229637564749,0.11781663450464233,0.19487728632546247,0.11806094045493457,0.1957451645438251,0.0008306221922095688,0.0,0.013821644020124707,8.0,True,CONVERGENCE: RELATIVE REDUCTION OF F <= FACTR*EPSMCH,0.013821644020124707,0.0,0.0,0.0,-2.9271876249983735,-0.5055905180406117,-0.9492793898728479,-1.4330337106098963,0.006602478790114608,False,0.006340157401760962,False,0.006091042017274681,False
double_sawtooth,even,1,equivariant,variational,random,6.0,16.0,8.0,2.0,0.3068536535823423,4250.0,1.7884320999728516,0.63671875,0.11754689798907171,0.19063360493237422,0.117799760551505,0.1971119951118571,0.11804540241736992,0.19898054979841207,0.11036971399259787,0.0,0.013817274330550371,8.0,True,CONVERGENCE: RELATIVE REDUCTION OF F <= FACTR*EPSMCH,0.013817274330550371,0.0,0.0,0.0,-1.2976532155616005,-1.9719063540715591,-1.2116572415595679,-0.9051039384980678,0.006759644765695133,False,0.006482559001687479,False,0.006221938867194951,False
double_sawtooth,even,1,equivariant,variational,random,7.0,16.0,8.0,2.0,0.5255344069967125,4539.0,1.6872774999937974,0.63671875,0.11756686324257538,0.1914356474772196,0.11781799568316043,0.19505652952486197,0.11806228450574521,0.19597530144974656,0.0005656990770917583,0.0,0.013821967338355414,8.0,True,CONVERGENCE: RELATIVE REDUCTION OF F <= FACTR*EPSMCH,0.013821967338355414,0.0,0.0,0.0,-2.4151993309868867,-3.590188006309176,-1.0073129556158185,-0.8261742013854281,0.006590853709680793,False,0.0063286702299533435,False,0.006079719350785129,False
double_sawtooth,even,1,equivariant,variational,random,8.0,16.0,8.0,2.0,0.299915281704348,5236.0,2.3973025000304915,0.63671875,0.11754689799084733,0.1906332877334223,0.11779975856616733,0.1971111987518852,0.11804539862416058,0.19897960856683744,0.11034774679351671,0.0,0.013817274330748136,8.0,True,CONVERGENCE: RELATIVE REDUCTION OF F <= FACTR*EPSMCH,0.013817274330748136,0.0,0.0,0.0,-1.3077136586048155,-1.9396169681323567,-1.163398633354262,-0.8474122135424532,0.006759644750683603,False,0.00648257575622381,False,0.006221970822269852,False
double_sawtooth,even,1,equivariant,variational,random,9.0,16.0,8.0,2.0,0.03333876927623902,4301.0,2.460325699998066,0.63671875,0.11756619563574301,0.19219056993767572,0.11781755218987003,0.19585337299758115,0.1180620373546025,0.19677703217069722,0.0007122169413738032,0.0,0.013821810363383969,8.0,True,CONVERGENCE: RELATIVE REDUCTION OF F <= FACTR*EPSMCH,0.013821810363383969,0.0,0.0,0.0,-4.024768527060589,0.1944692903078247,-0.793445437706346,-0.9305548682561543,0.006596497818442934,False,0.006332412930528322,False,0.006081801422340267,False
double_sawtooth,even,1,equivariant,variational,random,10.0,16.0,8.0,2.0,0.0025464450176084785,5576.0,2.2713068000157364,0.63671875,0.11757704466955722,0.19210705122053628,0.11782820672951183,0.19687500436308678,0.11807249224814916,0.19813790130118672,0.004951313074888233,0.0,0.013824361482740185,8.0,True,CONVERGENCE: RELATIVE REDUCTION OF F <= FACTR*EPSMCH,0.013824361482740185,0.0,0.0,0.0,0.4396059143845689,-4.757198398603834,-1.2430684193435892,-1.2836218832392556,0.006504777476705292,False,0.0062424978122910734,False,0.005993726424077694,False
double_sawtooth,even,1,equivariant,variational,random,11.0,16.0,8.0,2.0,0.2728621676304376,2907.0,1.5325526000233367,0.63671875,0.11754689798916725,0.19063407939511381,0.11779975998447234,0.19711222859696909,0.11804540132210876,0.19898071200948972,0.11036097965758156,0.0,0.013817274330485489,8.0,True,CONVERGENCE: RELATIVE REDUCTION OF F <= FACTR*EPSMCH,0.013817274330485489,0.0,0.0,0.0,-1.345566165531636,-1.9822245768383187,-1.0947746417687134,-0.8842224603506033,0.00675964476488746,False,0.006482563786953675,False,0.006221948093986625,False
double_sawtooth,even,1,equivariant,variational,random,12.0,16.0,8.0,2.0,0.301429151043066,3451.0,1.964827600051649,0.63671875,0.11754689799188589,0.1906320017924243,0.11779975766784298,0.19710897229551544,0.11804539696050921,0.1989771115202262,0.11032032992834868,0.0,0.013817274330718126,8.0,True,CONVERGENCE: RELATIVE REDUCTION OF F <= FACTR*EPSMCH,0.013817274330718126,0.0,0.0,0.0,-1.3056741825186637,-1.92882218426257,-1.226735812814824,-0.5561526531884649,0.006759644741903383,False,0.006482583337305907,False,0.006221984837342394,False
double_sawtooth,even,1,equivariant,variational,random,13.0,16.0,8.0,2.0,0.39481378732488914,6494.0,3.2347772999783047,0.63671875,0.11756529116351214,0.19143191430311843,0.11781645112562372,0.194862520322893,0.11806077022190385,0.19572308856645806,0.0008935006260114089,0.0,0.01382159769529639,8.0,True,CONVERGENCE: RELATIVE REDUCTION OF F <= FACTR*EPSMCH,0.01382159769529639,0.0,0.0,0.0,-3.4078287024151606,0.4808405538942212,-0.8239210015345015,-1.1234835575587951,0.006604144444264991,False,0.0063417049623965965,False,0.006092476108766614,False
double_sawtooth,even,1,equivariant,variational,random,14.0,16.0,8.0,2.0,0.3162155802414379,7378.0,3.083948799991049,0.63671875,0.1175468979904578,0.19063700399404984,0.11779976063129077,0.1971164392535091,0.11804540234507377,0.19898527487956313,0.11038604407856031,0.0,0.013817274331039532,8.0,True,CONVERGENCE: RELATIVE REDUCTION OF F <= FACTR*EPSMCH,0.013817274331039532,0.0,0.0,0.0,-1.2689859361130729,-2.0253465517580636,-1.02856310303791,-0.9714263715727395,0.006759644753976831,False,0.006482558328364402,False,0.0062219394762383345,False
double_sawtooth,even,1,equivariant,variational,random,15.0,16.0,8.0,2.0,0.2387088655048506,3485.0,1.2603055000072345,0.63671875,0.11754718709831664,0.18965475209240482,0.11779949291613344,0.19537380462303086,0.11804470435147615,0.19702152156942881,0.08638373144251478,0.0,0.013817342058563973,8.0,True,CONVERGENCE: RELATIVE REDUCTION OF F <= FACTR*EPSMCH,0.013817342058563973,0.0,0.0,0.0,-1.514925009580188,0.1418367773656762,-0.9496280524434294,-0.9462555203305264,0.006757200566589583,False,0.00648481761321714,False,0.006227819572924432,False
double_sawtooth,even,1,equivariant,variational,random,16.0,16.0,8.0,2.0,0.24693815305230638,6885.0,2.997495000017807,0.63671875,0.1175505112739508,0.18769247816494405,0.11780178462279452,0.19111036607183857,0.11804617832047257,0.19219933361207966,0.03824124459760178,0.0,0.013818123083179682,8.0,True,CONVERGENCE: RELATIVE REDUCTION OF F <= FACTR*EPSMCH,0.013818123083179682,0.0,0.0,0.0,-1.9161445913777422,-2.1826221698659887,-1.0478677549297353,-0.7199374810630224,0.006729097186105904,False,0.006465477587057071,False,0.006215402438668712,False
double_sawtooth,even,1,equivariant,variational,random,17.0,16.0,8.0,2.0,0.24712651411581033,7106.0,2.8611164999892935,0.63671875,0.11755051130329779,0.18768172305080882,0.11780178433867981,0.19112164801323134,0.11804617777012263,0.19221068141812667,0.03820859139389224,0.0,0.013818123089752655,8.0,True,CONVERGENCE: RELATIVE REDUCTION OF F <= FACTR*EPSMCH,0.013818123089752655,0.0,0.0,0.0,-1.9162833301181434,-2.1826201005967287,-0.5350939728614132,-0.8523579721000344,0.0067290969379994485,False,0.006465479984739942,False,0.006215407074973148,False
double_sawtooth,even,1,equivariant,variational,random,18.0,16.0,8.0,2.0,0.8575682437212362,3196.0,1.8322585999849252,0.63671875,0.117546897989379,0.1906341538669385,0.11779975981237965,0.1971121792855563,0.11804540100191663,0.19898062096676333,0.11035142368682811,0.0,0.013817274330439711,8.0,True,CONVERGENCE: RELATIVE REDUCTION OF F <= FACTR*EPSMCH,0.013817274330439711,0.0,0.0,0.0,0.2846438277184763,0.7623711681927539,-0.7269504542294767,-0.873306424971772,0.00675964476309718,False,0.006482565239267417,False,0.006221950791376297,False
double_sawtooth,even,1,equivariant,variational,random,19.0,16.0,8.0,2.0,0.26179773645282234,5763.0,3.23737779998919,0.63671875,0.1175469144456088,0.1903853549567518,0.11779962002303113,0.1966809366639187,0.11804513824791542,0.19849646473771304,0.10443809953959787,0.0,0.01381727814006427,8.0,True,CONVERGENCE: RELATIVE REDUCTION OF F <= FACTR*EPSMCH,0.01381727814006427,0.0,0.0,0.0,-1.3885002989906847,0.1695540772761621,-0.4997123611967085,-0.7995100160533926,0.006759505638171735,False,0.0064837449407114675,False,0.006224164305851288,False
double_sawtooth,even,1,sector_mixed,variational,random,0.0,16.0,10.0,3.0,0.20439577698306566,13294.0,6.947619800048415,0.63671875,0.0021748039111223606,0.007804285814168838,0.002264137809644996,0.010334651498661723,0.0023377889920455303,0.011015015290636171,3.44986622893885e-07,0.02582236470411812,4.730030278930024e-06,16.0,True,CONVERGENCE: RELATIVE REDUCTION OF F <= FACTR*EPSMCH,4.730030278930024e-06,0.06858921652419506,0.08488907147392212,0.06858921652419506,-8.0,-7.311954497794123,1.1965637001606455,-7.794744143565299,0.9821430823173433,False,0.9815034917401037,False,0.9809757999103196,False
double_sawtooth,even,1,sector_mixed,variational,random,1.0,16.0,10.0,3.0,0.01455822429680953,5474.0,3.044725199986715,0.63671875,0.00043547746118549575,0.0014565270956860554,0.0004605778749220308,0.0024082796523841044,0.00048027838200482236,0.002686630987008415,4.020696243565723e-07,0.028056098395543995,1.8992118420521666e-07,16.0,True,CONVERGENCE: RELATIVE REDUCTION OF F <= FACTR*EPSMCH,1.8992118420521666e-07,0.339712180693707,0.3802364430725147,0.339712180693707,-8.0,-7.999666820215266,-0.8121972117028703,-2.0002755198671687,0.9968477665420892,False,0.9967239808677923,False,0.9966239978591459,False
double_sawtooth,even,1,sector_mixed,variational,random,2.0,16.0,10.0,3.0,0.3902915094203533,2635.0,1.2375862000044435,0.63671875,0.0022124085750482355,0.0074913272655734164,0.0023007032412065086,0.009956367154711154,0.0023735653288301938,0.010631308170621467,1.229793649500976e-07,0.025819440178749608,4.8950098985785445e-06,16.0,True,CONVERGENCE: RELATIVE REDUCTION OF F <= FACTR*EPSMCH,4.8950098985785445e-06,0.016251978917005437,0.01782506622003959,0.016251978917005437,-8.0,-8.0,2.204845251391846,-5.969215828256819,0.9818251634422364,False,0.9811949110587431,False,0.9806744098687962,False
double_sawtooth,even,1,sector_mixed,variational,random,3.0,16.0,10.0,3.0,0.18217356209631574,6137.0,2.7972896000137553,0.63671875,0.00047985192672116286,0.0021086087302338297,0.0005184952814671433,0.0033023945433647006,0.0005481037037983404,0.003648179759895953,1.4431620739738137e-07,0.027378375160699436,2.305316567727813e-07,16.0,True,CONVERGENCE: RELATIVE REDUCTION OF F <= FACTR*EPSMCH,2.305316567727813e-07,0.4714527653373604,0.5558716152608157,0.4714527653373604,-8.0,-8.0,-1.1466160153735554,-3.728926238447461,0.9964726141356116,False,0.9962352079472743,False,0.996052618048107,False
double_sawtooth,even,1,sector_mixed,variational,random,4.0,16.0,10.0,3.0,0.09863767423899161,6188.0,2.487431200046558,0.63671875,0.0005172164157986784,0.002105206474585092,0.0005597657887301758,0.0034328277343144697,0.0005922354180787862,0.0038156933371027435,1.297986198575335e-07,0.027170000715432897,2.6778452207677186e-07,16.0,True,CONVERGENCE: RELATIVE REDUCTION OF F <= FACTR*EPSMCH,2.6778452207677186e-07,0.684507707078635,0.7543931723645142,0.684507707078635,-8.0,-8.0,-1.5212249188914073,-0.8333945453359768,0.9961567257564499,False,0.9958869204881232,False,0.995680839928968,False
double_sawtooth,even,1,sector_mixed,variational,random,5.0,16.0,10.0,3.0,0.009787620685069665,4386.0,1.6198747999733314,0.63671875,0.0006090106804162874,0.00286168745705892,0.0006585112885544746,0.004257969908184639,0.0006967829541355855,0.004653813000268514,3.0181991668717713e-07,0.027254401088686556,3.7116655589019537e-07,16.0,True,CONVERGENCE: RELATIVE REDUCTION OF F <= FACTR*EPSMCH,3.7116655589019537e-07,0.9902123793149303,1.0096369290537615,0.9902123793149303,-7.999698134653129,-7.326163350448155,1.1376993139320803,-5.409255730011813,0.995380674961101,False,0.9950535937006136,False,0.9948001017353688,False
double_sawtooth,even,1,sector_mixed,variational,random,6.0,16.0,10.0,3.0,0.1920977657741928,7378.0,2.814605199964717,0.63671875,0.00220780931100199,0.0077591458524907675,0.002297389733795187,0.010279912848107697,0.00237126713786624,0.010958143535821502,1.2811275931090016e-07,0.025809199443378436,4.874680047022642e-06,16.0,True,CONVERGENCE: RELATIVE REDUCTION OF F <= FACTR*EPSMCH,4.874680047022642e-06,0.04664709712139914,0.047459577140226604,0.04664709712139914,-8.0,-8.0,2.915866647087228,-6.4098334004775115,0.9818640467268943,False,0.9812228742012801,False,0.9806937704834455,False
double_sawtooth,even,1,sector_mixed,variational,random,7.0,16.0,10.0,3.0,0.21643686695284148,4760.0,1.7799510000040755,0.63671875,0.0006052808057602288,0.0022181340051249943,0.000655570254447131,0.0037297792465900426,0.0006939201189881458,0.004164314662840507,1.5924937389238405e-07,0.02677626166247591,3.666326180308703e-07,16.0,True,CONVERGENCE: RELATIVE REDUCTION OF F <= FACTR*EPSMCH,3.666326180308703e-07,0.7314907424857097,0.92231255211881,0.7314907424857097,-8.0,-7.789363133461941,-0.2570114678854531,-5.534330824005226,0.9954122082187119,False,0.9950784134899608,False,0.994824219073294,False
double_sawtooth,even,1,sector_mixed,variational,random,8.0,16.0,10.0,3.0,0.401046700875647,7599.0,3.8844659000169486,0.63671875,0.0030087138942370213,0.008931214335913429,0.0030925635828664534,0.01181324845556142,0.0031629324188653485,0.012587152998863371,2.166621461849393e-05,0.025663720761450896,9.052616151244662e-06,16.0,True,CONVERGENCE: RELATIVE REDUCTION OF F <= FACTR*EPSMCH,9.052616151244662e-06,0.0011626896311268391,0.0014220924426508882,0.0011626896311268391,-5.497248574275671,-5.6146007825665,4.842410389955185,-1.509761901138461,0.9750930067124967,False,0.9745122932599981,False,0.9740245568814755,False
double_sawtooth,even,1,sector_mixed,variational,random,9.0,16.0,10.0,3.0,0.3431045956051548,4046.0,1.5683453000383452,0.63671875,0.0016036102868753148,0.005788188492417745,0.001672885731634573,0.007710235592528397,0.0017294924800125482,0.008238376361551836,7.979070135896651e-07,0.026292729902719567,2.5718288874504267e-06,16.0,True,CONVERGENCE: RELATIVE REDUCTION OF F <= FACTR*EPSMCH,2.5718288874504267e-06,0.047186465272151444,0.05515196316393852,0.047186465272151444,-7.539455521228293,-2.742660775668153,1.1440962971760762,-1.9929414009701139,0.9869720906245795,False,0.9864931489462908,False,0.9861002628234354,False
double_sawtooth,even,1,sector_mixed,variational,random,10.0,16.0,10.0,3.0,0.01809922045187995,9401.0,3.6113147000432946,0.63671875,0.0004960278368111376,0.0020229695242258983,0.0005398766590952441,0.0033560462170575123,0.000573175982123803,0.0037400009153374936,1.5246870603690306e-07,0.027190153738403364,2.463155179536077e-07,16.0,True,CONVERGENCE: RELATIVE REDUCTION OF F <= FACTR*EPSMCH,2.463155179536077e-07,0.98190077954812,1.0823471596256966,0.98190077954812,-8.0,-8.0,-1.8819053426932488,-0.15621519658594676,0.9963358591003911,False,0.9960547675751756,False,0.9958414020409713,False
double_sawtooth,even,1,sector_mixed,variational,random,11.0,16.0,10.0,3.0,0.376469190944578,5780.0,2.054335599998012,0.63671875,0.0005014645828514267,0.0017521608466524452,0.0005425040175982402,0.0030487351167195753,0.0005737841551920296,0.00342363100790144,1.443679770932768e-07,0.02722840591384155,2.517390133571736e-07,16.0,True,CONVERGENCE: RELATIVE REDUCTION OF F <= FACTR*EPSMCH,2.517390133571736e-07,0.05185922425270911,0.0586279318592734,0.05185922425270911,-7.985492862120127,-8.0,1.0590509936106476,-1.1020321902909214,0.9962898955414885,False,0.9960325949371838,False,0.995836278617984,False
double_sawtooth,even,1,sector_mixed,variational,random,12.0,16.0,10.0,3.0,0.5678856680929375,5423.0,2.3750763999996707,0.63671875,0.00019106579959478126,0.0008640147363616346,0.00020973460727189696,0.0014631417367084731,0.0002238644571371598,0.0016432264720809275,5.157667625426217e-08,0.028840816373077297,3.679454845429065e-08,16.0,True,CONVERGENCE: RELATIVE REDUCTION OF F <= FACTR*EPSMCH,3.679454845429065e-08,0.32884521344701917,0.36886421070429465,0.32884521344701917,-8.0,-8.0,-0.7737199077955853,-1.2089817092794493,0.998914081525494,False,0.9988408815343671,False,0.9987841017269115,False
double_sawtooth,even,1,sector_mixed,variational,random,13.0,16.0,10.0,3.0,0.19151119695991825,24905.0,10.672452300030272,0.63671875,0.0008725097094971408,0.0035969968813891473,0.0009335224615733745,0.005227223330790398,0.000981474945171965,0.005679567999483437,1.5000314430984348e-07,0.02704314396566173,7.615436261064731e-07,16.0,True,CONVERGENCE: RELATIVE REDUCTION OF F <= FACTR*EPSMCH,7.615436261064731e-07,0.30773705741640567,0.30897362662613215,0.30773705741640567,-8.0,-5.820365498803825,4.510962182968157,-4.33170436581884,0.9931529907812269,False,0.9927327367729674,False,0.9924017753914427,False
double_sawtooth,even,1,sector_mixed,variational,random,14.0,16.0,10.0,3.0,0.022087030303903243,10829.0,4.908851600019261,0.63671875,0.0021458104530156373,0.00805106946537501,0.0022338841452812443,0.010487634798495044,0.0023064396468776218,0.01114339322022681,1.102442527092785e-06,0.02583668493704771,4.60476087814497e-06,16.0,True,CONVERGENCE: RELATIVE REDUCTION OF F <= FACTR*EPSMCH,4.60476087814497e-06,0.5975587103555672,0.6524742308763021,0.5975587103555672,-7.37314242397934,-8.0,-1.4006540966174337,-8.0,0.9823881999869206,False,0.981758806554242,False,0.9812398957147267,False
double_sawtooth,even,1,sector_mixed,variational,random,15.0,16.0,10.0,3.0,0.09964030443083116,3094.0,1.1233044000109658,0.63671875,0.0005566986087660836,0.0019707818764929386,0.0006037573661598055,0.0034050104693135186,0.000639555922277486,0.003818538636285229,2.6050134555254447e-07,0.026941868991157806,3.1018276229701803e-07,16.0,True,CONVERGENCE: RELATIVE REDUCTION OF F <= FACTR*EPSMCH,3.1018276229701803e-07,0.25129640759220656,0.27695624885886844,0.25129640759220656,-7.994660031436535,-7.992770905330453,-0.5211532297470344,-1.5853297096278793,0.9958229337991623,False,0.9955156695454257,False,0.9952821985361615,False
double_sawtooth,even,1,sector_mixed,variational,random,16.0,16.0,10.0,3.0,0.02341132378350852,1037.0,0.5063153000082821,0.63671875,0.0022466179773885193,0.00808098205393784,0.002333443022665193,0.010521680631694258,0.0024051437885276757,0.011179900297813156,3.6476336955895867e-07,0.025818435801792026,5.0475505243309335e-06,16.0,True,CONVERGENCE: RELATIVE REDUCTION OF F <= FACTR*EPSMCH,5.0475505243309335e-06,0.37142597024936724,0.4050222876088154,0.37142597024936724,-8.0,-8.0,-0.9243946738880388,-7.845206662873445,0.981535948925347,False,0.980918615562186,False,0.9804083839383956,False
double_sawtooth,even,1,sector_mixed,variational,random,17.0,16.0,10.0,3.0,0.11907382577209302,6579.0,2.5016874999855645,0.63671875,0.0022075566853660277,0.007774749598616015,0.002300780286058557,0.01031367116217849,0.0023775915683400726,0.010997430059519642,1.6713314894771652e-07,0.025744100203696236,4.873563961777611e-06,16.0,True,CONVERGENCE: RELATIVE REDUCTION OF F <= FACTR*EPSMCH,4.873563961777611e-06,0.6950508668481169,1.1466853327922193,0.6950508668481169,-8.0,-8.0,-1.5515584385510994,-8.0,0.9818661824847931,False,0.9811942608666923,False,0.9806404916814656,False
double_sawtooth,even,1,sector_mixed,variational,random,18.0,16.0,10.0,3.0,0.0440705347008169,9639.0,3.7126660000067204,0.63671875,0.002176542742340677,0.007563248876701373,0.002264472589667117,0.010036903523929247,0.0023371135539793585,0.010702815679803634,7.624193771426074e-07,0.02584313303859435,4.737596748190454e-06,16.0,True,CONVERGENCE: RELATIVE REDUCTION OF F <= FACTR*EPSMCH,4.737596748190454e-06,0.019419140966616573,0.024759462524236,0.019419140966616573,-8.0,-3.4415186806253972,2.026865139650037,-5.847506579329309,0.9821283818199257,False,0.9815006664856784,False,0.9809814899927904,False
double_sawtooth,even,1,sector_mixed,variational,random,19.0,16.0,10.0,3.0,0.5232873250256329,6579.0,2.4834368000156246,0.63671875,0.0004921095377040569,0.0016706455783257745,0.0005292401362093698,0.002856095869644276,0.0005576274762554783,0.0032011960444679466,8.229277970081309e-08,0.02738983786494082,2.4244569630087776e-07,16.0,True,CONVERGENCE: RELATIVE REDUCTION OF F <= FACTR*EPSMCH,2.4244569630087776e-07,0.3584226934760594,0.4006965409872702,0.3584226934760594,-8.0,-8.0,-0.8722058192738253,-2.584726279427444,0.9963689853436389,False,0.9961445306475439,False,0.9959723870788606,False
triangle,odd,2,zero,classical,n/a,,,,,,,,0.63671875,0.11834645469858371,0.1875,0.1185679148198624,0.18945312500000003,0.11878397420043624,0.18994140625000008,0.0,0.0,0.014005883339723926,,,,,,,,,,,,0.0,False,0.0,False,0.0,False
triangle,odd,2,analytic_truncation,classical,n/a,,,,,,,,0.63671875,0.0003919148459943011,0.0007773439519150882,0.00039230833883597134,0.0007821813484310824,0.0003924560514316886,0.0007816055290817137,0.04166500865049353,0.0,1.5401389659724167e-07,,,,,,,,,,,,0.9967002616340459,False,0.9967058660567926,False,0.9967125748040453,False
triangle,odd,2,ols_full,classical,n/a,,,,,,,,0.63671875,1.3831246220405298e-06,4.0095386426575175e-06,1.6545990721022358e-06,1.2943104611223832e-05,1.8528746691463645e-06,1.591795318034439e-05,0.040579870935136424,1.4281033852372337e-09,4.0771175735249287e-10,,,,,,,,,,,,1.0000002030297275,True,1.000000682014282,True,1.000000978434005,True
triangle,odd,2,ols_odd,classical,n/a,,,,,,,,0.63671875,1.8476110022881477e-06,4.179650705038451e-06,2.158905850557928e-06,1.3879161363888892e-05,2.388695757376414e-06,1.711010491797782e-05,0.04053861043585017,0.0,4.0879977077427785e-10,,,,,,,,,,,,0.9999962781812451,True,0.9999964286362849,True,0.9999964674721994,True
triangle,odd,2,ols_even,classical,n/a,,,,,,,,0.63671875,0.11753369200531716,0.19057448874812705,0.11778612630439966,0.19576585752405623,0.11803132333771942,0.19719436805902393,0.0,0.004104683636212964,0.01381416879744759,,,,,,,,,,,,0.006867737265878357,False,0.0065936890241612076,False,0.006336404761385158,False
triangle,odd,2,ridge_full,classical,n/a,,,,,,,,0.63671875,1.4071521847876198e-06,4.707394049896507e-06,1.735462899783449e-06,1.4325628578171212e-05,1.9690950221376376e-06,1.7504992828709653e-05,0.0405664597384573,1.0436437404080017e-09,4.07644685092163e-10,,,,,,,,,,,,1.0,True,1.0,True,1.0,True
triangle,odd,2,ridge_odd,classical,n/a,,,,,,,,0.63671875,1.8577224959762688e-06,4.835864224006503e-06,2.2155646363175006e-06,1.50937888577507e-05,2.4749389625373233e-06,1.8487787078691476e-05,0.04053111629705734,0.0,4.087622958426298e-10,,,,,,,,,,,,0.9999961927404608,True,0.9999959507699485,True,0.9999957414093157,True
triangle,odd,2,ridge_even,classical,n/a,,,,,,,,0.63671875,0.11753369200531862,0.19057442151166737,0.11778612627213168,0.19576575002298172,0.11803132328034129,0.19719424935811616,0.0,0.004104614971640801,0.013814168797447245,,,,,,,,,,,,0.006867737265866044,False,0.006593689296312846,False,0.00633640524443922,False
triangle,odd,2,spherical_full,classical_null,random,0.0,17.0,,,,846.0,,0.63671875,0.0010309166222089061,0.0030260127887739574,0.0010903612057052963,0.005881079968912767,0.0011364872022074182,0.006725139717382395,0.025290017486551897,4.688527951447982e-05,1.063042450974281e-06,,,,,,,,,,,,0.9913007811364436,False,0.9908184125632653,False,0.9904487375324365,False
triangle,odd,2,spherical_full,classical_null,random,1.0,17.0,,,,2448.0,,0.63671875,6.39438198665077e-06,3.660180372666577e-05,7.483131888317121e-06,6.651505119845136e-05,8.271546551040531e-06,7.550114789600659e-05,0.04036962741731166,1.3335275681512525e-08,4.445845285170772e-10,,,,,,,,,,,,0.9999578585677621,True,0.9999515235371527,True,0.9999469410242459,True
triangle,odd,2,spherical_full,classical_null,random,2.0,17.0,,,,3420.0,,0.63671875,2.057016059029611e-06,9.394915299776319e-06,2.558783747052129e-06,1.9521773480968285e-05,2.908823327154636e-06,2.277922371382579e-05,0.040560849236306366,1.8223683235482698e-09,4.098398256538527e-10,,,,,,,,,,,,0.9999945087362107,True,0.9999930560227904,True,0.99999208863073,True
triangle,odd,2,spherical_full,classical_null,random,3.0,17.0,,,,3870.0,,0.63671875,1.5495617599415945e-06,4.503052076110237e-06,1.8499190621171874e-06,1.3541385394638672e-05,2.0691835435576964e-06,1.6723424728304348e-05,0.04055476734560349,5.654614680991399e-10,4.079488207585229e-10,,,,,,,,,,,,0.9999987966579243,True,0.9999990346643287,True,0.9999991573763943,True
triangle,odd,2,spherical_full,classical_null,random,4.0,17.0,,,,4356.0,,0.63671875,2.3572249917142027e-06,7.009835434640399e-06,2.570803622919549e-06,1.5105036132001537e-05,2.7391927669863374e-06,1.8842789651085656e-05,0.040528446628848414,6.16757048541843e-10,4.1084098211761667e-10,,,,,,,,,,,,0.9999919720104337,True,0.9999929546458554,True,0.999993516713713,True
triangle,odd,2,spherical_full,classical_null,random,5.0,17.0,,,,3744.0,,0.63671875,1.0917836741278737e-05,4.1743180498148014e-05,1.1689938411465716e-05,6.07313264174153e-05,1.229292771284024e-05,6.582705844478814e-05,0.04071125082337227,6.179778898077287e-08,5.263122853208285e-10,,,,,,,,,,,,0.9999196359733368,True,0.9999160428752476,True,0.9999130858863551,True
triangle,odd,2,spherical_full,classical_null,random,6.0,17.0,,,,3240.0,,0.63671875,1.5561091686294963e-06,5.931152382593341e-06,1.9271278142031634e-06,1.506426327058108e-05,2.189481196218725e-06,1.8080200238995703e-05,0.04055547135627398,6.137269564710825e-10,4.0797619544470215e-10,,,,,,,,,,,,0.9999987413331869,True,0.9999983834773503,True,0.9999981446164855,True
triangle,odd,2,spherical_full,classical_null,random,7.0,17.0,,,,3456.0,,0.63671875,3.7312656791523337e-06,2.485581252514857e-05,4.459739803300457e-06,4.6181002725520504e-05,4.9812228831788594e-06,5.267912409215314e-05,0.04048150504831303,8.624056611270038e-09,4.1873748029211654e-10,,,,,,,,,,,,0.9999803615483491,True,0.9999770231534971,True,0.999974641547275,True
triangle,odd,2,spherical_full,classical_null,random,8.0,17.0,,,,4734.0,,0.63671875,1.549406958714069e-06,4.4532397652785605e-06,1.7715481937848263e-06,1.2823623061541944e-05,1.9406735205131054e-06,1.5661360069280095e-05,0.04057574444412338,7.844866131565087e-10,4.0815811420981147e-10,,,,,,,,,,,,0.9999987979659742,True,0.9999996956527215,True,1.0000002392744727,True
triangle,odd,2,spherical_full,classical_null,random,9.0,17.0,,,,4176.0,,0.63671875,1.50819727340513e-06,4.780233847589965e-06,1.816386157961351e-06,1.3773574213421513e-05,2.039811088888298e-06,1.704780881059409e-05,0.04055711635327941,8.268692245794289e-10,4.0784583081699293e-10,,,,,,,,,,,,0.999999146182365,True,0.9999993174844748,True,0.9999994046567349,True
triangle,odd,2,spherical_full,classical_null,random,10.0,17.0,,,,4734.0,,0.63671875,1.4027290197628858e-06,4.401081690502684e-06,1.6949088234955939e-06,1.3541349431045457e-05,1.90662128624531e-06,1.6580823935380407e-05,0.040571950351831136,1.022983468422464e-09,4.076871624510311e-10,,,,,,,,,,,,1.0000000373751594,True,1.0000003420374721,True,1.000000525952865,True
triangle,odd,2,spherical_full,classical_null,random,11.0,17.0,,,,3798.0,,0.63671875,1.5226162898019366e-06,5.813406834892509e-06,1.859574332429212e-06,1.550013972509423e-05,2.1008601086714504e-06,1.8696988038857665e-05,0.04055999442005302,6.72816517619625e-10,4.079183112946655e-10,,,,,,,,,,,,0.9999990243435833,True,0.999998953230733,True,0.9999988906982465,True
triangle,odd,2,spherical_full,classical_null,random,12.0,17.0,,,,4104.0,,0.63671875,1.515467997622798e-06,5.064541632654462e-06,1.7947307087653717e-06,1.2959126652722919e-05,1.9997102235939632e-06,1.560374487311056e-05,0.04057559304693227,7.444514904165028e-10,4.080525811656564e-10,,,,,,,,,,,,0.9999990847457069,True,0.999999500128879,True,0.9999997422572432,True
triangle,odd,2,spherical_full,classical_null,random,13.0,17.0,,,,3348.0,,0.63671875,1.9035300949270676e-06,7.129064438143873e-06,2.2364537440838304e-06,1.890397603701577e-05,2.4802943046260233e-06,2.2704209788809715e-05,0.04054494647244696,1.0990542837937686e-09,4.090729025373055e-10,,,,,,,,,,,,0.999995805672308,True,0.9999957745889508,True,0.9999956963238494,True
triangle,odd,2,spherical_full,classical_null,random,14.0,17.0,,,,4302.0,,0.63671875,1.794997136711745e-06,5.5017613287966505e-06,2.0077938334050347e-06,1.4160923815897952e-05,2.1700492319616322e-06,1.701824854991041e-05,0.04060531582466834,2.5237571868630843e-09,4.0927519820505863e-10,,,,,,,,,,,,0.9999967227614509,True,0.9999977031314065,True,0.9999983082099881,True
triangle,odd,2,spherical_full,classical_null,random,15.0,17.0,,,,4716.0,,0.63671875,7.972040859217801e-06,3.845608143612789e-05,8.988197421738575e-06,6.455961596407711e-05,9.745444202918256e-06,7.226750619762634e-05,0.04046495496488638,2.1250287916494047e-08,4.682031976127809e-10,,,,,,,,,,,,0.9999445275589428,True,0.9999388296514125,True,0.9999345325988235,True
triangle,odd,2,spherical_full,classical_null,random,16.0,17.0,,,,4122.0,,0.63671875,2.1894049993589626e-06,1.2112409880665753e-05,2.665182279998732e-06,2.338732256149112e-05,3.0021025526856083e-06,2.69655505223676e-05,0.04058609385126754,5.048378499557984e-09,4.106544832476784e-10,,,,,,,,,,,,0.999993390067174,True,0.9999921586460383,True,0.9999913033331131,True
triangle,odd,2,spherical_full,classical_null,random,17.0,17.0,,,,3438.0,,0.63671875,1.6649631250255317e-05,6.367076151017614e-05,1.837155999260788e-05,0.00011087427249276138,1.967199241757028e-05,0.00012529116426168718,0.04023198327112512,7.145472812140305e-08,6.795307680280109e-10,,,,,,,,,,,,0.9998712030677964,True,0.9998596893550669,True,0.9998509631372217,True
triangle,odd,2,spherical_full,classical_null,random,18.0,17.0,,,,4266.0,,0.63671875,1.7076165795895649e-06,5.8060369906853815e-06,1.9684691402114615e-06,1.4624196810669732e-05,2.164220791523947e-06,1.756812526323981e-05,0.040563943545259204,1.4785648879887815e-10,4.08555391314046e-10,,,,,,,,,,,,0.9999974611156021,True,0.9999980348001285,True,0.9999983572783671,True
triangle,odd,2,spherical_full,classical_null,random,19.0,17.0,,,,3528.0,,0.63671875,1.4978766785961352e-06,5.2608831511979925e-06,1.8102219091340188e-06,1.5424794127666397e-05,2.0363135453605915e-06,1.8765194035791355e-05,0.040558588331323676,9.4158538021273e-10,4.0782952727337277e-10,,,,,,,,,,,,0.9999992333900262,True,0.999999369474417,True,0.999999434101797,True
triangle,odd,2,spherical_odd,classical_null,random,0.0,9.0,,,,780.0,,0.63671875,1.9190515616533202e-06,5.4194056945677804e-06,2.3233030031585195e-06,1.6426093719268398e-05,2.6121956451873463e-06,2.0035323107209235e-05,0.04052263809060837,0.0,4.089091398023678e-10,,,,,,,,,,,,0.999995674517967,True,0.9999950420928921,True,0.9999945858750028,True
triangle,odd,2,spherical_odd,classical_null,random,1.0,9.0,,,,540.0,,0.63671875,0.00039868053934847164,0.0011401845772684438,0.0004319944841601834,0.002265657185178377,0.00045713398656009645,0.00259509241483058,0.02892880919436473,0.0,1.592354605471319e-07,,,,,,,,,,,,0.9966430924200024,False,0.996371148808253,False,0.9961680652626295,False
triangle,odd,2,spherical_odd,classical_null,random,2.0,9.0,,,,1120.0,,0.63671875,1.9465394637589153e-06,4.828820721530791e-06,2.270707424170458e-06,1.4672280851502073e-05,2.509232623818574e-06,1.792898669555898e-05,0.04054226400453657,0.0,4.092116559293366e-10,,,,,,,,,,,,0.9999954422488296,True,0.9999954856897025,True,0.9999954526984015,True
triangle,odd,2,spherical_odd,classical_null,random,3.0,9.0,,,,420.0,,0.63671875,1.8581033683872582e-06,4.7728181824246985e-06,2.1935091613030315e-06,1.4607883458417348e-05,2.438691105297007e-06,1.7874675699081077e-05,0.04053785448703749,0.0,4.0883109299798685e-10,,,,,,,,,,,,0.9999961895221393,True,0.9999961367882139,True,0.9999960465721829,True
triangle,odd,2,spherical_odd,classical_null,random,4.0,9.0,,,,1190.0,,0.63671875,2.5408726156589162e-06,8.514841594781108e-06,2.913526579711063e-06,1.8774805768284608e-05,3.1894339731887793e-06,2.211332565432711e-05,0.04054837759624319,0.0,4.119398096114373e-10,,,,,,,,,,,,0.9999904202122998,True,0.9999900640833134,True,0.999989726230417,True
triangle,odd,2,spherical_odd,classical_null,random,5.0,9.0,,,,1250.0,,0.63671875,1.863715680012449e-06,5.054642878449256e-06,2.2302620326211064e-06,1.5358871768872406e-05,2.495167278442351e-06,1.876702833700228e-05,0.04053020766238046,0.0,4.087755127597289e-10,,,,,,,,,,,,0.9999961420988484,True,0.999995826810516,True,0.9999955711115008,True
triangle,odd,2,spherical_odd,classical_null,random,6.0,9.0,,,,1290.0,,0.63671875,1.920535583848424e-06,5.592846757662695e-06,2.274950990166556e-06,1.546594274456914e-05,2.5326323787925285e-06,1.873429159773843e-05,0.04054066726427457,0.0,4.0909512957157367e-10,,,,,,,,,,,,0.9999956619781757,True,0.9999954498990072,True,0.9999952557009275,True
triangle,odd,2,spherical_odd,classical_null,random,7.0,9.0,,,,990.0,,0.63671875,1.9703501737253357e-06,7.5308675246410495e-06,2.4689973563166867e-06,1.9092042168739054e-05,2.8158185390399522e-06,2.285234386126267e-05,0.04051793381350208,0.0,4.090616179421203e-10,,,,,,,,,,,,0.9999952410514794,True,0.9999938132909357,True,0.9999928716179175,True
triangle,odd,2,spherical_odd,classical_null,random,8.0,9.0,,,,1310.0,,0.63671875,1.904126437426533e-06,5.0482425352771365e-06,2.2695550721646864e-06,1.5467845839611805e-05,2.5343426826934524e-06,1.8909441833608875e-05,0.040528368760559236,0.0,4.08909385095299e-10,,,,,,,,,,,,0.9999958006332927,True,0.9999954954087642,True,0.9999952413022489,True
triangle,odd,2,spherical_odd,classical_null,random,9.0,9.0,,,,1400.0,,0.63671875,1.9035463281857278e-06,5.8334860530140364e-06,2.3077660643734465e-06,1.6496754335737496e-05,2.596470843974972e-06,2.0005655167631975e-05,0.04052667433079533,0.0,4.0889023193150257e-10,,,,,,,,,,,,0.999995805535139,True,0.9999951731331169,True,0.9999947182587019,True
triangle,odd,2,spherical_odd,classical_null,random,10.0,9.0,,,,1130.0,,0.63671875,1.90927499760162e-06,4.486020454441686e-06,2.189817597622588e-06,1.319611311040303e-05,2.4003881382681747e-06,1.6420093095326216e-05,0.040537914315001165,0.0,4.090244741664784e-10,,,,,,,,,,,,0.9999957571286402,True,0.9999961679232618,True,0.9999963690365745,True
triangle,odd,2,spherical_odd,classical_null,random,11.0,9.0,,,,1050.0,,0.63671875,1.944882055384816e-06,5.7631808184355204e-06,2.3074049313014242e-06,1.5768931935777886e-05,2.5707882183363604e-06,1.908439620160185e-05,0.040535497503053214,0.0,4.0913754123988997e-10,,,,,,,,,,,,0.9999954562537111,True,0.9999951761789523,True,0.9999949344751702,True
triangle,odd,2,spherical_odd,classical_null,random,12.0,9.0,,,,1280.0,,0.63671875,1.925417825856641e-06,5.4096614156007305e-06,2.287021293203694e-06,1.557990416506394e-05,2.549253560640227e-06,1.893424706150837e-05,0.04053686712495402,0.0,4.0907590505366676e-10,,,,,,,,,,,,0.9999956207238764,True,0.999995348096764,True,0.9999951157707938,True
triangle,odd,2,spherical_odd,classical_null,random,13.0,9.0,,,,500.0,,0.63671875,2.516709969645745e-06,7.5238471731464696e-06,2.7389373451876847e-06,1.2876352539631375e-05,2.9138360399334743e-06,1.6523886303715374e-05,0.04051128983178255,0.0,4.1144672738913977e-10,,,,,,,,,,,,0.9999906243834629,True,0.9999915365878292,True,0.9999920464297857,True
triangle,odd,2,spherical_odd,classical_null,random,14.0,9.0,,,,1110.0,,0.63671875,2.014945791748954e-06,7.003669309446625e-06,2.4427287330628484e-06,1.773405160945818e-05,2.7473496682857746e-06,2.1239701219977203e-05,0.040533451972846295,0.0,4.093945262721498e-10,,,,,,,,,,,,0.9999948642244052,True,0.9999940348433497,True,0.9999934480425258,True
triangle,odd,2,spherical_odd,classical_null,random,15.0,9.0,,,,1150.0,,0.63671875,1.8847367587231091e-06,4.861300992919926e-06,2.2443846262358135e-06,1.5231070968485527e-05,2.5052021300622663e-06,1.8656340826206375e-05,0.040530501768661485,0.0,4.088572503362969e-10,,,,,,,,,,,,0.9999959644735135,True,0.9999957076990318,True,0.9999954866302564,True
triangle,odd,2,spherical_odd,classical_null,random,16.0,9.0,,,,1040.0,,0.63671875,1.8824962547654837e-06,5.3903757667173036e-06,2.2735107675081847e-06,1.6022220022116063e-05,2.5537774955007894e-06,1.952435473318026e-05,0.0405265578448201,0.0,4.0880937059740715e-10,,,,,,,,,,,,0.9999959834054755,True,0.9999954620460012,True,0.999995077684765,True
triangle,odd,2,spherical_odd,classical_null,random,17.0,9.0,,,,760.0,,0.63671875,1.8624999818321141e-06,4.6745311005624846e-06,2.2148318761233254e-06,1.4947095082429307e-05,2.470848704051765e-06,1.834604268044493e-05,0.04053072586925397,0.0,4.087761648748644e-10,,,,,,,,,,,,0.9999961523713371,True,0.9999959569501273,True,0.9999957758443169,True
triangle,odd,2,spherical_odd,classical_null,random,18.0,9.0,,,,1230.0,,0.63671875,2.0532695463671496e-06,5.032968650037217e-06,2.4095117513422152e-06,1.5643326890357745e-05,2.6706948583696277e-06,1.9279798366911294e-05,0.04051452677006634,0.0,4.09361183530702e-10,,,,,,,,,,,,0.9999945403937471,True,0.9999943149989717,True,0.9999940933827846,True
triangle,odd,2,spherical_odd,classical_null,random,19.0,9.0,,,,690.0,,0.63671875,2.029417384028621e-06,5.279380039663328e-06,2.2618766912324146e-06,1.2051321853584485e-05,2.441958825916409e-06,1.5299020215353565e-05,0.04053018400003643,0.0,4.0942037491896193e-10,,,,,,,,,,,,0.9999947419413643,True,0.9999955601690608,True,0.99999601906195,True
triangle,odd,2,spherical_sector,classical_null,random,0.0,18.0,,,,2128.0,,0.63671875,0.0004103094994038572,0.001359493252202748,0.0004382831255649154,0.002318031861792913,0.0004597343647476576,0.002596853016611722,0.03063743568987137,1.1253517471925914e-07,1.6866026078329437e-07,,,,,,,,,,,,0.9965448292455267,False,0.9963181097254484,False,0.9961461732413148,False
triangle,odd,2,spherical_sector,classical_null,random,1.0,18.0,,,,2318.0,,0.63671875,9.425266594103136e-05,0.00043645269628049543,9.763652638425793e-05,0.0005081971276100425,0.00010051613070041059,0.000525321603353196,0.039356359725342765,1.1253517471925913e-07,9.277129759596827e-09,,,,,,,,,,,,0.9992154676880768,True,0.9991911600423949,True,0.9991703538293464,True
triangle,odd,2,spherical_sector,classical_null,random,2.0,18.0,,,,3952.0,,0.63671875,3.4392036578943933e-05,0.0002014539767374035,3.643211070527442e-05,0.0002475529220761566,3.812020826914834e-05,0.0002593794503026395,0.040236812103071715,1.1253517471925913e-07,1.5851814264298821e-09,,,,,,,,,,,,0.9997212820892972,True,0.9997073647140046,True,0.9996956515996263,True
triangle,odd,2,spherical_sector,classical_null,random,3.0,18.0,,,,931.0,,0.63671875,0.00010530161538294866,0.0005165126192137118,0.0001106904211240377,0.000598586821113474,0.00011519779444205063,0.0006184481439932207,0.0386890870344773,1.1253517471925912e-07,1.147532219795497e-08,,,,,,,,,,,,0.9991221055265753,False,0.9990810620801381,False,0.9990467520789919,False
triangle,odd,2,spherical_sector,classical_null,random,4.0,18.0,,,,2451.0,,0.63671875,0.00019248361685605787,0.00036456569204990075,0.0001923170843928464,0.0003662978907121861,0.0001921669278502126,0.0003664317719303811,0.040151862670342486,1.1253517471925913e-07,3.745146251004486e-08,,,,,,,,,,,,0.9983854291444147,False,0.9983926139601809,False,0.9983987655987178,False
triangle,odd,2,spherical_sector,classical_null,random,5.0,18.0,,,,3534.0,,0.63671875,0.00011579607127411324,0.00039125034231040495,0.00011885632032460625,0.0004814698068911008,0.000121448022968846,0.0005038821022185433,0.03959600448657238,1.1253517471925913e-07,1.3804691292736983e-08,,,,,,,,,,,,0.9990334287622431,False,0.9990121900017356,False,0.998994132757393,False
triangle,odd,2,spherical_sector,classical_null,random,6.0,18.0,,,,2546.0,,0.63671875,0.0001713432496178622,0.000497400102774069,0.00017402083533910956,0.000560140666407527,0.00017647518493055947,0.0005957056751214052,0.03919579158797426,1.125351747192591e-07,2.9750468230840528e-08,,,,,,,,,,,,0.9985640624516506,False,0.9985469265065829,False,0.9985308709871199,False
triangle,odd,2,spherical_sector,classical_null,random,7.0,18.0,,,,3040.0,,0.63671875,0.0001282904725702729,0.0006406783158561455,0.00013264782064074834,0.0007353202473440873,0.00013641788886012733,0.0007579334882301322,0.03894538238610508,1.1253517471925916e-07,1.6847900301516744e-08,,,,,,,,,,,,0.9989278527237421,False,0.9988958709941489,False,0.9988681046954994,False
triangle,odd,2,spherical_sector,classical_null,random,8.0,18.0,,,,3287.0,,0.63671875,0.00016828483637277834,0.0007760744868404376,0.000172630178300633,0.0008795553599378475,0.00017643397058973644,0.0009032686609950352,0.038583089057585576,1.1253517471925908e-07,2.8705618168940387e-08,,,,,,,,,,,,0.9985899056390799,False,0.9985586554586839,False,0.9985312179617378,False
triangle,odd,2,spherical_sector,classical_null,random,9.0,18.0,,,,2641.0,,0.63671875,2.6457024996328e-05,9.279384558425613e-05,2.6843276034080508e-05,0.00010546225515502966,2.7180927280009936e-05,0.00010812515372331938,0.04096908256747972,1.1253517471925909e-07,1.109666122682869e-09,,,,,,,,,,,,0.9997883318877224,True,0.9997882379843015,True,0.9997877470393306,True
triangle,odd,2,spherical_sector,classical_null,random,10.0,18.0,,,,2603.0,,0.63671875,0.00013152730345802194,0.0004702962261338428,0.0001341195361252076,0.0005415499056685147,0.00013651782061357276,0.0005608135748888521,0.03996018514264701,1.125351747192591e-07,1.7699034531716806e-08,,,,,,,,,,,,0.9989005019308288,False,0.9988834583863341,False,0.9988672633916894,False
triangle,odd,2,spherical_sector,classical_null,random,11.0,18.0,,,,2774.0,,0.63671875,7.952377734169965e-05,0.00029838631224347184,8.085873282748651e-05,0.00030696250573034045,8.204707667709079e-05,0.0003075688232597115,0.03948826741002363,1.1253517471925913e-07,6.718914962144206e-09,,,,,,,,,,,,0.9993399248487665,True,0.9993326657706537,True,0.9993258407990007,True
triangle,odd,2,spherical_sector,classical_null,random,12.0,18.0,,,,2451.0,,0.63671875,2.0469712479577354e-05,7.815365546282038e-05,2.1612062302879248e-05,0.0001276891317860407,2.2529426362509907e-05,0.00014203400121198806,0.0403434331886768,1.125511299050111e-07,8.224445863946318e-10,,,,,,,,,,,,0.9998389238866349,True,0.999832358607565,True,0.999826907019105,True
triangle,odd,2,spherical_sector,classical_null,random,13.0,18.0,,,,988.0,,0.63671875,0.00011422206759297875,0.000459808028686004,0.00011807446996672593,0.0005574872985070201,0.00012146749367263704,0.0005836806384555693,0.03996209179933857,1.1253517471925916e-07,1.3446302768560138e-08,,,,,,,,,,,,0.9990467288851782,False,0.9990187842123452,False,0.9989939688377507,False
triangle,odd,2,spherical_sector,classical_null,random,14.0,18.0,,,,3211.0,,0.63671875,7.589586542862478e-05,0.00017203617845124725,7.667173186708664e-05,0.00022805864305504991,7.73031617584529e-05,0.00024264538753285964,0.04044061785154238,1.1253517471925912e-07,6.1645896930270924e-09,,,,,,,,,,,,0.9993705802246213,True,0.9993679793902973,True,0.9993657787922551,True
triangle,odd,2,spherical_sector,classical_null,random,15.0,18.0,,,,3078.0,,0.63671875,8.385266989140364e-05,0.00019611702228764655,8.478613646191522e-05,0.0002689245649447544,8.554546528458351e-05,0.0002880212630231721,0.04008007425396825,1.125351747192591e-07,7.432072115808142e-09,,,,,,,,,,,,0.9993033462792409,True,0.9992995416229775,True,0.9992963886222641,True
triangle,odd,2,spherical_sector,classical_null,random,16.0,18.0,,,,2546.0,,0.63671875,7.908645781853954e-05,0.00029670773194445665,8.112177379086176e-05,0.00038802315846131474,8.289848964880172e-05,0.0004134453656066406,0.03969461151512087,1.1253517471925913e-07,6.6516150507865895e-09,,,,,,,,,,,,0.9993436201408995,True,0.9993304472546755,True,0.9993186729374129,True
triangle,odd,2,spherical_sector,classical_null,random,17.0,18.0,,,,3572.0,,0.63671875,0.0001299437575631463,0.0005986921312702356,0.0001329069499273363,0.000649297376345899,0.00013558610967429326,0.0006607750750495661,0.039259734798239604,1.1253517471925909e-07,1.7277978602963885e-08,,,,,,,,,,,,0.9989138826842081,False,0.9988936854696765,False,0.998875107264492,False
triangle,odd,2,spherical_sector,classical_null,random,18.0,18.0,,,,2565.0,,0.63671875,7.827682762782111e-05,0.00034924343856220647,8.18603906423569e-05,0.00042212040764348646,8.489386660738042e-05,0.00044032631094314406,0.0398272179091373,1.1253517471925913e-07,6.52553504791874e-09,,,,,,,,,,,,0.9993504614089331,True,0.9993242176801418,True,0.9993018742905404,True
triangle,odd,2,spherical_sector,classical_null,random,19.0,18.0,,,,2185.0,,0.63671875,0.00020361565079016105,0.00045814761108444596,0.00020567462701669771,0.000522910946414365,0.00020757203999365557,0.0005372000730032508,0.041483632439371816,1.1253517471925916e-07,4.1874170696446275e-08,,,,,,,,,,,,0.9982913649299427,False,0.9982799549987782,False,0.9982690732928018,False
triangle,odd,2,generic,variational,random,0.0,23.0,19.0,3.0,0.3106549145884062,10704.0,5.095324699999765,0.63671875,2.468768869015685e-05,8.799658413000122e-05,2.7387708059194502e-05,0.00016905378546816507,2.93986120069336e-05,0.00019310457499710498,0.03959630575494208,1.2121594304265376e-09,1.0054450425331136e-09,16.0,True,CONVERGENCE: RELATIVE REDUCTION OF F <= FACTR*EPSMCH,1.0054450425331136e-09,8.147736444451774e-05,0.00017200701665106592,8.147736444451774e-05,-1.246958510504338,-2.408069728929341,-1.7403117071432705,-1.4352880666668049,0.9998032825455054,True,0.9997836461856278,True,0.9997690768314573,True
triangle,odd,2,generic,variational,random,1.0,23.0,19.0,3.0,0.24524562081679757,7632.0,3.910322099982295,0.63671875,0.00011778218587215895,0.00038189410969202697,0.0001239776187602258,0.0005864675957657495,0.0001288686324441701,0.0006432132558787662,0.03913478397360285,1.0107024616102579e-09,1.4263991158666852e-08,16.0,True,CONVERGENCE: RELATIVE REDUCTION OF F <= FACTR*EPSMCH,1.4263991158666852e-08,0.004555802002829859,0.007337090513704102,0.004555802002829859,-1.343021844571293,-8.0,-5.685864807842446,-4.1463456777437955,0.9990166463565638,False,0.9989689964159812,False,0.998931660251825,False
triangle,odd,2,generic,variational,random,2.0,23.0,19.0,3.0,0.004728985090393545,2616.0,1.236142200010363,0.63671875,0.0006236117646709242,0.002474195178571059,0.0006928052456893181,0.004461808542605528,0.0007444623669616966,0.005038907057964864,0.024922101738023075,8.300401933290707e-07,3.891408623537663e-07,16.0,True,CONVERGENCE: RELATIVE REDUCTION OF F <= FACTR*EPSMCH,3.891408623537663e-07,0.00515133048190648,0.008069597845991238,0.00515133048190648,-1.9324374849233217,-1.220280921480699,-2.0627497133323045,-2.2657639327490147,0.9947424533143883,False,0.994171442594022,False,0.9937491097975604,False
triangle,odd,2,generic,variational,random,3.0,23.0,19.0,3.0,0.22536336273513324,2400.0,1.0273780999705195,0.63671875,7.488768829164937e-05,0.00012028064361802732,7.574620360911458e-05,0.00015343659312036517,7.642350905445623e-05,0.00017999055313330792,0.03951758882427639,5.060518614183581e-10,6.003341750970521e-09,16.0,True,CONVERGENCE: RELATIVE REDUCTION OF F <= FACTR*EPSMCH,6.003341750970521e-09,4.390901940615569e-05,6.917763502580929e-05,4.390901940615569e-05,-1.3645250329944008,-8.0,-0.8403939720927818,-1.3234740491791914,0.9993790991880919,True,0.9993757853958799,True,0.9993731843980387,True
triangle,odd,2,generic,variational,random,4.0,23.0,19.0,3.0,0.05269727281600012,79104.0,54.42765090003377,0.63671875,0.019605716240175756,0.11190588039156182,0.021284217903980735,0.15744404994880987,0.022606515126572104,0.16976104857138052,0.11809477686035155,0.07624878014409203,0.00038438605272586145,16.0,True,CONVERGENCE: RELATIVE REDUCTION OF F <= FACTR*EPSMCH,0.00038438605272586145,0.26086596834172227,0.2976732595856806,0.26086596834172227,-1.2981459133984472,4.6310226819948115,5.190353389726725,-0.6110517773060018,0.834346180981466,False,0.8205012377348636,False,0.809697217928849,False
triangle,odd,2,generic,variational,random,5.0,23.0,19.0,3.0,0.3951298637939873,78840.0,60.832170900015626,0.63671875,0.0004738613532832731,0.001977902540967552,0.000529492336080245,0.003573367940382377,0.0005708442208014133,0.004040589750028856,0.026312622906261428,6.3591315716624095e-06,2.248077719558333e-07,16.0,True,CONVERGENCE: RELATIVE REDUCTION OF F <= FACTR*EPSMCH,2.248077719558333e-07,0.036522566663955175,0.040083639830704156,0.036522566663955175,-1.3685959247143897,0.3403917027438543,-0.16705027743903902,-3.3717541097680614,0.9960078244853191,False,0.9955488413640152,False,0.99521076340415,False
triangle,odd,2,generic,variational,random,6.0,23.0,19.0,3.0,0.19480233888537168,10632.0,8.613880800025072,0.63671875,6.457787847596847e-05,0.0001957434456235918,6.81419581931235e-05,0.00037602278164824976,7.089097149697334e-05,0.00042813962176899145,0.03957254815086998,2.556437822231446e-06,4.566053434343874e-09,16.0,True,CONVERGENCE: RELATIVE REDUCTION OF F <= FACTR*EPSMCH,4.566053434343874e-09,0.025737160745028,0.03477678623514284,0.025737160745028,-1.4025021628109033,-6.047888792247327,-3.2269235876687756,-1.9285730131577836,0.9994662157175068,True,0.999439920425424,True,0.9994197616346544,True
triangle,odd,2,generic,variational,random,7.0,23.0,19.0,3.0,0.22340643861940324,19416.0,16.489736899966374,0.63671875,6.533887305918894e-05,0.00026192207681907664,7.054621298374167e-05,0.0004121286901367094,7.45806314327447e-05,0.00045431715457222577,0.03949393926083504,9.791949232066615e-08,4.66410870444808e-09,16.0,True,CONVERGENCE: RELATIVE REDUCTION OF F <= FACTR*EPSMCH,4.66410870444808e-09,0.01738437974913465,0.018204215484345455,0.01738437974913465,-1.3673813731840974,-7.174089164359409,-1.9436616949099825,-4.832629325252258,0.9994597854139241,True,0.9994196426800867,True,0.9993886991859906,True
triangle,odd,2,generic,variational,random,8.0,23.0,19.0,3.0,0.23193270826384427,7104.0,6.088047199998982,0.63671875,4.9583179938910204e-05,0.0001273261835171291,5.3103155658284517e-05,0.0002615728852451704,5.578048133921217e-05,0.0003016685483029913,0.03875221771338892,1.3598508242186106e-10,2.8460139113480873e-09,16.0,True,CONVERGENCE: RELATIVE REDUCTION OF F <= FACTR*EPSMCH,2.8460139113480873e-09,4.375800701966908e-05,5.460634413879086e-05,4.375800701966908e-05,-1.3650251096600263,-4.97114090432585,-1.5276482996561391,-1.859153972440973,0.9995929189370156,True,0.9995667593150331,True,0.9995469735818205,True
triangle,odd,2,generic,variational,random,9.0,23.0,19.0,3.0,0.15917294560525064,51672.0,48.8597975000157,0.63671875,0.0002229177244293519,0.0008209875152826451,0.0002520678083612604,0.0016626279377438824,0.0002734476701525498,0.0019133618999445101,0.03187576478510705,4.361487042165246e-05,5.001150566131576e-08,16.0,True,CONVERGENCE: RELATIVE REDUCTION OF F <= FACTR*EPSMCH,5.001150566131576e-08,0.05568074015370973,0.059979412230427104,0.05568074015370973,-1.5569340975974224,-0.7414749390333836,0.14510072550989844,-2.884029838451306,0.9981282649604942,False,0.9978886698819246,False,0.9977144806160706,False
triangle,odd,2,generic,variational,random,10.0,23.0,19.0,3.0,0.5542161384188438,13464.0,13.259629800042603,0.63671875,0.00020153015441903353,0.0008990892645402149,0.00022379135440674038,0.001611488493614338,0.00024040078886281095,0.0018185373332232357,0.03317310555172334,1.7367986736218897e-06,4.0946151563663475e-08,16.0,True,CONVERGENCE: RELATIVE REDUCTION OF F <= FACTR*EPSMCH,4.0946151563663475e-08,0.02254678590823818,0.025615587484427885,0.02254678590823818,-0.8987220906214911,-2.216591251994421,-3.251180565722656,-1.2227283551603185,0.9983089870984606,False,0.9981271565575337,False,0.9979926951592619,False
triangle,odd,2,generic,variational,random,11.0,23.0,19.0,3.0,0.04770474234067046,3072.0,2.7756221999879926,0.63671875,0.00021973469755902223,0.0007141744131173647,0.00022256366397470397,0.0007386039736151997,0.00022513211490981955,0.0007419154039573911,0.039835374138417784,5.7501498514976034e-08,4.8681691627754126e-08,16.0,True,CONVERGENCE: RELATIVE REDUCTION OF F <= FACTR*EPSMCH,4.8681691627754126e-08,0.0005677960545563088,0.000764412674100519,0.0005677960545563088,-1.0577329255850054,-8.0,-1.7293965717357838,-1.124175273742747,0.9981551611165762,False,0.9981375110316232,False,0.9981212388215737,False
triangle,odd,2,generic,variational,random,12.0,23.0,19.0,3.0,0.25402785751441426,8352.0,8.994089199986774,0.63671875,1.2898975175477721e-05,3.558265022440832e-05,1.3139033051651963e-05,4.3667410813574836e-05,1.3350015785502851e-05,4.5364837544081826e-05,0.04070727944519302,1.322689450075518e-09,5.734563682564153e-10,16.0,True,CONVERGENCE: RELATIVE REDUCTION OF F <= FACTR*EPSMCH,5.734563682564153e-10,0.00033146299059687637,0.0004981360615807604,0.00033146299059687637,-1.313395426041482,-3.739369521485302,-2.5201935245563933,-2.7459114176298476,0.9999028956155839,True,0.9999038210540837,True,0.9999041864905945,True
triangle,odd,2,generic,variational,random,13.0,23.0,19.0,3.0,0.10891991532984702,25584.0,33.33229160000337,0.63671875,3.638457063037458e-06,1.377087942402988e-05,4.12253855022131e-06,2.690275251499008e-05,4.4824132072271274e-06,3.108479962660171e-05,0.040508356036587055,5.46541873270887e-12,4.1832193022009195e-10,16.0,True,CONVERGENCE: RELATIVE REDUCTION OF F <= FACTR*EPSMCH,4.1832193022009195e-10,7.693189796258473e-06,1.2788888446426061e-05,7.693189796258473e-06,-1.4933366728334763,-0.4643811089215078,-2.3714428808025807,-1.4010948759531545,0.9999811457688808,True,0.9999798671453918,True,0.9999788409180088,True
triangle,odd,2,generic,variational,random,14.0,23.0,19.0,3.0,0.14857851349685625,61080.0,53.748717300011776,0.63671875,0.0004552138069315226,0.0015294716164971356,0.0004876403415070374,0.0023908250207985426,0.0005129960211329907,0.002649062211499853,0.03126130709092112,1.6121635730231832e-06,2.0753223921363452e-07,16.0,True,CONVERGENCE: RELATIVE REDUCTION OF F <= FACTR*EPSMCH,2.0753223921363452e-07,0.019266929337913956,0.02694751829895347,0.019266929337913956,-1.5789778614043566,2.623266172378644,-0.090137807583052,-3.850102579900263,0.9961653937857534,False,0.9959018256197295,False,0.9956977748804852,False
triangle,odd,2,generic,variational,random,15.0,23.0,19.0,3.0,0.16310493700295225,13128.0,9.47531930002151,0.63671875,2.0378032150943576e-05,3.9094091724839464e-05,2.1027330544757063e-05,7.530348476733617e-05,2.1529207070553392e-05,8.752524353825009e-05,0.041372448639412834,2.2325167782717378e-08,8.289889039906964e-10,16.0,True,CONVERGENCE: RELATIVE REDUCTION OF F <= FACTR*EPSMCH,8.289889039906964e-10,0.0004962071915767094,0.0007905207336897393,0.0004962071915767094,-1.4212087149189903,-4.387088643885284,-1.349616788473446,-2.058859196189232,0.9998396985732865,True,0.9998372902985522,True,0.9998353276489056,True
triangle,odd,2,generic,variational,random,16.0,23.0,19.0,3.0,0.5064774080031538,14808.0,12.079938900016714,0.63671875,0.00014641221178761425,0.0005760470437927434,0.00015416922928712862,0.000850392325733279,0.00016037080382867944,0.0009255795192550376,0.03915168038163498,6.544975785048724e-07,2.1828059109333346e-08,16.0,True,CONVERGENCE: RELATIVE REDUCTION OF F <= FACTR*EPSMCH,2.1828059109333346e-08,0.012677695000531584,0.014794763334848297,0.012677695000531584,0.02371122442549789,-7.373404126613975,-1.9774347104628733,-3.6294328355926475,0.9987747264240527,False,0.9987143571023873,False,0.9986664502870956,False
triangle,odd,2,generic,variational,random,17.0,23.0,19.0,3.0,0.0018457357355616821,15000.0,18.95509750000201,0.63671875,0.0006298073195883578,0.0025116567305237814,0.0006987916733930214,0.0043662529858219945,0.0007503692528052004,0.004907833151556434,0.024966203577581777,9.067641551889685e-08,3.9690692274961185e-07,16.0,True,CONVERGENCE: RELATIVE REDUCTION OF F <= FACTR*EPSMCH,3.9690692274961185e-07,0.0004342588722188593,0.0007899613870164926,0.0004342588722188593,-1.9310929721661254,-0.504777579322983,-1.7253849547170914,-0.7813220262589159,0.9946901016947314,False,0.9941209524143082,False,0.9936993810037229,False
triangle,odd,2,generic,variational,random,18.0,23.0,19.0,3.0,0.212261975586286,14328.0,11.905596100026742,0.63671875,3.8408084700572886e-05,0.00013102965799190874,4.114040597576469e-05,0.00021293908296407538,4.328555365549609e-05,0.000235594092753047,0.04061988078603237,5.625105971891946e-07,1.881385403332677e-09,16.0,True,CONVERGENCE: RELATIVE REDUCTION OF F <= FACTR*EPSMCH,1.881385403332677e-09,0.012528853691040398,0.014866103004500654,0.012528853691040398,-1.3687420564996862,-1.1856052302380773,-3.175161866080716,-2.4712346429722087,0.9996873470138133,True,0.9996676544416823,True,0.9996521656744496,True
triangle,odd,2,generic,variational,random,19.0,23.0,19.0,3.0,0.8120499249593389,12600.0,12.486146499984898,0.63671875,5.855330628393556e-05,0.00024383918197642962,6.190604346770971e-05,0.00037769198400974813,6.453879215886606e-05,0.0004167947456684695,0.038956930593179964,1.6265545157279297e-08,3.818059145367619e-09,16.0,True,CONVERGENCE: RELATIVE REDUCTION OF F <= FACTR*EPSMCH,3.818059145367619e-09,0.00021277312498972073,0.00036282349654485517,0.00021277312498972073,0.04513407977672658,-4.403661443961424,-0.9066489831508695,-1.2991751521244475,0.9995171225557475,True,0.9994925148057037,True,0.9994732392580744,True
triangle,odd,2,equivariant,variational,random,0.0,23.0,13.0,2.0,0.2859790279201747,9336.0,6.352131299965549,0.63671875,2.42350278849373e-05,8.728309731767525e-05,2.710638190508767e-05,0.00016626176832773565,2.9236225418359366e-05,0.00018967279689327543,0.03963467588935579,0.0,9.836833354772463e-10,8.0,True,CONVERGENCE: RELATIVE REDUCTION OF F <= FACTR*EPSMCH,9.836833354772463e-10,0.0,0.0,0.0,-1.281693731036948,-4.406763556778502,-0.6583841323625785,-1.1662986683716534,0.9998071074694427,True,0.9997860189208853,True,0.9997704439290108,True
triangle,odd,2,equivariant,variational,random,1.0,23.0,13.0,2.0,0.32268360575473043,5568.0,6.4745158000150695,0.63671875,4.3288654208146365e-05,0.00012194888432734419,4.701186186979167e-05,0.00024827130618676474,4.982098240208288e-05,0.00028582788230874234,0.03893035322646848,0.0,2.2632111154171528e-09,8.0,True,CONVERGENCE: RELATIVE REDUCTION OF F <= FACTR*EPSMCH,2.2632111154171528e-09,0.0,0.0,0.0,-1.2371583684035274,-4.822290427245958,-1.0689007263248427,-0.6764840464004482,0.9996461068469558,True,0.9996181339466653,True,0.9995971453139094,True
triangle,odd,2,equivariant,variational,random,2.0,23.0,13.0,2.0,0.08281573454850233,960.0,0.9959498000098392,0.63671875,0.00017663761591918287,0.0006230253173238609,0.00019513258511428608,0.0011475648263302163,0.0002089797457486463,0.0013008801810017456,0.03440945853993202,0.0,3.154494194301209e-08,8.0,True,CONVERGENCE: RELATIVE REDUCTION OF F <= FACTR*EPSMCH,3.154494194301209e-08,0.0,0.0,0.0,-1.600657786180497,-1.4465821646305512,-0.9529912282548285,-0.9173572479661685,0.9985193257566127,False,0.9983688677221161,False,0.9982572221226372,False
triangle,odd,2,equivariant,variational,random,3.0,23.0,13.0,2.0,0.38472849417021693,13320.0,11.286217599990778,0.63671875,0.0001592333626376695,0.00047471816575866965,0.000165774629806543,0.00069225672968945,0.00017105795509392838,0.0007521389148419655,0.03909345850566147,0.0,2.5746198361956175e-08,8.0,True,CONVERGENCE: RELATIVE REDUCTION OF F <= FACTR*EPSMCH,2.5746198361956175e-08,0.0,0.0,0.0,0.5388853146029202,-7.7499397374606644,-0.613544787196797,-0.8637236193280888,0.9986663893950357,False,0.9986164758972885,False,0.9985764774729832,False
triangle,odd,2,equivariant,variational,random,4.0,23.0,13.0,2.0,0.08911482181717645,4248.0,2.053493099985644,0.63671875,3.1355200983856735e-05,7.56281729065722e-05,3.347867081891219e-05,0.00015819808622244413,3.510335812656581e-05,0.00018291504609505016,0.03951798229995906,0.0,1.378328451737641e-09,8.0,True,CONVERGENCE: RELATIVE REDUCTION OF F <= FACTR*EPSMCH,1.378328451737641e-09,0.0,0.0,0.0,-1.5265439924462159,-6.513310845325257,-1.1680036701646639,-0.9049527269377521,0.9997469429484379,True,0.9997322743459282,True,0.9997210498082177,True
triangle,odd,2,equivariant,variational,random,5.0,23.0,13.0,2.0,0.21838019297333777,5952.0,2.7497296999790706,0.63671875,0.0013722564150276098,0.004486296180078009,0.0015020823706231056,0.00842376779138479,0.001599763524693144,0.009575190227140068,0.03003407467374581,0.0,1.8833880093311654e-06,8.0,True,CONVERGENCE: RELATIVE REDUCTION OF F <= FACTR*EPSMCH,1.8833880093311654e-06,0.0,0.0,0.0,-2.1808076687612137,0.7725396210919656,-0.8616553824116776,-1.0157714929813222,0.9884165050311432,False,0.987345911659966,False,0.9865485144129952,False
triangle,odd,2,equivariant,variational,random,6.0,23.0,13.0,2.0,0.7399618184613419,4656.0,2.850374899979215,0.63671875,0.0001734230259593253,0.0005315319863603007,0.00018006206990993118,0.0007467814512016058,0.00018546367703250164,0.0008052101655162958,0.03929127074493433,0.0,3.046845864033815e-08,8.0,True,CONVERGENCE: RELATIVE REDUCTION OF F <= FACTR*EPSMCH,3.046845864033815e-08,0.0,0.0,0.0,-0.27564335928416567,-7.465427388376591,-0.654072560922011,-1.2264607852056022,0.9985464886166268,False,0.9984959740798152,False,0.9984551988169629,False
triangle,odd,2,equivariant,variational,random,7.0,23.0,13.0,2.0,0.21769477347849941,1128.0,0.7498085999977775,0.63671875,3.2138935919029095e-05,9.379910413157e-05,3.4508512941856235e-05,0.00017445547308275744,3.6312897473169885e-05,0.00019769659377069648,0.04179939337817013,0.0,1.45090513578916e-09,8.0,True,CONVERGENCE: RELATIVE REDUCTION OF F <= FACTR*EPSMCH,1.45090513578916e-09,0.0,0.0,0.0,-1.3491843376857038,-3.8540145608188316,-1.0587727827686704,-1.3168616203609258,0.9997403204918889,True,0.9997235885459089,True,0.9997108669581679,True
triangle,odd,2,equivariant,variational,random,8.0,23.0,13.0,2.0,0.40554437074931826,11616.0,10.83662740001455,0.63671875,2.0309091794711855e-05,7.274459874426209e-05,2.2792557641743726e-05,0.00014104642606627138,2.4629209078488112e-05,0.0001613798815331413,0.039765212008086,0.0,8.101113296068923e-10,8.0,True,CONVERGENCE: RELATIVE REDUCTION OF F <= FACTR*EPSMCH,8.101113296068923e-10,0.0,0.0,0.0,-1.0969271365535616,-4.132360928333676,-0.9354724332447506,-1.409861990611912,0.9998402811101791,True,0.9998224021820036,True,0.9998092294027513,True
triangle,odd,2,equivariant,variational,random,9.0,23.0,13.0,2.0,0.13295489653223402,11592.0,9.091779500013217,0.63671875,0.00012108533335701994,0.00039216327002714046,0.00013275408846641292,0.0007474372353243608,0.00014151842183618895,0.0008517329209522806,0.03618638606959913,0.0,1.5023521814876634e-08,8.0,True,CONVERGENCE: RELATIVE REDUCTION OF F <= FACTR*EPSMCH,1.5023521814876634e-08,0.0,0.0,0.0,-1.5189805491623518,-0.1772653510310158,-0.9535115176047154,-1.3806676007432936,0.9989887351971758,False,0.998894974719796,False,0.9988251644119813,False
triangle,odd,2,equivariant,variational,random,10.0,23.0,13.0,2.0,0.00028465923531850734,7128.0,5.194825200014748,0.63671875,0.0006470426104256014,0.0023827051062450533,0.0007165832388117103,0.004286895473615104,0.0007686479032769608,0.004841779026025311,0.024956437494403648,0.0,4.189137040813206e-07,8.0,True,CONVERGENCE: RELATIVE REDUCTION OF F <= FACTR*EPSMCH,4.189137040813206e-07,0.0,0.0,0.0,-1.932098337357391,0.05891313435990022,-1.2782385326590342,-1.1901565081092103,0.9945444657666163,False,0.9939708964243524,False,0.9935454970003711,False
triangle,odd,2,equivariant,variational,random,11.0,23.0,13.0,2.0,0.007244967132057467,8328.0,5.605488200031687,0.63671875,0.0001478925364783527,0.0004217758507693292,0.00015307145973878105,0.0006040015658771158,0.00015727708705730323,0.0006532868207381748,0.03964099765456582,0.0,2.2268612322546544e-08,8.0,True,CONVERGENCE: RELATIVE REDUCTION OF F <= FACTR*EPSMCH,2.2268612322546544e-08,0.0,0.0,0.0,1.0787524068885443,-8.0,-1.378595875932849,-0.9012545343126175,0.9987622178761968,False,0.9987236158096705,False,0.9986924956192031,False
triangle,odd,2,equivariant,variational,random,12.0,23.0,13.0,2.0,0.26575139223568334,4728.0,3.31692379998276,0.63671875,2.25020874015232e-06,6.474291457364556e-06,2.6784800838655047e-06,1.8348258072592438e-05,2.986619277210177e-06,2.2239220586972586e-05,0.04051246986370787,0.0,4.1018813801133667e-10,8.0,True,CONVERGENCE: RELATIVE REDUCTION OF F <= FACTR*EPSMCH,4.1018813801133667e-10,0.0,0.0,0.0,-1.2997036750050788,-1.6971244838479504,-1.0861006666051407,-1.1243430088739639,0.999992876283606,True,0.99999204649092,True,0.9999914336834592,True
triangle,odd,2,equivariant,variational,random,13.0,23.0,13.0,2.0,0.37874549677540614,27432.0,30.39010540000163,0.63671875,2.445958639901265e-05,0.00010964140297017866,2.7756688439967793e-05,0.0001852708099330802,3.0200271794888264e-05,0.0002073029011628036,0.03979944419505166,0.0,9.962658087612814e-10,8.0,True,CONVERGENCE: RELATIVE REDUCTION OF F <= FACTR*EPSMCH,9.962658087612814e-10,0.0,0.0,0.0,-0.3426361225437933,-7.978048751842236,-1.0560727195982191,-0.6656806423761472,0.9998052099796978,True,0.9997805341651278,True,0.9997623278311585,True
triangle,odd,2,equivariant,variational,random,14.0,23.0,13.0,2.0,0.13196028433546125,11904.0,7.390099700016435,0.63671875,0.0011525404961888937,0.004240479613993181,0.0012751106981402204,0.007603093449950277,0.0013669859021569332,0.008582602855421034,0.025728288110543035,0.0,1.3286068782364465e-06,8.0,True,CONVERGENCE: RELATIVE REDUCTION OF F <= FACTR*EPSMCH,1.3286068782364465e-06,0.0,0.0,0.0,-2.1390221425364992,1.0192569087862728,-0.9471684667990926,-1.060099629321395,0.9902730754867222,False,0.9892602153316694,False,0.9885082188507981,False
triangle,odd,2,equivariant,variational,random,15.0,23.0,13.0,2.0,0.8154504139404349,17664.0,19.860185400000773,0.63671875,0.00011989666467756392,0.0003867808823244667,0.0001313733885227419,0.0007375321754389541,0.00013999745223325588,0.0008405334711271417,0.03623184002046468,0.0,1.4737528601008849e-08,8.0,True,CONVERGENCE: RELATIVE REDUCTION OF F <= FACTR*EPSMCH,1.4737528601008849e-08,0.0,0.0,0.0,0.02880980517103652,-2.4492023704712618,-1.0444352708723346,-1.3811019710502472,0.9989987792903094,False,0.9989066196926809,False,0.9988379691259747,False
triangle,odd,2,equivariant,variational,random,16.0,23.0,13.0,2.0,0.1868939371600301,7536.0,5.954754300008062,0.63671875,2.81867400956525e-06,8.204931214395028e-06,3.324459168815903e-06,2.2250800911616242e-05,3.6894463240057637e-06,2.6946093118873637e-05,0.040463697427871814,0.0,4.125818974509167e-10,8.0,True,CONVERGENCE: RELATIVE REDUCTION OF F <= FACTR*EPSMCH,4.125818974509167e-10,0.0,0.0,0.0,-1.4022590567580182,-2.572334695434496,-0.7521353600910331,-1.376665018605589,0.9999880728272619,True,0.999986598233344,True,0.9999855167346237,True
triangle,odd,2,equivariant,variational,random,17.0,23.0,13.0,2.0,0.30961558076553874,2616.0,1.3826047000475228,0.63671875,1.974292606824414e-06,5.481616885211205e-06,2.318074678254687e-06,1.537584669433767e-05,2.5701780562002055e-06,1.8669705031837402e-05,0.040533019087422135,0.0,4.0922802217158285e-10,8.0,True,CONVERGENCE: RELATIVE REDUCTION OF F <= FACTR*EPSMCH,4.0922802217158285e-10,0.0,0.0,0.0,-1.2378768665340376,-1.8799389570478453,-0.7258671549674313,-0.7346443864060426,0.9999952077384411,True,0.9999950861891508,True,0.9999949396119931,True
triangle,odd,2,equivariant,variational,random,18.0,23.0,13.0,2.0,0.043477942643300516,6960.0,4.379082700004801,0.63671875,0.0006425156627349246,0.0023589695622829865,0.0007114007264119995,0.004250068444343724,0.0007629766525641867,0.004801157958443769,0.025000232677567208,0.0,4.1307637918647513e-07,8.0,True,CONVERGENCE: RELATIVE REDUCTION OF F <= FACTR*EPSMCH,4.1307637918647513e-07,0.0,0.0,0.0,-1.8852958286863382,-0.5631387369137382,-0.9958568903628986,-1.192104124512491,0.9945827178758894,False,0.9940146062953107,False,0.9935932420330278,False
triangle,odd,2,equivariant,variational,random,19.0,23.0,13.0,2.0,0.1152426040860075,5976.0,2.8376485999906436,0.63671875,0.0001551589986264937,0.0005121004508406579,0.00017027273596427372,0.000965753309825762,0.00018162497962893146,0.0010987609173896684,0.03508615791898843,0.0,2.4425176433966156e-08,8.0,True,CONVERGENCE: RELATIVE REDUCTION OF F <= FACTR*EPSMCH,2.4425176433966156e-08,0.0,0.0,0.0,-1.5546599808687713,-3.195470523937346,-0.696030539919487,-0.9757457209762326,0.9987008172320737,False,0.9985785383827113,False,0.9984875159798208,False
triangle,odd,2,sector_mixed,variational,random,0.0,23.0,15.0,3.0,0.26959440716729877,8448.0,4.118139600032009,0.63671875,4.517988366918978e-05,0.0001209621650523629,4.8741585057518314e-05,0.0002495734287397411,5.143720386703106e-05,0.0002878117985552209,0.0388989230146273,2.027278738897787e-11,2.4302111187105223e-09,16.0,True,CONVERGENCE: RELATIVE REDUCTION OF F <= FACTR*EPSMCH,2.4302111187105223e-09,8.074335928042073e-06,1.0494578633297759e-05,8.074335928042073e-06,-1.3129950358685072,-3.865929346131696,-0.7119355975261764,-1.2638401066313074,0.9996301262081353,True,0.9996035452739332,True,0.9995835386950994,True
triangle,odd,2,sector_mixed,variational,random,1.0,23.0,15.0,3.0,0.12550894727050765,2760.0,1.2929206999833696,0.63671875,5.790395419073997e-06,2.000821803030406e-05,6.7044802066160194e-06,4.4566085877606465e-05,7.366633826754075e-06,5.2171631586661604e-05,0.040328407705212455,4.3490549584860885e-13,4.368127561657067e-10,16.0,True,CONVERGENCE: RELATIVE REDUCTION OF F <= FACTR*EPSMCH,4.368127561657067e-10,1.1454496901971369e-06,1.6262892378940077e-06,1.1454496901971369e-06,-1.476548346474814,-3.892576422557658,-1.0789227024504329,-0.8438065960239364,0.9999629621743776,True,0.9999580907697811,True,0.9999545592886748,True
triangle,odd,2,sector_mixed,variational,random,2.0,23.0,15.0,3.0,0.09608430913607857,864.0,0.4103676999802701,0.63671875,0.0001888886319701464,0.0006679448724814241,0.0002086892663292377,0.0012287317950544219,0.00022351315158521267,0.0013925910364476213,0.034037008079268745,3.433660071704714e-13,3.601928536834953e-08,16.0,True,CONVERGENCE: RELATIVE REDUCTION OF F <= FACTR*EPSMCH,3.601928536834953e-08,3.5162230624559446e-06,3.7264471839291784e-06,3.5162230624559446e-06,-1.5917787045263891,-1.2997398024363431,-2.130020093263395,-1.0959979154904338,0.9984158062912447,False,0.9982545292042649,False,0.9981348685235069,False
triangle,odd,2,sector_mixed,variational,random,3.0,23.0,15.0,3.0,0.16651631959499125,1896.0,1.0707899000262842,0.63671875,0.0001386005969186797,0.0002470011389866522,0.00013912717089345654,0.0002479540653023589,0.00013953500599643424,0.0002480436643352013,0.0394818457113881,6.835722407725693e-10,1.9604943930163928e-08,16.0,True,CONVERGENCE: RELATIVE REDUCTION OF F <= FACTR*EPSMCH,1.9604943930163928e-08,4.362124134012215e-05,7.067958653571486e-05,4.362124134012215e-05,-1.165721805482508,-8.0,-0.8233915995137416,-2.2943768029399183,0.9988407335365672,False,0.9988412234522626,False,0.9988418623607825,False
triangle,odd,2,sector_mixed,variational,random,4.0,23.0,15.0,3.0,0.0781924710513261,4440.0,2.5595862000482157,0.63671875,9.468395813233462e-05,0.00028411414395312917,0.00010268773889833857,0.0005511283278720747,0.00010873710050858106,0.0006299968477063433,0.03711387687980468,9.946091621865285e-11,9.336190697398351e-09,16.0,True,CONVERGENCE: RELATIVE REDUCTION OF F <= FACTR*EPSMCH,9.336190697398351e-09,3.883918648133043e-05,4.342601093947793e-05,3.883918648133043e-05,-1.567903879557824,-3.2787914229963464,-1.4177088418376216,-1.7888615489874242,0.9992118233261009,True,0.9991485575688948,False,0.9991011432633108,False
triangle,odd,2,sector_mixed,variational,random,5.0,23.0,15.0,3.0,0.6784413025042615,23832.0,16.781618000008166,0.63671875,3.6268973476425767e-06,1.79162509693076e-05,4.467282366311465e-06,3.540324995904287e-05,5.055392057779906e-06,4.0873442290784157e-05,0.04044419135172244,2.292060121846375e-12,4.175962979104818e-10,16.0,True,CONVERGENCE: RELATIVE REDUCTION OF F <= FACTR*EPSMCH,4.175962979104818e-10,2.934954617202273e-06,3.7612272271618975e-06,2.934954617202273e-06,-0.4747954234955016,1.691482105934829,-0.8447707361127799,-1.036841552855153,0.999981243446947,True,0.9999769595387037,True,0.9999740171330421,True
triangle,odd,2,sector_mixed,variational,random,6.0,23.0,15.0,3.0,0.6139646053933605,8160.0,5.531383599969558,0.63671875,2.9362775658271755e-06,1.426168224569202e-05,3.553225060248477e-06,2.7552346084064316e-05,3.991554715352634e-06,3.1765347079715234e-05,0.04051057851722151,6.781516320808897e-13,4.137275111225767e-10,16.0,True,CONVERGENCE: RELATIVE REDUCTION OF F <= FACTR*EPSMCH,4.137275111225767e-10,4.693358271734214e-06,4.696924674497901e-06,4.693358271734214e-06,-0.6568079367127363,-2.525045018526684,-1.7408600166098729,-2.0352346930041865,0.9999870790927653,True,0.9999846687970353,True,0.9999829733494444,True
triangle,odd,2,sector_mixed,variational,random,7.0,23.0,15.0,3.0,0.18833768700812803,3888.0,2.3816822999506257,0.63671875,2.407384216722508e-06,8.642296234429026e-06,2.952075093074109e-06,2.2070705345433872e-05,3.3350766223255073e-06,2.6392217835458087e-05,0.040487563108380684,2.351867707746013e-13,4.1067112985308337e-10,16.0,True,CONVERGENCE: RELATIVE REDUCTION OF F <= FACTR*EPSMCH,4.1067112985308337e-10,7.208840350955187e-06,7.514615224653539e-06,7.208840350955187e-06,-1.4002169662052821,-2.7730746768592835,-2.7579044580056427,-2.5454461512974067,0.9999915481716162,True,0.9999897389609761,True,0.9999885000964668,True
triangle,odd,2,sector_mixed,variational,random,8.0,23.0,15.0,3.0,0.14181459528599616,10032.0,8.772348399972543,0.63671875,7.818974915522291e-06,2.493258039948376e-05,8.802068272139788e-06,5.38705236248771e-05,9.526326482088126e-06,6.265967164664765e-05,0.04030882136919924,4.903194690565392e-14,4.6422458242204957e-10,16.0,True,CONVERGENCE: RELATIVE REDUCTION OF F <= FACTR*EPSMCH,4.6422458242204957e-10,6.460098241656905e-07,7.065473608704719e-07,6.460098241656905e-07,-1.4579470756840731,-3.4024912945261674,-1.1153502311085244,-1.498259567466717,0.9999458209459233,True,0.9999403994848219,True,0.9999363773035045,True
triangle,odd,2,sector_mixed,variational,random,9.0,23.0,15.0,3.0,0.35051938819948947,10224.0,11.80649970000377,0.63671875,7.786286736467908e-05,0.00017100397251929023,7.883221719283928e-05,0.00020373030407083714,7.960769599690124e-05,0.00023029909830152295,0.03943758885246846,2.816026871042208e-08,6.457002284376978e-09,16.0,True,CONVERGENCE: RELATIVE REDUCTION OF F <= FACTR*EPSMCH,6.457002284376978e-09,0.3209632753762116,0.4998406288892675,0.3209632753762116,-1.1892268397258243,-2.99772675194015,-7.997505844925532,-8.0,0.9993539593184082,True,0.9993497576230322,True,0.9993463774171361,True
triangle,odd,2,sector_mixed,variational,random,10.0,23.0,15.0,3.0,0.12962569327321039,10896.0,9.739660799968988,0.63671875,2.333896676019001e-05,5.5184082658032985e-05,2.3654394021960524e-05,7.726504747943008e-05,2.3908145495053074e-05,8.560159838680304e-05,0.040322388344936774,5.059319200141812e-09,9.479313034758138e-10,16.0,True,CONVERGENCE: RELATIVE REDUCTION OF F <= FACTR*EPSMCH,9.479313034758138e-10,0.029057879076551142,0.039591992835024785,0.029057879076551142,-1.4719023936803326,-0.6323111618422638,-6.521009903058025,-3.669219327959877,0.9998146790674379,True,0.9998151333606171,True,0.999815299881043,True
triangle,odd,2,sector_mixed,variational,random,11.0,23.0,15.0,3.0,0.002274955919778998,13200.0,8.257883699960075,0.63671875,0.00014534386905130895,0.00044154415166280936,0.0001510170697880252,0.000629817206202532,0.00015560712084889232,0.0006806969912686034,0.039627507140262475,3.79283487116031e-11,2.1521115342585955e-08,16.0,True,CONVERGENCE: RELATIVE REDUCTION OF F <= FACTR*EPSMCH,2.1521115342585955e-08,9.102254614505763e-06,1.3180429623416902e-05,9.102254614505763e-06,1.4222803828964758,-8.0,-1.772450434845592,-0.6520810715041617,0.9987837537788804,False,0.9987409427570504,False,0.9987065547033794,False
triangle,odd,2,sector_mixed,variational,random,12.0,23.0,15.0,3.0,0.23410848000779505,5712.0,3.371062999998685,0.63671875,4.133390232395148e-05,9.469853295181879e-05,4.290843207272865e-05,0.00015934358790270498,4.415624524779714e-05,0.00017951723740719516,0.03993320900309217,1.4522839625159407e-11,2.1078235715021114e-09,16.0,True,CONVERGENCE: RELATIVE REDUCTION OF F <= FACTR*EPSMCH,2.1078235715021114e-09,1.263531103479887e-05,1.645783726015116e-05,1.263531103479887e-05,-1.0024246274470214,-7.710765064737636,-1.4924338659573615,-1.101566512438139,0.9996626242418508,True,0.9996527427180647,True,0.9996448355103265,True
triangle,odd,2,sector_mixed,variational,random,13.0,23.0,15.0,3.0,0.38388769126469346,17904.0,9.311673899996094,0.63671875,2.044557861101158e-06,5.647692794402692e-06,2.402140637040211e-06,1.590218337046978e-05,2.664015106270151e-06,1.955591700231185e-05,0.04051419269240884,1.1218420468836941e-13,4.0932214377260075e-10,16.0,True,CONVERGENCE: RELATIVE REDUCTION OF F <= FACTR*EPSMCH,4.0932214377260075e-10,1.5190381669279423e-06,1.5622620236812155e-06,1.5190381669279423e-06,-1.1242657461725425,-0.6811749329943618,-1.554191492832444,-1.258810631047977,0.9999946140063355,True,0.9999943771677482,True,0.9999941496181721,True
triangle,odd,2,sector_mixed,variational,random,14.0,23.0,15.0,3.0,0.8308411809071397,6792.0,5.760858899971936,0.63671875,2.6211640517747833e-06,1.0840702469316899e-05,3.255419478938637e-06,2.5460124183557253e-05,3.6967331198077214e-06,3.0125776787848224e-05,0.04047262726643416,5.330534612807326e-13,4.1159677365598863e-10,16.0,True,CONVERGENCE: RELATIVE REDUCTION OF F <= FACTR*EPSMCH,4.1159677365598863e-10,3.728083319376149e-06,3.7859126223101986e-06,3.728083319376149e-06,0.16786344085536797,0.6062336408077467,-1.7147041394123288,-0.8104514205667238,0.9999897417602834,True,0.9999871805215669,True,0.9999854553886665,True
triangle,odd,2,sector_mixed,variational,random,15.0,23.0,15.0,3.0,0.67488640246652,12768.0,12.145851199980825,0.63671875,8.222965620885207e-05,0.00027287877090170776,9.003740677626125e-05,0.0005138524567660507,9.590417299540218e-05,0.0005849018581430276,0.03749233443854385,2.135846936610727e-10,7.13663970674729e-09,16.0,True,CONVERGENCE: RELATIVE REDUCTION OF F <= FACTR*EPSMCH,7.13663970674729e-09,0.0008995884770919405,0.000901856509016483,0.0008995884770919405,-0.5208764288013971,-2.5184745709367196,-4.465217678037991,-1.5231016141195046,0.9993170605302062,True,0.9992552518403192,True,0.9992091809033707,True
triangle,odd,2,sector_mixed,variational,random,16.0,23.0,15.0,3.0,0.07991829393494876,1464.0,0.9879356999881566,0.63671875,0.00012965010577345334,0.0003625410049961364,0.00013970062061027534,0.0007184904947131754,0.00014732168354074886,0.000823730747279372,0.035970564170187506,1.2978957999883576e-10,1.716885557006741e-08,16.0,True,CONVERGENCE: RELATIVE REDUCTION OF F <= FACTR*EPSMCH,1.716885557006741e-08,4.7004025694372546e-05,5.005739850478304e-05,4.7004025694372546e-05,-1.5813257284603437,-2.7313477412320815,-1.4821791245744904,-1.465047619038701,0.998916364002994,False,0.9988363869152338,False,0.9987763080073483,False
triangle,odd,2,sector_mixed,variational,random,17.0,23.0,15.0,3.0,0.3607175283392625,2184.0,1.0971515999990515,0.63671875,3.4705826868150023e-06,1.0989576588210648e-05,4.073541952096415e-06,2.7562191521612878e-05,4.508526477581553e-06,3.2825526627200396e-05,0.040436993304290854,3.2534432947089804e-14,4.1641487722925394e-10,16.0,True,CONVERGENCE: RELATIVE REDUCTION OF F <= FACTR*EPSMCH,4.1641487722925394e-10,5.269146252129829e-07,5.317048136899971e-07,5.269146252129829e-07,-1.1620409412064834,-1.5956522623092348,-1.0879216630072082,-0.7676252195728478,0.9999825642851575,True,0.9999802803880077,True,0.999978621076036,True
triangle,odd,2,sector_mixed,variational,random,18.0,23.0,15.0,3.0,0.2020824612379637,18168.0,11.714547400013544,0.63671875,0.00016775342542714477,0.00056666473633879,0.0001842930321737181,0.0010588781735237085,0.0001967094472817611,0.0012030690656610055,0.03467664277188224,1.4578529902597552e-10,2.84879781717173e-08,16.0,True,CONVERGENCE: RELATIVE REDUCTION OF F <= FACTR*EPSMCH,2.84879781717173e-08,4.004386816068788e-05,5.3545586591544025e-05,4.004386816068788e-05,-1.4573640709506601,-0.19461877147179624,-1.735709048292417,-1.2591829271053272,0.9985943959912886,False,0.9984602896857768,False,0.9983605231104931,False
triangle,odd,2,sector_mixed,variational,random,19.0,23.0,15.0,3.0,0.137099986457483,5256.0,2.7199757999624126,0.63671875,0.00016413043048787526,0.0005470553512430809,0.00018017184643502726,0.0010280645051826964,0.00019221666416111935,0.0011690233132493066,0.03479579538919351,3.251123209043054e-11,2.72867561663523e-08,16.0,True,CONVERGENCE: RELATIVE REDUCTION OF F <= FACTR*EPSMCH,2.72867561663523e-08,1.0323558883520507e-05,1.2791743147992845e-05,1.0323558883520507e-05,-1.5338929572837832,-2.82823839855022,-0.7384264891573076,-0.9826706452341094,0.9986250098193649,False,0.9984950482127113,False,0.9983983468794776,False
sawtooth,both,2,zero,classical,n/a,,,,,,,,0.63671875,0.2542034230144025,0.4375,0.25460107855890185,0.439453125,0.25499311094653787,0.43994140625,0.0,0.0,0.06461938027223926,,,,,,,,,,,,0.0,False,0.0,False,0.0,False
sawtooth,both,2,analytic_truncation,classical,n/a,,,,,,,,0.63671875,0.014416912376238909,0.04793586902909952,0.014520667214818574,0.048894565008462454,0.014622844542776242,0.048845335598662,0.12183781350686289,0.03869005256141791,0.00020784896774281127,,,,,,,,,,,,0.9435597502691754,False,0.9432925539752752,False,0.9430164576180161,False
sawtooth,both,2,ols_full,classical,n/a,,,,,,,,0.63671875,7.377099839066828e-05,0.0002562894482633915,8.785943510548279e-05,0.0007803766338790874,9.799690967506744e-05,0.0009515464752347658,0.10811256830990615,0.02972600930485628,6.820545979703608e-09,,,,,,,,,,,,1.0000000014765509,True,1.000000054746955,True,1.000000087778831,True
sawtooth,both,2,ols_odd,classical,n/a,,,,,,,,0.63671875,0.119291103100443,0.2604289843795918,0.11960802373301604,0.27617231090644656,0.11989891741461711,0.28014374443380385,0.9088415649539545,0.0,0.014230376367336171,,,,,,,,,,,,0.5308798837243285,False,0.5303970563143255,False,0.5299991955545835,False
sawtooth,both,2,ols_even,classical,n/a,,,,,,,,0.63671875,0.2265731332702895,0.3416186870529153,0.22695474531514184,0.35992381959505204,0.2273139644335825,0.36453793332413725,0.0,0.07779958553984076,0.05133538549791222,,,,,,,,,,,,0.10872517065883229,False,0.1086243569292378,False,0.10859034723825871,False
sawtooth,both,2,ridge_full,classical,n/a,,,,,,,,0.63671875,7.377137362602021e-05,0.0002561421234030803,8.787336892844491e-05,0.000779952246700466,9.801928406820242e-05,0.0009510396549159417,0.10810106369967533,0.02972643902879757,6.8204905939546e-09,,,,,,,,,,,,1.0,True,1.0,True,1.0,True
sawtooth,both,2,ridge_odd,classical,n/a,,,,,,,,0.63671875,0.11929110310829752,0.26042903132694745,0.11960801222001793,0.2761720925352153,0.11989889669615329,0.2801434593750762,0.9084667325992808,0.0,0.014230376365461796,,,,,,,,,,,,0.5308798836934209,False,0.530397101549692,False,0.5299992768369013,False
sawtooth,both,2,ridge_even,classical,n/a,,,,,,,,0.63671875,0.2265731332703019,0.3416187070381377,0.22695474502553645,0.3599238258641112,0.22731396391931716,0.36453793601823437,0.0,0.07779845974765917,0.05133538549790659,,,,,,,,,,,,0.10872517065878347,False,0.10862435806711744,False,0.10859034925581561,False
sawtooth,both,2,spherical_full,classical_null,random,0.0,17.0,,,,4104.0,,0.63671875,7.377417745280945e-05,0.0002573579228084544,8.790002446566625e-05,0.0007814116537955274,9.806071638008442e-05,0.0009525523208597231,0.10809950389348638,0.029726475789751988,6.820889055671002e-09,,,,,,,,,,,,0.9999999889669436,True,0.9999998952685493,True,0.9999998374534732,True
sawtooth,both,2,spherical_full,classical_null,random,1.0,17.0,,,,2394.0,,0.63671875,7.377515226749022e-05,0.0002552295473728927,8.787336464963159e-05,0.0007788775260786363,9.801698666376095e-05,0.0009499196998581372,0.10808756969858054,0.02972670066731668,6.82091579575034e-09,,,,,,,,,,,,0.9999999851310485,True,1.0000000000168119,True,1.0000000090131371,True
sawtooth,both,2,spherical_full,classical_null,random,2.0,17.0,,,,2376.0,,0.63671875,0.00012618679974383453,0.0007306189312349387,0.00015162960249959855,0.0012912646666140004,0.0001697115180792131,0.0014563876098260264,0.10536807893632892,0.029631561827028172,1.727310483722417e-08,,,,,,,,,,,,0.9997937453351885,True,0.9997494973452417,True,0.9997187382717203,True
sawtooth,both,2,spherical_full,classical_null,random,3.0,17.0,,,,1818.0,,0.63671875,0.00033513904022012,0.001324462842034857,0.00037925017493453103,0.002793933000752813,0.00041157930755316384,0.003234086776938039,0.09679654027989905,0.030705043077185936,1.1359319211323408e-07,,,,,,,,,,,,0.9989715184162626,False,0.9988551603607815,False,0.9987698467575824,False
sawtooth,both,2,spherical_full,classical_null,random,4.0,17.0,,,,4410.0,,0.63671875,7.37979147338169e-05,0.00025953649663001954,8.79916125893608e-05,0.0007837493891953984,9.81951631395609e-05,0.0009549342279604467,0.10812750324563977,0.029725228989523535,6.824659541411343e-09,,,,,,,,,,,,0.9999998955607595,True,0.9999995354124717,True,0.9999993099942796,True
sawtooth,both,2,spherical_full,classical_null,random,5.0,17.0,,,,4158.0,,0.63671875,7.377472069868854e-05,0.00025746422874495245,8.791271267613907e-05,0.0007828768202179925,9.808112461935897e-05,0.0009544333572731878,0.10813498253889181,0.029723868816210246,6.821297927720525e-09,,,,,,,,,,,,0.9999999868292714,True,0.999999845415692,True,0.999999757388223,True
sawtooth,both,2,spherical_full,classical_null,random,6.0,17.0,,,,4590.0,,0.63671875,7.441215430767237e-05,0.00027166382169174774,8.906740967865689e-05,0.0008059900234733131,9.956478886160023e-05,0.000979999600324244,0.10822294422351662,0.02970514939039063,6.916449644847915e-09,,,,,,,,,,,,0.9999974785284697,True,0.9999953085312436,True,0.9999939367024163,True
sawtooth,both,2,spherical_full,classical_null,random,7.0,17.0,,,,2448.0,,0.63671875,7.380948917501272e-05,0.0002536073081632062,8.772194536739519e-05,0.000774938158058347,9.774999573135775e-05,0.0009453109632419077,0.10810058096570203,0.029729231856091554,6.826138820494257e-09,,,,,,,,,,,,0.9999998500153415,True,1.0000005949536526,True,1.0000010564673298,True
sawtooth,both,2,spherical_full,classical_null,random,8.0,17.0,,,,5706.0,,0.63671875,7.377365030315051e-05,0.00025709709576854367,8.7913700412693e-05,0.0007807279468362016,9.808336804640954e-05,0.0009517535259099263,0.10809412487817764,0.029726677420610147,6.820759502039418e-09,,,,,,,,,,,,0.9999999910412771,True,0.9999998415348069,True,0.9999997485868489,True
sawtooth,both,2,spherical_full,classical_null,random,9.0,17.0,,,,5058.0,,0.63671875,7.377447132364075e-05,0.0002564654816800682,8.787177112186772e-05,0.0007810081271335534,9.801481176076856e-05,0.0009523188345094691,0.10812090621647677,0.029725008678242324,6.821131768029882e-09,,,,,,,,,,,,0.9999999878105621,True,1.0000000062778929,True,1.0000000175456791,True
sawtooth,both,2,spherical_full,classical_null,random,10.0,17.0,,,,4068.0,,0.63671875,7.395636208228018e-05,0.00024109422413420845,8.757155048311461e-05,0.0007545497190291073,9.741517921371796e-05,0.0009227054732900974,0.10807403100085158,0.029736629654923272,6.8476500990030774e-09,,,,,,,,,,,,0.9999992720705551,True,1.0000011858655629,True,1.000002370013681,True
sawtooth,both,2,spherical_full,classical_null,random,11.0,17.0,,,,4536.0,,0.63671875,7.377777078021463e-05,0.00025661885154409925,8.793389263366101e-05,0.0007812735414952643,9.811355440666446e-05,0.0009525979543191787,0.10809944494899675,0.02972541127854628,6.821408023573322e-09,,,,,,,,,,,,0.9999999748272027,True,0.9999997621981729,True,0.9999996301602443,True
sawtooth,both,2,spherical_full,classical_null,random,12.0,17.0,,,,4788.0,,0.63671875,7.38026513486045e-05,0.0002600850273856148,8.803232450442966e-05,0.0007849667869380128,9.825850044855698e-05,0.0009563417377151384,0.10808457232852196,0.029726999390092445,6.824947063269817e-09,,,,,,,,,,,,0.9999998769221837,True,0.9999993754525395,True,0.9999990615104483,True
sawtooth,both,2,spherical_full,classical_null,random,13.0,17.0,,,,2250.0,,0.63671875,7.377248567307523e-05,0.00025653888521792734,8.789041713007683e-05,0.000780449150999396,9.804633748386853e-05,0.000951565522135267,0.10809914041945652,0.029726545339889394,6.820636499977548e-09,,,,,,,,,,,,0.9999999956240956,True,0.9999999330164357,True,0.9999998938645092,True
sawtooth,both,2,spherical_full,classical_null,random,14.0,17.0,,,,4266.0,,0.63671875,7.378692405386193e-05,0.00025922473910833244,8.8116066205476e-05,0.000783923637044992,9.840366701439853e-05,0.0009552556158126113,0.10807601940800976,0.029724969218713756,6.822520047597623e-09,,,,,,,,,,,,0.9999999388090774,True,0.9999990464255998,True,0.9999984919954963,True
sawtooth,both,2,spherical_full,classical_null,random,15.0,17.0,,,,4536.0,,0.63671875,7.378138776870365e-05,0.0002544218668560916,8.787903341190253e-05,0.000777740735318222,9.802216184366806e-05,0.0009486887983199965,0.10809184825582403,0.02972623595103564,6.82187402314441e-09,,,,,,,,,,,,0.9999999605943556,True,0.9999999777438525,True,0.9999999887099612,True
sawtooth,both,2,spherical_full,classical_null,random,16.0,17.0,,,,4536.0,,0.63671875,7.377734038678267e-05,0.00025532064644451236,8.786041423050586e-05,0.0007782109012006155,9.79947648724763e-05,0.0009490421554420037,0.10809145608615897,0.02972759131179351,6.821286428526717e-09,,,,,,,,,,,,0.9999999765208006,True,1.000000050899905,True,1.0000000961932831,True
sawtooth,both,2,spherical_full,classical_null,random,17.0,17.0,,,,3906.0,,0.63671875,7.377345743241157e-05,0.00025419089275802165,8.779838164309911e-05,0.0007770243435204494,9.789635203500415e-05,0.0009478429577097214,0.1081071835791417,0.029727919659739598,6.820874053920655e-09,,,,,,,,,,,,0.9999999918002233,True,1.0000002946302347,True,1.0000004822848192,True
sawtooth,both,2,spherical_full,classical_null,random,18.0,17.0,,,,4122.0,,0.63671875,7.388763940374734e-05,0.0002556629978875957,8.794209511097153e-05,0.0007778443440144001,9.806055496408767e-05,0.0009484571373252759,0.10802356221942366,0.02973190374538076,6.83693791630624e-09,,,,,,,,,,,,0.9999995424942466,True,0.9999997299700718,True,0.9999998380867375,True
sawtooth,both,2,spherical_full,classical_null,random,19.0,17.0,,,,3312.0,,0.63671875,7.451558084863155e-05,0.00022990134399625273,8.725516947453817e-05,0.000736215475309776,9.655183615997437e-05,0.0009024053994998726,0.1082441500235114,0.02974246485813648,6.932437938025423e-09,,,,,,,,,,,,0.9999970715451038,True,1.0000024289484448,True,1.0000057570661667,True
sawtooth,both,2,spherical_odd,classical_null,random,0.0,9.0,,,,1140.0,,0.63671875,0.11929110311037103,0.26042873639539826,0.11960800905922887,0.27617171513943206,0.11989889082426944,0.2801430615707337,0.9084277166404352,0.0,0.014230376365566337,,,,,,,,,,,,0.5308798836852616,False,0.5303971139686511,False,0.5299992998733741,False
sawtooth,both,2,spherical_odd,classical_null,random,1.0,9.0,,,,1260.0,,0.63671875,0.11929110310749565,0.260429312697652,0.11960801370889107,0.2761723909420061,0.11989889953913731,0.2801437611302072,0.9084922439506817,0.0,0.014230376365525595,,,,,,,,,,,,0.5308798836965763,False,0.5303970956998064,False,0.5299992656833558,False
sawtooth,both,2,spherical_odd,classical_null,random,2.0,9.0,,,,1320.0,,0.63671875,0.11929110310867685,0.2604289023868905,0.1196080113221499,0.27617196895952617,0.11989889499472489,0.2801433372224374,0.9084594505440315,0.0,0.014230376365479478,,,,,,,,,,,,0.5308798836919282,False,0.5303971050774776,False,0.5299992835119156,False
sawtooth,both,2,spherical_odd,classical_null,random,3.0,9.0,,,,1450.0,,0.63671875,0.11929110310896096,0.2604291701717115,0.11960801302024789,0.2761722700738029,0.11989889822062022,0.28014364571662925,0.9084552755239935,0.0,0.014230376365505512,,,,,,,,,,,,0.5308798836908103,False,0.5303970984055332,False,0.5299992708561391,False
sawtooth,both,2,spherical_odd,classical_null,random,4.0,9.0,,,,1180.0,,0.63671875,0.1192911031092872,0.2604290547632377,0.11960801190214877,0.27617207725181275,0.11989889614522349,0.28014343513337386,0.9084473486309674,0.0,0.014230376365504078,,,,,,,,,,,,0.5308798836895265,False,0.530397102798622,False,0.5299992789982996,False
sawtooth,both,2,spherical_odd,classical_null,random,5.0,9.0,,,,1380.0,,0.63671875,0.11929110310829356,0.2604287332036965,0.11960801200976126,0.27617172842944476,0.11989889616189518,0.2801430788437025,0.9084777953918467,0.0,0.014230376365571482,,,,,,,,,,,,0.5308798836934365,False,0.5303971023758051,False,0.5299992789328933,False
sawtooth,both,2,spherical_odd,classical_null,random,6.0,9.0,,,,870.0,,0.63671875,0.11929110310734813,0.260428924348881,0.11960801182311372,0.2761720356168229,0.11989889589693054,0.2801434153990984,0.9084952345475071,0.0,0.014230376365520306,,,,,,,,,,,,0.5308798836971567,False,0.5303971031091562,False,0.5299992799723982,False
sawtooth,both,2,spherical_odd,classical_null,random,7.0,9.0,,,,560.0,,0.63671875,0.1193496629441351,0.26004003447843294,0.1196451554729563,0.27506545344973615,0.11991867473242811,0.27885766210231416,0.21290343411437235,0.0,0.014244344173912996,,,,,,,,,,,,0.5306494507806951,False,0.5302511631379282,False,0.5299216839882284,False
sawtooth,both,2,spherical_odd,classical_null,random,8.0,9.0,,,,1380.0,,0.63671875,0.11929110310897519,0.26042907890429423,0.11960801171161728,0.276172149910847,0.11989889579764752,0.280143518846293,0.9084522230323813,0.0,0.01423037636547838,,,,,,,,,,,,0.5308798836907543,False,0.5303971035472334,False,0.5299992803619036,False
sawtooth,both,2,spherical_odd,classical_null,random,9.0,9.0,,,,1040.0,,0.63671875,0.11929110310825028,0.26042879748976067,0.11960801216107597,0.2761718309715255,0.11989889645941681,0.2801431924041705,0.9084762145617193,0.0,0.014230376365545345,,,,,,,,,,,,0.5308798836936068,False,0.5303971017812791,False,0.5299992777656617,False
sawtooth,both,2,spherical_odd,classical_null,random,10.0,9.0,,,,1030.0,,0.63671875,0.11929110310880967,0.2604289630761156,0.11960801176444567,0.27617201877458675,0.11989889583564861,0.28014338427041335,0.9084550015700958,0.0,0.014230376365466675,,,,,,,,,,,,0.5308798836914056,False,0.5303971033396669,False,0.5299992802128183,False
sawtooth,both,2,spherical_odd,classical_null,random,11.0,9.0,,,,1090.0,,0.63671875,0.11929110310888104,0.2604289311508612,0.11960801103655981,0.2761719547200319,0.11989889450439713,0.2801433125298347,0.9084553887146146,0.0,0.014230376365487575,,,,,,,,,,,,0.5308798836911248,False,0.5303971061995808,False,0.5299992854355611,False
sawtooth,both,2,spherical_odd,classical_null,random,12.0,9.0,,,,1080.0,,0.63671875,0.11929110310955812,0.26042887897216654,0.1196080109944772,0.27617190288072807,0.11989889440101939,0.2801432607382731,0.9084387398592543,0.0,0.014230376365482626,,,,,,,,,,,,0.5308798836884604,False,0.5303971063649263,False,0.5299992858411308,False
sawtooth,both,2,spherical_odd,classical_null,random,13.0,9.0,,,,1500.0,,0.63671875,0.11929110310808339,0.2604288769060228,0.11960801163185966,0.276171970901303,0.11989889553303212,0.28014334607074626,0.9084735842544273,0.0,0.014230376365479223,,,,,,,,,,,,0.5308798836942635,False,0.5303971038606066,False,0.529999281400038,False
sawtooth,both,2,spherical_odd,classical_null,random,14.0,9.0,,,,1200.0,,0.63671875,0.11929110310705011,0.260429229217162,0.11960801427859902,0.2761723715200365,0.11989890051488207,0.2801437582917822,0.9085016679081426,0.0,0.014230376365513542,,,,,,,,,,,,0.5308798836983295,False,0.5303970934613844,False,0.5299992618553309,False
sawtooth,both,2,spherical_odd,classical_null,random,15.0,9.0,,,,1320.0,,0.63671875,0.11929110310829984,0.2604290676907321,0.11960801205185607,0.2761720778071613,0.11989889641909057,0.2801434325514867,0.9084728611714655,0.0,0.014230376365523635,,,,,,,,,,,,0.5308798836934119,False,0.5303971022104117,False,0.5299992779238689,False
sawtooth,both,2,spherical_odd,classical_null,random,16.0,9.0,,,,1240.0,,0.63671875,0.11929110310864618,0.26042838569674975,0.1196080098043129,0.27617136275735865,0.11989889197375474,0.2801427111422099,0.9084739540102674,0.0,0.014230376365617197,,,,,,,,,,,,0.5308798836920489,False,0.5303971110411643,False,0.5299992953637332,False
sawtooth,both,2,spherical_odd,classical_null,random,17.0,9.0,,,,980.0,,0.63671875,0.11929110311125386,0.2604291576149575,0.11960801557309259,0.276172192432954,0.11989890284886107,0.28014355515794354,0.9084685655731082,0.0,0.014230376366185458,,,,,,,,,,,,0.5308798836817877,False,0.5303970883752296,False,0.529999252698705,False
sawtooth,both,2,spherical_odd,classical_null,random,18.0,9.0,,,,1530.0,,0.63671875,0.1192911031101684,0.26042953990531925,0.11960801376144387,0.2761725890103851,0.11989889978879735,0.2801439512407378,0.9084316743812001,0.0,0.014230376365557573,,,,,,,,,,,,0.5308798836860591,False,0.5303970954933228,False,0.5299992647038937,False
sawtooth,both,2,spherical_odd,classical_null,random,19.0,9.0,,,,1010.0,,0.63671875,0.11929110310929567,0.26042908956803923,0.119608011328856,0.27617210612495274,0.11989889512124456,0.2801434612270145,0.9084488612868309,0.0,0.014230376365521224,,,,,,,,,,,,0.5308798836894932,False,0.5303971050511289,False,0.5299992830155558,False
sawtooth,both,2,spherical_sector,classical_null,random,0.0,18.0,,,,3800.0,,0.63671875,7.400127584863626e-05,0.0002559237275814308,8.860984139381407e-05,0.0007793751991267417,9.907407046756061e-05,0.0009503455135436711,0.10790781600425052,0.029729550654984453,6.852562493818306e-09,,,,,,,,,,,,0.9999990953349163,True,0.9999971063487068,True,0.9999958618803035,True
sawtooth,both,2,spherical_sector,classical_null,random,1.0,18.0,,,,4313.0,,0.63671875,7.37802769831297e-05,0.00026115788112746063,8.807471982886085e-05,0.0007877596672009601,9.834073470735726e-05,0.0009596344941250612,0.10811133182493654,0.02972316836592742,6.821874273615978e-09,,,,,,,,,,,,0.9999999649652961,True,0.9999992088783753,True,0.9999987388904311,True
sawtooth,both,2,spherical_sector,classical_null,random,2.0,18.0,,,,7562.0,,0.63671875,7.44030411074503e-05,0.0002753677313305225,8.888988821100966e-05,0.0008127366012014026,9.928339081899409e-05,0.0009876398986674029,0.10836903584051442,0.0297016271090938,6.916519155533022e-09,,,,,,,,,,,,0.999997514388906,True,0.9999960060253779,True,0.9999950406783334,True
sawtooth,both,2,spherical_sector,classical_null,random,3.0,18.0,,,,5301.0,,0.63671875,7.380505140104115e-05,0.0002610383138307304,8.821772535194782e-05,0.0007872946907114264,9.85570960248374e-05,0.0009590307615639504,0.1080523891207066,0.029724778778269012,6.824957291300083e-09,,,,,,,,,,,,0.9999998674779791,True,0.9999986469997766,True,0.9999978900654652,True
sawtooth,both,2,spherical_sector,classical_null,random,4.0,18.0,,,,8531.0,,0.63671875,7.385546403134718e-05,0.00026980387351238644,8.859296596157377e-05,0.0008030238870138096,9.913470943945e-05,0.000976757924222027,0.10810143807413161,0.029715718332350635,6.832801131350439e-09,,,,,,,,,,,,0.9999996691043144,True,0.999997172653448,True,0.9999956239825414,True
sawtooth,both,2,spherical_sector,classical_null,random,5.0,18.0,,,,8379.0,,0.63671875,7.86118595777091e-05,0.00020820663062992573,9.06235808343975e-05,0.000676637503577604,9.9494297505277e-05,0.0008344900733087135,0.10785007809964765,0.0297706232659317,7.556031479921248e-09,,,,,,,,,,,,0.9999809526911936,True,0.9999891942270583,True,0.9999942132528821,True
sawtooth,both,2,spherical_sector,classical_null,random,6.0,18.0,,,,8056.0,,0.63671875,7.385406645728172e-05,0.0002534909087597015,8.789943524416137e-05,0.0007766337779850363,9.801076733878361e-05,0.0009475434900236834,0.10813235696453051,0.029724456861814887,6.83299127054004e-09,,,,,,,,,,,,0.9999996746037674,True,0.9999998975836413,True,1.000000033412685,True
sawtooth,both,2,spherical_sector,classical_null,random,7.0,18.0,,,,4484.0,,0.63671875,7.406275539883895e-05,0.0002307696324986841,8.673819006979181e-05,0.0007428495021478687,9.599145889331622e-05,0.000910757777873139,0.10825508646537166,0.029742515729828483,6.865267759220249e-09,,,,,,,,,,,,0.9999988534129294,True,1.0000044601963103,True,1.000007955528534,True
sawtooth,both,2,spherical_sector,classical_null,random,8.0,18.0,,,,9291.0,,0.63671875,7.378604338097675e-05,0.00025182190913347613,8.777035325048711e-05,0.0007754904202122992,9.784293289896139e-05,0.0009465611153773867,0.10810329864573015,0.029726426237203365,6.822677446648719e-09,,,,,,,,,,,,0.9999999422745246,True,1.0000004047557294,True,1.0000006918578468,True
sawtooth,both,2,spherical_sector,classical_null,random,9.0,18.0,,,,9690.0,,0.63671875,7.378920406707127e-05,0.0002578520496997472,8.797081976250599e-05,0.0007814097934600306,9.816673385537168e-05,0.0009524138294929041,0.10808137936908807,0.029726600222281106,6.822926432765579e-09,,,,,,,,,,,,0.999999929837227,True,0.9999996171089276,True,0.9999994215275539,True
sawtooth,both,2,spherical_sector,classical_null,random,10.0,18.0,,,,6346.0,,0.63671875,7.431610491225099e-05,0.0002793722254213482,8.929678790718833e-05,0.0008207508766781002,9.999676243360751e-05,0.000996858849738047,0.10820163735207089,0.029709048898066616,6.9019903118300705e-09,,,,,,,,,,,,0.9999978564827727,True,0.9999944072883068,True,0.9999922419911953,True
sawtooth,both,2,spherical_sector,classical_null,random,11.0,18.0,,,,4674.0,,0.63671875,7.445523537471302e-05,0.0003042391133743494,9.063488994061466e-05,0.0008611132394424903,0.0001020698970108204,0.0010415087061230177,0.10816658698052758,0.029684929141144727,6.922097235920641e-09,,,,,,,,,,,,0.9999973090045012,True,0.9999891497927973,True,0.9999841087056004,True
sawtooth,both,2,spherical_sector,classical_null,random,12.0,18.0,,,,5472.0,,0.63671875,7.479295228193938e-05,0.00021586646218091365,8.718661742566753e-05,0.0006972887393240645,9.6269445705028e-05,0.0008592889409227977,0.10783484028312325,0.029775438883632845,6.9700885027160225e-09,,,,,,,,,,,,0.9999959800887093,True,1.0000026982941896,True,1.0000068649354987,True
sawtooth,both,2,spherical_sector,classical_null,random,13.0,18.0,,,,3914.0,,0.63671875,7.392525811874222e-05,0.0002510982467845979,8.752564343188519e-05,0.0007705896494291098,9.73596330453723e-05,0.0009404476469769829,0.10819603909468954,0.02972917383799217,6.8441959172494806e-09,,,,,,,,,,,,0.9999993944646297,True,1.0000013662375447,True,1.000002587931445,True
sawtooth,both,2,spherical_sector,classical_null,random,14.0,18.0,,,,6403.0,,0.63671875,7.380971182789238e-05,0.00025161710492238587,8.777836634652568e-05,0.0007710194976744966,9.784137867035534e-05,0.0009408187418801228,0.10802131368216301,0.02973317791640988,6.825418476102245e-09,,,,,,,,,,,,0.9999998491392026,True,1.0000003732717202,True,1.0000006979553695,True
sawtooth,both,2,spherical_sector,classical_null,random,15.0,18.0,,,,5263.0,,0.63671875,0.0005701163963749316,0.0017923642768685744,0.0006262337730309625,0.0035542221668432017,0.0006682714415484633,0.004140268104489642,0.09641722874492326,0.032421702450508114,3.2632109472749243e-07,,,,,,,,,,,,0.9980468826854942,False,0.9978847447082337,False,0.9977627966322892,False
sawtooth,both,2,spherical_sector,classical_null,random,16.0,18.0,,,,3287.0,,0.63671875,7.377887130490004e-05,0.0002560337586462458,8.792507938476484e-05,0.0007794348758337621,9.809876505741215e-05,0.0009504154581650992,0.10810069972126482,0.02972643401161911,6.821593188353841e-09,,,,,,,,,,,,0.9999999704966389,True,0.9999997968260379,True,0.9999996881815626,True
sawtooth,both,2,spherical_sector,classical_null,random,17.0,18.0,,,,2869.0,,0.63671875,0.00011855643987538312,0.00045975362620193083,0.00013656116164406304,0.001011695918029465,0.00014969607124866097,0.0011788630394997113,0.10400471492934453,0.02999451847841348,1.5395621770002913e-08,,,,,,,,,,,,0.99982377079589,True,0.9998087022923653,True,0.9997972625253653,True
sawtooth,both,2,spherical_sector,classical_null,random,18.0,18.0,,,,8303.0,,0.63671875,7.3902634149912e-05,0.00025903617907641063,8.803849367622903e-05,0.0007814597241945775,9.820731239328347e-05,0.0009520892804278924,0.10801835598870083,0.02973025790205244,6.839085473203272e-09,,,,,,,,,,,,0.9999994834899311,True,0.9999993512134365,True,0.9999992623305383,True
sawtooth,both,2,spherical_sector,classical_null,random,19.0,18.0,,,,4294.0,,0.63671875,7.38331482488478e-05,0.00026316316957530894,8.829046917368529e-05,0.0007899749368204256,9.865847690457198e-05,0.0009618815932308511,0.10804862165898725,0.029724880216221918,6.829068799088429e-09,,,,,,,,,,,,0.9999997569169028,True,0.9999983611842658,True,0.9999974923297574,True
sawtooth,both,2,generic,variational,random,0.0,23.0,19.0,3.0,0.33861660709285824,21936.0,9.823324400000274,0.63671875,0.0001404481535601586,0.0005238553879614027,0.00016066981430085694,0.001047344594063665,0.0001754645347008213,0.001203562492490734,0.10324648107428097,0.029969412391091504,2.1057842773111613e-08,16.0,True,CONVERGENCE: RELATIVE REDUCTION OF F <= FACTR*EPSMCH,2.1057842773111613e-08,0.23375617091674017,0.2752550778760566,0.23375617091674017,-0.6573796629420723,-3.875673408222272,-0.42430971606391865,-1.8404398358729395,0.9997376269179781,True,0.9997139777273323,True,0.999696168136752,True
sawtooth,both,2,generic,variational,random,1.0,23.0,19.0,3.0,0.2640362858160641,31536.0,25.722722699982114,0.63671875,0.00022896888241961353,0.0008007248482353457,0.00025647669566959317,0.0015578217805268801,0.00027684832999432977,0.001843528202878253,0.11719520226248388,0.029323122942101678,5.389193236853266e-08,16.0,True,CONVERGENCE: RELATIVE REDUCTION OF F <= FACTR*EPSMCH,5.389193236853266e-08,0.5098174238786297,0.5934764380530729,0.5098174238786297,-0.8152515091808691,-3.1776409546720616,-1.2022147411267863,-2.6786224198321396,0.9993892979123389,False,0.9993375458589063,False,0.9992984209905348,False
sawtooth,both,2,generic,variational,random,2.0,23.0,19.0,3.0,0.6750445547214616,22608.0,11.077061699994374,0.63671875,0.0005535297496818613,0.002786107482210143,0.0006193116425566065,0.005223763123860414,0.0006680203512408194,0.005935675471159141,0.12421948322992986,0.027427806790711825,3.0791165668307043e-07,16.0,True,CONVERGENCE: RELATIVE REDUCTION OF F <= FACTR*EPSMCH,3.0791165668307043e-07,0.09021425629650308,0.1362782962172112,0.09021425629650308,0.04318473639024018,-1.944395455682467,0.5122726001714389,-2.660235006504218,0.9981121511285349,False,0.997911942238001,False,0.9977637817054266,False
sawtooth,both,2,generic,variational,random,3.0,23.0,19.0,3.0,0.2399047138503062,18000.0,9.370246399950702,0.63671875,8.450180632290983e-05,0.00032334689127277993,9.974053885904754e-05,0.0008695830176352337,0.00011074494242668271,0.0010463877596826876,0.10738208101333775,0.029731096890024115,8.511687050868183e-09,16.0,True,CONVERGENCE: RELATIVE REDUCTION OF F <= FACTR*EPSMCH,8.511687050868183e-09,0.2727190108762734,0.3123951567578934,0.2727190108762734,-0.9124177091570776,-3.541865810528675,-0.579901538587675,-1.5766702814931015,0.9999577757549046,True,0.9999533730679251,True,0.9999500749179772,True
sawtooth,both,2,generic,variational,random,4.0,23.0,19.0,3.0,0.6403911230647023,15696.0,11.39492930000415,0.63671875,0.00040453110205201725,0.0016180447328885128,0.0004596177620940141,0.0033437013324851272,0.0004998791886415407,0.0038588500266621417,0.09515832409327821,0.030627225727968374,1.6490326802563206e-07,16.0,True,CONVERGENCE: RELATIVE REDUCTION OF F <= FACTR*EPSMCH,1.6490326802563206e-07,0.0599000701449824,0.06849494642256392,0.0599000701449824,-0.3180211958290897,-0.08278622916433842,0.9364993133148328,1.2674335005836537,0.998698460701888,False,0.9985393905479754,False,0.9984234301965083,False
sawtooth,both,2,generic,variational,random,5.0,23.0,19.0,3.0,0.24192596181164372,7560.0,4.807860000000801,0.63671875,0.0001328511079353303,0.0005444292118046978,0.000154860347126064,0.0013410213639212243,0.0001707372247782531,0.0015906371031555455,0.1136374303864005,0.029360508194405926,1.9079396265452842e-08,16.0,True,CONVERGENCE: RELATIVE REDUCTION OF F <= FACTR*EPSMCH,1.9079396265452842e-08,0.2163671489515166,0.2529373350482689,0.2163671489515166,-0.8660054153910101,-1.574000252388056,-0.34994043051157336,-1.894833777267349,0.9997675212871546,True,0.9997368035259796,True,0.9997147142369995,True
sawtooth,both,2,generic,variational,random,6.0,23.0,19.0,3.0,0.7096217367850157,23592.0,14.319818899966776,0.63671875,0.0029560285895894856,0.014183949137293927,0.003100231344531436,0.01905808724447955,0.003218387087543305,0.020374500668598916,0.10059282536476463,0.025771550676950857,8.739368666230821e-06,16.0,True,CONVERGENCE: RELATIVE REDUCTION OF F <= FACTR*EPSMCH,8.739368666230821e-06,0.13994349815838594,0.16228718962198455,0.13994349815838594,1.4710426667747585,-7.8270034891906,2.2808231481141057,-6.1611649661010555,0.988658319887686,False,0.9881642370054847,False,0.9877582271862376,False
sawtooth,both,2,generic,variational,random,7.0,23.0,19.0,3.0,0.3405188936491801,30408.0,24.38706690003164,0.63671875,0.00023826787824135246,0.0007857872422405987,0.00027027914969570636,0.0018034137827721564,0.00029370814529899083,0.002125905955020435,0.11981653888036894,0.029084124153923134,5.8260588431978884e-08,16.0,True,CONVERGENCE: RELATIVE REDUCTION OF F <= FACTR*EPSMCH,5.8260588431978884e-08,0.6594811063508199,0.806376189757378,0.6594811063508199,-0.41257508751141175,-2.9600418588412927,-1.4628990733591514,-3.436445027939182,0.9993527063703379,False,0.9992833150616642,False,0.9992322768557274,False
sawtooth,both,2,generic,variational,random,8.0,23.0,19.0,3.0,0.5035742405563074,52416.0,31.4497080000001,0.63671875,0.0001744085461604606,0.0005270012500845911,0.00018795676745215635,0.000865707325693077,0.00019842903731099036,0.0009612357859933307,0.11073731961244881,0.029801980126389727,3.182373397119391e-08,16.0,True,CONVERGENCE: RELATIVE REDUCTION OF F <= FACTR*EPSMCH,3.182373397119391e-08,0.4964257594436926,0.5569612867974464,0.4964257594436926,-0.37642366207051275,-3.492407866996814,-1.173302443475953,-0.5327651215812873,0.999603992797044,False,0.9996067653996618,False,0.9996060741986521,False
sawtooth,both,2,generic,variational,random,9.0,23.0,19.0,3.0,0.22821084579207274,8712.0,4.256701999984216,0.63671875,0.0001211844603257429,0.0004336048162166817,0.00013851891378592824,0.0009812735234363545,0.00015123561414282538,0.001147605099102944,0.10390885022466917,0.030028199266025853,1.6025043919348504e-08,16.0,True,CONVERGENCE: RELATIVE REDUCTION OF F <= FACTR*EPSMCH,1.6025043919348504e-08,0.294004985260524,0.33602720293475563,0.294004985260524,-0.9584305468054383,-0.12733749880766804,-0.6550350191676809,-1.329180303979016,0.9998134295372714,True,0.9998010101486889,True,0.999791222617401,True
sawtooth,both,2,generic,variational,random,10.0,23.0,19.0,3.0,0.21211041150459298,26328.0,16.604630600020755,0.63671875,8.489801091187791e-05,0.0003487114168986283,0.00010167772985908618,0.0009490908202565151,0.00011364469220099524,0.0011421743286684216,0.10855255568398886,0.029650759334448648,8.589705406977717e-09,16.0,True,CONVERGENCE: RELATIVE REDUCTION OF F <= FACTR*EPSMCH,8.589705406977717e-09,0.2932541358540476,0.42257931617751926,0.2932541358540476,-0.9391294862879296,-2.0782101310532792,-0.6522546827328237,-3.1288628727310583,0.9999562166901264,True,0.9999457617103981,True,0.9999386986699867,True
sawtooth,both,2,generic,variational,random,11.0,23.0,19.0,3.0,0.21789783951619712,45144.0,23.37857040000381,0.63671875,0.0008747655321339944,0.00438204937939124,0.0009562155318618378,0.007519855168527878,0.001018050723871907,0.008417089721950544,0.11239122335601334,0.02661572372568419,7.666048056804875e-07,16.0,True,CONVERGENCE: RELATIVE REDUCTION OF F <= FACTR*EPSMCH,7.666048056804875e-07,0.11133752521688853,0.12293739769915028,0.11133752521688853,-0.6238138869711816,-4.3977009800052365,0.28568241059670135,-1.2722997222380208,0.996848088551114,False,0.996588223537222,False,0.9963905486221681,False
sawtooth,both,2,generic,variational,random,12.0,23.0,19.0,3.0,0.24530776116522202,17376.0,8.432897599996068,0.63671875,0.00023203768029699326,0.0008487828960382637,0.0002528433181493498,0.0014713373131241825,0.00026862698141762246,0.0016470876447630955,0.1147496655801473,0.029345267011935353,5.5282434403530484e-08,16.0,True,CONVERGENCE: RELATIVE REDUCTION OF F <= FACTR*EPSMCH,5.5282434403530484e-08,0.754692238834778,0.8575248114455948,0.754692238834778,-0.24261412113990344,-3.3431075202231875,-1.606577141778333,-2.2180120738327815,0.9993772221948555,False,0.9993518216506773,False,0.9993306748425924,False
sawtooth,both,2,generic,variational,random,13.0,23.0,19.0,3.0,0.5125229857741758,49200.0,30.24558339995565,0.63671875,0.0021493170420894252,0.00941563302360282,0.0022815230372477905,0.01357504763782491,0.0023864910051601125,0.014717214923374244,0.08779732273847722,0.0261768218786087,4.620703488862207e-06,16.0,True,CONVERGENCE: RELATIVE REDUCTION OF F <= FACTR*EPSMCH,4.620703488862207e-06,0.034043876123768455,0.04451881252031659,0.034043876123768455,-0.6812539056703931,2.0528773830062583,3.2850413869244934,-5.601226501959345,0.9918327292582241,False,0.9913809986138757,False,0.9910219074593941,False
sawtooth,both,2,generic,variational,random,14.0,23.0,19.0,3.0,0.44781939014984407,16008.0,10.607238800032064,0.63671875,0.0020273152753730226,0.0058441074551892624,0.0022015359546664983,0.010569509210382466,0.002334636691632156,0.011952565231491297,0.2416649517690555,0.027175188804329165,4.112695627166528e-06,16.0,True,CONVERGENCE: RELATIVE REDUCTION OF F <= FACTR*EPSMCH,4.112695627166528e-06,0.2942541971712288,0.3249694074887213,0.2942541971712288,-0.19403916970950197,3.182971436308733,-0.6775983710116862,-1.528857086316788,0.9923128061242202,False,0.9916952733978563,False,0.9912253414023146,False
sawtooth,both,2,generic,variational,random,15.0,23.0,19.0,3.0,0.27174350570090966,22224.0,14.010135899996385,0.63671875,0.00020966312104031228,0.0006999142009960213,0.000234921096427648,0.0014958362726749108,0.0002536697888681274,0.0017665017795585047,0.10943406815977996,0.029431272712669227,4.534727773308913e-08,16.0,True,CONVERGENCE: RELATIVE REDUCTION OF F <= FACTR*EPSMCH,4.534727773308913e-08,0.7282564942990903,0.8685928430958982,0.7282564942990903,-0.8022262955258755,-3.6218650997649666,-1.558233519608468,-3.240711260269896,0.9994652660697525,False,0.999422239300356,False,0.9993893546408259,False
sawtooth,both,2,generic,variational,random,16.0,23.0,19.0,3.0,0.20907047075000174,13680.0,12.11176830000477,0.63671875,8.512453615833936e-05,0.0003152695817537632,9.899636247095233e-05,0.0008863856475547216,0.00010913281112889758,0.0010714055777649723,0.10972693326677647,0.029674641375653107,8.64020240259672e-09,16.0,True,CONVERGENCE: RELATIVE REDUCTION OF F <= FACTR*EPSMCH,8.64020240259672e-09,0.7909295292499983,0.8946175392687359,0.7909295292499983,-0.8598989562444181,-3.599195283000226,-1.6445310203761707,-2.052378609833273,0.9999553253134413,True,0.9999562969884639,True,0.9999563996035067,True
sawtooth,both,2,generic,variational,random,17.0,23.0,19.0,3.0,5.3229893139938866e-05,25848.0,14.254440999997314,0.63671875,0.016915177002611387,0.07001018772595696,0.017808707565442953,0.08570386634977756,0.01856495274012289,0.08973828370665304,0.12079752338417456,0.030415050685469184,0.0002861247251554138,16.0,True,CONVERGENCE: RELATIVE REDUCTION OF F <= FACTR*EPSMCH,0.0002861247251554138,0.35916954501270376,0.5873530279013204,0.35916954501270376,-1.3747193298961233,3.4892061973921655,2.274462666112242,-3.06907466916869,0.9337290807261192,False,0.9303736158472118,False,0.927550847152018,False
sawtooth,both,2,generic,variational,random,18.0,23.0,19.0,3.0,0.700706573407351,21528.0,11.316864199994598,0.63671875,0.0002498699040251401,0.0009451957473270434,0.0002828811239593514,0.0020327025596771353,0.00030707452904956995,0.002359573910834356,0.09883280798709121,0.03033485154875217,6.372664553289117e-08,16.0,True,CONVERGENCE: RELATIVE REDUCTION OF F <= FACTR*EPSMCH,6.372664553289117e-08,0.19602358701520065,0.2366374624896518,0.19602358701520065,0.28480350291821444,-2.7673334245754644,-0.24903563465018327,-1.7970546627602602,0.9993070524070601,False,0.999233801032503,False,0.9991798380909659,False
sawtooth,both,2,generic,variational,random,19.0,23.0,19.0,3.0,0.5431474446304485,18144.0,9.39552239998011,0.63671875,0.0004146829878194744,0.0017058669523127845,0.00045710610795637424,0.003486227961408961,0.0004887975378179531,0.004016098652531275,0.1218037746066757,0.028047231078175923,1.7346049044373488e-07,16.0,True,CONVERGENCE: RELATIVE REDUCTION OF F <= FACTR*EPSMCH,1.7346049044373488e-07,0.4499790932544255,0.46367759209697784,0.4499790932544255,-0.3108900067914146,-0.38024147824462073,0.8472519198519266,-4.153415460413365,0.9986585130385518,False,0.998549259010933,False,0.9984669055367014,False
sawtooth,both,2,equivariant,variational,random,0.0,23.0,13.0,2.0,0.036372939375528324,14760.0,8.043541199993342,0.63671875,0.11953195871730696,0.25961121978988055,0.11982237710147242,0.27365438460631153,0.12009162246759768,0.277203723863221,0.1230684873933874,0.0,0.01428789038548085,8.0,True,CONVERGENCE: RELATIVE REDUCTION OF F <= FACTR*EPSMCH,0.01428789038548085,0.0,0.0,0.0,0.2746578517705223,-3.82734092328469,-0.6583841323625785,-1.1662986683716534,0.5299321170418146,False,0.5295548470926218,False,0.5292431784350552,False
sawtooth,both,2,equivariant,variational,random,1.0,23.0,13.0,2.0,0.004737834226922533,27312.0,17.3252459000214,0.63671875,0.11953122008065345,0.2596306970928821,0.1198219523913463,0.27368981644583645,0.12009146390703178,0.27724302080652363,0.1231635945009041,0.0,0.014287713805605553,8.0,True,CONVERGENCE: RELATIVE REDUCTION OF F <= FACTR*EPSMCH,0.014287713805605553,0.0,0.0,0.0,1.4820403228799373,-3.8539154580681245,-1.0689007263248427,-0.6764840464004482,0.5299350235765253,False,0.5295565158081047,False,0.5292438004971156,False
sawtooth,both,2,equivariant,variational,random,2.0,23.0,13.0,2.0,0.5382741935119018,44688.0,29.939240699983202,0.63671875,0.11942350415054183,0.2599445440717836,0.11971753429469377,0.27471254825175895,0.1199898933244282,0.27844075481668684,0.08687883999094498,0.0,0.01426197421238288,8.0,True,CONVERGENCE: RELATIVE REDUCTION OF F <= FACTR*EPSMCH,0.01426197421238288,0.0,0.0,0.0,5.050464289728139,-1.6114531745913,-0.9529912282548285,-0.9173572479661685,0.5303588856855558,False,0.5299667817374288,False,0.5296422804440659,False
sawtooth,both,2,equivariant,variational,random,3.0,23.0,13.0,2.0,0.6701740443413642,55272.0,32.67534820002038,0.63671875,0.11940163817848726,0.2591466311916291,0.11969109912430399,0.27386990971760655,0.11995925800277103,0.2775906522124273,0.10269099612723198,0.0,0.014256752226616348,8.0,True,CONVERGENCE: RELATIVE REDUCTION OF F <= FACTR*EPSMCH,0.014256752226616348,0.0,0.0,0.0,2.620292084964305,-1.1140407563638774,-0.613544787196797,-0.8637236193280888,0.5304449282701711,False,0.530070647351671,False,0.5297624684063268,False
sawtooth,both,2,equivariant,variational,random,4.0,23.0,13.0,2.0,0.2945447339083035,11616.0,5.241641099972185,0.63671875,0.11951662884602104,0.2610228183545654,0.11981618610336404,0.2753395642939978,0.12009367130695635,0.2789507798988411,0.11709678266536833,0.0,0.014284225741685376,8.0,True,CONVERGENCE: RELATIVE REDUCTION OF F <= FACTR*EPSMCH,0.014284225741685376,0.0,0.0,0.0,2.255168013815328,-3.2535633082704813,-1.1680036701646639,-0.9049527269377521,0.5299924400745145,False,0.5295791719527161,False,0.5292351404640401,False
sawtooth,both,2,equivariant,variational,random,5.0,23.0,13.0,2.0,0.6958047223817768,10800.0,4.928879999963101,0.63671875,0.11929110311286766,0.2604284924328629,0.11960800727377167,0.27617151440155446,0.11989888744558554,0.2801428729307482,0.9083782342224244,0.0,0.014230376365667166,8.0,True,CONVERGENCE: RELATIVE REDUCTION OF F <= FACTR*EPSMCH,0.014230376365667166,0.0,0.0,0.0,0.6877002112948466,0.3936008362042952,-0.8616553824116776,-1.0157714929813222,0.5308798836754374,False,0.5303971209838358,False,0.5299993131285682,False
sawtooth,both,2,equivariant,variational,random,6.0,23.0,13.0,2.0,0.8065454418398308,37176.0,19.772057099966332,0.63671875,0.11930573023044534,0.2605146885903463,0.11960981947621742,0.2759011685483977,0.11989049236439345,0.27978288325176404,0.4762981044195689,0.0,0.014233862028800844,8.0,True,CONVERGENCE: RELATIVE REDUCTION OF F <= FACTR*EPSMCH,0.014233862028800844,0.0,0.0,0.0,0.8606451249812542,3.3231575128859236,-0.654072560922011,-1.2264607852056022,0.530822325978084,False,0.5303900007149902,False,0.5300322485654074,False
sawtooth,both,2,equivariant,variational,random,7.0,23.0,13.0,2.0,0.5639914234457856,4608.0,2.3069334999891,0.63671875,0.11929110310920191,0.2604290629272997,0.11960801171697404,0.2761721217147185,0.11989889580782634,0.2801434880775092,0.9084467805975456,0.0,0.014230376365478047,8.0,True,CONVERGENCE: RELATIVE REDUCTION OF F <= FACTR*EPSMCH,0.014230376365478047,0.0,0.0,0.0,0.3277408187008065,-0.25245321555120276,-1.0587727827686704,-1.3168616203609258,0.5308798836898622,False,0.5303971035261863,False,0.5299992803219702,False
sawtooth,both,2,equivariant,variational,random,8.0,23.0,13.0,2.0,0.2865389878778568,8520.0,3.6730846000136808,0.63671875,0.11937362976814708,0.2605971132074141,0.11966948622574682,0.2754946633659775,0.11994367576911005,0.27925342297371103,0.13940446826339128,0.0,0.014250064878067334,8.0,True,CONVERGENCE: RELATIVE REDUCTION OF F <= FACTR*EPSMCH,0.014250064878067334,0.0,0.0,0.0,-1.0318394812227134,1.5728050438864007,-0.9354724332447506,-1.409861990611912,0.5305551413451088,False,0.5301555659260965,False,0.5298236003550015,False
sawtooth,both,2,equivariant,variational,random,9.0,23.0,13.0,2.0,0.7815533311311641,8256.0,4.65775820001727,0.63671875,0.11929110321763252,0.26043243677051686,0.119608033212416,0.2761752831614554,0.11989893651442227,0.2801466114634009,0.9090013378849736,0.0,0.014230376396893233,8.0,True,CONVERGENCE: RELATIVE REDUCTION OF F <= FACTR*EPSMCH,0.014230376396893233,0.0,0.0,0.0,1.019118881068672,1.692532929816531,-0.9535115176047154,-1.3806676007432936,0.5308798832631877,False,0.530397019069107,False,0.5299991206225595,False
sawtooth,both,2,equivariant,variational,random,10.0,23.0,13.0,2.0,0.0028774240342792634,5784.0,4.248583999986295,0.63671875,0.11938017063625572,0.2605892256334638,0.11967578847511058,0.275450137385422,0.1199497864924335,0.27919973328794734,0.12744951487496528,0.0,0.014251626415636683,8.0,True,CONVERGENCE: RELATIVE REDUCTION OF F <= FACTR*EPSMCH,0.014251626415636683,0.0,0.0,0.0,-1.4216556693919746,0.21641414226033784,-1.2782385326590342,-1.1901565081092103,0.5305294030337138,False,0.5301308039521192,False,0.5297996268713084,False
sawtooth,both,2,equivariant,variational,random,11.0,23.0,13.0,2.0,0.09762650587638522,10104.0,11.01905760000227,0.63671875,0.11953230015241438,0.25882618686546055,0.11981856843221357,0.27278628675623373,0.1200840086095076,0.27631833968524033,0.11728535054563573,0.0,0.01428797195258039,8.0,True,CONVERGENCE: RELATIVE REDUCTION OF F <= FACTR*EPSMCH,0.01428797195258039,0.0,0.0,0.0,2.2202978143963708,-3.637335340622641,-1.378595875932849,-0.9012545343126175,0.5299307734949077,False,0.5295698116177671,False,0.5292730489909786,False
sawtooth,both,2,equivariant,variational,random,12.0,23.0,13.0,2.0,0.5602732700178671,3984.0,4.352081299992278,0.63671875,0.1192911031157671,0.2604297580687626,0.11960801059598357,0.27617272161496975,0.11989889418971593,0.2801440640294479,0.9083431894955847,0.0,0.014230376366008475,8.0,True,CONVERGENCE: RELATIVE REDUCTION OF F <= FACTR*EPSMCH,0.014230376366008475,0.0,0.0,0.0,0.31919921148912156,-0.19779154392077372,-1.0861006666051407,-1.1243430088739639,0.5308798836640282,False,0.5303971079306354,False,0.5299992866701128,False
sawtooth,both,2,equivariant,variational,random,13.0,23.0,13.0,2.0,0.539994723123947,3672.0,5.370462199964095,0.63671875,0.11929110310369784,0.2604287941570738,0.11960801672443254,0.27617216752931223,0.1198989046087977,0.2801436137093634,0.908695108693501,0.0,0.014230376366648154,8.0,True,CONVERGENCE: RELATIVE REDUCTION OF F <= FACTR*EPSMCH,0.014230376366648154,0.0,0.0,0.0,0.2742817982200494,-0.21138453027636545,-1.0560727195982191,-0.6656806423761472,0.5308798837115206,False,0.5303970838515352,False,0.529999245794152,False
sawtooth,both,2,equivariant,variational,random,14.0,23.0,13.0,2.0,0.537174262995241,13752.0,33.70796539995354,0.63671875,0.11929110311472706,0.26042850116724453,0.11960800594679832,0.2761714491514234,0.11989888506969786,0.2801427893443783,0.9083439730069981,0.0,0.014230376365768174,8.0,True,CONVERGENCE: RELATIVE REDUCTION OF F <= FACTR*EPSMCH,0.014230376365768174,0.0,0.0,0.0,1.6130395403806808,-0.4721434852561849,-0.9471684667990926,-1.060099629321395,0.5308798836681207,False,0.530397126197606,False,0.5299993224496095,False
sawtooth,both,2,equivariant,variational,random,15.0,23.0,13.0,2.0,0.583635074848672,19128.0,17.062676700006705,0.63671875,0.1193336513162797,0.26046525001387466,0.11963188262609506,0.27558693750368823,0.11990785408177144,0.27940223905302236,0.26622574586702413,0.0,0.014240522998732881,8.0,True,CONVERGENCE: RELATIVE REDUCTION OF F <= FACTR*EPSMCH,0.014240522998732881,0.0,0.0,0.0,-0.16362356949752657,2.766456625089279,-1.0444352708723346,-1.3811019710502472,0.530712456525015,False,0.5303033130719613,False,0.5299641353770962,False
sawtooth,both,2,equivariant,variational,random,16.0,23.0,13.0,2.0,0.6138224226935429,6384.0,4.460050199995749,0.63671875,0.11929110311369746,0.2604292348962915,0.11960800938679736,0.276172310160466,0.11989889168509317,0.280143678891675,0.9083639822003214,0.0,0.014230376365722622,8.0,True,CONVERGENCE: RELATIVE REDUCTION OF F <= FACTR*EPSMCH,0.014230376365722622,0.0,0.0,0.0,0.7266179363066149,-0.2910801516308531,-0.7521353600910331,-1.376665018605589,0.5308798836721722,False,0.5303971126816117,False,0.5299992964962055,False
sawtooth,both,2,equivariant,variational,random,17.0,23.0,13.0,2.0,0.43567729792115795,5496.0,3.53963220003061,0.63671875,0.11929110310457651,0.2604289838567612,0.11960801660275167,0.27617217016640444,0.11989890455991946,0.2801435697493033,0.908601224476566,0.0,0.014230376365918947,8.0,True,CONVERGENCE: RELATIVE REDUCTION OF F <= FACTR*EPSMCH,0.014230376365918947,0.0,0.0,0.0,0.524086117186027,-0.6703038652117992,-0.7258671549674313,-0.7346443864060426,0.530879883708063,False,0.5303970843296278,False,0.5299992459859103,False
sawtooth,both,2,equivariant,variational,random,18.0,23.0,13.0,2.0,0.71057496999016,8832.0,6.487435999966692,0.63671875,0.11929820526355496,0.2604254343818949,0.11960543641270224,0.27591404881326836,0.11988856877105027,0.27982149521426825,0.5908651196594658,0.0,0.014232067687756488,8.0,True,CONVERGENCE: RELATIVE REDUCTION OF F <= FACTR*EPSMCH,0.014232067687756488,0.0,0.0,0.0,0.5514943137114996,3.1840355225546255,-0.9958568903628986,-1.192104124512491,0.5308519367174912,False,0.5304072220749267,False,0.5300397951734281,False
sawtooth,both,2,equivariant,variational,random,19.0,23.0,13.0,2.0,0.8902205848988152,7080.0,6.151097900001332,0.63671875,0.11929110310618603,0.26042837912471456,0.11960801246840191,0.27617145068528204,0.11989889676107662,0.28014282330040907,0.9085490874330692,0.0,0.014230376365781578,8.0,True,CONVERGENCE: RELATIVE REDUCTION OF F <= FACTR*EPSMCH,0.014230376365781578,0.0,0.0,0.0,1.7069789733570973,0.9746264198279286,-0.696030539919487,-0.9757457209762326,0.5308798837017297,False,0.5303971005737742,False,0.5299992765821951,False
sawtooth,both,2,sector_mixed,variational,random,0.0,23.0,15.0,3.0,0.6001959134313035,16272.0,17.79557149996981,0.63671875,0.00084341979719406,0.003823583875653125,0.0009224672943003158,0.006719135373046914,0.0009824209189537609,0.007553355285713936,0.103139297948896,0.026835082793811523,7.126566981062963e-07,16.0,True,CONVERGENCE: RELATIVE REDUCTION OF F <= FACTR*EPSMCH,7.126566981062963e-07,0.08592224559291373,0.11641372510402195,0.08592224559291373,-0.28133950004774383,-4.787654845995009,0.5493391267375222,-2.9724439281882287,0.9969714339959984,False,0.9967208226985752,False,0.9965303308544807,False
sawtooth,both,2,sector_mixed,variational,random,1.0,23.0,15.0,3.0,0.5641841538709612,50304.0,46.557101399987005,0.63671875,0.0003883993102211192,0.0020371780164212816,0.0004346712150979087,0.003734164853030575,0.00046905066429216293,0.0042336763837907965,0.11731899962431037,0.0281658174190632,1.5230887235067493e-07,16.0,True,CONVERGENCE: RELATIVE REDUCTION OF F <= FACTR*EPSMCH,1.5230887235067493e-07,0.1878546244409968,0.24002416813177288,0.1878546244409968,0.7018979596634967,-3.2757449252325466,-0.22209164747247198,-2.888835990577835,0.9987619392913668,False,0.9986374072578648,False,0.9985443761282181,False
sawtooth,both,2,sector_mixed,variational,random,2.0,23.0,15.0,3.0,0.07598815605597786,24744.0,14.90857369999867,0.63671875,0.0010845710484727858,0.0038206513817884424,0.0011492473736397523,0.0052315511594114295,0.0012003246041039184,0.005706931039586749,0.10332712040953416,0.02760408962760627,1.1776036712857292e-06,16.0,True,CONVERGENCE: RELATIVE REDUCTION OF F <= FACTR*EPSMCH,1.1776036712857292e-06,0.9240118439440221,1.0210758035385772,0.9240118439440221,0.5472777201611476,-4.263461407413611,-1.8160083213898022,-1.5775967250529255,0.996022503992271,False,0.9958297880696639,False,0.9956754548985378,False
sawtooth,both,2,sector_mixed,variational,random,3.0,23.0,15.0,3.0,0.08273612092395766,10296.0,4.9080531999934465,0.63671875,0.009417101283100882,0.03213585934200347,0.009683184284782046,0.03725927790651051,0.009914131211630022,0.03857893118644118,0.08630471822648957,0.026091321129842183,8.868292053657382e-05,16.0,True,CONVERGENCE: RELATIVE REDUCTION OF F <= FACTR*EPSMCH,8.868292053657382e-05,0.7282966043808697,0.7283026399347452,0.7282966043808697,-0.4660090147440285,-8.0,4.0168885559422165,-5.5110770532164235,0.9632340033949204,False,0.9622993592466392,False,0.9614896000407877,False
sawtooth,both,2,sector_mixed,variational,random,4.0,23.0,15.0,3.0,0.6173144758275066,33480.0,21.453773799992632,0.63671875,0.002075995671697977,0.009154493016309662,0.0021812877327654903,0.013087936199553951,0.0022664401852813907,0.01417302551499533,0.1026260487949132,0.026228257093665053,4.31104657196762e-06,16.0,True,CONVERGENCE: RELATIVE REDUCTION OF F <= FACTR*EPSMCH,4.31104657196762e-06,0.020959833868466737,0.028135685384713182,0.020959833868466737,2.2327748070493514,-5.065733995674625,1.948812111973095,-8.0,0.99212124879901,False,0.9917748300632399,False,0.9914928887525046,False
sawtooth,both,2,sector_mixed,variational,random,5.0,23.0,15.0,3.0,0.4691176458423685,45312.0,39.857501599995885,0.63671875,0.0002898338915772014,0.0012659159991361135,0.0003217627964303186,0.002628414665490575,0.000345551240994621,0.0030387984076403196,0.11541332908869575,0.028574625956829403,8.54435642572402e-08,16.0,True,CONVERGENCE: RELATIVE REDUCTION OF F <= FACTR*EPSMCH,8.54435642572402e-08,0.11373940306322615,0.15503937349268493,0.11373940306322615,-0.4958055559333501,-2.471380745882496,0.2868878132903565,-2.363602684931725,0.9991497941442244,False,0.9990810322500663,False,0.9990288869224121,False
sawtooth,both,2,sector_mixed,variational,random,6.0,23.0,15.0,3.0,0.7584230489533408,51768.0,38.11637410003459,0.63671875,0.0005441477866710786,0.0030049208480475986,0.0006102076763281426,0.005329378877682145,0.0006593267330046781,0.006004338441256085,0.1172919622408078,0.02743031218644718,2.975440364833061e-07,16.0,True,CONVERGENCE: RELATIVE REDUCTION OF F <= FACTR*EPSMCH,2.975440364833061e-07,0.19917724709231255,0.22308028589533088,0.19917724709231255,2.4021656188728957,-2.765520685848918,0.9094251345725479,-3.881533685204776,0.9981490691463666,False,0.997947712351468,False,0.9977978883576161,False
sawtooth,both,2,sector_mixed,variational,random,7.0,23.0,15.0,3.0,0.21853697650730342,31896.0,21.122985799971502,0.63671875,0.0005133110441187773,0.001982554401247172,0.0005829076579264612,0.003886777437869249,0.0006338540063872026,0.004450479404027208,0.1373911157895082,0.028042970430466555,2.6514256887650917e-07,16.0,True,CONVERGENCE: RELATIVE REDUCTION OF F <= FACTR*EPSMCH,2.6514256887650917e-07,0.30669173976993974,0.45266171769358654,0.30669173976993974,-0.7832516723523049,0.7854558901661954,-0.7050295578286759,-3.6207696805192984,0.9982704117065644,False,0.9980549760134115,False,0.9978978225166119,False
sawtooth,both,2,sector_mixed,variational,random,8.0,23.0,15.0,3.0,0.5967735867873027,14304.0,9.711777899996378,0.63671875,0.0029769115236624516,0.014322329644974485,0.003121925772245002,0.019239151671306853,0.0032407127439562852,0.020564720979911078,0.10043302808538863,0.025826470651352067,8.863264814701666e-06,16.0,True,CONVERGENCE: RELATIVE REDUCTION OF F <= FACTR*EPSMCH,8.863264814701666e-06,0.2041449108814133,0.2235146243886656,0.2041449108814133,0.11407510245147319,-7.994065817332464,-0.3279537103250547,-2.7303242593977815,0.988576145556835,False,0.9880789980973604,False,0.9876706395584518,False
sawtooth,both,2,sector_mixed,variational,random,9.0,23.0,15.0,3.0,0.16174683475430585,14928.0,10.11873549997108,0.63671875,0.0022074770879434765,0.010136573811518557,0.0023456332012428767,0.014440308204985819,0.002455466144878699,0.015618659892523923,0.08799741954187618,0.026102856663206418,4.874096096557463e-06,16.0,True,CONVERGENCE: RELATIVE REDUCTION OF F <= FACTR*EPSMCH,4.874096096557463e-06,0.8382531652456942,0.8387697408297444,0.8382531652456942,-1.0435713164295157,-3.1573717456950225,1.776135206632091,-8.0,0.9916038695188015,False,0.9911291053419834,False,0.9907513053882883,False
sawtooth,both,2,sector_mixed,variational,random,10.0,23.0,15.0,3.0,0.2908933367361255,17880.0,14.322065900021698,0.63671875,0.0036132849875981326,0.017357826610184257,0.003829272300120703,0.02310797139409737,0.004003873466806397,0.024628517746232426,0.08730263995599465,0.026640399144071732,1.3056967831993039e-05,16.0,True,CONVERGENCE: RELATIVE REDUCTION OF F <= FACTR*EPSMCH,1.3056967831993039e-05,0.005966223431647974,0.007026334639391202,0.005966223431647974,-1.0371804724811307,-3.5290462786241745,3.2075807542179673,-0.15209307450876083,0.9860720164250044,False,0.9852997846284652,False,0.9846766206549387,False
sawtooth,both,2,sector_mixed,variational,random,11.0,23.0,15.0,3.0,0.5012302448669728,20712.0,15.27980200003367,0.63671875,0.0007220006792310799,0.0037790078693074047,0.0007943983811876186,0.006521948795484733,0.0008490046197722453,0.00730873332202453,0.10955631065572287,0.027056233468741146,5.226511062513853e-07,16.0,True,CONVERGENCE: RELATIVE REDUCTION OF F <= FACTR*EPSMCH,5.226511062513853e-07,0.09554089732139688,0.12631697993195484,0.09554089732139688,-0.04039352676922776,-4.050436420088337,0.4428351949991188,-3.054405996846164,0.9974492181395608,False,0.9972240143228255,False,0.9970537473640393,False
sawtooth,both,2,sector_mixed,variational,random,12.0,23.0,15.0,3.0,0.29458359274131873,21720.0,15.24045689997729,0.63671875,0.0009081800950436671,0.00222681189375018,0.0009302285250393315,0.003257682668549755,0.0009484779705105165,0.0035600324753745083,0.10976707730368634,0.029155583426416245,8.261803116408252e-07,16.0,True,CONVERGENCE: RELATIVE REDUCTION OF F <= FACTR*EPSMCH,8.261803116408252e-07,0.7054164072586813,0.7967444380079907,0.7054164072586813,0.769123976112497,-3.534410457651685,-1.5407171486349058,-1.4069812988769501,0.9967166022696275,False,0.9966903282857873,False,0.996663495240746,False
sawtooth,both,2,sector_mixed,variational,random,13.0,23.0,15.0,3.0,0.31569562808930596,32040.0,26.68464049999602,0.63671875,0.0011865118137487037,0.004741334434967215,0.0012568908360528072,0.006674124247474711,0.0013126485348332244,0.00718441635008632,0.1038019500871691,0.02744835313208233,1.409122787197431e-06,16.0,True,CONVERGENCE: RELATIVE REDUCTION OF F <= FACTR*EPSMCH,1.409122787197431e-06,0.684304371910694,0.7615062665749228,0.684304371910694,0.625958092476836,-4.199833637684879,-1.525345974715965,-1.3733624192158709,0.9956213671527966,False,0.9954068494550145,False,0.995234787602841,False
sawtooth,both,2,sector_mixed,variational,random,14.0,23.0,15.0,3.0,0.4552404876661551,38448.0,38.53280410001753,0.63671875,0.0013040622080327505,0.0045776986238245665,0.0014291769268805557,0.007545000901476306,0.0015237773318263,0.008384790344490634,0.08799554233383457,0.02704324653666483,1.7017286303079575e-06,16.0,True,CONVERGENCE: RELATIVE REDUCTION OF F <= FACTR*EPSMCH,1.7017286303079575e-06,0.028447419832805923,0.03264868030438899,0.028447419832805923,-0.8331664159094697,0.874357167620108,1.6535993146620256,-0.951534784378927,0.9951588064341826,False,0.9947299254789121,False,0.99440649077054,False
sawtooth,both,2,sector_mixed,variational,random,15.0,23.0,15.0,3.0,0.024718590403725593,33432.0,28.43089349998627,0.63671875,0.0017851185488071608,0.007750883997006686,0.0018903255939681902,0.01145612119957995,0.0019739346845460016,0.01248775239936295,0.10149035313281066,0.026508252110481738,3.1879282193478163e-06,16.0,True,CONVERGENCE: RELATIVE REDUCTION OF F <= FACTR*EPSMCH,3.1879282193478163e-06,0.9752814095962744,1.0691663305861154,0.9752814095962744,0.48365680207776085,-4.989316971395612,-1.8820242560303873,-1.8994738180513606,0.9932658500724654,False,0.9929180404462931,False,0.9926404412566647,False
sawtooth,both,2,sector_mixed,variational,random,16.0,23.0,15.0,3.0,0.4509212966966657,51504.0,46.983501100039575,0.63671875,0.0004740423148632519,0.0018502710310196457,0.0005064700405363746,0.0029320767157431094,0.000531762382304483,0.003234721723855083,0.11891135089177592,0.029523727577476944,2.2620046706560297e-07,16.0,True,CONVERGENCE: RELATIVE REDUCTION OF F <= FACTR*EPSMCH,2.2620046706560297e-07,0.29167531371909006,0.34784001783880164,0.29167531371909006,-0.5156488654184522,-3.207145612220748,-0.6546306264158679,-2.3354504888086027,0.9984249341284934,False,0.9983553047029702,False,0.9982983466044509,False
sawtooth,both,2,sector_mixed,variational,random,17.0,23.0,15.0,3.0,0.47270079247658925,13056.0,12.670264400017913,0.63671875,0.0029093723768784706,0.013117874844783883,0.003031796402595615,0.0180172650887086,0.0031314784482466803,0.019336633601518882,0.0894838082188143,0.02600076140336366,8.465602473039703e-06,16.0,True,CONVERGENCE: RELATIVE REDUCTION OF F <= FACTR*EPSMCH,8.465602473039703e-06,0.010401626190977509,0.011268602338911863,0.010401626190977509,-0.7098385852707464,-0.21332828121182684,3.647917228092211,-1.5942409423719555,0.9888419120518029,False,0.9884331226292571,False,0.9880991856516588,False
sawtooth,both,2,sector_mixed,variational,random,18.0,23.0,15.0,3.0,0.5441220241839558,14928.0,14.944836300041061,0.63671875,0.003776091057316054,0.01786883594392563,0.004026612542302842,0.023940634411427297,0.004227906177841921,0.025547711772733184,0.08612561384480866,0.025955525152184633,1.4259984484532245e-05,16.0,True,CONVERGENCE: RELATIVE REDUCTION OF F <= FACTR*EPSMCH,1.4259984484532245e-05,0.008116368026499721,0.009609705517159938,0.008116368026499721,-0.6001024944238619,-3.1592070534085304,2.893032032515642,-0.5866125748952656,0.9854313746554714,False,0.9845244211575016,False,0.9837976994110093,False
sawtooth,both,2,sector_mixed,variational,random,19.0,23.0,15.0,3.0,0.5822653461708776,25680.0,22.717756199999712,0.63671875,0.00048625181783672547,0.0023144128641868766,0.0005371878981653721,0.004298152003242295,0.0005753367946088298,0.004877146427287649,0.11391038549636473,0.028062548885780268,2.3786055969334147e-07,16.0,True,CONVERGENCE: RELATIVE REDUCTION OF F <= FACTR*EPSMCH,2.3786055969334147e-07,0.13719357219641684,0.16185759166774305,0.13719357219641684,0.3518794592104638,-3.4725463282497233,0.09760736634638054,-2.0049419034597555,0.9983768897429026,False,0.9982346121141277,False,0.9981273962263163,False
double_sawtooth,even,2,zero,classical,n/a,,,,,,,,0.63671875,0.11834645469858371,0.1875,0.11856791481986238,0.189453125,0.11878397420043624,0.18994140625,0.0,0.0,0.014005883339723926,,,,,,,,,,,,0.0,False,0.0,False,0.0,False
double_sawtooth,even,2,analytic_truncation,classical,n/a,,,,,,,,0.63671875,0.009931941559990099,0.022980617921345592,0.010006197850390386,0.02444886910232477,0.010076251744793435,0.024656506250997967,0.0,0.03869005256141791,9.864385005158419e-05,,,,,,,,,,,,0.9165623745562277,False,0.9161671874635403,False,0.9157847876382741,False
double_sawtooth,even,2,ols_full,classical,n/a,,,,,,,,0.63671875,6.261918797809368e-05,0.00019267514111837025,7.237781801870581e-05,0.0005366270191601297,7.952133113509877e-05,0.0006467576940756836,1.6442191979644963e-05,0.029648057650101266,4.217807701456642e-09,,,,,,,,,,,,1.0000000000795588,True,1.00000005427778,True,1.0000000892943706,True
double_sawtooth,even,2,ols_odd,classical,n/a,,,,,,,,0.63671875,0.11754689798834504,0.19063509914853255,0.1177997608065209,0.197114279434366,0.11804540279184374,0.19898306235953636,0.11039507783074277,0.0,0.013817274330633173,,,,,,,,,,,,0.006759644771838566,False,0.006482556849573419,False,0.006221935712520991,False
double_sawtooth,even,2,ols_even,classical,n/a,,,,,,,,0.63671875,6.820718558131539e-05,0.00017869448827659284,7.847941766820446e-05,0.0004939467681818743,8.601168604862489e-05,0.000594947424722797,0.0,0.029582157354395854,4.948041738467956e-09,,,,,,,,,,,,0.9999527578035576,True,0.9999485620432618,True,0.9999454126976953,True
double_sawtooth,even,2,ridge_full,classical,n/a,,,,,,,,0.63671875,6.261919738859865e-05,0.00019275760117046237,7.238424969305327e-05,0.0005367371328213189,7.953193077355352e-05,0.0006468744922388803,1.6413217461874063e-05,0.02964785089894539,4.217806522756353e-09,,,,,,,,,,,,1.0,True,1.0,True,1.0,True
double_sawtooth,even,2,ridge_odd,classical,n/a,,,,,,,,0.63671875,0.11754689798940224,0.19063345447247976,0.11779975949990228,0.19711120507014207,0.11804540043903347,0.19897957016736226,0.11034536441671682,0.0,0.013817274330384582,,,,,,,,,,,,0.006759644762900776,False,0.00648256787630677,False,0.006221955533264183,False
double_sawtooth,even,2,ridge_even,classical,n/a,,,,,,,,0.63671875,6.820719143901841e-05,0.0001788038779104717,7.848545747096358e-05,0.0004941178857478801,8.602166521275967e-05,0.0005951356834592025,0.0,0.02958199753866538,4.94804093938556e-09,,,,,,,,,,,,0.9999527577540351,True,0.9999485110725396,True,0.999945328630377,True
double_sawtooth,even,2,spherical_full,classical_null,random,0.0,17.0,,,,1764.0,,0.63671875,9.640943594385392e-05,0.00037444128458188897,0.00010983660588743527,0.0009030106916895486,0.0001196835848141541,0.0010684957149978136,0.0003665463173520245,0.029794801066903645,9.59639281285463e-09,,,,,,,,,,,,0.9997143291945846,True,0.9996839344402766,True,0.9996617510408803,True
double_sawtooth,even,2,spherical_full,classical_null,random,1.0,17.0,,,,2178.0,,0.63671875,6.26274517694396e-05,0.00019359945249944333,7.246365100540983e-05,0.0005372498812935833,7.965782621116327e-05,0.0006473023597187433,1.631240717827379e-05,0.029646411339207517,4.218824952597341e-09,,,,,,,,,,,,0.9999999302154787,True,0.999999329921458,True,0.9999989394210089,True
double_sawtooth,even,2,spherical_full,classical_null,random,2.0,17.0,,,,3042.0,,0.63671875,6.264259242261498e-05,0.00019569628296306485,7.262366329739322e-05,0.0005420801879383319,7.991168974736543e-05,0.0006528914133973607,1.62107932006205e-05,0.029641402654209628,4.220670519899963e-09,,,,,,,,,,,,0.9999998022127545,True,0.9999979795558264,True,0.999996800802341,True
double_sawtooth,even,2,spherical_full,classical_null,random,3.0,17.0,,,,3672.0,,0.63671875,6.267635291553257e-05,0.0002047438614161401,7.276611357688916e-05,0.0005553353354382784,8.012489645739412e-05,0.0006673098767532304,1.6959129256873615e-05,0.029639372009867698,4.224888526183634e-09,,,,,,,,,,,,0.9999995167934259,True,0.9999967773984217,True,0.999995004688346,True
double_sawtooth,even,2,spherical_full,classical_null,random,4.0,17.0,,,,2700.0,,0.63671875,6.263791848976053e-05,0.0001829074530575736,7.207271762574158e-05,0.0005221638520482574,7.900563198005857e-05,0.0006309891011867241,1.5825045031870548e-05,0.029654582070038623,4.2202129038805896e-09,,,,,,,,,,,,0.9999998417273073,True,1.000002629061753,True,1.000004433690799,True
double_sawtooth,even,2,spherical_full,classical_null,random,5.0,17.0,,,,1602.0,,0.63671875,0.00011106833985229611,0.00046876844389809325,0.00012636780764628853,0.0010724689623936856,0.00013758959303763877,0.0012588777533482087,0.00021946257967517426,0.029467276128378586,1.2633043504625685e-08,,,,,,,,,,,,0.999590399294558,True,0.9995444253661427,True,0.9995109057323044,True
double_sawtooth,even,2,spherical_full,classical_null,random,6.0,17.0,,,,1854.0,,0.63671875,0.00026899120264321796,0.0014210791293241265,0.0003118741146082422,0.00268357893130608,0.0003430282700315518,0.003061723675514022,0.0020827786457416177,0.029277598200204678,7.266987086790422e-08,,,,,,,,,,,,0.9982552814221811,False,0.9979789122529531,False,0.9977802318580512,False
double_sawtooth,even,2,spherical_full,classical_null,random,7.0,17.0,,,,1890.0,,0.63671875,6.262384000058612e-05,0.0001907547404078891,7.239242638194953e-05,0.0005328774477581233,7.954250340705377e-05,0.0006424593061215289,1.5208455055642587e-05,0.029646275601632417,4.218360176985892e-09,,,,,,,,,,,,0.9999999607502416,True,0.9999999309958033,True,0.9999999109331268,True
double_sawtooth,even,2,spherical_full,classical_null,random,8.0,17.0,,,,1998.0,,0.63671875,9.121628587819335e-05,0.00035541703775548994,0.0001039969546506101,0.0008680198476012091,0.00011337001112815645,0.0010287173029955854,0.000313705249978566,0.029774629096782787,8.621294152879909e-09,,,,,,,,,,,,0.9997582333345177,True,0.9997332160562897,True,0.9997149383821902,True
double_sawtooth,even,2,spherical_full,classical_null,random,9.0,17.0,,,,3168.0,,0.63671875,6.265047405379433e-05,0.00019051088355870327,7.214881316648615e-05,0.0005364014982679743,7.912302655739201e-05,0.0006471739287409184,1.9224292101826987e-05,0.029656306890256653,4.22183721098874e-09,,,,,,,,,,,,0.9999997355795485,True,1.00000198688107,True,1.000003444725474,True
double_sawtooth,even,2,spherical_full,classical_null,random,10.0,17.0,,,,1566.0,,0.63671875,6.26706069483414e-05,0.0001855029852629031,7.237862987468972e-05,0.0005230716555397197,7.949004033113268e-05,0.0006313037965083867,1.259335117294973e-05,0.029643351686958194,4.224164425654808e-09,,,,,,,,,,,,0.9999995653712148,True,1.0000000474264163,True,1.0000003528970072,True
double_sawtooth,even,2,spherical_full,classical_null,random,11.0,17.0,,,,3384.0,,0.63671875,6.26323845991716e-05,0.00019812125281734594,7.241224923902135e-05,0.0005436591876698538,7.956997755223723e-05,0.0006542215856253919,1.694351672828043e-05,0.02964939933003769,4.219479029046206e-09,,,,,,,,,,,,0.9999998885121496,True,0.9999997637079995,True,0.9999996794831099,True
double_sawtooth,even,2,spherical_full,classical_null,random,12.0,17.0,,,,1476.0,,0.63671875,0.00012088443954437386,0.0005073994233729673,0.0001369199723471935,0.0011529273482882296,0.00014871191109158978,0.001351802755935827,0.0002974387454943657,0.02946337851918812,1.4910655896604203e-08,,,,,,,,,,,,0.9995074116263741,True,0.999455374204043,True,0.9994172081600714,True
double_sawtooth,even,2,spherical_full,classical_null,random,13.0,17.0,,,,2016.0,,0.63671875,7.77624108183758e-05,0.00029495740255927605,8.89097931226366e-05,0.0007168320540334727,9.710060316069923e-05,0.0008491526115366743,2.964618520643494e-05,0.029563659579314446,6.342925593931058e-09,,,,,,,,,,,,0.9998719756307732,True,0.9998605386772812,True,0.9998519965045011,True
double_sawtooth,even,2,spherical_full,classical_null,random,14.0,17.0,,,,3564.0,,0.63671875,6.262698391478348e-05,0.0001919134688637969,7.244041471444751e-05,0.0005344636342185516,7.961962528330865e-05,0.000644157683264146,1.5119904944661846e-05,0.029645079819357607,4.218741111505571e-09,,,,,,,,,,,,0.9999999341708345,True,0.9999995260156975,True,0.9999992612364955,True
double_sawtooth,even,2,spherical_full,classical_null,random,15.0,17.0,,,,1800.0,,0.63671875,7.524511658526145e-05,0.00029758942645827235,8.642284968651114e-05,0.0007484793051114602,9.460451566870488e-05,0.0008906429473341526,0.00015990976598100645,0.02972561088337437,5.960682776423142e-09,,,,,,,,,,,,0.9998932574417869,True,0.9998815263333064,True,0.9998730242558159,True
double_sawtooth,even,2,spherical_full,classical_null,random,16.0,17.0,,,,1638.0,,0.63671875,6.951002844755638e-05,0.0002676133702138317,7.999157649697558e-05,0.000688663527277783,8.766662741793943e-05,0.0008218955947777995,0.00010543282507147679,0.02970542567870659,5.129752639817878e-09,,,,,,,,,,,,0.999941743256551,True,0.9999358007279489,True,0.9999314710006731,True
double_sawtooth,even,2,spherical_full,classical_null,random,17.0,17.0,,,,2988.0,,0.63671875,6.262552117029085e-05,0.00019139794335301663,7.234664596618164e-05,0.0005357909266438532,7.946569176555326e-05,0.0006460614770511242,1.654090446720336e-05,0.029647114488421937,4.2185924557794385e-09,,,,,,,,,,,,0.9999999465372285,True,1.0000003173429977,True,1.0000005580162523,True
double_sawtooth,even,2,spherical_full,classical_null,random,18.0,17.0,,,,3834.0,,0.63671875,6.264193835249412e-05,0.00019656469921830455,7.236767223624632e-05,0.0005435568689584058,7.949024852287365e-05,0.0006546067234344533,1.88698199388382e-05,0.029652506465514008,4.220726203412203e-09,,,,,,,,,,,,0.9999998077424207,True,1.000000139899427,True,1.0000003511431408,True
double_sawtooth,even,2,spherical_full,classical_null,random,19.0,17.0,,,,1890.0,,0.63671875,6.292191809767662e-05,0.00020907639915909715,7.279962631009997e-05,0.0005698742948947455,8.002250267098326e-05,0.0006850340147666056,2.8089256698115545e-05,0.02965600860314294,4.256008755689135e-09,,,,,,,,,,,,0.9999974407263023,True,0.9999964945798795,True,0.9999958672827397,True
double_sawtooth,even,2,spherical_odd,classical_null,random,0.0,9.0,,,,660.0,,0.63671875,0.1175468979892378,0.1906335910555233,0.11779975956734293,0.19711151227369872,0.11804540055300403,0.19897992605300216,0.11034998656288723,0.0,0.013817274330392143,,,,,,,,,,,,0.006759644764290974,False,0.006482567307165892,False,0.006221954573143795,False
double_sawtooth,even,2,spherical_odd,classical_null,random,1.0,9.0,,,,660.0,,0.63671875,0.11754689798947457,0.1906332115266688,0.11779975934441286,0.19711088073698482,0.11804540014937887,0.1989792237770711,0.11034393796225052,0.0,0.013817274330387319,,,,,,,,,,,,0.006759644762289272,False,0.0064825691885032075,False,0.006221957973397006,False
double_sawtooth,even,2,spherical_odd,classical_null,random,2.0,9.0,,,,1080.0,,0.63671875,0.11754689798951148,0.19063357075011064,0.11779975947146364,0.19711130667178778,0.11804540038603743,0.19897966612426846,0.11034364137774465,0.0,0.013817274330393032,,,,,,,,,,,,0.006759644761977185,False,0.006482568116304348,False,0.006221955979717889,False
double_sawtooth,even,2,spherical_odd,classical_null,random,3.0,9.0,,,,810.0,,0.63671875,0.11754689798934141,0.19063334382265526,0.11779975941784847,0.19711111564402295,0.11804540028139733,0.19897948908867968,0.11034772060397477,0.0,0.01381727433039384,,,,,,,,,,,,0.0067596447634150165,False,0.006482568568770088,False,0.006221956861235885,False
double_sawtooth,even,2,spherical_odd,classical_null,random,4.0,9.0,,,,1090.0,,0.63671875,0.11754689799284153,0.19063020697538094,0.11779975923215678,0.19710729561446086,0.11804540005042609,0.19897550096366703,0.11035161947912939,0.0,0.013817274331255685,,,,,,,,,,,,0.006759644733824187,False,0.006482570135847625,False,0.0062219588070033536,False
double_sawtooth,even,2,spherical_odd,classical_null,random,5.0,9.0,,,,810.0,,0.63671875,0.11754689798964384,0.1906331395318584,0.11779975916964461,0.19711077407781125,0.11804539981705911,0.19897910603559468,0.11034182301302708,0.0,0.013817274330405966,,,,,,,,,,,,0.006759644760858245,False,0.006482570663396434,False,0.006221960772953187,False
double_sawtooth,even,2,spherical_odd,classical_null,random,6.0,9.0,,,,1280.0,,0.63671875,0.1175468979908458,0.19063223225247972,0.11779975854031374,0.19710926235863366,0.11804539867628311,0.198977419521047,0.11032217954216575,0.0,0.013817274330492105,,,,,,,,,,,,0.006759644750696509,False,0.006482575974405737,False,0.00622197038317484,False
double_sawtooth,even,2,spherical_odd,classical_null,random,7.0,9.0,,,,1200.0,,0.63671875,0.11754689799250367,0.19063214655264737,0.11779975908991525,0.19710883339115345,0.1180453997537068,0.19897689142960845,0.11031193073413617,0.0,0.013817274330779372,,,,,,,,,,,,0.006759644736680492,False,0.006482571336243432,False,0.00622196130665107,False
double_sawtooth,even,2,spherical_odd,classical_null,random,8.0,9.0,,,,1360.0,,0.63671875,0.11754689798904916,0.19063416005085912,0.11779975986898564,0.19711225087265297,0.11804540109338962,0.19898071523195254,0.11035744988527404,0.0,0.013817274330422428,,,,,,,,,,,,0.006759644765885788,False,0.0064825647615617725,False,0.006221950020781751,False
double_sawtooth,even,2,spherical_odd,classical_null,random,9.0,9.0,,,,1210.0,,0.63671875,0.11754689798985403,0.1906334610241926,0.11779975947455901,0.1971110096744086,0.11804540041523398,0.1989793151010783,0.11033787383399253,0.0,0.013817274330415888,,,,,,,,,,,,0.006759644759081223,False,0.006482568090182087,False,0.00622195573375786,False
double_sawtooth,even,2,spherical_odd,classical_null,random,10.0,9.0,,,,1100.0,,0.63671875,0.11754689798975956,0.19063355564694112,0.11779975984101068,0.19711125764442314,0.1180454011218498,0.19897960939998657,0.11034416769749647,0.0,0.013817274330456616,,,,,,,,,,,,0.006759644759879863,False,0.006482564997646252,False,0.0062219497810251075,False
double_sawtooth,even,2,spherical_odd,classical_null,random,11.0,9.0,,,,550.0,,0.63671875,0.11755268359036397,0.18846882101379692,0.11780370793539131,0.189625627685052,0.11804788926375887,0.19050856199754218,0.025617549368899116,0.0,0.013818633675471722,,,,,,,,,,,,0.006710731900570787,False,0.006449246488824572,False,0.006200988965562023,False
double_sawtooth,even,2,spherical_odd,classical_null,random,12.0,9.0,,,,450.0,,0.63671875,0.11756334859096244,0.19169419190437392,0.1178141303452845,0.19488494266506012,0.11805807532662704,0.1956694179111972,0.002022404438446138,0.0,0.013821140952144196,,,,,,,,,,,,0.006620567419910496,False,0.0063612903453056134,False,0.0061151786734329515,False
double_sawtooth,even,2,spherical_odd,classical_null,random,13.0,9.0,,,,600.0,,0.63671875,0.11754689798992093,0.19063263080866888,0.11779975903624365,0.19711000791701833,0.11804539958707212,0.1989782681406983,0.11033614793653668,0.0,0.013817274330414358,,,,,,,,,,,,0.006759644758515594,False,0.006482571789185367,False,0.006221962710429017,False
double_sawtooth,even,2,spherical_odd,classical_null,random,14.0,9.0,,,,1440.0,,0.63671875,0.11754689798966468,0.1906330769295304,0.11779975938632745,0.19711065052304996,0.11804540024069721,0.19897896523304714,0.11034044271560643,0.0,0.013817274330397063,,,,,,,,,,,,0.006759644760682021,False,0.006482568834780305,False,0.00622195720410531,False
double_sawtooth,even,2,spherical_odd,classical_null,random,15.0,9.0,,,,1150.0,,0.63671875,0.11754689798933389,0.19063391326691503,0.11779975979773477,0.19711191941809475,0.11804540100015973,0.1989803581186051,0.11035298508044462,0.0,0.013817274330444718,,,,,,,,,,,,0.006759644763478607,False,0.006482565362857585,False,0.006221950806176924,False
double_sawtooth,even,2,spherical_odd,classical_null,random,16.0,9.0,,,,920.0,,0.63671875,0.11754689798970727,0.19063350596603507,0.11779975962701557,0.19711115484034428,0.11804540070643675,0.19897948795850107,0.11033993943348311,0.0,0.013817274330402043,,,,,,,,,,,,0.006759644760321947,False,0.006482566803580301,False,0.00622195328058286,False
double_sawtooth,even,2,spherical_odd,classical_null,random,17.0,9.0,,,,1430.0,,0.63671875,0.11754689798994195,0.19063294897089395,0.1177997590828798,0.1971103609801744,0.11804539967310419,0.19897862845518283,0.11033482895360236,0.0,0.013817274330406106,,,,,,,,,,,,0.006759644758337961,False,0.006482571395616487,False,0.006221961985670375,False
double_sawtooth,even,2,spherical_odd,classical_null,random,18.0,9.0,,,,800.0,,0.63671875,0.11754689798992389,0.19063319497241454,0.11779975956392047,0.19711070261058045,0.11804540059900515,0.19897899649363096,0.11033705112236136,0.0,0.013817274330424083,,,,,,,,,,,,0.006759644758490603,False,0.006482567336048474,False,0.006221954185617273,False
double_sawtooth,even,2,spherical_odd,classical_null,random,19.0,9.0,,,,700.0,,0.63671875,0.11754689798956797,0.1906332758466983,0.11779975938621276,0.19711091331345804,0.11804540023349358,0.19897924561674235,0.11034164038782675,0.0,0.0138172743303863,,,,,,,,,,,,0.006759644761499667,False,0.006482568835748157,False,0.00622195726479071,False
double_sawtooth,even,2,spherical_sector,classical_null,random,0.0,18.0,,,,1615.0,,0.63671875,8.47508200347515e-05,0.00018396163356215744,9.336447078557236e-05,0.0005019422564080944,9.989539047874772e-05,0.000604700937509639,2.9752060885791236e-07,0.02959280092585695,7.478632481027493e-09,,,,,,,,,,,,0.9998128939381077,True,0.9998229450428082,True,0.9998284524208543,True
double_sawtooth,even,2,spherical_sector,classical_null,random,1.0,18.0,,,,912.0,,0.63671875,0.0011325589008657332,0.00286746386381595,0.001196690137103279,0.005396414360689827,0.0012460112901687508,0.006119076492221515,1.1253517471925913e-07,0.024721236235906587,1.2829368774179086e-06,,,,,,,,,,,,0.9909544723592741,False,0.9905118287415537,False,0.9901732459452082,False
double_sawtooth,even,2,spherical_sector,classical_null,random,2.0,18.0,,,,988.0,,0.63671875,0.00012481687782706606,0.0004842829734318377,0.0001314902351615478,0.0006081367534714333,0.00013697340165028704,0.0006956015954016348,1.1253517471925909e-07,0.029718768410196824,1.5876441799950453e-08,,,,,,,,,,,,0.9994741658471344,True,0.9995011964992765,True,0.9995160967038939,True
double_sawtooth,even,2,spherical_sector,classical_null,random,3.0,18.0,,,,1349.0,,0.63671875,0.00010412697223060776,0.0003107164428046705,0.00011225596393151294,0.0006657841688531008,0.00011855655675832858,0.0007773040381096052,1.280096817228629e-07,0.029547480280865117,1.1137902428819228e-08,,,,,,,,,,,,0.9996490832862653,True,0.9996635171466248,True,0.9996712454459276,True
double_sawtooth,even,2,spherical_sector,classical_null,random,4.0,18.0,,,,1216.0,,0.63671875,0.0001764834568924048,0.0005527708552296659,0.00018477147556528574,0.0009401556747081208,0.00019155930082004682,0.001062942603158451,1.1253517471925913e-07,0.02943159347271173,3.144072761677217e-08,,,,,,,,,,,,0.999037364158667,False,0.9990515488193399,False,0.9990562495564235,False
double_sawtooth,even,2,spherical_sector,classical_null,random,5.0,18.0,,,,1444.0,,0.63671875,9.308125832106903e-05,0.0003559261785394674,0.00010290798710195921,0.0007314132252940753,0.00011038897600060437,0.0008481946009449848,1.1253517471925913e-07,0.02952469030336152,8.959368679018945e-09,,,,,,,,,,,,0.9997424664088429,True,0.9997424060024709,True,0.9997400514703826,True
double_sawtooth,even,2,spherical_sector,classical_null,random,6.0,18.0,,,,1083.0,,0.63671875,0.0001145129865090196,0.0003038929321821926,0.0001197447337564103,0.0004440757198575229,0.000123961023122843,0.0005315899990698814,1.1253517471925912e-07,0.02970934205590773,1.341031862512573e-08,,,,,,,,,,,,0.9995612774230686,True,0.9996003183931456,True,0.9996257166833877,True
double_sawtooth,even,2,spherical_sector,classical_null,random,7.0,18.0,,,,1349.0,,0.63671875,0.00017127430552022076,0.0003505086577366423,0.00017578241903416455,0.0005806136642752258,0.00017941849647754585,0.0006785764364601876,1.1253517471925912e-07,0.029591341131729086,2.9630802268102963e-08,,,,,,,,,,,,0.9990814035774946,False,0.9991274086976649,False,0.99915852714697,True
double_sawtooth,even,2,spherical_sector,classical_null,random,8.0,18.0,,,,1805.0,,0.63671875,8.478632295170602e-05,0.00037319526985102325,9.489656279187469e-05,0.0007353622708980156,0.00010251911433395437,0.000848806225916543,1.125351747192591e-07,0.029545521602742444,7.484176901050163e-09,,,,,,,,,,,,0.9998125937879071,True,0.999810015508682,True,0.999806349424496,True
double_sawtooth,even,2,spherical_sector,classical_null,random,9.0,18.0,,,,1482.0,,0.63671875,0.00017012973591590033,0.0005904668106227334,0.00017507935703280983,0.0006363742668242037,0.00017926454593393963,0.0006759791958635408,1.1253517471925913e-07,0.029739826125562786,2.9241526429421364e-08,,,,,,,,,,,,0.9990910800442702,False,0.9991333419341166,False,0.9991598240701572,True
double_sawtooth,even,2,spherical_sector,classical_null,random,10.0,18.0,,,,4636.0,,0.63671875,6.296959837033886e-05,0.0001748800116262994,7.221416023160373e-05,0.0004972090408500995,7.902733470303795e-05,0.0006043696510783791,1.4169736161396622e-05,0.029654900656533034,4.261861022848726e-09,,,,,,,,,,,,0.999997037625807,True,1.0000014354082438,True,1.0000042508608848,True
double_sawtooth,even,2,spherical_sector,classical_null,random,11.0,18.0,,,,1349.0,,0.63671875,0.00010023114269455714,0.00039348192852808883,0.0001084933519671299,0.0007571440649630501,0.00011490134501041812,0.0008700678679270935,1.1253517471925914e-07,0.029590670000776895,1.034218979121619e-08,,,,,,,,,,,,0.9996820195663543,True,0.9996952703439503,True,0.9997020379898124,True
double_sawtooth,even,2,spherical_sector,classical_null,random,12.0,18.0,,,,1482.0,,0.63671875,0.00015886766818902078,0.00043385771798223893,0.0001638560646108747,0.000717120928993481,0.00016806554341788628,0.0008079819974247116,1.1253517471925912e-07,0.029716242901452646,2.553609955018308e-08,,,,,,,,,,,,0.9991862922740661,True,0.999228056834906,True,0.9992541676541201,True
double_sawtooth,even,2,spherical_sector,classical_null,random,13.0,18.0,,,,969.0,,0.63671875,0.0001832782725549768,0.0004622575670478815,0.00018914854021225808,0.0007250218559186616,0.00019396758847497702,0.0008280663221700013,1.1253517471925913e-07,0.029481641118121297,3.388574272726932e-08,,,,,,,,,,,,0.9989799191524766,False,0.9990146101717308,False,0.9990359614559203,False
double_sawtooth,even,2,spherical_sector,classical_null,random,14.0,18.0,,,,1121.0,,0.63671875,0.00015152606287143074,0.00036647168876156877,0.00015729183481187742,0.000652143188620613,0.00016183650839890875,0.0007610151768849271,1.1253517471925913e-07,0.029536495522962735,2.325551380989816e-08,,,,,,,,,,,,0.999248359971537,True,0.9992834532685725,True,0.9993066428176429,True
double_sawtooth,even,2,spherical_sector,classical_null,random,15.0,18.0,,,,1349.0,,0.63671875,0.00020269454959544718,0.0005195205083932397,0.00020606263340300316,0.0005741830895496514,0.00020876347448752698,0.0006586637315857125,1.1253517471925909e-07,0.029569980934183563,4.1380781370394774e-08,,,,,,,,,,,,0.9988157692755455,False,0.9988718698243999,False,0.9989113167018602,False
double_sawtooth,even,2,spherical_sector,classical_null,random,16.0,18.0,,,,1444.0,,0.63671875,0.00010107518270369816,0.00038017363982452423,0.00011095436444788486,0.0006284672276288261,0.00011857641182827717,0.000737253703591817,1.125351747192591e-07,0.029509457841985155,1.0511288262357563e-08,,,,,,,,,,,,0.9996748838490725,True,0.9996745015228065,True,0.9996710781811684,True
double_sawtooth,even,2,spherical_sector,classical_null,random,17.0,18.0,,,,1330.0,,0.63671875,0.00019984012319024057,0.0004386728869683054,0.0002033438827251851,0.000669460401737626,0.00020616537312915652,0.0007654771992418596,1.1253517471925913e-07,0.02959818923720667,4.0232057854414344e-08,,,,,,,,,,,,0.9988399012830435,False,0.9988948137334633,False,0.9989332038470141,False
double_sawtooth,even,2,spherical_sector,classical_null,random,18.0,18.0,,,,1102.0,,0.63671875,0.00015225354077060346,0.00040979186978620796,0.00015831044568725302,0.0006984063565565191,0.000163194581310864,0.0008007317544136694,1.1253517471925912e-07,0.029510462864202214,2.347624643117958e-08,,,,,,,,,,,,0.9992422096983734,True,0.9992748570719862,True,0.9992952020249819,True
double_sawtooth,even,2,spherical_sector,classical_null,random,19.0,18.0,,,,665.0,,0.63671875,0.0020921567211678706,0.0075192897488408905,0.0022534677029054126,0.012360844155457101,0.002377295450558209,0.013721423624701523,1.6827987279990047e-07,0.021982320072015928,4.377339570811414e-06,,,,,,,,,,,,0.9828418015430455,False,0.9815935382312095,False,0.9806429862619228,False
double_sawtooth,even,2,generic,variational,random,0.0,23.0,19.0,3.0,0.40902437173068207,18912.0,15.808797800040338,0.63671875,0.0001229551721845712,0.000484608279273796,0.0001359155771781027,0.0009874990500073622,0.0001457156431222074,0.0011412943347701154,4.239650891342753e-05,0.02962505767544139,1.5414648908781103e-08,16.0,True,CONVERGENCE: RELATIVE REDUCTION OF F <= FACTR*EPSMCH,1.5414648908781103e-08,0.43999798981907745,0.6516802095685165,0.43999798981907745,-0.8003357002365125,-5.703387131781605,-0.9395295509611843,-3.7240586230736636,0.999489905154493,True,0.9994638504323382,True,0.9994424495740579,True
double_sawtooth,even,2,generic,variational,random,1.0,23.0,19.0,3.0,0.30053872197213194,8520.0,7.363762399996631,0.63671875,0.00022427119921415855,0.0006695111106442414,0.0002310734991597047,0.0008918164149653296,0.00023673736905135642,0.0010031183598641635,2.0605378380327018e-07,0.029565441048207613,5.059322726797671e-08,16.0,True,CONVERGENCE: RELATIVE REDUCTION OF F <= FACTR*EPSMCH,5.059322726797671e-08,0.3996209691136876,0.4539499089401807,0.3996209691136876,-8.0,-8.0,-0.9625444061258569,-1.7551155558872193,0.9986333550891329,False,0.9986607997052457,False,0.9986756566538539,False
double_sawtooth,even,2,generic,variational,random,2.0,23.0,19.0,3.0,0.3274443024083995,15384.0,12.66332470002817,0.63671875,0.00011100012104816222,0.0005794011431293489,0.00012202554184591794,0.0009877230535288162,0.00013057333208536614,0.0011125484717042222,4.865198392971918e-07,0.02956549605083478,1.2616686698413406e-08,16.0,True,CONVERGENCE: RELATIVE REDUCTION OF F <= FACTR*EPSMCH,1.2616686698413406e-08,0.6725556975916005,0.7568717192735054,0.6725556975916005,-5.975551627290062,-7.364149065591284,-1.4833387580189257,-1.0002786802171812,0.9995909760327389,True,0.9995810703415225,True,0.9995700127111008,True
double_sawtooth,even,2,generic,variational,random,3.0,23.0,19.0,3.0,0.1593457955535138,13272.0,10.977439599984791,0.63671875,0.0006869728606264783,0.002168408192435356,0.0007307424762826884,0.003721341143439305,0.0007645193511418809,0.004165731387808624,3.04690025416225e-07,0.02675284668031175,4.721992427510301e-07,16.0,True,CONVERGENCE: RELATIVE REDUCTION OF F <= FACTR*EPSMCH,4.721992427510301e-07,0.7402210129595379,0.9316555545389281,0.7402210129595379,-8.0,-7.768323864282489,0.9431784627756703,-5.563970477610418,0.9947215639348154,False,0.9944440248216807,False,0.9942294710520417,False
double_sawtooth,even,2,generic,variational,random,4.0,23.0,19.0,3.0,0.5658419456039756,17448.0,14.519222299975809,0.63671875,0.00010011211963515266,0.0002914913715879319,0.00010653325414711808,0.0004997773225468849,0.00011153890375416382,0.0005890942346662431,3.4843414248519847e-08,0.02962293245896624,1.0318666170866923e-08,16.0,True,CONVERGENCE: RELATIVE REDUCTION OF F <= FACTR*EPSMCH,1.0318666170866923e-08,0.4341580543960244,0.4937932980764112,0.4341580543960244,-8.0,-8.0,-1.0455302639173358,-1.8392955434133313,0.999683025815931,True,0.9997118118777161,True,0.9997303641517652,True
double_sawtooth,even,2,generic,variational,random,5.0,23.0,19.0,3.0,0.05638550054152269,27744.0,25.739740499993786,0.63671875,0.0005928054254460944,0.0021883500842252712,0.0006458676697685955,0.0037425451890306938,0.0006861506076562034,0.004188539149077297,1.8323350191766838e-07,0.026688397431454396,3.5168515824497464e-07,16.0,True,CONVERGENCE: RELATIVE REDUCTION OF F <= FACTR*EPSMCH,3.5168515824497464e-07,0.14631960302809835,0.19931395109549654,0.14631960302809835,-7.993242778140227,-7.742577322190725,0.017216446747355993,-3.520260378308374,0.995517678084998,False,0.9951602949299767,False,0.9948896716476323,False
double_sawtooth,even,2,generic,variational,random,6.0,23.0,19.0,3.0,0.4776478902804576,33672.0,30.017075899988413,0.63671875,0.00010259675035403621,0.00022579726225835373,0.00010670146865929339,0.0004683579460105225,0.00010999637641835385,0.0005595765002688324,1.0548028908809972e-07,0.02972909479008369,1.0823385185912157e-08,16.0,True,CONVERGENCE: RELATIVE REDUCTION OF F <= FACTR*EPSMCH,1.0823385185912157e-08,0.5223521097195424,0.6930762261932698,0.5223521097195424,-8.0,-7.717656121490288,-0.7762520971972702,-3.9046243647292824,0.9996620201501242,True,0.9997103922924256,True,0.9997433588409809,True
double_sawtooth,even,2,generic,variational,random,7.0,23.0,19.0,3.0,0.2841785573704968,13752.0,11.681467699992936,0.63671875,0.0003970603006745379,0.001199598013459563,0.00042775769626432844,0.0022623358255041137,0.0004512086914975633,0.002572803154509473,1.5203008678706418e-06,0.027794999450739877,1.579348475692705e-07,16.0,True,CONVERGENCE: RELATIVE REDUCTION OF F <= FACTR*EPSMCH,1.579348475692705e-07,0.7158214426295032,0.744139157240016,0.7158214426295032,-4.513237957982415,-7.296820493918757,0.6254597166889735,-4.845134388095427,0.9971725544587827,False,0.9970009548473152,False,0.9968688892039974,False
double_sawtooth,even,2,generic,variational,random,8.0,23.0,19.0,3.0,0.4017939097476162,11520.0,10.311354500008747,0.63671875,8.404502213714357e-05,0.0003020075493169738,9.406600982788763e-05,0.0006842922063653445,0.00010155554989101175,0.0008035475593404229,1.1066264706908301e-06,0.02954966578791662,7.359073470176826e-09,16.0,True,CONVERGENCE: RELATIVE REDUCTION OF F <= FACTR*EPSMCH,7.359073470176826e-09,0.5982060902523838,0.6791979416391556,0.5982060902523838,-3.921048421819822,-7.478050841540582,-1.3664119890337842,-2.1307761246204655,0.9998188609233227,True,0.9998170246588162,True,0.9998144667655535,True
double_sawtooth,even,2,generic,variational,random,9.0,23.0,19.0,3.0,0.6144297110310418,10152.0,9.126075099979062,0.63671875,0.0018128149821917245,0.007006586906489531,0.0019055136394053977,0.009682037509055053,0.0019810328964961796,0.01040904417196195,0.00013466660708995144,0.02595905748937278,3.2865590968997466e-06,16.0,True,CONVERGENCE: RELATIVE REDUCTION OF F <= FACTR*EPSMCH,3.2865590968997466e-06,0.0694366352919269,0.0969040182423683,0.0694366352919269,-0.7630285175015532,-5.16328293213412,0.7501071570118107,-7.616332494906341,0.9852034238035388,False,0.9845299701947254,False,0.9839812147770935,False
double_sawtooth,even,2,generic,variational,random,10.0,23.0,19.0,3.0,0.7562867045899903,10728.0,9.527787300001364,0.63671875,0.0002482985339327205,0.0005907746096756872,0.0002501913403853754,0.0005966552516499246,0.0002516586658812414,0.0005963208295168831,4.27561373937891e-07,0.029642617086705146,6.194859239961916e-08,16.0,True,CONVERGENCE: RELATIVE REDUCTION OF F <= FACTR*EPSMCH,6.194859239961916e-08,0.1523259790532811,0.1714352943870544,0.1523259790532811,-6.251595185194429,-7.988648529391295,0.002134498008091834,1.7151766993657702,0.9984302222213428,False,0.9984994616266389,False,0.9985499554033819,False
double_sawtooth,even,2,generic,variational,random,11.0,23.0,19.0,3.0,0.7907796655555588,26568.0,22.544242700038012,0.63671875,9.079384097670709e-05,0.00039938663040456346,0.00010054038439620394,0.0007516429897149735,0.00010796650530618274,0.0008620945389408718,1.5142553117444e-07,0.029535958887636275,8.538882662435249e-09,16.0,True,CONVERGENCE: RELATIVE REDUCTION OF F <= FACTR*EPSMCH,8.538882662435249e-09,0.13369239560813267,0.18699712509338393,0.13369239560813267,-6.877517822360824,-2.667960509806874,0.4224440963055235,-2.5995710552135174,0.9997618047853393,True,0.9997623865257392,True,0.9997604590528462,True
double_sawtooth,even,2,generic,variational,random,12.0,23.0,19.0,3.0,0.503814068795779,42240.0,22.543311800051015,0.63671875,0.00031381443070066197,0.001280435527126672,0.0003442903340701168,0.0021700158113596435,0.00036735166401584673,0.002431035599862269,3.4902502787056914e-07,0.02807896400369848,9.876029004626784e-08,16.0,True,CONVERGENCE: RELATIVE REDUCTION OF F <= FACTR*EPSMCH,9.876029004626784e-08,0.49618593120422105,0.5425391941367805,0.49618593120422105,-6.472143824536725,-7.905091864456986,0.036651366433073415,-4.360337172289469,0.9978763350693889,False,0.9977053473403704,False,0.9975753246657066,False
double_sawtooth,even,2,generic,variational,random,13.0,23.0,19.0,3.0,0.14976532648741914,9336.0,3.9194043000461534,0.63671875,0.0006962656739334716,0.0022630514536652324,0.0007414918925866851,0.0037090466771360076,0.0007764887330404881,0.004122373417347752,3.181813871867979e-07,0.026890964950525217,4.850548015293505e-07,16.0,True,CONVERGENCE: RELATIVE REDUCTION OF F <= FACTR*EPSMCH,4.850548015293505e-07,0.4256133417994896,0.4828455497616522,0.4256133417994896,-8.0,-7.10490593662697,0.8147621631893752,-4.899096370366061,0.9946430002556144,False,0.9943533090263063,False,0.9941286375729423,False
double_sawtooth,even,2,generic,variational,random,14.0,23.0,19.0,3.0,0.034990078328685614,10584.0,4.448413599980995,0.63671875,0.00027950678690421047,0.0005296058075396626,0.0002815596531754175,0.0007306793174389203,0.00028324942061863417,0.0008207661405691125,3.546204560857528e-07,0.029724281252825488,7.842129028424854e-08,16.0,True,CONVERGENCE: RELATIVE REDUCTION OF F <= FACTR*EPSMCH,7.842129028424854e-08,0.3427640727044794,0.5291953162119167,0.3427640727044794,-8.0,-7.999217033404744,-0.7515755872862016,-3.4858819777316077,0.9981663801431818,False,0.9982347401418782,False,0.9982838258960663,False
double_sawtooth,even,2,generic,variational,random,15.0,23.0,19.0,3.0,0.9217796383521514,22032.0,9.961635699961334,0.63671875,0.00046183886019108097,0.0017577953298326676,0.0005069614844334981,0.0030534443142822276,0.000540985650272514,0.003427658765639996,7.678941838997247e-08,0.027211081578895954,2.1356724436627998e-07,16.0,True,CONVERGENCE: RELATIVE REDUCTION OF F <= FACTR*EPSMCH,2.1356724436627998e-07,0.07822036164784861,0.09728445149928967,0.07822036164784861,-2.8437609429136868,-2.7339913926365322,0.6482784326870844,-2.3379229256215455,0.996624900933328,False,0.9963325432389781,False,0.9961125825565089,False
double_sawtooth,even,2,generic,variational,random,16.0,23.0,19.0,3.0,0.3499329982976558,14304.0,6.224213600042276,0.63671875,0.00018180996320991876,0.0005444525595688643,0.00018844200448074987,0.0009226699085626011,0.0001937554599987057,0.0010401763786624663,6.534752133817229e-08,0.02945450551354834,3.334940843100271e-08,16.0,True,CONVERGENCE: RELATIVE REDUCTION OF F <= FACTR*EPSMCH,3.334940843100271e-08,0.6500670017023442,0.865296315193891,0.6500670017023442,-8.0,-8.0,-1.4502927876386515,-3.751355232260083,0.9989923325929001,False,0.9990205727234668,False,0.9990377484865673,False
double_sawtooth,even,2,generic,variational,random,17.0,23.0,19.0,3.0,0.6308599542278841,22224.0,10.20836910000071,0.63671875,0.000444656203226412,0.0018378303040094135,0.00048512974252084044,0.002987808084473048,0.0005159718644560287,0.0033181290900793636,2.9961530001985706e-05,0.02782136134019299,1.9799765229643017e-07,16.0,True,CONVERGENCE: RELATIVE REDUCTION OF F <= FACTR*EPSMCH,1.9799765229643017e-07,0.02363779051656941,0.03218807994631468,0.02363779051656941,-4.687731976011328,-3.4063585168155504,2.4524122894357467,-1.6802634993478593,0.9967701672488127,False,0.9965167842969118,False,0.9963233058061045,False
double_sawtooth,even,2,generic,variational,random,18.0,23.0,19.0,3.0,0.3272061476976368,4320.0,2.1128537000040524,0.63671875,0.0002902859874069041,0.0007143089618956433,0.0002936978036841473,0.000838976906931771,0.0002965011782549923,0.0009508902555535881,1.4626781922961647e-07,0.02953786182130473,8.456133456569253e-08,16.0,True,CONVERGENCE: RELATIVE REDUCTION OF F <= FACTR*EPSMCH,8.456133456569253e-08,0.2674561762231756,0.3914552671814111,0.2674561762231756,-8.0,-8.0,-0.3916704440265841,-3.287835303649694,0.998075250189059,False,0.9981323046284852,False,0.9981721893188416,False
double_sawtooth,even,2,generic,variational,random,19.0,23.0,19.0,3.0,0.592977429309925,13440.0,5.947641699982341,0.63671875,0.000643175809415409,0.0025030357806010706,0.0007025880177813255,0.004192006789465796,0.0007476307816776152,0.004675083328957524,3.251653011194725e-08,0.026407295036263777,4.139391950926945e-07,16.0,True,CONVERGENCE: RELATIVE REDUCTION OF F <= FACTR*EPSMCH,4.139391950926945e-07,0.40702257069007497,0.44661367624828524,0.40702257069007497,-8.0,-8.0,-1.0089201809889528,-2.1845811208971044,0.9950918347416885,False,0.9946816241502452,False,0.9943717451669893,False
double_sawtooth,even,2,equivariant,variational,random,0.0,23.0,13.0,2.0,0.3547136828865711,6120.0,2.4543330000014976,0.63671875,0.11754689798917695,0.1906336275630518,0.1177997596837231,0.19711155869555125,0.1180454007764022,0.1989799767218931,0.11035171225408899,0.0,0.013817274330395094,8.0,True,CONVERGENCE: RELATIVE REDUCTION OF F <= FACTR*EPSMCH,0.013817274330395094,0.0,0.0,0.0,-1.2261873457935324,-1.843837648094689,-0.6583841323625785,-1.1662986683716534,0.0067596447648054486,False,0.0064825663250177145,False,0.006221952691173999,False
double_sawtooth,even,2,equivariant,variational,random,1.0,23.0,13.0,2.0,0.28367569561538464,1464.0,0.6723688999773003,0.63671875,0.11754689799754589,0.19063595249764687,0.11779975912789614,0.1971137664336408,0.11804539961885695,0.19898214000614317,0.11033910324930803,0.0,0.013817274332236491,8.0,True,CONVERGENCE: RELATIVE REDUCTION OF F <= FACTR*EPSMCH,0.013817274332236491,0.0,0.0,0.0,-1.3306767621395292,-1.7851423024862443,-1.0689007263248427,-0.6764840464004482,0.006759644694052379,False,0.00648257101571745,False,0.006221962442664608,False
double_sawtooth,even,2,equivariant,variational,random,2.0,23.0,13.0,2.0,0.730998619952226,6792.0,2.8110197000205517,0.63671875,0.11754689799496136,0.19063115170035091,0.11779975818281231,0.19710739907057762,0.11804539814826231,0.19897532384843425,0.1102891456558651,0.0,0.013817274331129309,8.0,True,CONVERGENCE: RELATIVE REDUCTION OF F <= FACTR*EPSMCH,0.013817274331129309,0.0,0.0,0.0,0.015645629013625532,-1.0927937040223894,-0.9529912282548285,-0.9173572479661685,0.006759644715902616,False,0.006482578991409243,False,0.00622197483137226,False
double_sawtooth,even,2,equivariant,variational,random,3.0,23.0,13.0,2.0,0.3665464777231954,10608.0,4.323556799965445,0.63671875,0.11754689802146386,0.1906477094635417,0.11779976949258998,0.19713451224430328,0.11804541854420428,0.19900548278492403,0.1106271628360034,0.0,0.013817274340740052,8.0,True,CONVERGENCE: RELATIVE REDUCTION OF F <= FACTR*EPSMCH,0.013817274340740052,0.0,0.0,0.0,-1.2064144746362506,-1.7640980578030154,-0.613544787196797,-0.8637236193280888,0.006759644491844151,False,0.006482483546647609,False,0.00622180301015333,False
double_sawtooth,even,2,equivariant,variational,random,4.0,23.0,13.0,2.0,0.29765365255684895,8112.0,4.166203400003724,0.63671875,0.11754689799053206,0.19063278234649841,0.11779975889111867,0.19710992143764827,0.11804539933128239,0.19897810735836985,0.11032382127963845,0.0,0.01381727433043476,8.0,True,CONVERGENCE: NORM OF PROJECTED GRADIENT <= PGTOL,0.01381727433043476,0.0,0.0,0.0,-1.3110465774455664,-1.9898299626012645,-1.1680036701646639,-0.9049527269377521,0.006759644753349019,False,0.0064825730139149475,False,0.0062219648652745456,False
double_sawtooth,even,2,equivariant,variational,random,5.0,23.0,13.0,2.0,0.1259564863346616,7344.0,3.4131547999568284,0.63671875,0.11756680522946802,0.1915993055020492,0.11781795558755824,0.19525085630533165,0.11806225640297151,0.19617690229253662,0.000575177014535164,0.0,0.013821953697615439,8.0,True,CONVERGENCE: RELATIVE REDUCTION OF F <= FACTR*EPSMCH,0.013821953697615439,0.0,0.0,0.0,-4.108788516883185,-1.2141169789835398,-0.8616553824116776,-1.0157714929813222,0.006591344166446199,False,0.0063290086022277465,False,0.006079956096547698,False
double_sawtooth,even,2,equivariant,variational,random,6.0,23.0,13.0,2.0,0.32214730541529757,1464.0,0.6211456999881193,0.63671875,0.1175468979895371,0.19063336949428283,0.11779975934094632,0.19711105131667983,0.11804540013880155,0.19897939599496686,0.11034257004531516,0.0,0.013817274330388343,8.0,True,CONVERGENCE: NORM OF PROJECTED GRADIENT <= PGTOL,0.013817274330388343,0.0,0.0,0.0,-1.2754646106485756,-1.9265386224537868,-0.654072560922011,-1.2264607852056022,0.0067596447617606,False,0.006482569217757868,False,0.006221958062503333,False
double_sawtooth,even,2,equivariant,variational,random,7.0,23.0,13.0,2.0,0.6756509798470813,3912.0,1.7214837000356056,0.63671875,0.11754689799117213,0.19063319202125173,0.11779975843154669,0.19711047236878887,0.11804539842054576,0.1989786917158371,0.11032101249539583,0.0,0.01381727433055715,8.0,True,CONVERGENCE: RELATIVE REDUCTION OF F <= FACTR*EPSMCH,0.01381727433055715,0.0,0.0,0.0,-0.5384510942963707,-0.824385068645636,-1.0587727827686704,-1.3168616203609258,0.006759644747937702,False,0.006482576892305765,False,0.006221972537579032,False
double_sawtooth,even,2,equivariant,variational,random,8.0,23.0,13.0,2.0,0.4549418172310916,5088.0,1.9407177999964915,0.63671875,0.11754689799017928,0.1906325533052516,0.11779975997160053,0.19711003562908733,0.11804540143315374,0.19897832928737086,0.11034231923748279,0.0,0.013817274330536809,8.0,True,CONVERGENCE: RELATIVE REDUCTION OF F <= FACTR*EPSMCH,0.013817274330536809,0.0,0.0,0.0,-1.0574300337730766,-1.6202497531827462,-0.9354724332447506,-1.409861990611912,0.00675964475633145,False,0.006482563895580682,False,0.006221947158512125,False
double_sawtooth,even,2,equivariant,variational,random,9.0,23.0,13.0,2.0,0.4100852325279424,44616.0,20.05717080004979,0.63671875,0.11754799594362664,0.188477555270569,0.11779968307192949,0.19344885157052058,0.11804438822686424,0.1948809988556717,0.06679590245042283,0.0,0.01381753201832189,8.0,True,CONVERGENCE: RELATIVE REDUCTION OF F <= FACTR*EPSMCH,0.01381753201832189,0.0,0.0,0.0,-1.3906137501709794,2.37823163040001,-0.9535115176047154,-1.3806676007432936,0.006750362393760926,False,0.0064832128624291675,False,0.006230482696611076,False
double_sawtooth,even,2,equivariant,variational,random,10.0,23.0,13.0,2.0,0.47649813552629416,3624.0,1.6511002000188455,0.63671875,0.11754689799073367,0.19063265592798867,0.11779975896397629,0.19710973611273305,0.1180453994838833,0.1989779073725819,0.11032370592130017,0.0,0.013817274330481006,8.0,True,CONVERGENCE: RELATIVE REDUCTION OF F <= FACTR*EPSMCH,0.013817274330481006,0.0,0.0,0.0,-0.6333968676903838,-1.7584787520494807,-1.2782385326590342,-1.1901565081092103,0.006759644751644505,False,0.006482572399059498,False,0.006221963579720988,False
double_sawtooth,even,2,equivariant,variational,random,11.0,23.0,13.0,2.0,0.30958522658428955,1368.0,0.6496898999903351,0.63671875,0.11754689798996319,0.19063293727409375,0.11779975903788735,0.19711035314680925,0.11804539959123245,0.19897862216315138,0.11033476561510187,0.0,0.013817274330410469,8.0,True,CONVERGENCE: NORM OF PROJECTED GRADIENT <= PGTOL,0.013817274330410469,0.0,0.0,0.0,-1.2938629452384944,-1.9969736253389612,-1.378595875932849,-0.9012545343126175,0.006759644758158335,False,0.006482571775313965,False,0.006221962675381256,False
double_sawtooth,even,2,equivariant,variational,random,12.0,23.0,13.0,2.0,0.6873477550088579,9456.0,4.030570800008718,0.63671875,0.1175468979891264,0.19063369571110494,0.11779975970936098,0.19711169865255224,0.11804540081950479,0.1989801367346964,0.1103531800782586,0.0,0.013817274330397889,8.0,True,CONVERGENCE: RELATIVE REDUCTION OF F <= FACTR*EPSMCH,0.013817274330397889,0.0,0.0,0.0,-0.5015777171899177,-1.0656484457637405,-1.0861006666051407,-1.1243430088739639,0.006759644765232751,False,0.0064825661086561305,False,0.006221952328065508,False
double_sawtooth,even,2,equivariant,variational,random,13.0,23.0,13.0,2.0,0.4688700001534065,9984.0,5.083702599979006,0.63671875,0.11754689804943974,0.19062931660960394,0.11779976137206084,0.19710926821393002,0.11804540425716525,0.19897833244944338,0.11045548105663953,0.0,0.01381727434560019,8.0,True,CONVERGENCE: RELATIVE REDUCTION OF F <= FACTR*EPSMCH,0.01381727434560019,0.0,0.0,0.0,1.4320172979806256,-1.7724082921720599,-1.0560727195982191,-0.6656806423761472,0.006759644255329285,False,0.006482552076904396,False,0.0062219233682355626,False
double_sawtooth,even,2,equivariant,variational,random,14.0,23.0,13.0,2.0,0.28224950956090833,3456.0,1.5391216999851167,0.63671875,0.11756485120379813,0.19147588522615272,0.11781602950653762,0.19485652384177532,0.11806036584537931,0.19570144286593588,0.0010592211345145713,0.0,0.013821494249163405,8.0,True,CONVERGENCE: RELATIVE REDUCTION OF F <= FACTR*EPSMCH,0.013821494249163405,0.0,0.0,0.0,-3.4947060889342354,-0.4506319084647609,-0.9471684667990926,-1.060099629321395,0.0066078639695250855,False,0.006345263063567785,False,0.006095882691678015,False
double_sawtooth,even,2,equivariant,variational,random,15.0,23.0,13.0,2.0,0.38532521043045775,6408.0,2.6558720000321046,0.63671875,0.1175653774475466,0.19158045294057824,0.11781656130101226,0.19504680630347443,0.11806089954883422,0.19591676317165413,0.000875126582426956,0.0,0.013821617983135363,8.0,True,CONVERGENCE: RELATIVE REDUCTION OF F <= FACTR*EPSMCH,0.013821617983135363,0.0,0.0,0.0,-3.436490217804793,1.067111795310171,-1.0444352708723346,-1.3811019710502472,0.006603414978280959,False,0.006340775177213945,False,0.006091386621904114,False
double_sawtooth,even,2,equivariant,variational,random,16.0,23.0,13.0,2.0,0.4054699790863252,7848.0,3.1210438999696635,0.63671875,0.11756549124240782,0.19145916688336528,0.11781663178298905,0.19492060057589944,0.1180609307083665,0.19579026741525407,0.0008305260295622247,0.0,0.013821644739373931,8.0,True,CONVERGENCE: RELATIVE REDUCTION OF F <= FACTR*EPSMCH,0.013821644739373931,0.0,0.0,0.0,-3.4298961132586907,0.9315045443602068,-0.7521353600910331,-1.376665018605589,0.006602452929149341,False,0.006340180370165463,False,0.00609112412513754,False
double_sawtooth,even,2,equivariant,variational,random,17.0,23.0,13.0,2.0,0.6006690253499724,4560.0,2.1012416999437846,0.63671875,0.11754689799538917,0.1906287868594746,0.11779975881307089,0.19710610089436353,0.11804539925026926,0.19897437123059758,0.11035598533543839,0.0,0.01381727433189828,8.0,True,CONVERGENCE: RELATIVE REDUCTION OF F <= FACTR*EPSMCH,0.01381727433189828,0.0,0.0,0.0,-0.605654629095182,-1.4875721017035486,-0.7258671549674313,-0.7346443864060426,0.006759644712285803,False,0.006482573672570816,False,0.006221965547752178,False
double_sawtooth,even,2,equivariant,variational,random,18.0,23.0,13.0,2.0,0.3272574167163813,12672.0,5.5829963000142016,0.63671875,0.11754689798912082,0.19063373521787874,0.11779975980240677,0.19711168188839717,0.11804540099070783,0.19898010615525075,0.11035422415470025,0.0,0.013817274330407019,8.0,True,CONVERGENCE: RELATIVE REDUCTION OF F <= FACTR*EPSMCH,0.013817274330407019,0.0,0.0,0.0,-1.2678448583138744,-2.0009242524199147,-0.9958568903628986,-1.192104124512491,0.006759644765279916,False,0.006482565323429947,False,0.0062219508858024,False
double_sawtooth,even,2,equivariant,variational,random,19.0,23.0,13.0,2.0,0.3856556550377349,5064.0,2.311832100036554,0.63671875,0.11754689799099921,0.1906330678918644,0.11779975873814783,0.1971101848671738,0.11804539903077683,0.198978360888519,0.1103196634530166,0.0,0.013817274330503008,8.0,True,CONVERGENCE: RELATIVE REDUCTION OF F <= FACTR*EPSMCH,0.013817274330503008,0.0,0.0,0.0,-1.1744415517642055,-1.918512758789263,-0.696030539919487,-0.9757457209762326,0.006759644749399586,False,0.006482574304856839,False,0.006221967396818818,False
double_sawtooth,even,2,sector_mixed,variational,random,0.0,23.0,15.0,3.0,0.5115268885970383,16728.0,7.433707099989988,0.63671875,9.955344772093014e-05,0.00035072782193558416,0.00010685823821140614,0.0005343353726068867,0.00011261415734118703,0.0006310189009915979,8.703945860023074e-08,0.029721942647944897,1.0208109249998005e-08,16.0,True,CONVERGENCE: RELATIVE REDUCTION OF F <= FACTR*EPSMCH,1.0208109249998005e-08,0.19583088547854022,0.28789047217924824,0.19583088547854022,-3.543860087238239,-8.0,-0.07897626243160372,-2.929669533151071,0.9996877489626894,True,0.9997090692927195,True,0.9997213059095759,True
double_sawtooth,even,2,sector_mixed,variational,random,1.0,23.0,15.0,3.0,0.12051030037375099,10248.0,4.82150169997476,0.63671875,0.0002078184287389027,0.0004915104265238723,0.00021268757952511985,0.0008737342581351115,0.0002166116397873508,0.0009916773016562241,2.8543612425552556e-07,0.029531654246870088,4.348381872033632e-08,16.0,True,CONVERGENCE: RELATIVE REDUCTION OF F <= FACTR*EPSMCH,4.348381872033632e-08,0.47559098466701644,0.5357630275754883,0.47559098466701644,-8.0,-8.0,-1.1371004559194817,-1.1329154814187363,0.9987724507686527,False,0.9988159609973729,False,0.9988452015241148,False
double_sawtooth,even,2,sector_mixed,variational,random,2.0,23.0,15.0,3.0,0.5948483936259863,3984.0,1.8661493000108749,0.63671875,0.0021920400578206937,0.007846372470760227,0.0022780454808582155,0.010333069297553926,0.002349116848621932,0.0110028945945084,1.0343852269048027e-06,0.02586128627458937,4.805298238297149e-06,16.0,True,CONVERGENCE: RELATIVE REDUCTION OF F <= FACTR*EPSMCH,4.805298238297149e-06,0.03523700348595009,0.04099400258015135,0.03523700348595009,-5.893825410128402,-8.0,1.4316678977727455,-4.46049816376176,0.9819973637867824,False,0.9813861229993055,False,0.9808803708230857,False
double_sawtooth,even,2,sector_mixed,variational,random,3.0,23.0,15.0,3.0,0.5849104704119582,36888.0,15.894169499981217,0.63671875,0.00023457286308762205,0.000801597835819956,0.00025901170653627086,0.0015418512814358576,0.00027733370867870187,0.0017618572188465575,6.689591908297353e-07,0.028566448722244273,5.531009927393863e-08,16.0,True,CONVERGENCE: RELATIVE REDUCTION OF F <= FACTR*EPSMCH,5.531009927393863e-08,0.2593954280343146,0.322992838749143,0.2593954280343146,-5.949346141662285,-7.75902110600143,0.0014479160563245406,-3.5139582604765884,0.9985462623445511,False,0.9984250253495197,False,0.9983336615368126,False
double_sawtooth,even,2,sector_mixed,variational,random,4.0,23.0,15.0,3.0,0.29096823285832285,13464.0,6.86841260001529,0.63671875,0.0022204446648510464,0.007785289214558816,0.0023085704779737958,0.01028864778318131,0.002381354578217914,0.010961569125422566,2.0515724109903066e-07,0.02582015043413335,4.93063271322139e-06,16.0,True,CONVERGENCE: RELATIVE REDUCTION OF F <= FACTR*EPSMCH,4.93063271322139e-06,0.027875054365959183,0.03111394802332448,0.027875054365959183,-8.0,-8.0,1.6653774982513265,-6.140616478057774,0.9817572244058602,False,0.9811285183709394,False,0.9806087910154594,False
double_sawtooth,even,2,sector_mixed,variational,random,5.0,23.0,15.0,3.0,0.024562209272779745,8208.0,3.675448799971491,0.63671875,0.002251624094886787,0.007897268091918763,0.002340193458688825,0.010395196484919433,0.002413420471207673,0.011067245866587389,2.1011718937944463e-07,0.025812582526057927,5.070069192601175e-06,16.0,True,CONVERGENCE: RELATIVE REDUCTION OF F <= FACTR*EPSMCH,5.070069192601175e-06,0.004403911223238179,0.005000766897627398,0.004403911223238179,-8.0,-8.0,3.5107544796647794,-5.974991318738006,0.9814936260037318,False,0.9808616477087053,False,0.9803386588083015,False
double_sawtooth,even,2,sector_mixed,variational,random,6.0,23.0,15.0,3.0,0.2679055641542387,21216.0,10.373976500006393,0.63671875,0.0021824864241194964,0.007327362264867798,0.0022673717449004155,0.009720945795886449,0.0023374326185519167,0.010396470631732047,2.0702508942938212e-07,0.025847775927150932,4.763505471295428e-06,16.0,True,CONVERGENCE: RELATIVE REDUCTION OF F <= FACTR*EPSMCH,4.763505471295428e-06,0.23399004370925836,0.2348611783221591,0.23399004370925836,-7.999452593220246,-7.999303551253211,2.1318784210981043,-6.94905232807583,0.9820781325043397,False,0.9814762001178808,False,0.9809788021020388,False
double_sawtooth,even,2,sector_mixed,variational,random,7.0,23.0,15.0,3.0,0.3217917562472461,10272.0,5.645202999992762,0.63671875,0.0005241620612812353,0.001923947379128238,0.0005737961263566873,0.0034425388803775436,0.0006112708205839877,0.0038799272275674146,9.843896943602215e-06,0.02691374183228059,2.750151023438857e-07,16.0,True,CONVERGENCE: RELATIVE REDUCTION OF F <= FACTR*EPSMCH,2.750151023438857e-07,0.6782082437527539,0.7540206676288039,0.6782082437527539,-4.482316310830851,-6.379088176483625,-1.5145803468121555,-3.3969083160080227,0.9960980055986773,False,0.995768516548675,False,0.9955204802815848,False
double_sawtooth,even,2,sector_mixed,variational,random,8.0,23.0,15.0,3.0,0.8383092642283387,20664.0,10.063765200029593,0.63671875,0.001454207122547122,0.00570932270174393,0.0015596626042139997,0.008625583962479838,0.0016419173621912224,0.009443189001001578,2.1388363124764154e-07,0.02429295643269572,2.114961286969944e-06,16.0,True,CONVERGENCE: RELATIVE REDUCTION OF F <= FACTR*EPSMCH,2.114961286969944e-06,0.16169073577166124,0.27782781894510067,0.16169073577166124,-4.833283922426777,-7.3002230645302815,1.190424140942782,-3.3494788592696345,0.9882351809166312,False,0.9874486544145205,False,0.9868380205361785,False
double_sawtooth,even,2,sector_mixed,variational,random,9.0,23.0,15.0,3.0,0.5133120073986044,19656.0,9.332824599987362,0.63671875,0.0017884893989691649,0.006747398809208854,0.0018811901605652567,0.00950077915697825,0.001956599196982067,0.010256482514614695,0.0005530781251745032,0.02596003806824355,3.198959461387019e-06,16.0,True,CONVERGENCE: RELATIVE REDUCTION OF F <= FACTR*EPSMCH,3.198959461387019e-06,0.4866879926013956,0.9003349345961131,0.4866879926013956,-0.5135363675285292,-4.244514500974587,-0.9104643469322276,-7.985587458665217,0.985409078135929,False,0.9847352393616138,False,0.9841870512146095,False
double_sawtooth,even,2,sector_mixed,variational,random,10.0,23.0,15.0,3.0,0.1251244620520886,5760.0,2.338575499947183,0.63671875,0.002231869888441733,0.007911649864188186,0.002319663179071783,0.010359049310694396,0.0023921358689418556,0.011019083261644885,1.851808302866262e-07,0.02581320887746473,4.981501332873496e-06,16.0,True,CONVERGENCE: RELATIVE REDUCTION OF F <= FACTR*EPSMCH,4.981501332873496e-06,0.05088891720446526,0.05830111458942411,0.05088891720446526,-8.0,-8.0,1.063304332598064,-6.819313830807675,0.9816606328171426,False,0.9810349055482057,False,0.9805179663544964,False
double_sawtooth,even,2,sector_mixed,variational,random,11.0,23.0,15.0,3.0,0.17744720887096843,11688.0,4.597749100008514,0.63671875,0.0006030540764952866,0.0028197921516903146,0.0006528186285120728,0.004257197383410155,0.0006911540531255871,0.004667079732780327,4.3136014873208256e-07,0.027065957690843977,3.639448830680929e-07,16.0,True,CONVERGENCE: RELATIVE REDUCTION OF F <= FACTR*EPSMCH,3.639448830680929e-07,0.7276062900921861,0.7696250722007791,0.7276062900921861,-8.0,-7.372403147585989,0.678602677245977,-5.2393623271725795,0.9954310335235855,False,0.9951016348378194,False,0.9948475211992268,False
double_sawtooth,even,2,sector_mixed,variational,random,12.0,23.0,15.0,3.0,0.37259669420451036,29088.0,12.012426900037099,0.63671875,0.000570625121589283,0.0020341792309818973,0.0006234467044443512,0.0036183377140832085,0.0006634043524162643,0.004073665587013914,2.273657536027158e-06,0.026695443275368037,3.258800065581131e-07,16.0,True,CONVERGENCE: RELATIVE REDUCTION OF F <= FACTR*EPSMCH,3.258800065581131e-07,0.6274033057954896,0.6887869848832976,0.6274033057954896,-4.945229846055338,-7.337228189188218,-1.4389792302481181,-0.6801381920750192,0.9957051957095562,False,0.995349508524923,False,0.9950812925744066,False
double_sawtooth,even,2,sector_mixed,variational,random,13.0,23.0,15.0,3.0,0.6880687798974481,8640.0,3.4451812999905087,0.63671875,0.0004714425353842738,0.0017406199118742693,0.0005157458206724413,0.0030076946765586754,0.0005492048572872368,0.0033748059202496627,6.51102524781647e-08,0.027204393629660952,2.2253010875695138e-07,16.0,True,CONVERGENCE: RELATIVE REDUCTION OF F <= FACTR*EPSMCH,2.2253010875695138e-07,0.3119312201025519,0.3483486354745179,0.3119312201025519,-8.0,-7.0055143720928745,0.35831682757849664,-4.338701817862843,0.9965437091529592,False,0.9962584110232171,False,0.9960433416177743,False
double_sawtooth,even,2,sector_mixed,variational,random,14.0,23.0,15.0,3.0,0.5475717864737334,32520.0,14.265013200056273,0.63671875,0.0007674728175110281,0.0032584356984851903,0.0008332144652636103,0.00502533452505366,0.0008838994727431154,0.005524546134785757,2.5822578632840443e-07,0.026422514059095292,5.892787533411646e-07,16.0,True,CONVERGENCE: RELATIVE REDUCTION OF F <= FACTR*EPSMCH,5.892787533411646e-07,0.03165923499683554,0.035325977080383826,0.03165923499683554,-8.0,-0.2938382757372043,1.5452298158702567,-0.713133123679314,0.9940409979340306,False,0.993579249682164,False,0.9932237789370825,False
double_sawtooth,even,2,sector_mixed,variational,random,15.0,23.0,15.0,3.0,0.526504064118475,69504.0,32.81709409999894,0.63671875,0.0017957204527146472,0.00635981561055976,0.001886754627291005,0.008736020933358485,0.00196096717692726,0.009380057038357204,1.4289915394791065e-05,0.025972557777605106,3.2248718127746274e-06,16.0,True,CONVERGENCE: RELATIVE REDUCTION OF F <= FACTR*EPSMCH,3.2248718127746274e-06,0.06540943787955263,0.09628264072446313,0.06540943787955263,-5.135163259118388,-5.685013466917386,0.8097950466465804,-7.999088596921229,0.9853479450680434,False,0.984688280065352,False,0.9841502541086068,False
double_sawtooth,even,2,sector_mixed,variational,random,16.0,23.0,15.0,3.0,0.3707162973967639,13128.0,6.221497099963017,0.63671875,0.00022191975341102123,0.0005088316412626692,0.00022491783698748118,0.0005343907659661196,0.00022727276619757263,0.0006327714788560423,1.325757764809112e-07,0.029620422562031484,4.954458250538656e-08,16.0,True,CONVERGENCE: RELATIVE REDUCTION OF F <= FACTR*EPSMCH,4.954458250538656e-08,0.3493679023907231,0.42240019607841234,0.3493679023907231,-8.0,-8.0,0.0522041839487611,-3.529432674125604,0.9986532347776227,False,0.9987127481807923,False,0.9987553891615244,False
double_sawtooth,even,2,sector_mixed,variational,random,17.0,23.0,15.0,3.0,0.8307557422756987,21864.0,9.971139399975073,0.63671875,0.0014283379801849512,0.005714853934369046,0.0015521143495942486,0.008929535215773304,0.001647532891131144,0.009830218486139464,9.573847829626911e-09,0.02387752022569665,2.0403881609368216e-06,16.0,True,CONVERGENCE: RELATIVE REDUCTION OF F <= FACTR*EPSMCH,2.0403881609368216e-06,0.16778762844445755,0.18024379916407435,0.16778762844445755,-8.0,-7.031295866016737,-0.1526264563836775,-0.3400195282287049,0.9884538848693104,False,0.9875123551683247,False,0.986790713722444,False
double_sawtooth,even,2,sector_mixed,variational,random,18.0,23.0,15.0,3.0,0.14600243033254412,15624.0,7.585991400002968,0.63671875,0.0002231372779957371,0.0004807582722022308,0.00022631581720316746,0.0007818500982088861,0.00022894556190697498,0.0008786778527533345,1.670245007469645e-07,0.029608987395132232,5.008633637554319e-08,16.0,True,CONVERGENCE: RELATIVE REDUCTION OF F <= FACTR*EPSMCH,5.008633637554319e-08,0.3287555677732518,0.36986883936014286,0.3287555677732518,-8.0,-7.996420370498631,-0.7673694396296615,1.1925142643732933,0.9986429415318925,False,0.998700950434422,False,0.9987412970544607,False
double_sawtooth,even,2,sector_mixed,variational,random,19.0,23.0,15.0,3.0,0.17633741897545596,5424.0,2.2028226999682374,0.63671875,0.0021733519435558784,0.007878613131161505,0.002261893304785303,0.01041333139486117,0.0023348204962033046,0.011095472067544104,1.0349426967492518e-06,0.02581572252813936,4.723716838132823e-06,16.0,True,CONVERGENCE: RELATIVE REDUCTION OF F <= FACTR*EPSMCH,4.723716838132823e-06,0.041695549750161126,0.04572236067993135,0.041695549750161126,-7.058098841261474,-8.0,1.2621152257005521,-4.373523249247469,0.9821553576004395,False,0.9815224334238016,False,0.9810008073640043,False
triangle,odd,3,zero,classical,n/a,,,,,,,,0.63671875,0.11834645469858371,0.1875,0.1185679148198624,0.18945312500000003,0.11878397420043624,0.18994140625000008,0.0,0.0,0.014005883339723926,,,,,,,,,,,,0.0,False,0.0,False,0.0,False
triangle,odd,3,analytic_truncation,classical,n/a,,,,,,,,0.63671875,0.0003919148459943011,0.0007773439519150882,0.00039230833883597134,0.0007821813484310824,0.0003924560514316886,0.0007816055290817137,0.04166500865049353,0.0,1.5401389659724167e-07,,,,,,,,,,,,0.9967002616340459,False,0.9967058660567926,False,0.9967125748040453,False
triangle,odd,3,ols_full,classical,n/a,,,,,,,,0.63671875,1.3831246220405298e-06,4.0095386426575175e-06,1.6545990721022358e-06,1.2943104611223832e-05,1.8528746691463645e-06,1.591795318034439e-05,0.040579870935136424,1.4281033852372337e-09,4.0771175735249287e-10,,,,,,,,,,,,1.0000002030297275,True,1.000000682014282,True,1.000000978434005,True
triangle,odd,3,ols_odd,classical,n/a,,,,,,,,0.63671875,1.8476110022881477e-06,4.179650705038451e-06,2.158905850557928e-06,1.3879161363888892e-05,2.388695757376414e-06,1.711010491797782e-05,0.04053861043585017,0.0,4.0879977077427785e-10,,,,,,,,,,,,0.9999962781812451,True,0.9999964286362849,True,0.9999964674721994,True
triangle,odd,3,ols_even,classical,n/a,,,,,,,,0.63671875,0.11753369200531716,0.19057448874812705,0.11778612630439966,0.19576585752405623,0.11803132333771942,0.19719436805902393,0.0,0.004104683636212964,0.01381416879744759,,,,,,,,,,,,0.006867737265878357,False,0.0065936890241612076,False,0.006336404761385158,False
triangle,odd,3,ridge_full,classical,n/a,,,,,,,,0.63671875,1.4071521847876198e-06,4.707394049896507e-06,1.735462899783449e-06,1.4325628578171212e-05,1.9690950221376376e-06,1.7504992828709653e-05,0.0405664597384573,1.0436437404080017e-09,4.07644685092163e-10,,,,,,,,,,,,1.0,True,1.0,True,1.0,True
triangle,odd,3,ridge_odd,classical,n/a,,,,,,,,0.63671875,1.8577224959762688e-06,4.835864224006503e-06,2.2155646363175006e-06,1.50937888577507e-05,2.4749389625373233e-06,1.8487787078691476e-05,0.04053111629705734,0.0,4.087622958426298e-10,,,,,,,,,,,,0.9999961927404608,True,0.9999959507699485,True,0.9999957414093157,True
triangle,odd,3,ridge_even,classical,n/a,,,,,,,,0.63671875,0.11753369200531862,0.19057442151166737,0.11778612627213168,0.19576575002298172,0.11803132328034129,0.19719424935811616,0.0,0.004104614971640801,0.013814168797447245,,,,,,,,,,,,0.006867737265866044,False,0.006593689296312846,False,0.00633640524443922,False
triangle,odd,3,spherical_full,classical_null,random,0.0,17.0,,,,846.0,,0.63671875,0.0010309166222089061,0.0030260127887739574,0.0010903612057052963,0.005881079968912767,0.0011364872022074182,0.006725139717382395,0.025290017486551897,4.688527951447982e-05,1.063042450974281e-06,,,,,,,,,,,,0.9913007811364436,False,0.9908184125632653,False,0.9904487375324365,False
triangle,odd,3,spherical_full,classical_null,random,1.0,17.0,,,,2448.0,,0.63671875,6.39438198665077e-06,3.660180372666577e-05,7.483131888317121e-06,6.651505119845136e-05,8.271546551040531e-06,7.550114789600659e-05,0.04036962741731166,1.3335275681512525e-08,4.445845285170772e-10,,,,,,,,,,,,0.9999578585677621,True,0.9999515235371527,True,0.9999469410242459,True
triangle,odd,3,spherical_full,classical_null,random,2.0,17.0,,,,3420.0,,0.63671875,2.057016059029611e-06,9.394915299776319e-06,2.558783747052129e-06,1.9521773480968285e-05,2.908823327154636e-06,2.277922371382579e-05,0.040560849236306366,1.8223683235482698e-09,4.098398256538527e-10,,,,,,,,,,,,0.9999945087362107,True,0.9999930560227904,True,0.99999208863073,True
triangle,odd,3,spherical_full,classical_null,random,3.0,17.0,,,,3870.0,,0.63671875,1.5495617599415945e-06,4.503052076110237e-06,1.8499190621171874e-06,1.3541385394638672e-05,2.0691835435576964e-06,1.6723424728304348e-05,0.04055476734560349,5.654614680991399e-10,4.079488207585229e-10,,,,,,,,,,,,0.9999987966579243,True,0.9999990346643287,True,0.9999991573763943,True
triangle,odd,3,spherical_full,classical_null,random,4.0,17.0,,,,4356.0,,0.63671875,2.3572249917142027e-06,7.009835434640399e-06,2.570803622919549e-06,1.5105036132001537e-05,2.7391927669863374e-06,1.8842789651085656e-05,0.040528446628848414,6.16757048541843e-10,4.1084098211761667e-10,,,,,,,,,,,,0.9999919720104337,True,0.9999929546458554,True,0.999993516713713,True
triangle,odd,3,spherical_full,classical_null,random,5.0,17.0,,,,3744.0,,0.63671875,1.0917836741278737e-05,4.1743180498148014e-05,1.1689938411465716e-05,6.07313264174153e-05,1.229292771284024e-05,6.582705844478814e-05,0.04071125082337227,6.179778898077287e-08,5.263122853208285e-10,,,,,,,,,,,,0.9999196359733368,True,0.9999160428752476,True,0.9999130858863551,True
triangle,odd,3,spherical_full,classical_null,random,6.0,17.0,,,,3240.0,,0.63671875,1.5561091686294963e-06,5.931152382593341e-06,1.9271278142031634e-06,1.506426327058108e-05,2.189481196218725e-06,1.8080200238995703e-05,0.04055547135627398,6.137269564710825e-10,4.0797619544470215e-10,,,,,,,,,,,,0.9999987413331869,True,0.9999983834773503,True,0.9999981446164855,True
triangle,odd,3,spherical_full,classical_null,random,7.0,17.0,,,,3456.0,,0.63671875,3.7312656791523337e-06,2.485581252514857e-05,4.459739803300457e-06,4.6181002725520504e-05,4.9812228831788594e-06,5.267912409215314e-05,0.04048150504831303,8.624056611270038e-09,4.1873748029211654e-10,,,,,,,,,,,,0.9999803615483491,True,0.9999770231534971,True,0.999974641547275,True
triangle,odd,3,spherical_full,classical_null,random,8.0,17.0,,,,4734.0,,0.63671875,1.549406958714069e-06,4.4532397652785605e-06,1.7715481937848263e-06,1.2823623061541944e-05,1.9406735205131054e-06,1.5661360069280095e-05,0.04057574444412338,7.844866131565087e-10,4.0815811420981147e-10,,,,,,,,,,,,0.9999987979659742,True,0.9999996956527215,True,1.0000002392744727,True
triangle,odd,3,spherical_full,classical_null,random,9.0,17.0,,,,4176.0,,0.63671875,1.50819727340513e-06,4.780233847589965e-06,1.816386157961351e-06,1.3773574213421513e-05,2.039811088888298e-06,1.704780881059409e-05,0.04055711635327941,8.268692245794289e-10,4.0784583081699293e-10,,,,,,,,,,,,0.999999146182365,True,0.9999993174844748,True,0.9999994046567349,True
triangle,odd,3,spherical_full,classical_null,random,10.0,17.0,,,,4734.0,,0.63671875,1.4027290197628858e-06,4.401081690502684e-06,1.6949088234955939e-06,1.3541349431045457e-05,1.90662128624531e-06,1.6580823935380407e-05,0.040571950351831136,1.022983468422464e-09,4.076871624510311e-10,,,,,,,,,,,,1.0000000373751594,True,1.0000003420374721,True,1.000000525952865,True
triangle,odd,3,spherical_full,classical_null,random,11.0,17.0,,,,3798.0,,0.63671875,1.5226162898019366e-06,5.813406834892509e-06,1.859574332429212e-06,1.550013972509423e-05,2.1008601086714504e-06,1.8696988038857665e-05,0.04055999442005302,6.72816517619625e-10,4.079183112946655e-10,,,,,,,,,,,,0.9999990243435833,True,0.999998953230733,True,0.9999988906982465,True
triangle,odd,3,spherical_full,classical_null,random,12.0,17.0,,,,4104.0,,0.63671875,1.515467997622798e-06,5.064541632654462e-06,1.7947307087653717e-06,1.2959126652722919e-05,1.9997102235939632e-06,1.560374487311056e-05,0.04057559304693227,7.444514904165028e-10,4.080525811656564e-10,,,,,,,,,,,,0.9999990847457069,True,0.999999500128879,True,0.9999997422572432,True
triangle,odd,3,spherical_full,classical_null,random,13.0,17.0,,,,3348.0,,0.63671875,1.9035300949270676e-06,7.129064438143873e-06,2.2364537440838304e-06,1.890397603701577e-05,2.4802943046260233e-06,2.2704209788809715e-05,0.04054494647244696,1.0990542837937686e-09,4.090729025373055e-10,,,,,,,,,,,,0.999995805672308,True,0.9999957745889508,True,0.9999956963238494,True
triangle,odd,3,spherical_full,classical_null,random,14.0,17.0,,,,4302.0,,0.63671875,1.794997136711745e-06,5.5017613287966505e-06,2.0077938334050347e-06,1.4160923815897952e-05,2.1700492319616322e-06,1.701824854991041e-05,0.04060531582466834,2.5237571868630843e-09,4.0927519820505863e-10,,,,,,,,,,,,0.9999967227614509,True,0.9999977031314065,True,0.9999983082099881,True
triangle,odd,3,spherical_full,classical_null,random,15.0,17.0,,,,4716.0,,0.63671875,7.972040859217801e-06,3.845608143612789e-05,8.988197421738575e-06,6.455961596407711e-05,9.745444202918256e-06,7.226750619762634e-05,0.04046495496488638,2.1250287916494047e-08,4.682031976127809e-10,,,,,,,,,,,,0.9999445275589428,True,0.9999388296514125,True,0.9999345325988235,True
triangle,odd,3,spherical_full,classical_null,random,16.0,17.0,,,,4122.0,,0.63671875,2.1894049993589626e-06,1.2112409880665753e-05,2.665182279998732e-06,2.338732256149112e-05,3.0021025526856083e-06,2.69655505223676e-05,0.04058609385126754,5.048378499557984e-09,4.106544832476784e-10,,,,,,,,,,,,0.999993390067174,True,0.9999921586460383,True,0.9999913033331131,True
triangle,odd,3,spherical_full,classical_null,random,17.0,17.0,,,,3438.0,,0.63671875,1.6649631250255317e-05,6.367076151017614e-05,1.837155999260788e-05,0.00011087427249276138,1.967199241757028e-05,0.00012529116426168718,0.04023198327112512,7.145472812140305e-08,6.795307680280109e-10,,,,,,,,,,,,0.9998712030677964,True,0.9998596893550669,True,0.9998509631372217,True
triangle,odd,3,spherical_full,classical_null,random,18.0,17.0,,,,4266.0,,0.63671875,1.7076165795895649e-06,5.8060369906853815e-06,1.9684691402114615e-06,1.4624196810669732e-05,2.164220791523947e-06,1.756812526323981e-05,0.040563943545259204,1.4785648879887815e-10,4.08555391314046e-10,,,,,,,,,,,,0.9999974611156021,True,0.9999980348001285,True,0.9999983572783671,True
triangle,odd,3,spherical_full,classical_null,random,19.0,17.0,,,,3528.0,,0.63671875,1.4978766785961352e-06,5.2608831511979925e-06,1.8102219091340188e-06,1.5424794127666397e-05,2.0363135453605915e-06,1.8765194035791355e-05,0.040558588331323676,9.4158538021273e-10,4.0782952727337277e-10,,,,,,,,,,,,0.9999992333900262,True,0.999999369474417,True,0.999999434101797,True
triangle,odd,3,spherical_odd,classical_null,random,0.0,9.0,,,,780.0,,0.63671875,1.9190515616533202e-06,5.4194056945677804e-06,2.3233030031585195e-06,1.6426093719268398e-05,2.6121956451873463e-06,2.0035323107209235e-05,0.04052263809060837,0.0,4.089091398023678e-10,,,,,,,,,,,,0.999995674517967,True,0.9999950420928921,True,0.9999945858750028,True
triangle,odd,3,spherical_odd,classical_null,random,1.0,9.0,,,,540.0,,0.63671875,0.00039868053934847164,0.0011401845772684438,0.0004319944841601834,0.002265657185178377,0.00045713398656009645,0.00259509241483058,0.02892880919436473,0.0,1.592354605471319e-07,,,,,,,,,,,,0.9966430924200024,False,0.996371148808253,False,0.9961680652626295,False
triangle,odd,3,spherical_odd,classical_null,random,2.0,9.0,,,,1120.0,,0.63671875,1.9465394637589153e-06,4.828820721530791e-06,2.270707424170458e-06,1.4672280851502073e-05,2.509232623818574e-06,1.792898669555898e-05,0.04054226400453657,0.0,4.092116559293366e-10,,,,,,,,,,,,0.9999954422488296,True,0.9999954856897025,True,0.9999954526984015,True
triangle,odd,3,spherical_odd,classical_null,random,3.0,9.0,,,,420.0,,0.63671875,1.8581033683872582e-06,4.7728181824246985e-06,2.1935091613030315e-06,1.4607883458417348e-05,2.438691105297007e-06,1.7874675699081077e-05,0.04053785448703749,0.0,4.0883109299798685e-10,,,,,,,,,,,,0.9999961895221393,True,0.9999961367882139,True,0.9999960465721829,True
triangle,odd,3,spherical_odd,classical_null,random,4.0,9.0,,,,1190.0,,0.63671875,2.5408726156589162e-06,8.514841594781108e-06,2.913526579711063e-06,1.8774805768284608e-05,3.1894339731887793e-06,2.211332565432711e-05,0.04054837759624319,0.0,4.119398096114373e-10,,,,,,,,,,,,0.9999904202122998,True,0.9999900640833134,True,0.999989726230417,True
triangle,odd,3,spherical_odd,classical_null,random,5.0,9.0,,,,1250.0,,0.63671875,1.863715680012449e-06,5.054642878449256e-06,2.2302620326211064e-06,1.5358871768872406e-05,2.495167278442351e-06,1.876702833700228e-05,0.04053020766238046,0.0,4.087755127597289e-10,,,,,,,,,,,,0.9999961420988484,True,0.999995826810516,True,0.9999955711115008,True
triangle,odd,3,spherical_odd,classical_null,random,6.0,9.0,,,,1290.0,,0.63671875,1.920535583848424e-06,5.592846757662695e-06,2.274950990166556e-06,1.546594274456914e-05,2.5326323787925285e-06,1.873429159773843e-05,0.04054066726427457,0.0,4.0909512957157367e-10,,,,,,,,,,,,0.9999956619781757,True,0.9999954498990072,True,0.9999952557009275,True
triangle,odd,3,spherical_odd,classical_null,random,7.0,9.0,,,,990.0,,0.63671875,1.9703501737253357e-06,7.5308675246410495e-06,2.4689973563166867e-06,1.9092042168739054e-05,2.8158185390399522e-06,2.285234386126267e-05,0.04051793381350208,0.0,4.090616179421203e-10,,,,,,,,,,,,0.9999952410514794,True,0.9999938132909357,True,0.9999928716179175,True
triangle,odd,3,spherical_odd,classical_null,random,8.0,9.0,,,,1310.0,,0.63671875,1.904126437426533e-06,5.0482425352771365e-06,2.2695550721646864e-06,1.5467845839611805e-05,2.5343426826934524e-06,1.8909441833608875e-05,0.040528368760559236,0.0,4.08909385095299e-10,,,,,,,,,,,,0.9999958006332927,True,0.9999954954087642,True,0.9999952413022489,True
triangle,odd,3,spherical_odd,classical_null,random,9.0,9.0,,,,1400.0,,0.63671875,1.9035463281857278e-06,5.8334860530140364e-06,2.3077660643734465e-06,1.6496754335737496e-05,2.596470843974972e-06,2.0005655167631975e-05,0.04052667433079533,0.0,4.0889023193150257e-10,,,,,,,,,,,,0.999995805535139,True,0.9999951731331169,True,0.9999947182587019,True
triangle,odd,3,spherical_odd,classical_null,random,10.0,9.0,,,,1130.0,,0.63671875,1.90927499760162e-06,4.486020454441686e-06,2.189817597622588e-06,1.319611311040303e-05,2.4003881382681747e-06,1.6420093095326216e-05,0.040537914315001165,0.0,4.090244741664784e-10,,,,,,,,,,,,0.9999957571286402,True,0.9999961679232618,True,0.9999963690365745,True
triangle,odd,3,spherical_odd,classical_null,random,11.0,9.0,,,,1050.0,,0.63671875,1.944882055384816e-06,5.7631808184355204e-06,2.3074049313014242e-06,1.5768931935777886e-05,2.5707882183363604e-06,1.908439620160185e-05,0.040535497503053214,0.0,4.0913754123988997e-10,,,,,,,,,,,,0.9999954562537111,True,0.9999951761789523,True,0.9999949344751702,True
triangle,odd,3,spherical_odd,classical_null,random,12.0,9.0,,,,1280.0,,0.63671875,1.925417825856641e-06,5.4096614156007305e-06,2.287021293203694e-06,1.557990416506394e-05,2.549253560640227e-06,1.893424706150837e-05,0.04053686712495402,0.0,4.0907590505366676e-10,,,,,,,,,,,,0.9999956207238764,True,0.999995348096764,True,0.9999951157707938,True
triangle,odd,3,spherical_odd,classical_null,random,13.0,9.0,,,,500.0,,0.63671875,2.516709969645745e-06,7.5238471731464696e-06,2.7389373451876847e-06,1.2876352539631375e-05,2.9138360399334743e-06,1.6523886303715374e-05,0.04051128983178255,0.0,4.1144672738913977e-10,,,,,,,,,,,,0.9999906243834629,True,0.9999915365878292,True,0.9999920464297857,True
triangle,odd,3,spherical_odd,classical_null,random,14.0,9.0,,,,1110.0,,0.63671875,2.014945791748954e-06,7.003669309446625e-06,2.4427287330628484e-06,1.773405160945818e-05,2.7473496682857746e-06,2.1239701219977203e-05,0.040533451972846295,0.0,4.093945262721498e-10,,,,,,,,,,,,0.9999948642244052,True,0.9999940348433497,True,0.9999934480425258,True
triangle,odd,3,spherical_odd,classical_null,random,15.0,9.0,,,,1150.0,,0.63671875,1.8847367587231091e-06,4.861300992919926e-06,2.2443846262358135e-06,1.5231070968485527e-05,2.5052021300622663e-06,1.8656340826206375e-05,0.040530501768661485,0.0,4.088572503362969e-10,,,,,,,,,,,,0.9999959644735135,True,0.9999957076990318,True,0.9999954866302564,True
triangle,odd,3,spherical_odd,classical_null,random,16.0,9.0,,,,1040.0,,0.63671875,1.8824962547654837e-06,5.3903757667173036e-06,2.2735107675081847e-06,1.6022220022116063e-05,2.5537774955007894e-06,1.952435473318026e-05,0.0405265578448201,0.0,4.0880937059740715e-10,,,,,,,,,,,,0.9999959834054755,True,0.9999954620460012,True,0.999995077684765,True
triangle,odd,3,spherical_odd,classical_null,random,17.0,9.0,,,,760.0,,0.63671875,1.8624999818321141e-06,4.6745311005624846e-06,2.2148318761233254e-06,1.4947095082429307e-05,2.470848704051765e-06,1.834604268044493e-05,0.04053072586925397,0.0,4.087761648748644e-10,,,,,,,,,,,,0.9999961523713371,True,0.9999959569501273,True,0.9999957758443169,True
triangle,odd,3,spherical_odd,classical_null,random,18.0,9.0,,,,1230.0,,0.63671875,2.0532695463671496e-06,5.032968650037217e-06,2.4095117513422152e-06,1.5643326890357745e-05,2.6706948583696277e-06,1.9279798366911294e-05,0.04051452677006634,0.0,4.09361183530702e-10,,,,,,,,,,,,0.9999945403937471,True,0.9999943149989717,True,0.9999940933827846,True
triangle,odd,3,spherical_odd,classical_null,random,19.0,9.0,,,,690.0,,0.63671875,2.029417384028621e-06,5.279380039663328e-06,2.2618766912324146e-06,1.2051321853584485e-05,2.441958825916409e-06,1.5299020215353565e-05,0.04053018400003643,0.0,4.0942037491896193e-10,,,,,,,,,,,,0.9999947419413643,True,0.9999955601690608,True,0.99999601906195,True
triangle,odd,3,spherical_sector,classical_null,random,0.0,18.0,,,,2128.0,,0.63671875,0.0004103094994038572,0.001359493252202748,0.0004382831255649154,0.002318031861792913,0.0004597343647476576,0.002596853016611722,0.03063743568987137,1.1253517471925914e-07,1.6866026078329437e-07,,,,,,,,,,,,0.9965448292455267,False,0.9963181097254484,False,0.9961461732413148,False
triangle,odd,3,spherical_sector,classical_null,random,1.0,18.0,,,,2318.0,,0.63671875,9.425266594103136e-05,0.00043645269628049543,9.763652638425793e-05,0.0005081971276100425,0.00010051613070041059,0.000525321603353196,0.039356359725342765,1.1253517471925913e-07,9.277129759596827e-09,,,,,,,,,,,,0.9992154676880768,True,0.9991911600423949,True,0.9991703538293464,True
triangle,odd,3,spherical_sector,classical_null,random,2.0,18.0,,,,3952.0,,0.63671875,3.4392036578943933e-05,0.0002014539767374035,3.643211070527442e-05,0.0002475529220761566,3.812020826914834e-05,0.0002593794503026395,0.040236812103071715,1.1253517471925913e-07,1.5851814264298821e-09,,,,,,,,,,,,0.9997212820892972,True,0.9997073647140046,True,0.9996956515996263,True
triangle,odd,3,spherical_sector,classical_null,random,3.0,18.0,,,,931.0,,0.63671875,0.00010530161538294866,0.0005165126192137118,0.0001106904211240377,0.000598586821113474,0.00011519779444205063,0.0006184481439932207,0.0386890870344773,1.1253517471925912e-07,1.147532219795497e-08,,,,,,,,,,,,0.9991221055265753,False,0.9990810620801381,False,0.9990467520789919,False
triangle,odd,3,spherical_sector,classical_null,random,4.0,18.0,,,,2451.0,,0.63671875,0.00019248361685605787,0.00036456569204990075,0.0001923170843928464,0.0003662978907121861,0.0001921669278502126,0.0003664317719303811,0.040151862670342486,1.1253517471925913e-07,3.745146251004486e-08,,,,,,,,,,,,0.9983854291444147,False,0.9983926139601809,False,0.9983987655987178,False
triangle,odd,3,spherical_sector,classical_null,random,5.0,18.0,,,,3534.0,,0.63671875,0.00011579607127411324,0.00039125034231040495,0.00011885632032460625,0.0004814698068911008,0.000121448022968846,0.0005038821022185433,0.03959600448657238,1.1253517471925913e-07,1.3804691292736983e-08,,,,,,,,,,,,0.9990334287622431,False,0.9990121900017356,False,0.998994132757393,False
triangle,odd,3,spherical_sector,classical_null,random,6.0,18.0,,,,2546.0,,0.63671875,0.0001713432496178622,0.000497400102774069,0.00017402083533910956,0.000560140666407527,0.00017647518493055947,0.0005957056751214052,0.03919579158797426,1.125351747192591e-07,2.9750468230840528e-08,,,,,,,,,,,,0.9985640624516506,False,0.9985469265065829,False,0.9985308709871199,False
triangle,odd,3,spherical_sector,classical_null,random,7.0,18.0,,,,3040.0,,0.63671875,0.0001282904725702729,0.0006406783158561455,0.00013264782064074834,0.0007353202473440873,0.00013641788886012733,0.0007579334882301322,0.03894538238610508,1.1253517471925916e-07,1.6847900301516744e-08,,,,,,,,,,,,0.9989278527237421,False,0.9988958709941489,False,0.9988681046954994,False
triangle,odd,3,spherical_sector,classical_null,random,8.0,18.0,,,,3287.0,,0.63671875,0.00016828483637277834,0.0007760744868404376,0.000172630178300633,0.0008795553599378475,0.00017643397058973644,0.0009032686609950352,0.038583089057585576,1.1253517471925908e-07,2.8705618168940387e-08,,,,,,,,,,,,0.9985899056390799,False,0.9985586554586839,False,0.9985312179617378,False
triangle,odd,3,spherical_sector,classical_null,random,9.0,18.0,,,,2641.0,,0.63671875,2.6457024996328e-05,9.279384558425613e-05,2.6843276034080508e-05,0.00010546225515502966,2.7180927280009936e-05,0.00010812515372331938,0.04096908256747972,1.1253517471925909e-07,1.109666122682869e-09,,,,,,,,,,,,0.9997883318877224,True,0.9997882379843015,True,0.9997877470393306,True
triangle,odd,3,spherical_sector,classical_null,random,10.0,18.0,,,,2603.0,,0.63671875,0.00013152730345802194,0.0004702962261338428,0.0001341195361252076,0.0005415499056685147,0.00013651782061357276,0.0005608135748888521,0.03996018514264701,1.125351747192591e-07,1.7699034531716806e-08,,,,,,,,,,,,0.9989005019308288,False,0.9988834583863341,False,0.9988672633916894,False
triangle,odd,3,spherical_sector,classical_null,random,11.0,18.0,,,,2774.0,,0.63671875,7.952377734169965e-05,0.00029838631224347184,8.085873282748651e-05,0.00030696250573034045,8.204707667709079e-05,0.0003075688232597115,0.03948826741002363,1.1253517471925913e-07,6.718914962144206e-09,,,,,,,,,,,,0.9993399248487665,True,0.9993326657706537,True,0.9993258407990007,True
triangle,odd,3,spherical_sector,classical_null,random,12.0,18.0,,,,2451.0,,0.63671875,2.0469712479577354e-05,7.815365546282038e-05,2.1612062302879248e-05,0.0001276891317860407,2.2529426362509907e-05,0.00014203400121198806,0.0403434331886768,1.125511299050111e-07,8.224445863946318e-10,,,,,,,,,,,,0.9998389238866349,True,0.999832358607565,True,0.999826907019105,True
triangle,odd,3,spherical_sector,classical_null,random,13.0,18.0,,,,988.0,,0.63671875,0.00011422206759297875,0.000459808028686004,0.00011807446996672593,0.0005574872985070201,0.00012146749367263704,0.0005836806384555693,0.03996209179933857,1.1253517471925916e-07,1.3446302768560138e-08,,,,,,,,,,,,0.9990467288851782,False,0.9990187842123452,False,0.9989939688377507,False
triangle,odd,3,spherical_sector,classical_null,random,14.0,18.0,,,,3211.0,,0.63671875,7.589586542862478e-05,0.00017203617845124725,7.667173186708664e-05,0.00022805864305504991,7.73031617584529e-05,0.00024264538753285964,0.04044061785154238,1.1253517471925912e-07,6.1645896930270924e-09,,,,,,,,,,,,0.9993705802246213,True,0.9993679793902973,True,0.9993657787922551,True
triangle,odd,3,spherical_sector,classical_null,random,15.0,18.0,,,,3078.0,,0.63671875,8.385266989140364e-05,0.00019611702228764655,8.478613646191522e-05,0.0002689245649447544,8.554546528458351e-05,0.0002880212630231721,0.04008007425396825,1.125351747192591e-07,7.432072115808142e-09,,,,,,,,,,,,0.9993033462792409,True,0.9992995416229775,True,0.9992963886222641,True
triangle,odd,3,spherical_sector,classical_null,random,16.0,18.0,,,,2546.0,,0.63671875,7.908645781853954e-05,0.00029670773194445665,8.112177379086176e-05,0.00038802315846131474,8.289848964880172e-05,0.0004134453656066406,0.03969461151512087,1.1253517471925913e-07,6.6516150507865895e-09,,,,,,,,,,,,0.9993436201408995,True,0.9993304472546755,True,0.9993186729374129,True
triangle,odd,3,spherical_sector,classical_null,random,17.0,18.0,,,,3572.0,,0.63671875,0.0001299437575631463,0.0005986921312702356,0.0001329069499273363,0.000649297376345899,0.00013558610967429326,0.0006607750750495661,0.039259734798239604,1.1253517471925909e-07,1.7277978602963885e-08,,,,,,,,,,,,0.9989138826842081,False,0.9988936854696765,False,0.998875107264492,False
triangle,odd,3,spherical_sector,classical_null,random,18.0,18.0,,,,2565.0,,0.63671875,7.827682762782111e-05,0.00034924343856220647,8.18603906423569e-05,0.00042212040764348646,8.489386660738042e-05,0.00044032631094314406,0.0398272179091373,1.1253517471925913e-07,6.52553504791874e-09,,,,,,,,,,,,0.9993504614089331,True,0.9993242176801418,True,0.9993018742905404,True
triangle,odd,3,spherical_sector,classical_null,random,19.0,18.0,,,,2185.0,,0.63671875,0.00020361565079016105,0.00045814761108444596,0.00020567462701669771,0.000522910946414365,0.00020757203999365557,0.0005372000730032508,0.041483632439371816,1.1253517471925916e-07,4.1874170696446275e-08,,,,,,,,,,,,0.9982913649299427,False,0.9982799549987782,False,0.9982690732928018,False
triangle,odd,3,generic,variational,random,0.0,30.0,26.0,3.0,0.5323030545716066,8246.0,4.610066999972332,0.63671875,6.886406159651316e-05,0.00021353949955857376,7.557608759183583e-05,0.0004091716521393285,8.063474063775825e-05,0.0004662818057697693,0.0383547419808634,2.0774511594116817e-07,5.125808476828153e-09,16.0,True,CONVERGENCE: RELATIVE REDUCTION OF F <= FACTR*EPSMCH,5.125808476828153e-09,0.0030957011493867874,0.004743072829158991,0.0030957011493867874,-0.8738374706958009,-3.1851710619034512,-2.4422470525705786,-2.089041806590421,0.9994299980370089,True,0.999377220172797,True,0.9993377309505274,True
triangle,odd,3,generic,variational,random,1.0,30.0,26.0,3.0,0.5985950099093491,16926.0,9.884774599981029,0.63671875,0.00013908472882874016,0.0007113441818091537,0.00014566981738258953,0.0009548920211414902,0.00015109667614485956,0.0010211107417478493,0.039562891863098686,1.3093163937570698e-06,1.9740203805159104e-08,16.0,True,CONVERGENCE: RELATIVE REDUCTION OF F <= FACTR*EPSMCH,1.9740203805159104e-08,0.0075003690616292275,0.012824720728190197,0.0075003690616292275,-0.582405478690024,-8.0,-1.9330339074750402,-3.0383814167143135,0.9988366426859563,False,0.9987860420630619,False,0.9987445271614132,False
triangle,odd,3,generic,variational,random,2.0,30.0,26.0,3.0,0.18274565841683033,7502.0,3.6398402000195347,0.63671875,2.382962126073078e-06,5.7045617995465925e-06,2.5595352157246796e-06,1.0579781075048533e-05,2.7024356259881754e-06,1.3677917968163422e-05,0.040536439638794844,2.9222849322931945e-11,4.110429051744756e-10,16.0,True,CONVERGENCE: RELATIVE REDUCTION OF F <= FACTR*EPSMCH,4.110429051744756e-10,3.576583929700881e-05,4.5764197106181655e-05,3.576583929700881e-05,-1.4065392622250135,-2.3527724144915987,-2.190066781250657,-1.7367752241217052,0.9999917545350523,True,0.9999930496848224,True,0.9999938261641298,True
triangle,odd,3,generic,variational,random,3.0,30.0,26.0,3.0,0.6028781710398563,12648.0,6.882997699955013,0.63671875,7.450008749944686e-05,0.00018370191569445915,7.453945811119339e-05,0.00018450564694917626,7.454736781296652e-05,0.00018454017835442538,0.04000079884555119,6.450265946182877e-09,5.950271090383411e-09,16.0,True,CONVERGENCE: RELATIVE REDUCTION OF F <= FACTR*EPSMCH,5.950271090383411e-09,0.08832043447771357,0.13532880341724113,0.08832043447771357,-0.6908373565701476,-6.321715807046266,-6.3983079245974155,-8.0,0.9993823743635237,True,0.9993859632181262,True,0.9993889792252082,True
triangle,odd,3,generic,variational,random,4.0,30.0,26.0,3.0,0.7035108089236357,25482.0,13.43714470003033,0.63671875,9.780265748725268e-05,0.0003847189987178923,0.00010724093954260649,0.0006813235703415632,0.00011435329675060017,0.0007680208567298341,0.03697597205579991,1.064190530538449e-08,9.935119638545914e-09,16.0,True,CONVERGENCE: RELATIVE REDUCTION OF F <= FACTR*EPSMCH,9.935119638545914e-09,0.000238062023038287,0.0003887750593876895,0.000238062023038287,-0.43537798922586973,-1.8403825631124668,-1.1413887403188132,-2.013654494390879,0.9991854707290165,True,0.99911015538145,False,0.9990538617223313,False
triangle,odd,3,generic,variational,random,5.0,30.0,26.0,3.0,0.541309019663746,7285.0,4.193387599952985,0.63671875,3.976292258560338e-05,0.00014023699287907254,4.34293768137669e-05,0.00026136419913358466,4.6200508520284046e-05,0.00029727132855239535,0.03904507055283161,7.10130824536129e-09,1.971540789090086e-09,16.0,True,CONVERGENCE: RELATIVE REDUCTION OF F <= FACTR*EPSMCH,1.971540789090086e-09,0.00034211037054619536,0.0005633799660553407,0.00034211037054619536,-0.8460286956992988,-2.452939313150524,-1.9209062550341047,-1.8827151874931454,0.9996758988128693,True,0.999648349013689,True,0.9996276253001548,True
triangle,odd,3,generic,variational,random,6.0,30.0,26.0,3.0,0.5105676718345994,7409.0,4.07604190002894,0.63671875,6.384093316490483e-05,0.00012514888199616908,6.423921163297813e-05,0.0001462821781427967,6.456439162529505e-05,0.0001517343782271377,0.03985083764032859,3.266837848633383e-08,4.474173450452917e-09,16.0,True,CONVERGENCE: RELATIVE REDUCTION OF F <= FACTR*EPSMCH,4.474173450452917e-09,0.0007870257095739212,0.0013979538029064093,0.0007870257095739212,-0.4269643868142567,-7.489480951556125,-1.102390237044489,-2.835664002686871,0.9994724428079204,True,0.9994728366126648,True,0.9994730237417055,True
triangle,odd,3,generic,variational,random,7.0,30.0,26.0,3.0,0.08866165077781529,13392.0,7.72858479997376,0.63671875,0.00017556926703328195,0.0006782442373844955,0.00019481253862702402,0.001239664174776417,0.00020918150622054317,0.0014038504042915012,0.03393010756910107,1.1992069601197526e-07,3.116386980150183e-08,16.0,True,CONVERGENCE: RELATIVE REDUCTION OF F <= FACTR*EPSMCH,3.116386980150183e-08,0.002505735254597574,0.0043403273359468204,0.002505735254597574,-1.601668593155936,-2.138457576165275,-1.5981321782355966,-2.7378776884769533,0.9985283531634037,False,0.9983715670288578,False,0.9982555235448795,False
triangle,odd,3,generic,variational,random,8.0,30.0,26.0,3.0,0.6083605315436197,16244.0,8.840471700008493,0.63671875,0.00013641832515116044,0.0004937794859405931,0.00015009193289711943,0.0009018207065879247,0.00016033900798957223,0.001021320207100579,0.035625901363659215,1.7453864831817163e-09,1.896621846813819e-08,16.0,True,CONVERGENCE: RELATIVE REDUCTION OF F <= FACTR*EPSMCH,1.896621846813819e-08,0.00013735636028234605,0.00017184185662928064,0.00013735636028234605,-0.73198512684043,-2.3467828709094363,-1.7393703580814144,-0.8816932399607837,0.9988591734443857,False,0.9987487454618007,False,0.9986667179693852,False
triangle,odd,3,generic,variational,random,9.0,30.0,26.0,3.0,0.336441342932418,14911.0,8.072823599970434,0.63671875,5.7789523093144665e-05,0.0002241341190077628,6.283967483305033e-05,0.0004200366773673969,6.665574529517869e-05,0.0004767706507829428,0.042051826267918264,4.928680279814001e-06,3.7601965288150815e-09,16.0,True,CONVERGENCE: RELATIVE REDUCTION OF F <= FACTR*EPSMCH,3.7601965288150815e-09,0.01468784235592604,0.019544464767967198,0.01468784235592604,-1.1820945161619572,-2.7351041795908864,-1.50691551570439,-2.7136215681297067,0.9995235764226953,True,0.9994846404576359,True,0.999455417087667,True
triangle,odd,3,generic,variational,random,10.0,30.0,26.0,3.0,0.26930126694809375,18259.0,8.642216699954588,0.63671875,9.131807472784419e-05,0.0003550263193830283,9.65030391597746e-05,0.0005967213311230957,0.00010054514659522234,0.0006664829318116239,0.03788599504210018,6.113043169650911e-08,8.717851333725455e-09,16.0,True,CONVERGENCE: RELATIVE REDUCTION OF F <= FACTR*EPSMCH,8.717851333725455e-09,0.3427157812697819,0.42879577398403707,0.3427157812697819,-1.325738076154338,-5.624620348641856,-1.695067009801156,-8.0,0.9992402645957128,True,0.9992007199964277,True,0.9991701095508061,True
triangle,odd,3,generic,variational,random,11.0,30.0,26.0,3.0,0.4895009060229386,13733.0,7.361300100048538,0.63671875,0.00015890487174643298,0.0005226593350669828,0.0001733364119768574,0.0009705686079383713,0.00018422277321168186,0.001101928395690649,0.035132381822707975,1.985175808173853e-09,2.560208210282915e-08,16.0,True,CONVERGENCE: RELATIVE REDUCTION OF F <= FACTR*EPSMCH,2.560208210282915e-08,0.0010111323558517384,0.001169951011467636,0.0010111323558517384,-1.0040676001630124,-1.898051154581616,-1.7646626356444102,-3.36480921504603,0.998669165099622,False,0.9985526990073582,False,0.9984656457177347,False
triangle,odd,3,generic,variational,random,12.0,30.0,26.0,3.0,0.279979175360484,19189.0,10.638799900014419,0.63671875,7.38616689245636e-05,0.00027570853107911075,7.958880713884073e-05,0.0005226663613263072,8.395335666228245e-05,0.000594565323344759,0.03843992094980843,1.60108095819956e-06,5.83996135662951e-09,16.0,True,CONVERGENCE: RELATIVE REDUCTION OF F <= FACTR*EPSMCH,5.83996135662951e-09,0.011801397032430647,0.015430854780962953,0.011801397032430647,-1.3042433082675937,-4.220696427049862,-1.8061169099467411,-2.8889953953495993,0.9993877689160472,True,0.9993433764614724,True,0.9993097922402692,True
triangle,odd,3,generic,variational,random,13.0,30.0,26.0,3.0,0.7559558419958546,24614.0,13.290781199990306,0.63671875,0.00010787414374064027,0.0005411650332316775,0.00011712434890401516,0.0008607685138389554,0.00012423324824879645,0.0009509412198129563,0.03860384816712481,3.024876910358841e-06,1.2022899618216672e-08,16.0,True,CONVERGENCE: RELATIVE REDUCTION OF F <= FACTR*EPSMCH,1.2022899618216672e-08,0.13215141028299338,0.17521229369105584,0.13215141028299338,-0.22039085160898628,-4.885164911378662,-4.750585278275099,-1.8751494302231182,0.9991003680021835,False,0.9990267976363071,False,0.9989706845484031,False
triangle,odd,3,generic,variational,random,14.0,30.0,26.0,3.0,0.20425168605467303,11191.0,6.555768899968825,0.63671875,6.815972662153608e-05,0.00025332824875123894,7.47956317607627e-05,0.0004530941783487952,7.983613506453615e-05,0.0005103662336413128,0.038823640801829984,2.486624168328766e-07,5.033987227765002e-09,16.0,True,CONVERGENCE: RELATIVE REDUCTION OF F <= FACTR*EPSMCH,5.033987227765002e-09,0.001535193596822828,0.0022444238253310684,0.001535193596822828,-1.399621114678428,-5.8133813411254325,-1.2114126069812483,-1.939187177587634,0.9994359495743953,True,0.9993838026218166,True,0.9993444542380531,True
triangle,odd,3,generic,variational,random,15.0,30.0,26.0,3.0,0.01239211540411389,27714.0,14.868192099966109,0.63671875,0.0005778819600016305,0.0024052415771785296,0.0006425939155910182,0.004186934797510367,0.0006910206346781898,0.004705228687061552,0.025325910520263093,4.132727212218854e-07,3.3420082293325596e-07,16.0,True,CONVERGENCE: RELATIVE REDUCTION OF F <= FACTR*EPSMCH,3.3420082293325596e-07,0.0049300855675140426,0.006458134241142492,0.0049300855675140426,-1.9011839582339172,-0.4514111150806011,-3.355529264170447,-1.5305478550980376,0.9951288641158319,False,0.9945949303910533,False,0.9941990241784137,False
triangle,odd,3,generic,variational,random,16.0,30.0,26.0,3.0,0.09859410468750351,43090.0,24.325659499969333,0.63671875,0.00018482065387848365,0.0006530478776909654,0.0002034457089464036,0.0011876454826869054,0.0002174079428571009,0.0013446916191835745,0.03404790587999642,7.777011371811947e-09,3.4499153236640335e-08,16.0,True,CONVERGENCE: RELATIVE REDUCTION OF F <= FACTR*EPSMCH,3.4499153236640335e-08,0.0011441461885276808,0.0017473142379144928,0.0011441461885276808,-1.5888588753806259,0.13693796135849415,-2.527142043181928,-3.114519305092662,0.9984501801681073,False,0.9982987539352235,False,0.9981862669547986,False
triangle,odd,3,generic,variational,random,17.0,30.0,26.0,3.0,0.18131808465081933,11873.0,6.631910800002515,0.63671875,5.356997826962595e-06,2.0924926374454866e-05,5.756496687435473e-06,3.58957535613047e-05,6.066664451857933e-06,4.0518461325217414e-05,0.040511636263395615,1.361281946919549e-10,4.3381378971332014e-10,16.0,True,CONVERGENCE: RELATIVE REDUCTION OF F <= FACTR*EPSMCH,4.3381378971332014e-10,3.8666616910959415e-05,5.269183463614483e-05,3.8666616910959415e-05,-1.408563853429616,-1.7765654266144626,-1.1834093707092217,-1.7846673333623302,0.9999666243267119,True,0.9999660861654692,True,0.9999655034495665,True
triangle,odd,3,generic,variational,random,18.0,30.0,26.0,3.0,0.7833513913758252,32519.0,17.28759560000617,0.63671875,0.00011405833563510333,0.0006209107796402158,0.00012636367146919963,0.0010727366804380578,0.00013561471320247697,0.0012026592996306484,0.03774418625540964,1.4226769939496478e-05,1.3386888058103372e-08,16.0,True,CONVERGENCE: RELATIVE REDUCTION OF F <= FACTR*EPSMCH,1.3386888058103372e-08,0.013197735429323051,0.020310970616498128,0.013197735429323051,-0.11170418827316571,-2.1051568129139526,-1.776663042721793,-1.3448495937476486,0.9990481123985678,False,0.9989488721889721,False,0.9988748664575772,False
triangle,odd,3,generic,variational,random,19.0,30.0,26.0,3.0,0.12116481555489955,8618.0,4.632481999986339,0.63671875,3.208260974410545e-05,0.00011180795441961822,3.306862089201263e-05,0.00015942511263708492,3.390036112525685e-05,0.00017309807499948926,0.040202976779140955,9.366440520335803e-09,1.4313237094483844e-09,16.0,True,CONVERGENCE: RELATIVE REDUCTION OF F <= FACTR*EPSMCH,1.4313237094483844e-09,0.0004965884234862462,0.0007250806560264362,0.0004965884234862462,-1.4828989287400358,-3.710399873218193,-1.934092292832104,-2.2183840520983655,0.9997407964406175,True,0.999735732751429,True,0.9997311775796781,True
triangle,odd,3,equivariant,variational,random,0.0,30.0,18.0,2.0,0.34256235914663813,9827.0,5.810782699962147,0.63671875,4.9074195179020764e-05,0.00018657384482470563,5.489743181438326e-05,0.0003409352314457381,5.922072236987912e-05,0.00038596595816578483,0.03880704736582366,0.0,2.796347106126861e-09,8.0,True,CONVERGENCE: RELATIVE REDUCTION OF F <= FACTR*EPSMCH,2.796347106126861e-09,0.0,0.0,0.0,-1.2088426526831095,-6.228685272170809,-1.1144314564168347,-0.9449512191324877,0.9995972197909208,True,0.9995516261955734,True,0.9995180109369517,True
triangle,odd,3,equivariant,variational,random,1.0,30.0,18.0,2.0,0.23386296572502174,12431.0,7.205113000003621,0.63671875,0.00017372571192679395,0.0005272290028870974,0.00018012824778003558,0.0007359239996485578,0.00018534952996345096,0.0007920699019843547,0.03953226393172529,0.0,3.0575945623788653e-08,8.0,True,CONVERGENCE: RELATIVE REDUCTION OF F <= FACTR*EPSMCH,3.0575945623788653e-08,0.0,0.0,0.0,-0.8138471569885304,-8.0,-0.9465892506253473,-0.9456695172443591,0.9985439309602335,False,0.9984954159284902,False,0.9984561597964391,False
triangle,odd,3,equivariant,variational,random,2.0,30.0,18.0,2.0,0.6119323691862233,12090.0,6.781200899975374,0.63671875,1.1958675218584199e-05,2.1960347798171895e-05,1.2235313012395252e-05,3.676119888906815e-05,1.24488258901405e-05,4.1658006062844644e-05,0.040952461456402904,0.0,5.525345275476089e-10,8.0,True,CONVERGENCE: RELATIVE REDUCTION OF F <= FACTR*EPSMCH,5.525345275476089e-10,0.0,0.0,0.0,-0.6571993024761379,-2.964858922012307,-1.4323528667886203,-1.37620785346608,0.9999108410258599,True,0.9999114431267874,True,0.9999117734133322,True
triangle,odd,3,equivariant,variational,random,3.0,30.0,18.0,2.0,0.1666170201847852,18383.0,10.15109910001047,0.63671875,0.00018219915947595934,0.0006036973381255972,0.00019999254718389766,0.0011359524273740484,0.00021335545837648936,0.0012918940975469029,0.03423864674408172,0.0,3.3538920181186887e-08,8.0,True,CONVERGENCE: RELATIVE REDUCTION OF F <= FACTR*EPSMCH,3.3538920181186887e-08,0.0,0.0,0.0,-1.5074546888493954,-0.4899592226158096,-1.060889669769776,-0.7494215996810771,0.998472331449102,False,0.9983278782755812,False,0.9982203839448007,False
triangle,odd,3,equivariant,variational,random,4.0,30.0,18.0,2.0,0.05762042337998774,20708.0,11.708817499980796,0.63671875,0.0004961579611130788,0.0018021029893318385,0.0005488243975662782,0.0032612855801938956,0.0005882711406562344,0.003686814040505082,0.02690482995741228,0.0,2.464417706754615e-07,8.0,True,CONVERGENCE: RELATIVE REDUCTION OF F <= FACTR*EPSMCH,2.464417706754615e-07,0.0,0.0,0.0,-1.7878718104646603,0.5516725750822087,-0.8060320381354851,-1.529515010546267,0.9958194210980031,False,0.9953857926633581,False,0.9950640499365726,False
triangle,odd,3,equivariant,variational,random,5.0,30.0,18.0,2.0,0.25151539466314043,2635.0,1.707107399997767,0.63671875,6.48077135746629e-05,0.0001843673990873651,6.974338537907387e-05,0.00035438615722177547,7.349150804854441e-05,0.0004038917017885335,0.04312208603144323,0.0,4.6312605990899795e-09,8.0,True,CONVERGENCE: RELATIVE REDUCTION OF F <= FACTR*EPSMCH,4.6312605990899795e-09,0.0,0.0,0.0,-1.2913932716519094,-3.4298239303432565,-1.2451868390110032,-1.0432888062155081,0.9994642736413197,True,0.9994264138150682,True,0.9993978682801075,True
triangle,odd,3,equivariant,variational,random,6.0,30.0,18.0,2.0,0.29157513124930723,4681.0,2.7795524999964982,0.63671875,7.423663949284487e-05,0.00019520361055000435,7.675142155978132e-05,0.0002892195818438581,7.878668250496861e-05,0.0003156414698159138,0.039816350750761044,0.0,5.909242150698225e-09,8.0,True,CONVERGENCE: RELATIVE REDUCTION OF F <= FACTR*EPSMCH,5.909242150698225e-09,0.0,0.0,0.0,-1.2717566587164149,-7.673800874559107,-0.9112303992105164,-1.2155470182067178,0.9993846004643372,True,0.9993673072787969,True,0.999353289352081,True
triangle,odd,3,equivariant,variational,random,7.0,30.0,18.0,2.0,0.10400398617384854,8122.0,4.5058564999490045,0.63671875,2.2094252718060275e-06,6.627700836536743e-06,2.616183442771257e-06,1.7416502674783008e-05,2.9111091471693695e-06,2.1372525755125604e-05,0.04050105800329709,0.0,4.0989214006466597e-10,8.0,True,CONVERGENCE: RELATIVE REDUCTION OF F <= FACTR*EPSMCH,4.0989214006466597e-10,0.0,0.0,0.0,-1.4989185116127435,-1.529167886874831,-1.012125236350268,-0.9716727534991731,0.9999932208985196,True,0.9999925719075391,True,0.9999920693869059,True
triangle,odd,3,equivariant,variational,random,8.0,30.0,18.0,2.0,0.7225898501399668,19251.0,11.16115069994703,0.63671875,6.232038258256712e-05,0.00020002776149843915,6.843138680722493e-05,0.00038673409157782834,7.301441274195779e-05,0.0004417653005208688,0.03821820215945399,0.0,4.266012106832075e-09,8.0,True,CONVERGENCE: RELATIVE REDUCTION OF F <= FACTR*EPSMCH,4.266012106832075e-09,0.0,0.0,0.0,-0.3531229700119366,-2.302981596888981,-1.45409891536366,-0.6118833580007834,0.9994852912592401,True,0.9994374793531413,True,0.999401884842264,True
triangle,odd,3,equivariant,variational,random,9.0,30.0,18.0,2.0,0.40562657693519344,7223.0,4.993835299974307,0.63671875,3.796412267508879e-05,0.0001339676798665923,4.0973555115549294e-05,0.00021965061356599147,4.329809076048782e-05,0.0002443336197446855,0.03975293395664841,0.0,1.8388039500556745e-09,8.0,True,CONVERGENCE: RELATIVE REDUCTION OF F <= FACTR*EPSMCH,1.8388039500556745e-09,0.0,0.0,0.0,-1.0969367919354456,-5.1158347316553,-0.8080981810616488,-1.2928101012075168,0.9996910984342122,True,0.9996690616799109,True,0.9996520601272754,True
triangle,odd,3,equivariant,variational,random,10.0,30.0,18.0,2.0,0.22053659071589726,4216.0,2.549355800030753,0.63671875,5.161299960398536e-06,1.0072956501114283e-05,5.169482419891871e-06,1.0126646861674526e-05,5.173798440478357e-06,1.0124010494730329e-05,0.04071160058002127,0.0,4.3375502308142263e-10,8.0,True,CONVERGENCE: RELATIVE REDUCTION OF F <= FACTR*EPSMCH,4.3375502308142263e-10,0.0,0.0,0.0,-1.35726117220905,-3.5049585904692195,-0.7540711638763298,-0.8424895123175319,0.9999682779478023,True,0.9999710371073881,True,0.9999730202953259,True
triangle,odd,3,equivariant,variational,random,11.0,30.0,18.0,2.0,0.46510643571025034,9579.0,5.867033499991521,0.63671875,6.41440374129742e-05,0.00021129786685405993,7.06310314773278e-05,0.00040522824852828876,7.548791125782818e-05,0.00046229211792217506,0.03815314674454411,0.0,4.495989003082474e-09,8.0,True,CONVERGENCE: RELATIVE REDUCTION OF F <= FACTR*EPSMCH,4.495989003082474e-09,0.0,0.0,0.0,-1.0104939450625596,-3.2946215417795615,-1.3731159710157583,-0.9908405432637988,0.9994698816171113,True,0.9994189273117242,True,0.9993810609934523,True
triangle,odd,3,equivariant,variational,random,12.0,30.0,18.0,2.0,0.0937525949489062,1488.0,0.8839116999879479,0.63671875,8.49897779798028e-05,0.000254307957696126,9.252741502383605e-05,0.0004992414395315614,9.820977121791666e-05,0.0005715183791485945,0.03743214879694686,0.0,7.59758384902564e-09,8.0,True,CONVERGENCE: RELATIVE REDUCTION OF F <= FACTR*EPSMCH,7.59758384902564e-09,0.0,0.0,0.0,-1.5467816833163797,-2.407717981871314,-0.8084180535136498,-1.3990215834488584,0.9992937378662825,True,0.999234250841037,True,0.9991897705708002,True
triangle,odd,3,equivariant,variational,random,13.0,30.0,18.0,2.0,0.3994383415448859,7440.0,3.5981658999808133,0.63671875,1.9187560892091993e-05,6.15129015748006e-05,2.0883628104954695e-05,0.00011354097500765326,2.2172522389032117e-05,0.0001289110682643757,0.040047421934899984,0.0,7.686367123367378e-10,8.0,True,CONVERGENCE: RELATIVE REDUCTION OF F <= FACTR*EPSMCH,7.686367123367378e-10,0.0,0.0,0.0,-1.1039355231099799,-5.807808215254772,-1.2375308804024934,-0.6853454642527468,0.9998497578979777,True,0.9998385023004955,True,0.9998299117164341,True
triangle,odd,3,equivariant,variational,random,14.0,30.0,18.0,2.0,0.3013805307451062,1798.0,1.1880477999802679,0.63671875,1.928825271154023e-06,4.915752623235736e-06,2.2438691075396943e-06,1.4116698784427673e-05,2.4772589945723026e-06,1.752765050769267e-05,0.0405279291433025,0.0,4.089996583596674e-10,8.0,True,CONVERGENCE: RELATIVE REDUCTION OF F <= FACTR*EPSMCH,4.089996583596674e-10,0.0,0.0,0.0,-1.2497903513149298,-1.7500591294041743,-0.8521861800273112,-1.16838169294333,0.9999955919314143,True,0.9999957120469722,True,0.999995721877468,True
triangle,odd,3,equivariant,variational,random,15.0,30.0,18.0,2.0,0.24424932193870996,3782.0,1.888659699994605,0.63671875,2.30711393426745e-06,8.999490529543186e-06,2.764382987932358e-06,1.9988135676940466e-05,3.092394258003194e-06,2.3563813516813692e-05,0.04053099474391,0.0,4.10632722144791e-10,8.0,True,CONVERGENCE: RELATIVE REDUCTION OF F <= FACTR*EPSMCH,4.10632722144791e-10,0.0,0.0,0.0,-1.32836217592906,-1.939405704581655,-0.980556512240459,-1.2032445875050775,0.9999923954422416,True,0.999991321976522,True,0.9999905431867826,True
triangle,odd,3,equivariant,variational,random,16.0,30.0,18.0,2.0,0.4892512076420984,16027.0,9.693247599992901,0.63671875,1.685283134357493e-05,6.159378856779307e-05,1.898246432075125e-05,0.00011910277111931711,2.0554396493219428e-05,0.00013626543529235424,0.03991604949695997,0.0,6.831784192645813e-10,8.0,True,CONVERGENCE: RELATIVE REDUCTION OF F <= FACTR*EPSMCH,6.831784192645813e-10,0.0,0.0,0.0,-0.9434373148266942,-4.000979433024508,-0.7747541191392427,-1.3212753299254159,0.9998694860538822,True,0.999854536921789,True,0.9998435343682354,True
triangle,odd,3,equivariant,variational,random,17.0,30.0,18.0,2.0,0.005600051099468595,8432.0,4.862469899991993,0.63671875,0.0006442158160250946,0.002377625129695665,0.0007136114826762783,0.004274199620867308,0.0007655631672033489,0.004826819239144603,0.024984733786266485,0.0,4.152638649547412e-07,8.0,True,CONVERGENCE: RELATIVE REDUCTION OF F <= FACTR*EPSMCH,4.152638649547412e-07,0.0,0.0,0.0,-1.9249754391871856,-0.4603363262044391,-0.4934706162695559,-1.5437443434672016,0.9945683518054417,False,0.9939959605375047,False,0.9935714667259274,False
triangle,odd,3,equivariant,variational,random,18.0,30.0,18.0,2.0,0.33878021344731946,1054.0,0.5947317999671213,0.63671875,3.276945273620429e-05,0.00010784631591190252,3.6211776316694125e-05,0.0002101777668721827,3.8783093570466016e-05,0.00024052570113577976,0.0392981078473729,0.0,1.466818111104056e-09,8.0,True,CONVERGENCE: RELATIVE REDUCTION OF F <= FACTR*EPSMCH,1.466818111104056e-09,0.0,0.0,0.0,-1.2087721268722482,-1.9627644002651616,-1.1646507722555672,-0.8258693017932005,0.999734992708173,True,0.9997092230381049,True,0.9996900709117036,True
triangle,odd,3,equivariant,variational,random,19.0,30.0,18.0,2.0,0.16354124827919103,5053.0,2.8730009000282735,0.63671875,1.9852509588513923e-06,5.499204808162572e-06,2.3129566750925428e-06,1.5071051301468463e-05,2.554655116145317e-06,1.8258797966241858e-05,0.04054160194422303,0.0,4.0935724081185066e-10,8.0,True,CONVERGENCE: RELATIVE REDUCTION OF F <= FACTR*EPSMCH,4.0935724081185066e-10,0.0,0.0,0.0,-1.429710158254775,-2.70462951012417,-1.4524780001321766,-1.0733890432868287,0.9999951151418158,True,0.9999951293549438,True,0.9999950702962668,True
triangle,odd,3,sector_mixed,variational,random,0.0,30.0,20.0,3.0,0.4337450830208237,3565.0,2.3219981999718584,0.63671875,0.00011621536493284571,0.00035107872518519434,0.00012612590883579207,0.0006809934972382414,0.00013361038890173974,0.0007782494699561104,0.036373087474355456,1.1628741907220336e-10,1.3869741922380933e-08,16.0,True,CONVERGENCE: RELATIVE REDUCTION OF F <= FACTR*EPSMCH,1.3869741922380933e-08,3.2367262200946404e-05,3.852920356480667e-05,3.2367262200946404e-05,-1.0904112529307997,-4.502642995284244,-1.3030646049514107,-1.1213920820398549,0.9990298857862806,False,0.9989508775047772,False,0.9988917404301874,False
triangle,odd,3,sector_mixed,variational,random,1.0,30.0,20.0,3.0,0.17261684664714916,10819.0,8.530256500001997,0.63671875,0.00010141181328876803,0.00018857486900483722,0.00010152265417421775,0.00019462426892315893,0.00010162350504019528,0.00019607396694144158,0.03997384165581748,2.637010989816613e-09,1.0684094317444233e-08,16.0,True,CONVERGENCE: RELATIVE REDUCTION OF F <= FACTR*EPSMCH,1.0684094317444233e-08,7.835304633162579e-05,0.00012152860771230349,7.835304633162579e-05,0.9461194008133981,-8.0,-1.2200897818274532,-0.7943411302974611,0.999154973839824,False,0.999158384019662,True,0.9991610310843833,True
triangle,odd,3,sector_mixed,variational,random,2.0,30.0,20.0,3.0,0.7806596331364744,16275.0,8.620746200031135,0.63671875,7.0057422555706454e-06,1.6454849728959886e-05,7.061561714489318e-06,2.105757542935488e-05,7.107468701928584e-06,2.224193945673386e-05,0.04071586599879525,3.5777139494977024e-10,4.562390881171546e-10,16.0,True,CONVERGENCE: RELATIVE REDUCTION OF F <= FACTR*EPSMCH,4.562390881171546e-10,0.0002056829086043617,0.00026097706540953577,0.0002056829086043617,-0.08923128070918031,-1.8903719170842292,-2.3251001739576282,-2.9667775036301065,0.9999526926543455,True,0.9999550791056641,True,0.9999567411437849,True
triangle,odd,3,sector_mixed,variational,random,3.0,30.0,20.0,3.0,0.1718406599831589,13423.0,7.291652199986856,0.63671875,0.0001942973515116387,0.0006697713265576,0.00021402126968663528,0.001241431472167237,0.00022881056067907934,0.0014086801643488633,0.03386891342306058,5.886991002223465e-11,3.80901499392566e-08,16.0,True,CONVERGENCE: RELATIVE REDUCTION OF F <= FACTR*EPSMCH,3.80901499392566e-08,2.1508764240496304e-05,2.4704978178791533e-05,2.1508764240496304e-05,-1.50687419237387,-1.1578507732867969,-1.3755825528402785,-0.7688539715490612,0.9983701033264513,False,0.9982095585103764,False,0.9980902707825513,False
triangle,odd,3,sector_mixed,variational,random,4.0,30.0,20.0,3.0,0.06705513780889549,14198.0,468.85180010000477,0.63671875,0.00026657537875911344,0.0009232035206494238,0.000293478252260134,0.001703520922002405,0.00031366180564815747,0.0019317074684675473,0.03182252993689507,8.403559489776395e-11,7.138065786077411e-08,16.0,True,CONVERGENCE: RELATIVE REDUCTION OF F <= FACTR*EPSMCH,7.138065786077411e-08,2.3673784421676027e-05,2.3674537629507388e-05,2.3673784421676027e-05,-1.6604766931737291,0.27927222769718796,-0.9487797330455127,-1.530962980592197,0.9977593635553667,False,0.9975394097124273,False,0.9973759265105063,False
triangle,odd,3,sector_mixed,variational,random,5.0,30.0,20.0,3.0,0.2779082395068839,2449.0,2.0514837999944575,0.63671875,0.0001063757537733652,0.000364476166324873,0.00011727157022940197,0.0006824582398386181,0.0001254347845668587,0.0007756601188690648,0.036668935935909155,1.2786803747800626e-10,1.1682490351489393e-08,16.0,True,CONVERGENCE: RELATIVE REDUCTION OF F <= FACTR*EPSMCH,1.1682490351489393e-08,8.756224987118784e-05,0.00010327166169999163,8.756224987118784e-05,-1.329550223421529,-1.6052900315322662,-1.97549008428166,-2.226684393973486,0.9991130291992368,False,0.9990255559557014,False,0.9989605690741189,False
triangle,odd,3,sector_mixed,variational,random,6.0,30.0,20.0,3.0,0.16204653933092827,1488.0,0.7909298000158742,0.63671875,1.8438503422123306e-05,6.183544771065641e-05,2.0562986331263782e-05,0.00012354846381801288,2.2139095654024065e-05,0.00014200403668390704,0.03983726301580977,2.660164140161297e-13,7.383510386084107e-10,16.0,True,CONVERGENCE: RELATIVE REDUCTION OF F <= FACTR*EPSMCH,7.383510386084107e-10,4.840114496642446e-05,4.840184520097371e-05,4.840114496642446e-05,-1.4394191376094352,-2.5084480926606414,-4.547496437300412,-1.3142127240247214,0.999856087334532,True,0.9998412066279474,True,0.9998301931288834,True
triangle,odd,3,sector_mixed,variational,random,7.0,30.0,20.0,3.0,0.09336741798283121,6479.0,3.4024681000155397,0.63671875,2.1006623976637854e-05,9.14488554714099e-05,2.4086976496214766e-05,0.0001639142590342535,2.634112141926992e-05,0.00018527003339946502,0.03976808058843782,4.768003131400771e-13,8.389590567850026e-10,16.0,True,CONVERGENCE: RELATIVE REDUCTION OF F <= FACTR*EPSMCH,8.389590567850026e-10,1.9443835560436663e-06,1.969419135617837e-06,1.9443835560436663e-06,-1.5189880200545463,-1.6100364039877249,-1.0501585038775907,-0.9711442334718503,0.9998343870554941,True,0.9998114849131712,True,0.9997948171831624,True
triangle,odd,3,sector_mixed,variational,random,8.0,30.0,20.0,3.0,0.7461449115901472,18414.0,11.21336389996577,0.63671875,2.5575284772341787e-05,7.41768257521147e-05,2.7940179052089036e-05,0.00015318645012854515,2.9716151854014628e-05,0.00017680135669531638,0.03957819644724057,3.5473791664526354e-12,1.0498771556942572e-09,16.0,True,CONVERGENCE: RELATIVE REDUCTION OF F <= FACTR*EPSMCH,1.0498771556942572e-09,2.60539340748758e-06,4.819773875199497e-06,2.60539340748758e-06,-0.24819457384804386,-2.5950101170452142,-1.4646563290554893,-0.6568662758482849,0.9997957824760002,True,0.9997789865854291,True,0.9997664035321912,True
triangle,odd,3,sector_mixed,variational,random,9.0,30.0,20.0,3.0,0.7520574325555425,23963.0,17.20585480000591,0.63671875,9.905353275792628e-05,0.0002521806443568919,0.00010605848430176938,0.0005142302292203138,0.00011139215427255971,0.0005932838745471292,0.03703542571040477,4.5810118837495605e-10,1.0181956613510633e-08,16.0,True,CONVERGENCE: RELATIVE REDUCTION OF F <= FACTR*EPSMCH,1.0181956613510633e-08,5.587379074730182e-05,9.115016256053763e-05,5.587379074730182e-05,-0.2557878856958611,-4.538926004392589,-1.2661729391474656,-1.6045433938604996,0.9991749009984144,True,0.9991201283370369,False,0.9990787909401486,False
triangle,odd,3,sector_mixed,variational,random,10.0,30.0,20.0,3.0,0.6022692832128727,5766.0,3.4084444000036456,0.63671875,4.100281805135649e-05,6.73865701930898e-05,4.1108793356417305e-05,6.767854919569743e-05,4.1185242763511373e-05,6.760782443480245e-05,0.039724317467743,2.6651135852592563e-13,2.0784742628327405e-09,16.0,True,CONVERGENCE: RELATIVE REDUCTION OF F <= FACTR*EPSMCH,2.0784742628327405e-09,9.369050471358409e-07,1.320612163441485e-06,9.369050471358409e-07,-0.6955144290806465,-7.0517616425863245,-0.9258622702666794,-0.9562923223616906,0.9996654218601666,True,0.9996679210659382,True,0.9996698477374029,True
triangle,odd,3,sector_mixed,variational,random,11.0,30.0,20.0,3.0,0.4032847330255659,13237.0,7.814728200028185,0.63671875,4.807339984556633e-05,9.946260283219543e-05,5.0810624957080975e-05,0.00022090846374267503,5.2909479641938035e-05,0.00025739612472583384,0.03887315608257228,2.2929661194086745e-12,2.6997833335603492e-09,16.0,True,CONVERGENCE: RELATIVE REDUCTION OF F <= FACTR*EPSMCH,2.6997833335603492e-09,1.2639645518177115e-05,1.2994496680301064e-05,1.2639645518177115e-05,-1.1111398162202826,-5.182756047786812,-2.156181458158654,-1.647172310214386,0.9996056763791279,True,0.9995860947672982,True,0.9995711439239083,True
triangle,odd,3,sector_mixed,variational,random,12.0,30.0,20.0,3.0,0.22964198239497857,3627.0,2.9092179000144824,0.63671875,3.471841008129162e-06,7.144771880865375e-06,3.546383767099728e-06,9.913662288058012e-06,3.6108236338531924e-06,1.2682293615756679e-05,0.040549618807385425,1.4285624054415296e-12,4.175498680738673e-10,16.0,True,CONVERGENCE: RELATIVE REDUCTION OF F <= FACTR*EPSMCH,4.175498680738673e-10,2.563735800772111e-06,3.3906627449375464e-06,2.563735800772111e-06,-1.3472990872660324,-2.505655613586295,-0.9379371685430875,-1.451860168241197,0.9999825536525089,True,0.9999847264972428,True,0.9999861786420404,True
triangle,odd,3,sector_mixed,variational,random,13.0,30.0,20.0,3.0,0.5321712645272133,8897.0,6.660165700013749,0.63671875,4.9345690706726165e-05,0.00014850509019664893,5.033181878858799e-05,0.00019262420553572968,5.1158854851422147e-05,0.0002052629255031857,0.04127149273989252,2.7547601037362595e-08,2.8477123941988163e-09,16.0,True,CONVERGENCE: RELATIVE REDUCTION OF F <= FACTR*EPSMCH,2.8477123941988163e-09,0.010793272774204311,0.014716964556776624,0.010793272774204311,-0.8406441766254019,-2.9274658465676953,-4.519727613794916,-4.3807050986016,0.9995949256896184,True,0.9995901330703884,True,0.9995858820552352,True
triangle,odd,3,sector_mixed,variational,random,14.0,30.0,20.0,3.0,0.5592303820156093,3317.0,2.2523705000057817,0.63671875,2.7646427599919048e-06,1.3205006479388715e-05,3.493439365879818e-06,2.8298842387974865e-05,3.994362477579043e-06,3.306156631088797e-05,0.04048096889134087,3.803981031015533e-15,4.1245293850382236e-10,16.0,True,CONVERGENCE: RELATIVE REDUCTION OF F <= FACTR*EPSMCH,4.1245293850382236e-10,2.2411464198262255e-07,2.8494014589560113e-07,2.2411464198262255e-07,-0.789728908747046,-1.8572150568734758,-1.4244984365010611,-1.5777572626273386,0.9999885293841749,True,0.9999851730360576,True,0.9999829497115017,True
triangle,odd,3,sector_mixed,variational,random,15.0,30.0,20.0,3.0,0.110667222060843,5983.0,3.438102300046012,0.63671875,2.206127310886663e-06,6.559509195008806e-06,2.549259913057161e-06,1.6981658186865367e-05,2.8032056712067133e-06,2.0428407102451862e-05,0.04052596256270554,2.4223349529727347e-12,4.101266233631188e-10,16.0,True,CONVERGENCE: RELATIVE REDUCTION OF F <= FACTR*EPSMCH,4.101266233631188e-10,0.00013856369667402126,0.0002135162746531175,0.00013856369667402126,-1.491177799912421,-3.0495854721222564,-4.771311198184631,-5.11360894204879,0.9999932487658532,True,0.999993136347838,True,0.9999929778029227,True
triangle,odd,3,sector_mixed,variational,random,16.0,30.0,20.0,3.0,0.3193791795388593,13237.0,12.941054700000677,0.63671875,0.0001631679787899336,0.0005195982246338493,0.00017817572127832725,0.0009883665735817282,0.0001894765578089964,0.0011261078076064968,0.03483347074646148,1.0246201193528803e-10,2.6972124010881456e-08,16.0,True,CONVERGENCE: RELATIVE REDUCTION OF F <= FACTR*EPSMCH,2.6972124010881456e-08,3.0458809262150868e-05,3.59501887295777e-05,3.0458809262150868e-05,-1.2960566162661862,-2.724001546099577,-1.248273068838102,-1.3544516802563944,0.9986331424089232,False,0.9985118837485067,False,0.9984214152419766,False
triangle,odd,3,sector_mixed,variational,random,17.0,30.0,20.0,3.0,0.27831185518331536,5115.0,6.2144852000055835,0.63671875,2.2121087198924737e-06,5.935516855182232e-06,2.54395047407085e-06,1.606877242893434e-05,2.790651606930972e-06,1.9438768000673567e-05,0.040527362819518825,4.587298811286199e-14,4.101670531842714e-10,16.0,True,CONVERGENCE: RELATIVE REDUCTION OF F <= FACTR*EPSMCH,4.101670531842714e-10,3.0265905340094637e-07,4.848072711536157e-07,3.0265905340094637e-07,-1.2822841779987022,-2.982829982562525,-0.5849585770291147,-1.6663656854065254,0.9999931982237381,True,0.9999931811282216,True,0.9999930834928735,True
triangle,odd,3,sector_mixed,variational,random,18.0,30.0,20.0,3.0,0.30195499249223356,3627.0,4.007888699998148,0.63671875,1.9558238805125682e-06,6.955679364817335e-06,2.3832279669787223e-06,1.7516245188337054e-05,2.686871196945214e-06,2.0979299573814503e-05,0.04053304452938737,6.579086846508512e-14,4.0915569234611484e-10,16.0,True,CONVERGENCE: RELATIVE REDUCTION OF F <= FACTR*EPSMCH,4.0915569234611484e-10,6.779701181203889e-07,8.357025887369317e-07,6.779701181203889e-07,-1.248911789762966,-1.8580950837881076,-1.2206727995491748,-1.0806861323064128,0.9999953637967358,True,0.9999945366792562,True,0.9999939571976901,True
triangle,odd,3,sector_mixed,variational,random,19.0,30.0,20.0,3.0,0.7492046038945914,34782.0,36.579532699950505,0.63671875,0.0002958415921836313,0.0010135875294988161,0.00032552308259450034,0.0018780899059455958,0.00034779750618283827,0.0021308591408548683,0.031064721846828194,9.591191773058261e-12,8.783289488431022e-08,16.0,True,CONVERGENCE: RELATIVE REDUCTION OF F <= FACTR*EPSMCH,8.783289488431022e-08,7.442418290454713e-05,7.59240883519075e-05,7.442418290454713e-05,-0.36100166876580947,1.0420840364562465,-4.402478240190987,-1.5241129849406851,0.9975120679225432,False,0.9972691401422331,False,0.9970885454336808,False
sawtooth,both,3,zero,classical,n/a,,,,,,,,0.63671875,0.2542034230144025,0.4375,0.25460107855890185,0.439453125,0.25499311094653787,0.43994140625,0.0,0.0,0.06461938027223926,,,,,,,,,,,,0.0,False,0.0,False,0.0,False
sawtooth,both,3,analytic_truncation,classical,n/a,,,,,,,,0.63671875,0.014416912376238909,0.04793586902909952,0.014520667214818574,0.048894565008462454,0.014622844542776242,0.048845335598662,0.12183781350686289,0.03869005256141791,0.00020784896774281127,,,,,,,,,,,,0.9435597502691754,False,0.9432925539752752,False,0.9430164576180161,False
sawtooth,both,3,ols_full,classical,n/a,,,,,,,,0.63671875,7.377099839066828e-05,0.0002562894482633915,8.785943510548279e-05,0.0007803766338790874,9.799690967506744e-05,0.0009515464752347658,0.10811256830990615,0.02972600930485628,6.820545979703608e-09,,,,,,,,,,,,1.0000000014765509,True,1.000000054746955,True,1.000000087778831,True
sawtooth,both,3,ols_odd,classical,n/a,,,,,,,,0.63671875,0.119291103100443,0.2604289843795918,0.11960802373301604,0.27617231090644656,0.11989891741461711,0.28014374443380385,0.9088415649539545,0.0,0.014230376367336171,,,,,,,,,,,,0.5308798837243285,False,0.5303970563143255,False,0.5299991955545835,False
sawtooth,both,3,ols_even,classical,n/a,,,,,,,,0.63671875,0.2265731332702895,0.3416186870529153,0.22695474531514184,0.35992381959505204,0.2273139644335825,0.36453793332413725,0.0,0.07779958553984076,0.05133538549791222,,,,,,,,,,,,0.10872517065883229,False,0.1086243569292378,False,0.10859034723825871,False
sawtooth,both,3,ridge_full,classical,n/a,,,,,,,,0.63671875,7.377137362602021e-05,0.0002561421234030803,8.787336892844491e-05,0.000779952246700466,9.801928406820242e-05,0.0009510396549159417,0.10810106369967533,0.02972643902879757,6.8204905939546e-09,,,,,,,,,,,,1.0,True,1.0,True,1.0,True
sawtooth,both,3,ridge_odd,classical,n/a,,,,,,,,0.63671875,0.11929110310829752,0.26042903132694745,0.11960801222001793,0.2761720925352153,0.11989889669615329,0.2801434593750762,0.9084667325992808,0.0,0.014230376365461796,,,,,,,,,,,,0.5308798836934209,False,0.530397101549692,False,0.5299992768369013,False
sawtooth,both,3,ridge_even,classical,n/a,,,,,,,,0.63671875,0.2265731332703019,0.3416187070381377,0.22695474502553645,0.3599238258641112,0.22731396391931716,0.36453793601823437,0.0,0.07779845974765917,0.05133538549790659,,,,,,,,,,,,0.10872517065878347,False,0.10862435806711744,False,0.10859034925581561,False
sawtooth,both,3,spherical_full,classical_null,random,0.0,17.0,,,,4104.0,,0.63671875,7.377417745280945e-05,0.0002573579228084544,8.790002446566625e-05,0.0007814116537955274,9.806071638008442e-05,0.0009525523208597231,0.10809950389348638,0.029726475789751988,6.820889055671002e-09,,,,,,,,,,,,0.9999999889669436,True,0.9999998952685493,True,0.9999998374534732,True
sawtooth,both,3,spherical_full,classical_null,random,1.0,17.0,,,,2394.0,,0.63671875,7.377515226749022e-05,0.0002552295473728927,8.787336464963159e-05,0.0007788775260786363,9.801698666376095e-05,0.0009499196998581372,0.10808756969858054,0.02972670066731668,6.82091579575034e-09,,,,,,,,,,,,0.9999999851310485,True,1.0000000000168119,True,1.0000000090131371,True
sawtooth,both,3,spherical_full,classical_null,random,2.0,17.0,,,,2376.0,,0.63671875,0.00012618679974383453,0.0007306189312349387,0.00015162960249959855,0.0012912646666140004,0.0001697115180792131,0.0014563876098260264,0.10536807893632892,0.029631561827028172,1.727310483722417e-08,,,,,,,,,,,,0.9997937453351885,True,0.9997494973452417,True,0.9997187382717203,True
sawtooth,both,3,spherical_full,classical_null,random,3.0,17.0,,,,1818.0,,0.63671875,0.00033513904022012,0.001324462842034857,0.00037925017493453103,0.002793933000752813,0.00041157930755316384,0.003234086776938039,0.09679654027989905,0.030705043077185936,1.1359319211323408e-07,,,,,,,,,,,,0.9989715184162626,False,0.9988551603607815,False,0.9987698467575824,False
sawtooth,both,3,spherical_full,classical_null,random,4.0,17.0,,,,4410.0,,0.63671875,7.37979147338169e-05,0.00025953649663001954,8.79916125893608e-05,0.0007837493891953984,9.81951631395609e-05,0.0009549342279604467,0.10812750324563977,0.029725228989523535,6.824659541411343e-09,,,,,,,,,,,,0.9999998955607595,True,0.9999995354124717,True,0.9999993099942796,True
sawtooth,both,3,spherical_full,classical_null,random,5.0,17.0,,,,4158.0,,0.63671875,7.377472069868854e-05,0.00025746422874495245,8.791271267613907e-05,0.0007828768202179925,9.808112461935897e-05,0.0009544333572731878,0.10813498253889181,0.029723868816210246,6.821297927720525e-09,,,,,,,,,,,,0.9999999868292714,True,0.999999845415692,True,0.999999757388223,True
sawtooth,both,3,spherical_full,classical_null,random,6.0,17.0,,,,4590.0,,0.63671875,7.441215430767237e-05,0.00027166382169174774,8.906740967865689e-05,0.0008059900234733131,9.956478886160023e-05,0.000979999600324244,0.10822294422351662,0.02970514939039063,6.916449644847915e-09,,,,,,,,,,,,0.9999974785284697,True,0.9999953085312436,True,0.9999939367024163,True
sawtooth,both,3,spherical_full,classical_null,random,7.0,17.0,,,,2448.0,,0.63671875,7.380948917501272e-05,0.0002536073081632062,8.772194536739519e-05,0.000774938158058347,9.774999573135775e-05,0.0009453109632419077,0.10810058096570203,0.029729231856091554,6.826138820494257e-09,,,,,,,,,,,,0.9999998500153415,True,1.0000005949536526,True,1.0000010564673298,True
sawtooth,both,3,spherical_full,classical_null,random,8.0,17.0,,,,5706.0,,0.63671875,7.377365030315051e-05,0.00025709709576854367,8.7913700412693e-05,0.0007807279468362016,9.808336804640954e-05,0.0009517535259099263,0.10809412487817764,0.029726677420610147,6.820759502039418e-09,,,,,,,,,,,,0.9999999910412771,True,0.9999998415348069,True,0.9999997485868489,True
sawtooth,both,3,spherical_full,classical_null,random,9.0,17.0,,,,5058.0,,0.63671875,7.377447132364075e-05,0.0002564654816800682,8.787177112186772e-05,0.0007810081271335534,9.801481176076856e-05,0.0009523188345094691,0.10812090621647677,0.029725008678242324,6.821131768029882e-09,,,,,,,,,,,,0.9999999878105621,True,1.0000000062778929,True,1.0000000175456791,True
sawtooth,both,3,spherical_full,classical_null,random,10.0,17.0,,,,4068.0,,0.63671875,7.395636208228018e-05,0.00024109422413420845,8.757155048311461e-05,0.0007545497190291073,9.741517921371796e-05,0.0009227054732900974,0.10807403100085158,0.029736629654923272,6.8476500990030774e-09,,,,,,,,,,,,0.9999992720705551,True,1.0000011858655629,True,1.000002370013681,True
sawtooth,both,3,spherical_full,classical_null,random,11.0,17.0,,,,4536.0,,0.63671875,7.377777078021463e-05,0.00025661885154409925,8.793389263366101e-05,0.0007812735414952643,9.811355440666446e-05,0.0009525979543191787,0.10809944494899675,0.02972541127854628,6.821408023573322e-09,,,,,,,,,,,,0.9999999748272027,True,0.9999997621981729,True,0.9999996301602443,True
sawtooth,both,3,spherical_full,classical_null,random,12.0,17.0,,,,4788.0,,0.63671875,7.38026513486045e-05,0.0002600850273856148,8.803232450442966e-05,0.0007849667869380128,9.825850044855698e-05,0.0009563417377151384,0.10808457232852196,0.029726999390092445,6.824947063269817e-09,,,,,,,,,,,,0.9999998769221837,True,0.9999993754525395,True,0.9999990615104483,True
sawtooth,both,3,spherical_full,classical_null,random,13.0,17.0,,,,2250.0,,0.63671875,7.377248567307523e-05,0.00025653888521792734,8.789041713007683e-05,0.000780449150999396,9.804633748386853e-05,0.000951565522135267,0.10809914041945652,0.029726545339889394,6.820636499977548e-09,,,,,,,,,,,,0.9999999956240956,True,0.9999999330164357,True,0.9999998938645092,True
sawtooth,both,3,spherical_full,classical_null,random,14.0,17.0,,,,4266.0,,0.63671875,7.378692405386193e-05,0.00025922473910833244,8.8116066205476e-05,0.000783923637044992,9.840366701439853e-05,0.0009552556158126113,0.10807601940800976,0.029724969218713756,6.822520047597623e-09,,,,,,,,,,,,0.9999999388090774,True,0.9999990464255998,True,0.9999984919954963,True
sawtooth,both,3,spherical_full,classical_null,random,15.0,17.0,,,,4536.0,,0.63671875,7.378138776870365e-05,0.0002544218668560916,8.787903341190253e-05,0.000777740735318222,9.802216184366806e-05,0.0009486887983199965,0.10809184825582403,0.02972623595103564,6.82187402314441e-09,,,,,,,,,,,,0.9999999605943556,True,0.9999999777438525,True,0.9999999887099612,True
sawtooth,both,3,spherical_full,classical_null,random,16.0,17.0,,,,4536.0,,0.63671875,7.377734038678267e-05,0.00025532064644451236,8.786041423050586e-05,0.0007782109012006155,9.79947648724763e-05,0.0009490421554420037,0.10809145608615897,0.02972759131179351,6.821286428526717e-09,,,,,,,,,,,,0.9999999765208006,True,1.000000050899905,True,1.0000000961932831,True
sawtooth,both,3,spherical_full,classical_null,random,17.0,17.0,,,,3906.0,,0.63671875,7.377345743241157e-05,0.00025419089275802165,8.779838164309911e-05,0.0007770243435204494,9.789635203500415e-05,0.0009478429577097214,0.1081071835791417,0.029727919659739598,6.820874053920655e-09,,,,,,,,,,,,0.9999999918002233,True,1.0000002946302347,True,1.0000004822848192,True
sawtooth,both,3,spherical_full,classical_null,random,18.0,17.0,,,,4122.0,,0.63671875,7.388763940374734e-05,0.0002556629978875957,8.794209511097153e-05,0.0007778443440144001,9.806055496408767e-05,0.0009484571373252759,0.10802356221942366,0.02973190374538076,6.83693791630624e-09,,,,,,,,,,,,0.9999995424942466,True,0.9999997299700718,True,0.9999998380867375,True
sawtooth,both,3,spherical_full,classical_null,random,19.0,17.0,,,,3312.0,,0.63671875,7.451558084863155e-05,0.00022990134399625273,8.725516947453817e-05,0.000736215475309776,9.655183615997437e-05,0.0009024053994998726,0.1082441500235114,0.02974246485813648,6.932437938025423e-09,,,,,,,,,,,,0.9999970715451038,True,1.0000024289484448,True,1.0000057570661667,True
sawtooth,both,3,spherical_odd,classical_null,random,0.0,9.0,,,,1140.0,,0.63671875,0.11929110311037103,0.26042873639539826,0.11960800905922887,0.27617171513943206,0.11989889082426944,0.2801430615707337,0.9084277166404352,0.0,0.014230376365566337,,,,,,,,,,,,0.5308798836852616,False,0.5303971139686511,False,0.5299992998733741,False
sawtooth,both,3,spherical_odd,classical_null,random,1.0,9.0,,,,1260.0,,0.63671875,0.11929110310749565,0.260429312697652,0.11960801370889107,0.2761723909420061,0.11989889953913731,0.2801437611302072,0.9084922439506817,0.0,0.014230376365525595,,,,,,,,,,,,0.5308798836965763,False,0.5303970956998064,False,0.5299992656833558,False
sawtooth,both,3,spherical_odd,classical_null,random,2.0,9.0,,,,1320.0,,0.63671875,0.11929110310867685,0.2604289023868905,0.1196080113221499,0.27617196895952617,0.11989889499472489,0.2801433372224374,0.9084594505440315,0.0,0.014230376365479478,,,,,,,,,,,,0.5308798836919282,False,0.5303971050774776,False,0.5299992835119156,False
sawtooth,both,3,spherical_odd,classical_null,random,3.0,9.0,,,,1450.0,,0.63671875,0.11929110310896096,0.2604291701717115,0.11960801302024789,0.2761722700738029,0.11989889822062022,0.28014364571662925,0.9084552755239935,0.0,0.014230376365505512,,,,,,,,,,,,0.5308798836908103,False,0.5303970984055332,False,0.5299992708561391,False
sawtooth,both,3,spherical_odd,classical_null,random,4.0,9.0,,,,1180.0,,0.63671875,0.1192911031092872,0.2604290547632377,0.11960801190214877,0.27617207725181275,0.11989889614522349,0.28014343513337386,0.9084473486309674,0.0,0.014230376365504078,,,,,,,,,,,,0.5308798836895265,False,0.530397102798622,False,0.5299992789982996,False
sawtooth,both,3,spherical_odd,classical_null,random,5.0,9.0,,,,1380.0,,0.63671875,0.11929110310829356,0.2604287332036965,0.11960801200976126,0.27617172842944476,0.11989889616189518,0.2801430788437025,0.9084777953918467,0.0,0.014230376365571482,,,,,,,,,,,,0.5308798836934365,False,0.5303971023758051,False,0.5299992789328933,False
sawtooth,both,3,spherical_odd,classical_null,random,6.0,9.0,,,,870.0,,0.63671875,0.11929110310734813,0.260428924348881,0.11960801182311372,0.2761720356168229,0.11989889589693054,0.2801434153990984,0.9084952345475071,0.0,0.014230376365520306,,,,,,,,,,,,0.5308798836971567,False,0.5303971031091562,False,0.5299992799723982,False
sawtooth,both,3,spherical_odd,classical_null,random,7.0,9.0,,,,560.0,,0.63671875,0.1193496629441351,0.26004003447843294,0.1196451554729563,0.27506545344973615,0.11991867473242811,0.27885766210231416,0.21290343411437235,0.0,0.014244344173912996,,,,,,,,,,,,0.5306494507806951,False,0.5302511631379282,False,0.5299216839882284,False
sawtooth,both,3,spherical_odd,classical_null,random,8.0,9.0,,,,1380.0,,0.63671875,0.11929110310897519,0.26042907890429423,0.11960801171161728,0.276172149910847,0.11989889579764752,0.280143518846293,0.9084522230323813,0.0,0.01423037636547838,,,,,,,,,,,,0.5308798836907543,False,0.5303971035472334,False,0.5299992803619036,False
sawtooth,both,3,spherical_odd,classical_null,random,9.0,9.0,,,,1040.0,,0.63671875,0.11929110310825028,0.26042879748976067,0.11960801216107597,0.2761718309715255,0.11989889645941681,0.2801431924041705,0.9084762145617193,0.0,0.014230376365545345,,,,,,,,,,,,0.5308798836936068,False,0.5303971017812791,False,0.5299992777656617,False
sawtooth,both,3,spherical_odd,classical_null,random,10.0,9.0,,,,1030.0,,0.63671875,0.11929110310880967,0.2604289630761156,0.11960801176444567,0.27617201877458675,0.11989889583564861,0.28014338427041335,0.9084550015700958,0.0,0.014230376365466675,,,,,,,,,,,,0.5308798836914056,False,0.5303971033396669,False,0.5299992802128183,False
sawtooth,both,3,spherical_odd,classical_null,random,11.0,9.0,,,,1090.0,,0.63671875,0.11929110310888104,0.2604289311508612,0.11960801103655981,0.2761719547200319,0.11989889450439713,0.2801433125298347,0.9084553887146146,0.0,0.014230376365487575,,,,,,,,,,,,0.5308798836911248,False,0.5303971061995808,False,0.5299992854355611,False
sawtooth,both,3,spherical_odd,classical_null,random,12.0,9.0,,,,1080.0,,0.63671875,0.11929110310955812,0.26042887897216654,0.1196080109944772,0.27617190288072807,0.11989889440101939,0.2801432607382731,0.9084387398592543,0.0,0.014230376365482626,,,,,,,,,,,,0.5308798836884604,False,0.5303971063649263,False,0.5299992858411308,False
sawtooth,both,3,spherical_odd,classical_null,random,13.0,9.0,,,,1500.0,,0.63671875,0.11929110310808339,0.2604288769060228,0.11960801163185966,0.276171970901303,0.11989889553303212,0.28014334607074626,0.9084735842544273,0.0,0.014230376365479223,,,,,,,,,,,,0.5308798836942635,False,0.5303971038606066,False,0.529999281400038,False
sawtooth,both,3,spherical_odd,classical_null,random,14.0,9.0,,,,1200.0,,0.63671875,0.11929110310705011,0.260429229217162,0.11960801427859902,0.2761723715200365,0.11989890051488207,0.2801437582917822,0.9085016679081426,0.0,0.014230376365513542,,,,,,,,,,,,0.5308798836983295,False,0.5303970934613844,False,0.5299992618553309,False
sawtooth,both,3,spherical_odd,classical_null,random,15.0,9.0,,,,1320.0,,0.63671875,0.11929110310829984,0.2604290676907321,0.11960801205185607,0.2761720778071613,0.11989889641909057,0.2801434325514867,0.9084728611714655,0.0,0.014230376365523635,,,,,,,,,,,,0.5308798836934119,False,0.5303971022104117,False,0.5299992779238689,False
sawtooth,both,3,spherical_odd,classical_null,random,16.0,9.0,,,,1240.0,,0.63671875,0.11929110310864618,0.26042838569674975,0.1196080098043129,0.27617136275735865,0.11989889197375474,0.2801427111422099,0.9084739540102674,0.0,0.014230376365617197,,,,,,,,,,,,0.5308798836920489,False,0.5303971110411643,False,0.5299992953637332,False
sawtooth,both,3,spherical_odd,classical_null,random,17.0,9.0,,,,980.0,,0.63671875,0.11929110311125386,0.2604291576149575,0.11960801557309259,0.276172192432954,0.11989890284886107,0.28014355515794354,0.9084685655731082,0.0,0.014230376366185458,,,,,,,,,,,,0.5308798836817877,False,0.5303970883752296,False,0.529999252698705,False
sawtooth,both,3,spherical_odd,classical_null,random,18.0,9.0,,,,1530.0,,0.63671875,0.1192911031101684,0.26042953990531925,0.11960801376144387,0.2761725890103851,0.11989889978879735,0.2801439512407378,0.9084316743812001,0.0,0.014230376365557573,,,,,,,,,,,,0.5308798836860591,False,0.5303970954933228,False,0.5299992647038937,False
sawtooth,both,3,spherical_odd,classical_null,random,19.0,9.0,,,,1010.0,,0.63671875,0.11929110310929567,0.26042908956803923,0.119608011328856,0.27617210612495274,0.11989889512124456,0.2801434612270145,0.9084488612868309,0.0,0.014230376365521224,,,,,,,,,,,,0.5308798836894932,False,0.5303971050511289,False,0.5299992830155558,False
sawtooth,both,3,spherical_sector,classical_null,random,0.0,18.0,,,,3800.0,,0.63671875,7.400127584863626e-05,0.0002559237275814308,8.860984139381407e-05,0.0007793751991267417,9.907407046756061e-05,0.0009503455135436711,0.10790781600425052,0.029729550654984453,6.852562493818306e-09,,,,,,,,,,,,0.9999990953349163,True,0.9999971063487068,True,0.9999958618803035,True
sawtooth,both,3,spherical_sector,classical_null,random,1.0,18.0,,,,4313.0,,0.63671875,7.37802769831297e-05,0.00026115788112746063,8.807471982886085e-05,0.0007877596672009601,9.834073470735726e-05,0.0009596344941250612,0.10811133182493654,0.02972316836592742,6.821874273615978e-09,,,,,,,,,,,,0.9999999649652961,True,0.9999992088783753,True,0.9999987388904311,True
sawtooth,both,3,spherical_sector,classical_null,random,2.0,18.0,,,,7562.0,,0.63671875,7.44030411074503e-05,0.0002753677313305225,8.888988821100966e-05,0.0008127366012014026,9.928339081899409e-05,0.0009876398986674029,0.10836903584051442,0.0297016271090938,6.916519155533022e-09,,,,,,,,,,,,0.999997514388906,True,0.9999960060253779,True,0.9999950406783334,True
sawtooth,both,3,spherical_sector,classical_null,random,3.0,18.0,,,,5301.0,,0.63671875,7.380505140104115e-05,0.0002610383138307304,8.821772535194782e-05,0.0007872946907114264,9.85570960248374e-05,0.0009590307615639504,0.1080523891207066,0.029724778778269012,6.824957291300083e-09,,,,,,,,,,,,0.9999998674779791,True,0.9999986469997766,True,0.9999978900654652,True
sawtooth,both,3,spherical_sector,classical_null,random,4.0,18.0,,,,8531.0,,0.63671875,7.385546403134718e-05,0.00026980387351238644,8.859296596157377e-05,0.0008030238870138096,9.913470943945e-05,0.000976757924222027,0.10810143807413161,0.029715718332350635,6.832801131350439e-09,,,,,,,,,,,,0.9999996691043144,True,0.999997172653448,True,0.9999956239825414,True
sawtooth,both,3,spherical_sector,classical_null,random,5.0,18.0,,,,8379.0,,0.63671875,7.86118595777091e-05,0.00020820663062992573,9.06235808343975e-05,0.000676637503577604,9.9494297505277e-05,0.0008344900733087135,0.10785007809964765,0.0297706232659317,7.556031479921248e-09,,,,,,,,,,,,0.9999809526911936,True,0.9999891942270583,True,0.9999942132528821,True
sawtooth,both,3,spherical_sector,classical_null,random,6.0,18.0,,,,8056.0,,0.63671875,7.385406645728172e-05,0.0002534909087597015,8.789943524416137e-05,0.0007766337779850363,9.801076733878361e-05,0.0009475434900236834,0.10813235696453051,0.029724456861814887,6.83299127054004e-09,,,,,,,,,,,,0.9999996746037674,True,0.9999998975836413,True,1.000000033412685,True
sawtooth,both,3,spherical_sector,classical_null,random,7.0,18.0,,,,4484.0,,0.63671875,7.406275539883895e-05,0.0002307696324986841,8.673819006979181e-05,0.0007428495021478687,9.599145889331622e-05,0.000910757777873139,0.10825508646537166,0.029742515729828483,6.865267759220249e-09,,,,,,,,,,,,0.9999988534129294,True,1.0000044601963103,True,1.000007955528534,True
sawtooth,both,3,spherical_sector,classical_null,random,8.0,18.0,,,,9291.0,,0.63671875,7.378604338097675e-05,0.00025182190913347613,8.777035325048711e-05,0.0007754904202122992,9.784293289896139e-05,0.0009465611153773867,0.10810329864573015,0.029726426237203365,6.822677446648719e-09,,,,,,,,,,,,0.9999999422745246,True,1.0000004047557294,True,1.0000006918578468,True
sawtooth,both,3,spherical_sector,classical_null,random,9.0,18.0,,,,9690.0,,0.63671875,7.378920406707127e-05,0.0002578520496997472,8.797081976250599e-05,0.0007814097934600306,9.816673385537168e-05,0.0009524138294929041,0.10808137936908807,0.029726600222281106,6.822926432765579e-09,,,,,,,,,,,,0.999999929837227,True,0.9999996171089276,True,0.9999994215275539,True
sawtooth,both,3,spherical_sector,classical_null,random,10.0,18.0,,,,6346.0,,0.63671875,7.431610491225099e-05,0.0002793722254213482,8.929678790718833e-05,0.0008207508766781002,9.999676243360751e-05,0.000996858849738047,0.10820163735207089,0.029709048898066616,6.9019903118300705e-09,,,,,,,,,,,,0.9999978564827727,True,0.9999944072883068,True,0.9999922419911953,True
sawtooth,both,3,spherical_sector,classical_null,random,11.0,18.0,,,,4674.0,,0.63671875,7.445523537471302e-05,0.0003042391133743494,9.063488994061466e-05,0.0008611132394424903,0.0001020698970108204,0.0010415087061230177,0.10816658698052758,0.029684929141144727,6.922097235920641e-09,,,,,,,,,,,,0.9999973090045012,True,0.9999891497927973,True,0.9999841087056004,True
sawtooth,both,3,spherical_sector,classical_null,random,12.0,18.0,,,,5472.0,,0.63671875,7.479295228193938e-05,0.00021586646218091365,8.718661742566753e-05,0.0006972887393240645,9.6269445705028e-05,0.0008592889409227977,0.10783484028312325,0.029775438883632845,6.9700885027160225e-09,,,,,,,,,,,,0.9999959800887093,True,1.0000026982941896,True,1.0000068649354987,True
sawtooth,both,3,spherical_sector,classical_null,random,13.0,18.0,,,,3914.0,,0.63671875,7.392525811874222e-05,0.0002510982467845979,8.752564343188519e-05,0.0007705896494291098,9.73596330453723e-05,0.0009404476469769829,0.10819603909468954,0.02972917383799217,6.8441959172494806e-09,,,,,,,,,,,,0.9999993944646297,True,1.0000013662375447,True,1.000002587931445,True
sawtooth,both,3,spherical_sector,classical_null,random,14.0,18.0,,,,6403.0,,0.63671875,7.380971182789238e-05,0.00025161710492238587,8.777836634652568e-05,0.0007710194976744966,9.784137867035534e-05,0.0009408187418801228,0.10802131368216301,0.02973317791640988,6.825418476102245e-09,,,,,,,,,,,,0.9999998491392026,True,1.0000003732717202,True,1.0000006979553695,True
sawtooth,both,3,spherical_sector,classical_null,random,15.0,18.0,,,,5263.0,,0.63671875,0.0005701163963749316,0.0017923642768685744,0.0006262337730309625,0.0035542221668432017,0.0006682714415484633,0.004140268104489642,0.09641722874492326,0.032421702450508114,3.2632109472749243e-07,,,,,,,,,,,,0.9980468826854942,False,0.9978847447082337,False,0.9977627966322892,False
sawtooth,both,3,spherical_sector,classical_null,random,16.0,18.0,,,,3287.0,,0.63671875,7.377887130490004e-05,0.0002560337586462458,8.792507938476484e-05,0.0007794348758337621,9.809876505741215e-05,0.0009504154581650992,0.10810069972126482,0.02972643401161911,6.821593188353841e-09,,,,,,,,,,,,0.9999999704966389,True,0.9999997968260379,True,0.9999996881815626,True
sawtooth,both,3,spherical_sector,classical_null,random,17.0,18.0,,,,2869.0,,0.63671875,0.00011855643987538312,0.00045975362620193083,0.00013656116164406304,0.001011695918029465,0.00014969607124866097,0.0011788630394997113,0.10400471492934453,0.02999451847841348,1.5395621770002913e-08,,,,,,,,,,,,0.99982377079589,True,0.9998087022923653,True,0.9997972625253653,True
sawtooth,both,3,spherical_sector,classical_null,random,18.0,18.0,,,,8303.0,,0.63671875,7.3902634149912e-05,0.00025903617907641063,8.803849367622903e-05,0.0007814597241945775,9.820731239328347e-05,0.0009520892804278924,0.10801835598870083,0.02973025790205244,6.839085473203272e-09,,,,,,,,,,,,0.9999994834899311,True,0.9999993512134365,True,0.9999992623305383,True
sawtooth,both,3,spherical_sector,classical_null,random,19.0,18.0,,,,4294.0,,0.63671875,7.38331482488478e-05,0.00026316316957530894,8.829046917368529e-05,0.0007899749368204256,9.865847690457198e-05,0.0009618815932308511,0.10804862165898725,0.029724880216221918,6.829068799088429e-09,,,,,,,,,,,,0.9999997569169028,True,0.9999983611842658,True,0.9999974923297574,True
sawtooth,both,3,generic,variational,random,0.0,30.0,26.0,3.0,0.1885538082676732,22010.0,23.888435300032143,0.63671875,0.00016641572476685756,0.000612167695750121,0.00019069661266562173,0.001470769781615755,0.00020838492281379453,0.0017383757018538115,0.11609167473062323,0.029255517339171873,2.9147665370376435e-08,16.0,True,CONVERGENCE: RELATIVE REDUCTION OF F <= FACTR*EPSMCH,2.9147665370376435e-08,0.8114461917323268,0.9318160283503126,0.8114461917323268,-0.4786647674635872,-3.29615031208465,-1.6727273644268168,-2.97365986160799,0.9996354445435915,True,0.9995960003581723,False,0.9995670154414283,False
sawtooth,both,3,generic,variational,random,1.0,30.0,26.0,3.0,0.5575080729084214,54777.0,41.618902900023386,0.63671875,0.0007824912790193599,0.003809354954420918,0.0008597612061156686,0.00677416257776059,0.0009181098447313791,0.007629240129320647,0.11624056746331402,0.026669673270158498,6.137217041486885e-07,16.0,True,CONVERGENCE: RELATIVE REDUCTION OF F <= FACTR*EPSMCH,6.137217041486885e-07,0.21059893219335651,0.2612321176013827,0.21059893219335651,1.6952341777684257,-3.5229061784145292,-0.3508236283922943,-3.7507958157257257,0.9972111876720504,False,0.9969671992594212,False,0.9967826349447751,False
sawtooth,both,3,generic,variational,random,2.0,30.0,26.0,3.0,0.24361847748163012,14539.0,12.688543099968228,0.63671875,0.00020056184962993014,0.0006709787243732723,0.00022771650902503513,0.0016019985420759886,0.00024760056070592863,0.0018909732085428677,0.11837656523756723,0.02917051327493349,4.1700526312103714e-08,16.0,True,CONVERGENCE: RELATIVE REDUCTION OF F <= FACTR*EPSMCH,4.1700526312103714e-08,0.7204165956691523,0.8080111753797085,0.7204165956691523,-0.8363987587942555,-3.1587986270338377,-1.5531756285330218,-1.760925853347068,0.9995010795663345,False,0.9994505466229456,False,0.9994131653314227,False
sawtooth,both,3,generic,variational,random,3.0,30.0,26.0,3.0,0.728106074315713,28334.0,23.453589599987026,0.63671875,0.0017690358161923548,0.006144471408616292,0.001855517423140007,0.00974820695783718,0.0019254066973670729,0.010776519751231839,0.10541024388970012,0.02605836089247758,3.130802405019173e-06,16.0,True,CONVERGENCE: RELATIVE REDUCTION OF F <= FACTR*EPSMCH,3.130802405019173e-06,0.27189392568428705,0.3370125564303448,0.27189392568428705,2.1583095862578423,-1.564199074615276,-0.6100708984546614,-3.3629744110301516,0.9933291356139634,False,0.9930548041588171,False,0.9928308254137798,False
sawtooth,both,3,generic,variational,random,4.0,30.0,26.0,3.0,0.4525270399277893,62806.0,43.61123380000936,0.63671875,0.0044608653857350425,0.025123469667523157,0.004977921336285243,0.04156962034000411,0.005364726556990663,0.046223009001943094,0.481455337740875,0.02740932848219104,1.990440863631128e-05,16.0,True,CONVERGENCE: RELATIVE REDUCTION OF F <= FACTR*EPSMCH,1.990440863631128e-05,0.5474729600722107,0.6531652520733131,0.5474729600722107,2.7132658115404027,2.1263391175132433,-1.377039490807584,-1.3432877613141698,0.98273678815603,False,0.9807866630585759,False,0.9793377454286307,False
sawtooth,both,3,generic,variational,random,5.0,30.0,26.0,3.0,0.6748203911200186,43462.0,29.82496820000233,0.63671875,0.00012262263692289801,0.0005434753915374291,0.00014760434662283028,0.0010794784002787772,0.00016524222896554985,0.00123901410677979,0.10478326118965138,0.029637995529646462,1.6380523653117853e-08,16.0,True,CONVERGENCE: RELATIVE REDUCTION OF F <= FACTR*EPSMCH,1.6380523653117853e-08,0.3251796088799814,0.4786013225189673,0.3251796088799814,0.17665586210032524,-3.1613008638096445,-0.7590962931895737,-3.3165828909022688,0.9998077703133755,True,0.9997653128542003,True,0.9997362721092082,True
sawtooth,both,3,generic,variational,random,6.0,30.0,26.0,3.0,0.3081790898336315,35402.0,24.28935040003853,0.63671875,9.990058910418816e-05,0.00028214920329505677,0.00011125300002251023,0.0008289572785663002,0.00011983091563638038,0.0010158758262436285,0.11147747103999901,0.029645483801125277,1.1391357251775081e-08,16.0,True,CONVERGENCE: RELATIVE REDUCTION OF F <= FACTR*EPSMCH,1.1391357251775081e-08,0.6458793386266268,0.7294844679118415,0.6458793386266268,-0.7895411832364486,-3.3317211013063597,-1.4422750649432634,-1.705299097631467,0.9998971815555191,True,0.9999081398111481,True,0.9999144289855646,True
sawtooth,both,3,generic,variational,random,7.0,30.0,26.0,3.0,0.197112866911889,31527.0,20.48915229999693,0.63671875,0.00018130774424438,0.0006876664315095815,0.00020704206686369622,0.0016171709363730358,0.00022581221153445926,0.0019052806059653427,0.11672207756303293,0.029174239354614866,3.4331461292161995e-08,16.0,True,CONVERGENCE: RELATIVE REDUCTION OF F <= FACTR*EPSMCH,3.4331461292161995e-08,0.3715426948066468,0.4181689189711651,0.3715426948066468,-0.9049373254979324,-3.17508018248206,-0.8913138138451103,-1.478910483628455,0.9995768444574491,False,0.9995317779372341,False,0.9994986450047636,False
sawtooth,both,3,generic,variational,random,8.0,30.0,26.0,3.0,0.21587525098169658,26691.0,18.67721390002407,0.63671875,7.402383834727718e-05,0.00024023588816901587,8.724420005800996e-05,0.0007528269494199158,9.684167915219263e-05,0.0009208046438725082,0.10813160073257844,0.029744500753639155,6.858289658525999e-09,16.0,True,CONVERGENCE: RELATIVE REDUCTION OF F <= FACTR*EPSMCH,6.858289658525999e-09,0.25455418895071175,0.289393955974251,0.25455418895071175,-0.9382479681193314,-0.9123912935755061,-0.5113951593682466,-1.1695340377978183,0.9999990065515,True,1.0000024720480416,True,1.0000046199591697,True
sawtooth,both,3,generic,variational,random,9.0,30.0,26.0,3.0,0.4537605044608485,17515.0,9.859500299964566,0.63671875,0.00028544850023176123,0.0008924104535493749,0.0003176380526938488,0.0017496379477114354,0.00034155725004368767,0.002010878866308574,0.10037698044954364,0.029420095312883025,8.277881704218607e-08,16.0,True,CONVERGENCE: RELATIVE REDUCTION OF F <= FACTR*EPSMCH,8.277881704218607e-08,0.2144146502096284,0.24849036428731994,0.2144146502096284,-0.6093225160215375,-3.6703243004256976,-0.34106540348741626,-1.7271437973599304,0.9991670506560762,False,0.9990972386537119,False,0.9990445560783965,False
sawtooth,both,3,generic,variational,random,10.0,30.0,26.0,3.0,0.24766157005888878,34689.0,20.378961500013247,0.63671875,0.00020166073274545534,0.0009624023383568714,0.00023311207921806389,0.002068569080377114,0.00025584815933304213,0.0024057634467384847,0.11618603921949763,0.02895259259491751,4.211843744957812e-08,16.0,True,CONVERGENCE: RELATIVE REDUCTION OF F <= FACTR*EPSMCH,4.211843744957812e-08,0.514678193904633,0.6948623695800301,0.514678193904633,-0.8418499753888032,-3.4281478515634123,-1.2191496688872117,-3.705325618308659,0.9994967554620496,False,0.9994293470541884,False,0.9993808084956228,False
sawtooth,both,3,generic,variational,random,11.0,30.0,26.0,3.0,0.3020744296047422,34131.0,20.304738999984693,0.63671875,0.011250062996362041,0.04660313626271834,0.01171057563468559,0.0525648474444797,0.0121106772112139,0.05399854580894592,0.09625065911362797,0.02634632925184231,0.00012656514339199812,16.0,True,CONVERGENCE: RELATIVE REDUCTION OF F <= FACTR*EPSMCH,0.00012656514339199812,0.6979255703952578,0.903271809797143,0.6979255703952578,0.47817510552764775,4.7562877299577515,0.06662484314542279,-4.413289017403169,0.9560213003458006,False,0.9543335983015824,False,0.952872148895465,False
sawtooth,both,3,generic,variational,random,12.0,30.0,26.0,3.0,0.5517285928463304,45353.0,29.00713879999239,0.63671875,0.00022717837799988747,0.0008738312043831131,0.00025800948366933713,0.001971924151179527,0.0002805543794323135,0.0023082957409066296,0.11898440125950861,0.02893399559032445,5.308919939915808e-08,16.0,True,CONVERGENCE: RELATIVE REDUCTION OF F <= FACTR*EPSMCH,5.308919939915808e-08,0.3112857958672825,0.3832869427604389,0.3112857958672825,-0.3091569007559642,-2.502589304210118,-0.16018466502611386,-3.5287146906790565,0.9993963435459678,False,0.9993315234287593,False,0.9992838814816968,False
sawtooth,both,3,generic,variational,random,13.0,30.0,26.0,3.0,0.5932902990026794,33480.0,22.542608999996446,0.63671875,0.0002297450423955604,0.000850976509417456,0.00025695843322116733,0.0018783310096847639,0.00027708215867388626,0.002187881782407808,0.09973842409904343,0.030392212425833884,5.4084090870586616e-08,16.0,True,CONVERGENCE: RELATIVE REDUCTION OF F <= FACTR*EPSMCH,5.4084090870586616e-08,0.09192140176334665,0.10503853518943816,0.09192140176334665,-0.3646767749697596,-1.2208847809776031,0.5076730268953032,0.35648881418221945,0.999386243723381,False,0.9993356530787214,False,0.9992975036379171,False
sawtooth,both,3,generic,variational,random,14.0,30.0,26.0,3.0,0.7499787618778577,75299.0,53.41242880001664,0.63671875,0.0008034522802397822,0.0036751553590033126,0.0008767010178666984,0.00642066223840887,0.0009322453539803079,0.0072094984777169024,0.1028091122079523,0.02699909696279239,6.46833648714213e-07,16.0,True,CONVERGENCE: RELATIVE REDUCTION OF F <= FACTR*EPSMCH,6.46833648714213e-07,0.025987896323959286,0.04774931610648364,0.025987896323959286,1.0441533506469443,-4.129928384487624,1.7612391422425133,-2.5212106292260805,0.9971287061470293,False,0.9969006415665174,False,0.9967271787602064,False
sawtooth,both,3,generic,variational,random,15.0,30.0,26.0,3.0,0.1796305223029352,17639.0,11.82202869997127,0.63671875,0.00017423459518234828,0.0006342606146070295,0.00020154424191731168,0.0015264284995358812,0.00022132062100830335,0.0018037242884447746,0.11578416094013073,0.02927022833916434,3.180823805114974e-08,16.0,True,CONVERGENCE: RELATIVE REDUCTION OF F <= FACTR*EPSMCH,3.180823805114974e-08,0.8203694776970648,0.9213996170803156,0.8203694776970648,-0.9172092142957924,-3.2585119972151775,-1.6816344018676308,-2.0420876589976142,0.9996046772940202,False,0.999553379271995,False,0.9995162663347658,False
sawtooth,both,3,generic,variational,random,16.0,30.0,26.0,3.0,0.25383757290182674,29822.0,18.008670900017023,0.63671875,0.007569938065599439,0.03990242433087082,0.008251672799792765,0.05886410529120922,0.008777426326988797,0.06410786103756216,0.14223748569483893,0.021992183313269208,5.730560461370146e-05,16.0,True,CONVERGENCE: RELATIVE REDUCTION OF F <= FACTR*EPSMCH,5.730560461370146e-05,0.4475560140501599,0.5916545610818056,0.4475560140501599,-1.0072900883625564,3.6624926453896633,-1.2545820432656403,-1.823165999489446,0.970502589353211,False,0.9679238669570378,False,0.9659491009171185,False
sawtooth,both,3,generic,variational,random,17.0,30.0,26.0,3.0,0.4592557188505847,20119.0,13.545736899948679,0.63671875,9.795353935130154e-05,0.0003674280047346601,0.00011714447588334827,0.000966067949561944,0.0001307804938089536,0.0011575786195685556,0.10697430936440191,0.02960925242462362,1.0960731489337235e-08,16.0,True,CONVERGENCE: RELATIVE REDUCTION OF F <= FACTR*EPSMCH,1.0960731489337235e-08,0.15850582488154843,0.19141545088490977,0.15850582488154843,-0.5744803650185966,-2.312345882981015,-0.040247826723346695,-1.8212308394402215,0.9999048431949237,True,0.9998849917946967,True,0.999871471790504,True
sawtooth,both,3,generic,variational,random,18.0,30.0,26.0,3.0,0.8753960373174332,56420.0,36.75451900000917,0.63671875,0.0014345632972380942,0.007013863807387222,0.0015667635975819283,0.011548562786049044,0.0016672004287861034,0.01283614021355095,0.1435364573661787,0.02496525680449295,2.059656870924339e-06,16.0,True,CONVERGENCE: RELATIVE REDUCTION OF F <= FACTR*EPSMCH,2.059656870924339e-06,0.12460396268256678,0.16187048226031703,0.12460396268256678,2.3887287886247233,3.1351520516534817,0.1381467067213423,-2.044574072686527,0.9946452847401861,False,0.9941893379262988,False,0.9938438157656022,False
sawtooth,both,3,generic,variational,random,19.0,30.0,26.0,3.0,0.5505744886327016,33325.0,19.992087899998296,0.63671875,0.000580614707652965,0.0022682044177195215,0.0006234890032291991,0.0042288681794119265,0.0006561832332960338,0.004801029045024885,0.12003478768027182,0.02784451916348627,3.385922318113755e-07,16.0,True,CONVERGENCE: RELATIVE REDUCTION OF F <= FACTR*EPSMCH,3.385922318113755e-07,0.44942551136729836,0.7127494174678588,0.44942551136729836,1.3331412318871665,-2.874834756217541,-1.100061053150203,-4.5308399534640795,0.9980055718380183,False,0.9978955290987714,False,0.9978102208811187,False
sawtooth,both,3,equivariant,variational,random,0.0,30.0,18.0,2.0,0.7355387625579876,9548.0,6.849178200005554,0.63671875,0.1192911031208205,0.26042918280918426,0.119608005118232,0.27617208065718146,0.1198988839776143,0.28014340608723476,0.9082389833182107,0.0,0.014230376366172063,8.0,True,CONVERGENCE: RELATIVE REDUCTION OF F <= FACTR*EPSMCH,0.014230376366172063,0.0,0.0,0.0,0.8276086980298433,0.18966723107615868,-1.1144314564168347,-0.9449512191324877,0.530879883644143,False,0.5303971294531006,False,0.5299993267340527,False
sawtooth,both,3,equivariant,variational,random,1.0,30.0,18.0,2.0,0.018680603022828812,9579.0,6.1250046999775805,0.63671875,0.11953191197426437,0.2596526204118118,0.11982261422978278,0.273701910890261,0.1200921138693063,0.27725258319252133,0.12353970514322446,0.0,0.014287879215620337,8.0,True,CONVERGENCE: RELATIVE REDUCTION OF F <= FACTR*EPSMCH,0.014287879215620337,0.0,0.0,0.0,0.7381798361418918,-3.854601861360026,-0.9465892506253473,-0.9456695172443591,0.5299323009756542,False,0.5295539153990768,False,0.5292412505764001,False
sawtooth,both,3,equivariant,variational,random,2.0,30.0,18.0,2.0,0.49226574318728933,8866.0,5.324456900008954,0.63671875,0.1192911031094279,0.26042934000132445,0.11960801248145563,0.2761723976664796,0.1198988973499197,0.2801437630137878,0.9084431180508754,0.0,0.014230376365495342,8.0,True,CONVERGENCE: RELATIVE REDUCTION OF F <= FACTR*EPSMCH,0.014230376365495342,0.0,0.0,0.0,0.36227755560088853,-0.5647068365380088,-1.4323528667886203,-1.37620785346608,0.5308798836889728,False,0.5303971005224851,False,0.5299992742720562,False
sawtooth,both,3,equivariant,variational,random,3.0,30.0,18.0,2.0,0.47268883327257194,6541.0,3.8552128999726847,0.63671875,0.11929110311071618,0.2604287306946857,0.11960800846264211,0.27617169785791057,0.11989888973957664,0.28014304247983224,0.9084809112744129,0.0,0.014230376366180632,8.0,True,CONVERGENCE: RELATIVE REDUCTION OF F <= FACTR*EPSMCH,0.014230376366180632,0.0,0.0,0.0,0.45376303608934015,-0.6025209244508045,-1.060889669769776,-0.7494215996810771,0.5308798836839035,False,0.5303971163126817,False,0.5299993041288221,False
sawtooth,both,3,equivariant,variational,random,4.0,30.0,18.0,2.0,0.5378874113904639,19623.0,10.694964900030755,0.63671875,0.1192911031041421,0.26042910115582985,0.11960803223758638,0.2761724531910369,0.11989893287108407,0.28014389455861405,0.9090071609766481,0.0,0.01423037636987467,8.0,True,CONVERGENCE: RELATIVE REDUCTION OF F <= FACTR*EPSMCH,0.01423037636987467,0.0,0.0,0.0,1.1726950774378004,-0.4703082280834281,-0.8060320381354851,-1.529515010546267,0.5308798837097725,False,0.53039702289928,False,0.5299991349160407,False
sawtooth,both,3,equivariant,variational,random,5.0,30.0,18.0,2.0,0.7558116976431325,10354.0,5.3843313999823295,0.63671875,0.11929110316214295,0.2604288920510358,0.11960799104846305,0.2761714594290936,0.11989885843675148,0.2801427030351882,0.9077918904509494,0.0,0.014230376371559935,8.0,True,CONVERGENCE: RELATIVE REDUCTION OF F <= FACTR*EPSMCH,0.014230376371559935,0.0,0.0,0.0,1.3562929405206425,0.16701755619781145,-1.2451868390110032,-1.0432888062155081,0.5308798834815391,False,0.5303971847341966,False,0.5299994269355225,False
sawtooth,both,3,equivariant,variational,random,6.0,30.0,18.0,2.0,0.9023727829779903,37231.0,25.40562510001473,0.63671875,0.1192911046618653,0.26042253963599554,0.11960783962926622,0.2761618446198307,0.11989858078349351,0.28013228399175133,0.9037039170243254,0.0,0.01423037668848727,8.0,True,CONVERGENCE: RELATIVE REDUCTION OF F <= FACTR*EPSMCH,0.01423037668848727,0.0,0.0,0.0,2.2620180755070973,1.081953159358291,-0.9112303992105164,-1.2155470182067178,0.5308798775801328,False,0.5303977796707018,False,0.5300005162199656,False
sawtooth,both,3,equivariant,variational,random,7.0,30.0,18.0,2.0,0.0030252751786978838,9021.0,5.393072900013067,0.63671875,0.1193800645682157,0.26058911966099874,0.119675684323483,0.27545048928611365,0.11994968378369077,0.27920019802078294,0.12762821183909084,0.0,0.014251601092593469,8.0,True,CONVERGENCE: RELATIVE REDUCTION OF F <= FACTR*EPSMCH,0.014251601092593469,0.0,0.0,0.0,-1.4206142507627535,0.18325583792199576,-1.012125236350268,-0.9716727534991731,0.5305298204113764,False,0.5301312131710731,False,0.5298000298164655,False
sawtooth,both,3,equivariant,variational,random,8.0,30.0,18.0,2.0,0.5314378852665607,12927.0,7.594096100016031,0.63671875,0.11929110310365372,0.2604282868783069,0.1196080149463621,0.2761713744637687,0.11989890118698542,0.2801427488213291,0.9086345854092652,0.0,0.014230376366032397,8.0,True,CONVERGENCE: RELATIVE REDUCTION OF F <= FACTR*EPSMCH,0.014230376366032397,0.0,0.0,0.0,0.25582468484009235,0.5539013397661856,-1.45409891536366,-0.6118833580007834,0.5308798837116943,False,0.5303970908376971,False,0.5299992592185465,False
sawtooth,both,3,equivariant,variational,random,9.0,30.0,18.0,2.0,0.44854060046675226,8432.0,4.8160672999802046,0.63671875,0.11929110310451843,0.2604291968704518,0.11960801734815606,0.2761724469781046,0.11989890602523641,0.28014385966785865,0.9085926384255419,0.0,0.014230376365819232,8.0,True,CONVERGENCE: RELATIVE REDUCTION OF F <= FACTR*EPSMCH,0.014230376365819232,0.0,0.0,0.0,0.5974920807899179,-0.6472489618799326,-0.8080981810616488,-1.2928101012075168,0.5308798837082916,False,0.5303970814008823,False,0.5299992402372043,False
sawtooth,both,3,equivariant,variational,random,10.0,30.0,18.0,2.0,0.7365449565445574,9052.0,5.046830500010401,0.63671875,0.11929110310328704,0.2604287545181946,0.1196080287747815,0.2761721729984284,0.11989892636408583,0.28014363116557495,0.9090509390783081,0.0,0.014230376370108449,8.0,True,CONVERGENCE: RELATIVE REDUCTION OF F <= FACTR*EPSMCH,0.014230376370108449,0.0,0.0,0.0,0.8318082550287226,1.9345019487002355,-0.7540711638763298,-0.8424895123175319,0.5308798837131371,False,0.5303970365048801,False,0.5299991604441832,False
sawtooth,both,3,equivariant,variational,random,11.0,30.0,18.0,2.0,0.8354658496505737,9424.0,6.674965499958489,0.63671875,0.11929110310248138,0.26042821679719935,0.1196080206668796,0.2761715172882055,0.11989891141247103,0.28014294734267214,0.9088949086874878,0.0,0.01423037636835593,8.0,True,CONVERGENCE: RELATIVE REDUCTION OF F <= FACTR*EPSMCH,0.01423037636835593,0.0,0.0,0.0,1.7112372129795188,0.5623384957384059,-1.3731159710157583,-0.9908405432637988,0.5308798837163075,False,0.5303970683613879,False,0.5299992191020989,False
sawtooth,both,3,equivariant,variational,random,12.0,30.0,18.0,2.0,0.6426700097398379,11501.0,7.344435000035446,0.63671875,0.11929110310905677,0.2604288897771297,0.11960801108475382,0.27617194071812334,0.11989889456160756,0.2801433052096281,0.9084498620815649,0.0,0.014230376365474235,8.0,True,CONVERGENCE: RELATIVE REDUCTION OF F <= FACTR*EPSMCH,0.014230376365474235,0.0,0.0,0.0,0.5267446474657671,-0.07504493030705395,-0.8084180535136498,-1.3990215834488584,0.5308798836904333,False,0.5303971060102233,False,0.529999285211114,False
sawtooth,both,3,equivariant,variational,random,13.0,30.0,18.0,2.0,0.6873345745048479,43865.0,31.455198600015137,0.63671875,0.1192911031077694,0.2604285937090443,0.11960801296196777,0.2761717464861676,0.11989889774865897,0.28014313945011304,0.9085397281472312,0.0,0.014230376366065754,8.0,True,CONVERGENCE: RELATIVE REDUCTION OF F <= FACTR*EPSMCH,0.014230376366065754,0.0,0.0,0.0,1.184773555712885,-0.07983794036167544,-1.2375308804024934,-0.6853454642527468,0.530879883695499,False,0.5303970986345198,False,0.5299992727077293,False
sawtooth,both,3,equivariant,variational,random,14.0,30.0,18.0,2.0,0.5935376837040489,30194.0,20.171912299992982,0.63671875,0.1193161117954263,0.26048022674766935,0.11961740070680954,0.27573987748645,0.11989581915399665,0.27958990422679086,0.37526042773668683,0.0,0.014236338286582944,8.0,True,CONVERGENCE: RELATIVE REDUCTION OF F <= FACTR*EPSMCH,0.014236338286582944,0.0,0.0,0.0,0.014386290478434045,4.578731634334208,-0.8521861800273112,-1.16838169294333,0.5307814745272048,False,0.5303602135352387,False,0.5300113505968805,False
sawtooth,both,3,equivariant,variational,random,15.0,30.0,18.0,2.0,0.55685250504383,9796.0,6.077381799987052,0.63671875,0.11929110311181182,0.2604287711721154,0.11960800891439397,0.2761717703308138,0.11989889058248882,0.28014312237585964,0.9083918318197063,0.0,0.014230376365551238,8.0,True,CONVERGENCE: RELATIVE REDUCTION OF F <= FACTR*EPSMCH,0.014230376365551238,0.0,0.0,0.0,0.3114740774388507,-0.31976067923810847,-0.980556512240459,-1.2032445875050775,0.5308798836795922,False,0.5303971145377174,False,0.5299993008219237,False
sawtooth,both,3,equivariant,variational,random,16.0,30.0,18.0,2.0,0.46774295117230236,6665.0,7.339313099975698,0.63671875,0.11929110311313582,0.2604291242209822,0.1196080087762711,0.27617214521856914,0.11989889053160982,0.2801435017149497,0.9083701781474438,0.0,0.014230376365650582,8.0,True,CONVERGENCE: RELATIVE REDUCTION OF F <= FACTR*EPSMCH,0.014230376365650582,0.0,0.0,0.0,0.22684880792879325,-0.6119069051239576,-0.7747541191392427,-1.3212753299254159,0.5308798836743822,False,0.5303971150804118,False,0.5299993010215313,False
sawtooth,both,3,equivariant,variational,random,17.0,30.0,18.0,2.0,0.702839028464699,21111.0,14.430161099997349,0.63671875,0.11933004968861213,0.26056700659379517,0.11962906370831672,0.27572928500846583,0.11990572244828537,0.2795546127563038,0.2844180340098962,0.0,0.01423966360286698,8.0,True,CONVERGENCE: RELATIVE REDUCTION OF F <= FACTR*EPSMCH,0.01423966360286698,0.0,0.0,0.0,0.20322484927421475,2.6672380703676373,-0.4934706162695559,-1.5437443434672016,0.5307266289273471,False,0.5303143887950313,False,0.5299724981645951,False
sawtooth,both,3,equivariant,variational,random,18.0,30.0,18.0,2.0,0.5923057172138936,10323.0,5.473582200007513,0.63671875,0.11929110311609772,0.26042927985706604,0.11960800743553231,0.2761722386737778,0.11989888820774788,0.2801435788217711,0.908318267331672,0.0,0.014230376365838134,8.0,True,CONVERGENCE: RELATIVE REDUCTION OF F <= FACTR*EPSMCH,0.014230376365838134,0.0,0.0,0.0,0.46831203869039584,-0.34532165023901173,-1.1646507722555672,-0.8258693017932005,0.5308798836627271,False,0.5303971203482672,False,0.529999310138466,False
sawtooth,both,3,equivariant,variational,random,19.0,30.0,18.0,2.0,0.5225600299478519,14477.0,9.018426799972076,0.63671875,0.11929110311588635,0.260428777414639,0.11960800909666984,0.27617163803480643,0.11989889094133545,0.2801429568283917,0.9083553569152865,0.0,0.0142303763661586,8.0,True,CONVERGENCE: RELATIVE REDUCTION OF F <= FACTR*EPSMCH,0.0142303763661586,0.0,0.0,0.0,0.7781519782125288,-0.5032300023949551,-1.4524780001321766,-1.0733890432868287,0.5308798836635588,False,0.5303971138215428,False,0.5299992994141028,False
sawtooth,both,3,sector_mixed,variational,random,0.0,30.0,20.0,3.0,0.5784795858456634,75950.0,57.20822130003944,0.63671875,0.00040331634812034876,0.0021403045677553245,0.0004529279230647429,0.003935099256503982,0.0004897891050134864,0.004462551368776602,0.1128883411953003,0.028061144345874586,1.640735715165461e-07,16.0,True,CONVERGENCE: RELATIVE REDUCTION OF F <= FACTR*EPSMCH,1.640735715165461e-07,0.2034160587535058,0.2475840258090858,0.2034160587535058,1.1705595816634686,-3.470855478282992,-0.3015406836443026,-2.7584887353120138,0.9987032407577524,False,0.9985656753885764,False,0.9984630154374882,False
sawtooth,both,3,sector_mixed,variational,random,1.0,30.0,20.0,3.0,0.17692016423435142,47926.0,32.2895295000053,0.63671875,0.0010509752412279489,0.004014461747360698,0.0011051729001889414,0.005537989639391561,0.0011484427168260872,0.005936563147111051,0.10500782576668907,0.02795544211652376,1.1058785903529774e-06,16.0,True,CONVERGENCE: RELATIVE REDUCTION OF F <= FACTR*EPSMCH,1.1058785903529774e-06,0.8230798357656486,0.916305638247734,0.8230798357656486,0.46901130742932645,-3.9909220407526034,-1.7017570417873735,-0.2891773617390392,0.9961547034700884,False,0.996002959726584,False,0.9958789970183152,False
sawtooth,both,3,sector_mixed,variational,random,2.0,30.0,20.0,3.0,0.2808603662540552,24149.0,14.889031699975021,0.63671875,0.00029736760196085365,0.0009765036369820956,0.000334999065103183,0.0022101151354662063,0.0003626435190531578,0.0025866544702998207,0.12307595299798325,0.028857702936460672,8.994682725529315e-08,16.0,True,CONVERGENCE: RELATIVE REDUCTION OF F <= FACTR*EPSMCH,8.994682725529315e-08,0.3611549418515921,0.4636882056996195,0.3611549418515921,-0.7609686112783021,-1.92595713575477,-0.8613371733799385,-3.1071466941054044,0.9991201489991773,False,0.9990290260342669,False,0.9989618307937629,False
sawtooth,both,3,sector_mixed,variational,random,3.0,30.0,20.0,3.0,0.1604016799954563,74245.0,72.00983220001217,0.63671875,0.00046245431561884925,0.0021123400945022575,0.0004923045538033476,0.0032413859586457594,0.0005156502296442622,0.003552150124908282,0.10894454389102108,0.030031032006650717,2.1525374979347494e-07,16.0,True,CONVERGENCE: RELATIVE REDUCTION OF F <= FACTR*EPSMCH,2.1525374979347494e-07,0.8395983200045437,0.9363439972554974,0.8395983200045437,0.7240197253957442,-3.5179710852431234,-1.6906881739665878,0.38669752362003434,0.9984705328973486,False,0.9984109618808462,False,0.9983615575221468,False
sawtooth,both,3,sector_mixed,variational,random,4.0,30.0,20.0,3.0,0.9382790006189194,75361.0,76.20716589997755,0.63671875,0.001997294796219022,0.009379451746875822,0.002106782557936359,0.013526678799833158,0.002194895263582984,0.014669332909549249,0.1048275512392402,0.026073746467846305,3.990495515980655e-06,16.0,True,CONVERGENCE: RELATIVE REDUCTION OF F <= FACTR*EPSMCH,3.990495515980655e-06,0.026740665509322886,0.04001504765839091,0.026740665509322886,1.6030110663442327,-0.7318825517646429,1.7037640990500993,-4.09850647454675,0.9924309366885216,False,0.9920675660522175,False,0.9917735725476762,False
sawtooth,both,3,sector_mixed,variational,random,5.0,30.0,20.0,3.0,0.3230240858735415,25079.0,26.82244149997132,0.63671875,0.0020660171885525385,0.007976250697726728,0.0022006239050012923,0.01173537395800478,0.00230725170233158,0.012781044206149228,0.08752134050574678,0.026238097463715273,4.269564617774229e-06,16.0,True,CONVERGENCE: RELATIVE REDUCTION OF F <= FACTR*EPSMCH,4.269564617774229e-06,0.005539156671695316,0.006301420432559065,0.005539156671695316,-1.0235923609126452,-2.1869712437953504,4.017806746838307,-1.367122677229444,0.9921605141231506,False,0.9916988569041207,False,0.9913327777170821,False
sawtooth,both,3,sector_mixed,variational,random,6.0,30.0,20.0,3.0,0.5792954785806704,93403.0,94.31556529999943,0.63671875,0.0021199380217525607,0.009584535856715037,0.002259634258621581,0.013845513045177893,0.00236986856539216,0.015014443773973485,0.08710399404685122,0.026153480462712698,4.495269790817255e-06,16.0,True,CONVERGENCE: RELATIVE REDUCTION OF F <= FACTR*EPSMCH,4.495269790817255e-06,0.01846598698870884,0.02078992238543499,0.01846598698870884,-0.5732461996344096,2.5638417848356556,2.076292933572411,-2.2523982984683664,0.9919483356825322,False,0.991467001140188,False,0.9910871203266153,False
sawtooth,both,3,sector_mixed,variational,random,7.0,30.0,20.0,3.0,0.5720546968996629,58001.0,33.305991400033236,0.63671875,0.0013941297805454816,0.005795250156116705,0.00148116687255709,0.009203230005189522,0.0015494143224667077,0.010164006986685514,0.1035322751066491,0.026699226476369207,1.9449001600196227e-06,16.0,True,CONVERGENCE: RELATIVE REDUCTION OF F <= FACTR*EPSMCH,1.9449001600196227e-06,0.0597108938731999,0.08958258807207574,0.0597108938731999,1.2052036729916553,-4.620823987375541,0.914374472572958,-2.9324828054113756,0.9948043905998587,False,0.9945256533837264,False,0.9943059121737801,False
sawtooth,both,3,sector_mixed,variational,random,8.0,30.0,20.0,3.0,0.19913632471010012,40610.0,23.018539800017606,0.63671875,0.002830704239298757,0.013429876489062686,0.0029728529070261966,0.018293583084979248,0.0030887885554891983,0.01961374819503625,0.10089070664682136,0.025600068505142536,8.014151398135473e-06,16.0,True,CONVERGENCE: RELATIVE REDUCTION OF F <= FACTR*EPSMCH,8.014151398135473e-06,0.8008636752898999,0.8773579794463795,0.8008636752898999,1.5072441699721781,-8.0,-1.7018263950829096,-0.1501477105057935,0.9891514711177042,False,0.9886647157032802,False,0.9882666658980576,False
sawtooth,both,3,sector_mixed,variational,random,9.0,30.0,20.0,3.0,0.37501307251602434,31434.0,17.107569099985994,0.63671875,0.002051989543496021,0.00822742329584819,0.0021880817354100733,0.012056166767489551,0.0022957579311429577,0.013118906866077362,0.08743319885890471,0.02621578492068397,4.211797576454803e-06,16.0,True,CONVERGENCE: RELATIVE REDUCTION OF F <= FACTR*EPSMCH,4.211797576454803e-06,0.09120915107433614,0.0940593783524014,0.09120915107433614,-0.9496395575951531,-2.7301536433168163,1.965921853619019,-4.303547117092628,0.9922157128965561,False,0.9917481359565843,False,0.9913778698807392,False
sawtooth,both,3,sector_mixed,variational,random,10.0,30.0,20.0,3.0,0.9219737802016678,77004.0,43.68349759996636,0.63671875,0.0010618124228402156,0.004652517010312884,0.0011716316789769615,0.007844206008160215,0.0012552263758230271,0.008756746143925076,0.12411094495523606,0.02630816583916691,1.1289498124057529e-06,16.0,True,CONVERGENCE: RELATIVE REDUCTION OF F <= FACTR*EPSMCH,1.1289498124057529e-06,0.07802621979833224,0.13936951234521444,0.07802621979833224,1.7833100679188971,0.7660288451971277,1.0868415180086068,-2.995158250635799,0.9961120591680863,False,0.995741838584605,False,0.9954600652205293,False
sawtooth,both,3,sector_mixed,variational,random,11.0,30.0,20.0,3.0,0.22978927365217916,41664.0,23.895541600009892,0.63671875,0.0029026745986520416,0.013993302125011264,0.0030484602147116528,0.018918780055030227,0.0031675878444539507,0.020247897821933702,0.10046367072436214,0.025972196505530395,8.42678418433209e-06,16.0,True,CONVERGENCE: RELATIVE REDUCTION OF F <= FACTR*EPSMCH,8.42678418433209e-06,0.7702107263478208,0.8389550570159982,0.7702107263478208,2.0546917244356515,-7.799066174839029,-1.6498225820251426,-1.1233147920405695,0.9888682678044007,False,0.988367649358023,False,0.9879575218951238,False
sawtooth,both,3,sector_mixed,variational,random,12.0,30.0,20.0,3.0,0.4948809841815074,39277.0,22.00170490000164,0.63671875,0.0006058790359400849,0.0029786310830525187,0.0006695297955685628,0.005459313889934925,0.0007172050883163526,0.006180409600742509,0.11987201972279214,0.027208520090763248,3.6856021158982227e-07,16.0,True,CONVERGENCE: RELATIVE REDUCTION OF F <= FACTR*EPSMCH,3.6856021158982227e-07,0.08788363982268302,0.09927551610586427,0.08788363982268302,-0.41802349435974695,-1.0234298024998116,0.5293987029649404,-1.6797815288204325,0.9979061567240245,False,0.9977146316388341,False,0.9975708209985147,False
sawtooth,both,3,sector_mixed,variational,random,13.0,30.0,20.0,3.0,0.44554112940580803,14074.0,9.938095499994233,0.63671875,0.002243425926075331,0.009916377143329103,0.002394624184130876,0.014230176360469526,0.0025138234667999855,0.015412120303615384,0.08695906202614449,0.02608941618222443,5.0340903705690395e-06,16.0,True,CONVERGENCE: RELATIVE REDUCTION OF F <= FACTR*EPSMCH,5.0340903705690395e-06,0.027920565339669152,0.03204564659690477,0.027920565339669152,-0.8974917121551186,1.223683965830355,1.6610128082734403,-4.950794384075532,0.991462410866103,False,0.9909366163791752,False,0.9905223589556964,False
sawtooth,both,3,sector_mixed,variational,random,14.0,30.0,20.0,3.0,0.36642168717820545,30690.0,17.38216670003021,0.63671875,0.00398380512031087,0.016168284215519024,0.004207718946708725,0.021617287955018105,0.004389211137213896,0.023058877381974263,0.08669111972957548,0.02554561469132281,1.587182560395931e-05,16.0,True,CONVERGENCE: RELATIVE REDUCTION OF F <= FACTR*EPSMCH,1.587182560395931e-05,0.006545855991252524,0.007336131491782258,0.006545855991252524,-0.9109321875979164,-2.744808386103333,3.10387954832547,0.746615889889467,0.9846140199640621,False,0.9838128415588293,False,0.983164870593789,False
sawtooth,both,3,sector_mixed,variational,random,15.0,30.0,20.0,3.0,0.4210789978728653,20584.0,11.713483900006395,0.63671875,0.003675203462744966,0.017179881296284227,0.003903970522848079,0.023412705050301408,0.004087531810018383,0.02506725111330166,0.0865006818444349,0.02617817444860683,1.3508247281135521e-05,16.0,True,CONVERGENCE: RELATIVE REDUCTION OF F <= FACTR*EPSMCH,1.3508247281135521e-05,0.009124385286761766,0.011023383194413285,0.009124385286761766,-0.8384462304397764,-3.512939426078566,2.775396639578633,-0.6834088483528925,0.9858283672689651,False,0.9850062901409331,False,0.9843484136947093,False
sawtooth,both,3,sector_mixed,variational,random,16.0,30.0,20.0,3.0,0.5454205548982705,31248.0,20.341713199974038,0.63671875,0.0002941290709260459,0.0009767869532179563,0.00030306134919175,0.00140795456353085,0.0003103510735705605,0.0015254762774072894,0.11081080474073686,0.030297718589147846,8.792299559711779e-08,16.0,True,CONVERGENCE: RELATIVE REDUCTION OF F <= FACTR*EPSMCH,8.792299559711779e-08,0.3285930626411666,0.3816965499457539,0.3285930626411666,0.09759091993478454,-3.4828545955568666,-0.7572826778885711,-1.8983588592769152,0.9991328926165157,False,0.9991545115307371,False,0.9991669836083641,False
sawtooth,both,3,sector_mixed,variational,random,17.0,30.0,20.0,3.0,0.4855102883278981,29853.0,18.916308799991384,0.63671875,0.0016768009733573498,0.006738346097685199,0.0018224632202444042,0.010451121390561369,0.0019344512910300913,0.011491660615195465,0.08695482364124706,0.02630135397549819,2.8127940660283234e-06,16.0,True,CONVERGENCE: RELATIVE REDUCTION OF F <= FACTR*EPSMCH,2.8127940660283234e-06,0.04631632718373929,0.05461499107735522,0.04631632718373929,-0.7919808859632756,0.47498399450237644,1.1589560488781534,-2.3456568203506167,0.9936920796554771,False,0.9931846764099284,False,0.9927953418208866,False
sawtooth,both,3,sector_mixed,variational,random,18.0,30.0,20.0,3.0,0.2758232678268506,63116.0,38.6180444000056,0.63671875,0.0018106611745750555,0.007924610960713563,0.0019396238995171363,0.011127263860352787,0.0020415841471086724,0.011981298646125405,0.10172127441821864,0.02635478750746327,3.279774649732776e-06,16.0,True,CONVERGENCE: RELATIVE REDUCTION OF F <= FACTR*EPSMCH,3.279774649732776e-06,0.7241767321731494,0.8121395864290116,0.7241767321731494,1.8814516327464803,-4.878908640818264,-1.6108981985673319,-0.8854348440579889,0.9931653398580808,False,0.9927243439914778,False,0.9923750400591702,False
sawtooth,both,3,sector_mixed,variational,random,19.0,30.0,20.0,3.0,0.5892282586581088,30504.0,20.55673150002258,0.63671875,0.0011294696179426056,0.0054727248664212524,0.0012465743632627286,0.008845977770846891,0.0013359734148389465,0.00980297626744464,0.10973997393595554,0.0262342517413199,1.2770613601121885e-06,16.0,True,CONVERGENCE: RELATIVE REDUCTION OF F <= FACTR*EPSMCH,1.2770613601121885e-06,0.2553166837387315,0.4268463139495021,0.2553166837387315,0.8074966245982248,-3.9065579740924092,0.25647320661481793,-4.166058012349165,0.9958458281530688,False,0.9954473835906886,False,0.9951432798383972,False
double_sawtooth,even,3,zero,classical,n/a,,,,,,,,0.63671875,0.11834645469858371,0.1875,0.11856791481986238,0.189453125,0.11878397420043624,0.18994140625,0.0,0.0,0.014005883339723926,,,,,,,,,,,,0.0,False,0.0,False,0.0,False
double_sawtooth,even,3,analytic_truncation,classical,n/a,,,,,,,,0.63671875,0.009931941559990099,0.022980617921345592,0.010006197850390386,0.02444886910232477,0.010076251744793435,0.024656506250997967,0.0,0.03869005256141791,9.864385005158419e-05,,,,,,,,,,,,0.9165623745562277,False,0.9161671874635403,False,0.9157847876382741,False
double_sawtooth,even,3,ols_full,classical,n/a,,,,,,,,0.63671875,6.261918797809368e-05,0.00019267514111837025,7.237781801870581e-05,0.0005366270191601297,7.952133113509877e-05,0.0006467576940756836,1.6442191979644963e-05,0.029648057650101266,4.217807701456642e-09,,,,,,,,,,,,1.0000000000795588,True,1.00000005427778,True,1.0000000892943706,True
double_sawtooth,even,3,ols_odd,classical,n/a,,,,,,,,0.63671875,0.11754689798834504,0.19063509914853255,0.1177997608065209,0.197114279434366,0.11804540279184374,0.19898306235953636,0.11039507783074277,0.0,0.013817274330633173,,,,,,,,,,,,0.006759644771838566,False,0.006482556849573419,False,0.006221935712520991,False
double_sawtooth,even,3,ols_even,classical,n/a,,,,,,,,0.63671875,6.820718558131539e-05,0.00017869448827659284,7.847941766820446e-05,0.0004939467681818743,8.601168604862489e-05,0.000594947424722797,0.0,0.029582157354395854,4.948041738467956e-09,,,,,,,,,,,,0.9999527578035576,True,0.9999485620432618,True,0.9999454126976953,True
double_sawtooth,even,3,ridge_full,classical,n/a,,,,,,,,0.63671875,6.261919738859865e-05,0.00019275760117046237,7.238424969305327e-05,0.0005367371328213189,7.953193077355352e-05,0.0006468744922388803,1.6413217461874063e-05,0.02964785089894539,4.217806522756353e-09,,,,,,,,,,,,1.0,True,1.0,True,1.0,True
double_sawtooth,even,3,ridge_odd,classical,n/a,,,,,,,,0.63671875,0.11754689798940224,0.19063345447247976,0.11779975949990228,0.19711120507014207,0.11804540043903347,0.19897957016736226,0.11034536441671682,0.0,0.013817274330384582,,,,,,,,,,,,0.006759644762900776,False,0.00648256787630677,False,0.006221955533264183,False
double_sawtooth,even,3,ridge_even,classical,n/a,,,,,,,,0.63671875,6.820719143901841e-05,0.0001788038779104717,7.848545747096358e-05,0.0004941178857478801,8.602166521275967e-05,0.0005951356834592025,0.0,0.02958199753866538,4.94804093938556e-09,,,,,,,,,,,,0.9999527577540351,True,0.9999485110725396,True,0.999945328630377,True
double_sawtooth,even,3,spherical_full,classical_null,random,0.0,17.0,,,,1764.0,,0.63671875,9.640943594385392e-05,0.00037444128458188897,0.00010983660588743527,0.0009030106916895486,0.0001196835848141541,0.0010684957149978136,0.0003665463173520245,0.029794801066903645,9.59639281285463e-09,,,,,,,,,,,,0.9997143291945846,True,0.9996839344402766,True,0.9996617510408803,True
double_sawtooth,even,3,spherical_full,classical_null,random,1.0,17.0,,,,2178.0,,0.63671875,6.26274517694396e-05,0.00019359945249944333,7.246365100540983e-05,0.0005372498812935833,7.965782621116327e-05,0.0006473023597187433,1.631240717827379e-05,0.029646411339207517,4.218824952597341e-09,,,,,,,,,,,,0.9999999302154787,True,0.999999329921458,True,0.9999989394210089,True
double_sawtooth,even,3,spherical_full,classical_null,random,2.0,17.0,,,,3042.0,,0.63671875,6.264259242261498e-05,0.00019569628296306485,7.262366329739322e-05,0.0005420801879383319,7.991168974736543e-05,0.0006528914133973607,1.62107932006205e-05,0.029641402654209628,4.220670519899963e-09,,,,,,,,,,,,0.9999998022127545,True,0.9999979795558264,True,0.999996800802341,True
double_sawtooth,even,3,spherical_full,classical_null,random,3.0,17.0,,,,3672.0,,0.63671875,6.267635291553257e-05,0.0002047438614161401,7.276611357688916e-05,0.0005553353354382784,8.012489645739412e-05,0.0006673098767532304,1.6959129256873615e-05,0.029639372009867698,4.224888526183634e-09,,,,,,,,,,,,0.9999995167934259,True,0.9999967773984217,True,0.999995004688346,True
double_sawtooth,even,3,spherical_full,classical_null,random,4.0,17.0,,,,2700.0,,0.63671875,6.263791848976053e-05,0.0001829074530575736,7.207271762574158e-05,0.0005221638520482574,7.900563198005857e-05,0.0006309891011867241,1.5825045031870548e-05,0.029654582070038623,4.2202129038805896e-09,,,,,,,,,,,,0.9999998417273073,True,1.000002629061753,True,1.000004433690799,True
double_sawtooth,even,3,spherical_full,classical_null,random,5.0,17.0,,,,1602.0,,0.63671875,0.00011106833985229611,0.00046876844389809325,0.00012636780764628853,0.0010724689623936856,0.00013758959303763877,0.0012588777533482087,0.00021946257967517426,0.029467276128378586,1.2633043504625685e-08,,,,,,,,,,,,0.999590399294558,True,0.9995444253661427,True,0.9995109057323044,True
double_sawtooth,even,3,spherical_full,classical_null,random,6.0,17.0,,,,1854.0,,0.63671875,0.00026899120264321796,0.0014210791293241265,0.0003118741146082422,0.00268357893130608,0.0003430282700315518,0.003061723675514022,0.0020827786457416177,0.029277598200204678,7.266987086790422e-08,,,,,,,,,,,,0.9982552814221811,False,0.9979789122529531,False,0.9977802318580512,False
double_sawtooth,even,3,spherical_full,classical_null,random,7.0,17.0,,,,1890.0,,0.63671875,6.262384000058612e-05,0.0001907547404078891,7.239242638194953e-05,0.0005328774477581233,7.954250340705377e-05,0.0006424593061215289,1.5208455055642587e-05,0.029646275601632417,4.218360176985892e-09,,,,,,,,,,,,0.9999999607502416,True,0.9999999309958033,True,0.9999999109331268,True
double_sawtooth,even,3,spherical_full,classical_null,random,8.0,17.0,,,,1998.0,,0.63671875,9.121628587819335e-05,0.00035541703775548994,0.0001039969546506101,0.0008680198476012091,0.00011337001112815645,0.0010287173029955854,0.000313705249978566,0.029774629096782787,8.621294152879909e-09,,,,,,,,,,,,0.9997582333345177,True,0.9997332160562897,True,0.9997149383821902,True
double_sawtooth,even,3,spherical_full,classical_null,random,9.0,17.0,,,,3168.0,,0.63671875,6.265047405379433e-05,0.00019051088355870327,7.214881316648615e-05,0.0005364014982679743,7.912302655739201e-05,0.0006471739287409184,1.9224292101826987e-05,0.029656306890256653,4.22183721098874e-09,,,,,,,,,,,,0.9999997355795485,True,1.00000198688107,True,1.000003444725474,True
double_sawtooth,even,3,spherical_full,classical_null,random,10.0,17.0,,,,1566.0,,0.63671875,6.26706069483414e-05,0.0001855029852629031,7.237862987468972e-05,0.0005230716555397197,7.949004033113268e-05,0.0006313037965083867,1.259335117294973e-05,0.029643351686958194,4.224164425654808e-09,,,,,,,,,,,,0.9999995653712148,True,1.0000000474264163,True,1.0000003528970072,True
double_sawtooth,even,3,spherical_full,classical_null,random,11.0,17.0,,,,3384.0,,0.63671875,6.26323845991716e-05,0.00019812125281734594,7.241224923902135e-05,0.0005436591876698538,7.956997755223723e-05,0.0006542215856253919,1.694351672828043e-05,0.02964939933003769,4.219479029046206e-09,,,,,,,,,,,,0.9999998885121496,True,0.9999997637079995,True,0.9999996794831099,True
double_sawtooth,even,3,spherical_full,classical_null,random,12.0,17.0,,,,1476.0,,0.63671875,0.00012088443954437386,0.0005073994233729673,0.0001369199723471935,0.0011529273482882296,0.00014871191109158978,0.001351802755935827,0.0002974387454943657,0.02946337851918812,1.4910655896604203e-08,,,,,,,,,,,,0.9995074116263741,True,0.999455374204043,True,0.9994172081600714,True
double_sawtooth,even,3,spherical_full,classical_null,random,13.0,17.0,,,,2016.0,,0.63671875,7.77624108183758e-05,0.00029495740255927605,8.89097931226366e-05,0.0007168320540334727,9.710060316069923e-05,0.0008491526115366743,2.964618520643494e-05,0.029563659579314446,6.342925593931058e-09,,,,,,,,,,,,0.9998719756307732,True,0.9998605386772812,True,0.9998519965045011,True
double_sawtooth,even,3,spherical_full,classical_null,random,14.0,17.0,,,,3564.0,,0.63671875,6.262698391478348e-05,0.0001919134688637969,7.244041471444751e-05,0.0005344636342185516,7.961962528330865e-05,0.000644157683264146,1.5119904944661846e-05,0.029645079819357607,4.218741111505571e-09,,,,,,,,,,,,0.9999999341708345,True,0.9999995260156975,True,0.9999992612364955,True
double_sawtooth,even,3,spherical_full,classical_null,random,15.0,17.0,,,,1800.0,,0.63671875,7.524511658526145e-05,0.00029758942645827235,8.642284968651114e-05,0.0007484793051114602,9.460451566870488e-05,0.0008906429473341526,0.00015990976598100645,0.02972561088337437,5.960682776423142e-09,,,,,,,,,,,,0.9998932574417869,True,0.9998815263333064,True,0.9998730242558159,True
double_sawtooth,even,3,spherical_full,classical_null,random,16.0,17.0,,,,1638.0,,0.63671875,6.951002844755638e-05,0.0002676133702138317,7.999157649697558e-05,0.000688663527277783,8.766662741793943e-05,0.0008218955947777995,0.00010543282507147679,0.02970542567870659,5.129752639817878e-09,,,,,,,,,,,,0.999941743256551,True,0.9999358007279489,True,0.9999314710006731,True
double_sawtooth,even,3,spherical_full,classical_null,random,17.0,17.0,,,,2988.0,,0.63671875,6.262552117029085e-05,0.00019139794335301663,7.234664596618164e-05,0.0005357909266438532,7.946569176555326e-05,0.0006460614770511242,1.654090446720336e-05,0.029647114488421937,4.2185924557794385e-09,,,,,,,,,,,,0.9999999465372285,True,1.0000003173429977,True,1.0000005580162523,True
double_sawtooth,even,3,spherical_full,classical_null,random,18.0,17.0,,,,3834.0,,0.63671875,6.264193835249412e-05,0.00019656469921830455,7.236767223624632e-05,0.0005435568689584058,7.949024852287365e-05,0.0006546067234344533,1.88698199388382e-05,0.029652506465514008,4.220726203412203e-09,,,,,,,,,,,,0.9999998077424207,True,1.000000139899427,True,1.0000003511431408,True
double_sawtooth,even,3,spherical_full,classical_null,random,19.0,17.0,,,,1890.0,,0.63671875,6.292191809767662e-05,0.00020907639915909715,7.279962631009997e-05,0.0005698742948947455,8.002250267098326e-05,0.0006850340147666056,2.8089256698115545e-05,0.02965600860314294,4.256008755689135e-09,,,,,,,,,,,,0.9999974407263023,True,0.9999964945798795,True,0.9999958672827397,True
double_sawtooth,even,3,spherical_odd,classical_null,random,0.0,9.0,,,,660.0,,0.63671875,0.1175468979892378,0.1906335910555233,0.11779975956734293,0.19711151227369872,0.11804540055300403,0.19897992605300216,0.11034998656288723,0.0,0.013817274330392143,,,,,,,,,,,,0.006759644764290974,False,0.006482567307165892,False,0.006221954573143795,False
double_sawtooth,even,3,spherical_odd,classical_null,random,1.0,9.0,,,,660.0,,0.63671875,0.11754689798947457,0.1906332115266688,0.11779975934441286,0.19711088073698482,0.11804540014937887,0.1989792237770711,0.11034393796225052,0.0,0.013817274330387319,,,,,,,,,,,,0.006759644762289272,False,0.0064825691885032075,False,0.006221957973397006,False
double_sawtooth,even,3,spherical_odd,classical_null,random,2.0,9.0,,,,1080.0,,0.63671875,0.11754689798951148,0.19063357075011064,0.11779975947146364,0.19711130667178778,0.11804540038603743,0.19897966612426846,0.11034364137774465,0.0,0.013817274330393032,,,,,,,,,,,,0.006759644761977185,False,0.006482568116304348,False,0.006221955979717889,False
double_sawtooth,even,3,spherical_odd,classical_null,random,3.0,9.0,,,,810.0,,0.63671875,0.11754689798934141,0.19063334382265526,0.11779975941784847,0.19711111564402295,0.11804540028139733,0.19897948908867968,0.11034772060397477,0.0,0.01381727433039384,,,,,,,,,,,,0.0067596447634150165,False,0.006482568568770088,False,0.006221956861235885,False
double_sawtooth,even,3,spherical_odd,classical_null,random,4.0,9.0,,,,1090.0,,0.63671875,0.11754689799284153,0.19063020697538094,0.11779975923215678,0.19710729561446086,0.11804540005042609,0.19897550096366703,0.11035161947912939,0.0,0.013817274331255685,,,,,,,,,,,,0.006759644733824187,False,0.006482570135847625,False,0.0062219588070033536,False
double_sawtooth,even,3,spherical_odd,classical_null,random,5.0,9.0,,,,810.0,,0.63671875,0.11754689798964384,0.1906331395318584,0.11779975916964461,0.19711077407781125,0.11804539981705911,0.19897910603559468,0.11034182301302708,0.0,0.013817274330405966,,,,,,,,,,,,0.006759644760858245,False,0.006482570663396434,False,0.006221960772953187,False
double_sawtooth,even,3,spherical_odd,classical_null,random,6.0,9.0,,,,1280.0,,0.63671875,0.1175468979908458,0.19063223225247972,0.11779975854031374,0.19710926235863366,0.11804539867628311,0.198977419521047,0.11032217954216575,0.0,0.013817274330492105,,,,,,,,,,,,0.006759644750696509,False,0.006482575974405737,False,0.00622197038317484,False
double_sawtooth,even,3,spherical_odd,classical_null,random,7.0,9.0,,,,1200.0,,0.63671875,0.11754689799250367,0.19063214655264737,0.11779975908991525,0.19710883339115345,0.1180453997537068,0.19897689142960845,0.11031193073413617,0.0,0.013817274330779372,,,,,,,,,,,,0.006759644736680492,False,0.006482571336243432,False,0.00622196130665107,False
double_sawtooth,even,3,spherical_odd,classical_null,random,8.0,9.0,,,,1360.0,,0.63671875,0.11754689798904916,0.19063416005085912,0.11779975986898564,0.19711225087265297,0.11804540109338962,0.19898071523195254,0.11035744988527404,0.0,0.013817274330422428,,,,,,,,,,,,0.006759644765885788,False,0.0064825647615617725,False,0.006221950020781751,False
double_sawtooth,even,3,spherical_odd,classical_null,random,9.0,9.0,,,,1210.0,,0.63671875,0.11754689798985403,0.1906334610241926,0.11779975947455901,0.1971110096744086,0.11804540041523398,0.1989793151010783,0.11033787383399253,0.0,0.013817274330415888,,,,,,,,,,,,0.006759644759081223,False,0.006482568090182087,False,0.00622195573375786,False
double_sawtooth,even,3,spherical_odd,classical_null,random,10.0,9.0,,,,1100.0,,0.63671875,0.11754689798975956,0.19063355564694112,0.11779975984101068,0.19711125764442314,0.1180454011218498,0.19897960939998657,0.11034416769749647,0.0,0.013817274330456616,,,,,,,,,,,,0.006759644759879863,False,0.006482564997646252,False,0.0062219497810251075,False
double_sawtooth,even,3,spherical_odd,classical_null,random,11.0,9.0,,,,550.0,,0.63671875,0.11755268359036397,0.18846882101379692,0.11780370793539131,0.189625627685052,0.11804788926375887,0.19050856199754218,0.025617549368899116,0.0,0.013818633675471722,,,,,,,,,,,,0.006710731900570787,False,0.006449246488824572,False,0.006200988965562023,False
double_sawtooth,even,3,spherical_odd,classical_null,random,12.0,9.0,,,,450.0,,0.63671875,0.11756334859096244,0.19169419190437392,0.1178141303452845,0.19488494266506012,0.11805807532662704,0.1956694179111972,0.002022404438446138,0.0,0.013821140952144196,,,,,,,,,,,,0.006620567419910496,False,0.0063612903453056134,False,0.0061151786734329515,False
double_sawtooth,even,3,spherical_odd,classical_null,random,13.0,9.0,,,,600.0,,0.63671875,0.11754689798992093,0.19063263080866888,0.11779975903624365,0.19711000791701833,0.11804539958707212,0.1989782681406983,0.11033614793653668,0.0,0.013817274330414358,,,,,,,,,,,,0.006759644758515594,False,0.006482571789185367,False,0.006221962710429017,False
double_sawtooth,even,3,spherical_odd,classical_null,random,14.0,9.0,,,,1440.0,,0.63671875,0.11754689798966468,0.1906330769295304,0.11779975938632745,0.19711065052304996,0.11804540024069721,0.19897896523304714,0.11034044271560643,0.0,0.013817274330397063,,,,,,,,,,,,0.006759644760682021,False,0.006482568834780305,False,0.00622195720410531,False
double_sawtooth,even,3,spherical_odd,classical_null,random,15.0,9.0,,,,1150.0,,0.63671875,0.11754689798933389,0.19063391326691503,0.11779975979773477,0.19711191941809475,0.11804540100015973,0.1989803581186051,0.11035298508044462,0.0,0.013817274330444718,,,,,,,,,,,,0.006759644763478607,False,0.006482565362857585,False,0.006221950806176924,False
double_sawtooth,even,3,spherical_odd,classical_null,random,16.0,9.0,,,,920.0,,0.63671875,0.11754689798970727,0.19063350596603507,0.11779975962701557,0.19711115484034428,0.11804540070643675,0.19897948795850107,0.11033993943348311,0.0,0.013817274330402043,,,,,,,,,,,,0.006759644760321947,False,0.006482566803580301,False,0.00622195328058286,False
double_sawtooth,even,3,spherical_odd,classical_null,random,17.0,9.0,,,,1430.0,,0.63671875,0.11754689798994195,0.19063294897089395,0.1177997590828798,0.1971103609801744,0.11804539967310419,0.19897862845518283,0.11033482895360236,0.0,0.013817274330406106,,,,,,,,,,,,0.006759644758337961,False,0.006482571395616487,False,0.006221961985670375,False
double_sawtooth,even,3,spherical_odd,classical_null,random,18.0,9.0,,,,800.0,,0.63671875,0.11754689798992389,0.19063319497241454,0.11779975956392047,0.19711070261058045,0.11804540059900515,0.19897899649363096,0.11033705112236136,0.0,0.013817274330424083,,,,,,,,,,,,0.006759644758490603,False,0.006482567336048474,False,0.006221954185617273,False
double_sawtooth,even,3,spherical_odd,classical_null,random,19.0,9.0,,,,700.0,,0.63671875,0.11754689798956797,0.1906332758466983,0.11779975938621276,0.19711091331345804,0.11804540023349358,0.19897924561674235,0.11034164038782675,0.0,0.0138172743303863,,,,,,,,,,,,0.006759644761499667,False,0.006482568835748157,False,0.00622195726479071,False
double_sawtooth,even,3,spherical_sector,classical_null,random,0.0,18.0,,,,1615.0,,0.63671875,8.47508200347515e-05,0.00018396163356215744,9.336447078557236e-05,0.0005019422564080944,9.989539047874772e-05,0.000604700937509639,2.9752060885791236e-07,0.02959280092585695,7.478632481027493e-09,,,,,,,,,,,,0.9998128939381077,True,0.9998229450428082,True,0.9998284524208543,True
double_sawtooth,even,3,spherical_sector,classical_null,random,1.0,18.0,,,,912.0,,0.63671875,0.0011325589008657332,0.00286746386381595,0.001196690137103279,0.005396414360689827,0.0012460112901687508,0.006119076492221515,1.1253517471925913e-07,0.024721236235906587,1.2829368774179086e-06,,,,,,,,,,,,0.9909544723592741,False,0.9905118287415537,False,0.9901732459452082,False
double_sawtooth,even,3,spherical_sector,classical_null,random,2.0,18.0,,,,988.0,,0.63671875,0.00012481687782706606,0.0004842829734318377,0.0001314902351615478,0.0006081367534714333,0.00013697340165028704,0.0006956015954016348,1.1253517471925909e-07,0.029718768410196824,1.5876441799950453e-08,,,,,,,,,,,,0.9994741658471344,True,0.9995011964992765,True,0.9995160967038939,True
double_sawtooth,even,3,spherical_sector,classical_null,random,3.0,18.0,,,,1349.0,,0.63671875,0.00010412697223060776,0.0003107164428046705,0.00011225596393151294,0.0006657841688531008,0.00011855655675832858,0.0007773040381096052,1.280096817228629e-07,0.029547480280865117,1.1137902428819228e-08,,,,,,,,,,,,0.9996490832862653,True,0.9996635171466248,True,0.9996712454459276,True
double_sawtooth,even,3,spherical_sector,classical_null,random,4.0,18.0,,,,1216.0,,0.63671875,0.0001764834568924048,0.0005527708552296659,0.00018477147556528574,0.0009401556747081208,0.00019155930082004682,0.001062942603158451,1.1253517471925913e-07,0.02943159347271173,3.144072761677217e-08,,,,,,,,,,,,0.999037364158667,False,0.9990515488193399,False,0.9990562495564235,False
double_sawtooth,even,3,spherical_sector,classical_null,random,5.0,18.0,,,,1444.0,,0.63671875,9.308125832106903e-05,0.0003559261785394674,0.00010290798710195921,0.0007314132252940753,0.00011038897600060437,0.0008481946009449848,1.1253517471925913e-07,0.02952469030336152,8.959368679018945e-09,,,,,,,,,,,,0.9997424664088429,True,0.9997424060024709,True,0.9997400514703826,True
double_sawtooth,even,3,spherical_sector,classical_null,random,6.0,18.0,,,,1083.0,,0.63671875,0.0001145129865090196,0.0003038929321821926,0.0001197447337564103,0.0004440757198575229,0.000123961023122843,0.0005315899990698814,1.1253517471925912e-07,0.02970934205590773,1.341031862512573e-08,,,,,,,,,,,,0.9995612774230686,True,0.9996003183931456,True,0.9996257166833877,True
double_sawtooth,even,3,spherical_sector,classical_null,random,7.0,18.0,,,,1349.0,,0.63671875,0.00017127430552022076,0.0003505086577366423,0.00017578241903416455,0.0005806136642752258,0.00017941849647754585,0.0006785764364601876,1.1253517471925912e-07,0.029591341131729086,2.9630802268102963e-08,,,,,,,,,,,,0.9990814035774946,False,0.9991274086976649,False,0.99915852714697,True
double_sawtooth,even,3,spherical_sector,classical_null,random,8.0,18.0,,,,1805.0,,0.63671875,8.478632295170602e-05,0.00037319526985102325,9.489656279187469e-05,0.0007353622708980156,0.00010251911433395437,0.000848806225916543,1.125351747192591e-07,0.029545521602742444,7.484176901050163e-09,,,,,,,,,,,,0.9998125937879071,True,0.999810015508682,True,0.999806349424496,True
double_sawtooth,even,3,spherical_sector,classical_null,random,9.0,18.0,,,,1482.0,,0.63671875,0.00017012973591590033,0.0005904668106227334,0.00017507935703280983,0.0006363742668242037,0.00017926454593393963,0.0006759791958635408,1.1253517471925913e-07,0.029739826125562786,2.9241526429421364e-08,,,,,,,,,,,,0.9990910800442702,False,0.9991333419341166,False,0.9991598240701572,True
double_sawtooth,even,3,spherical_sector,classical_null,random,10.0,18.0,,,,4636.0,,0.63671875,6.296959837033886e-05,0.0001748800116262994,7.221416023160373e-05,0.0004972090408500995,7.902733470303795e-05,0.0006043696510783791,1.4169736161396622e-05,0.029654900656533034,4.261861022848726e-09,,,,,,,,,,,,0.999997037625807,True,1.0000014354082438,True,1.0000042508608848,True
double_sawtooth,even,3,spherical_sector,classical_null,random,11.0,18.0,,,,1349.0,,0.63671875,0.00010023114269455714,0.00039348192852808883,0.0001084933519671299,0.0007571440649630501,0.00011490134501041812,0.0008700678679270935,1.1253517471925914e-07,0.029590670000776895,1.034218979121619e-08,,,,,,,,,,,,0.9996820195663543,True,0.9996952703439503,True,0.9997020379898124,True
double_sawtooth,even,3,spherical_sector,classical_null,random,12.0,18.0,,,,1482.0,,0.63671875,0.00015886766818902078,0.00043385771798223893,0.0001638560646108747,0.000717120928993481,0.00016806554341788628,0.0008079819974247116,1.1253517471925912e-07,0.029716242901452646,2.553609955018308e-08,,,,,,,,,,,,0.9991862922740661,True,0.999228056834906,True,0.9992541676541201,True
double_sawtooth,even,3,spherical_sector,classical_null,random,13.0,18.0,,,,969.0,,0.63671875,0.0001832782725549768,0.0004622575670478815,0.00018914854021225808,0.0007250218559186616,0.00019396758847497702,0.0008280663221700013,1.1253517471925913e-07,0.029481641118121297,3.388574272726932e-08,,,,,,,,,,,,0.9989799191524766,False,0.9990146101717308,False,0.9990359614559203,False
double_sawtooth,even,3,spherical_sector,classical_null,random,14.0,18.0,,,,1121.0,,0.63671875,0.00015152606287143074,0.00036647168876156877,0.00015729183481187742,0.000652143188620613,0.00016183650839890875,0.0007610151768849271,1.1253517471925913e-07,0.029536495522962735,2.325551380989816e-08,,,,,,,,,,,,0.999248359971537,True,0.9992834532685725,True,0.9993066428176429,True
double_sawtooth,even,3,spherical_sector,classical_null,random,15.0,18.0,,,,1349.0,,0.63671875,0.00020269454959544718,0.0005195205083932397,0.00020606263340300316,0.0005741830895496514,0.00020876347448752698,0.0006586637315857125,1.1253517471925909e-07,0.029569980934183563,4.1380781370394774e-08,,,,,,,,,,,,0.9988157692755455,False,0.9988718698243999,False,0.9989113167018602,False
double_sawtooth,even,3,spherical_sector,classical_null,random,16.0,18.0,,,,1444.0,,0.63671875,0.00010107518270369816,0.00038017363982452423,0.00011095436444788486,0.0006284672276288261,0.00011857641182827717,0.000737253703591817,1.125351747192591e-07,0.029509457841985155,1.0511288262357563e-08,,,,,,,,,,,,0.9996748838490725,True,0.9996745015228065,True,0.9996710781811684,True
double_sawtooth,even,3,spherical_sector,classical_null,random,17.0,18.0,,,,1330.0,,0.63671875,0.00019984012319024057,0.0004386728869683054,0.0002033438827251851,0.000669460401737626,0.00020616537312915652,0.0007654771992418596,1.1253517471925913e-07,0.02959818923720667,4.0232057854414344e-08,,,,,,,,,,,,0.9988399012830435,False,0.9988948137334633,False,0.9989332038470141,False
double_sawtooth,even,3,spherical_sector,classical_null,random,18.0,18.0,,,,1102.0,,0.63671875,0.00015225354077060346,0.00040979186978620796,0.00015831044568725302,0.0006984063565565191,0.000163194581310864,0.0008007317544136694,1.1253517471925912e-07,0.029510462864202214,2.347624643117958e-08,,,,,,,,,,,,0.9992422096983734,True,0.9992748570719862,True,0.9992952020249819,True
double_sawtooth,even,3,spherical_sector,classical_null,random,19.0,18.0,,,,665.0,,0.63671875,0.0020921567211678706,0.0075192897488408905,0.0022534677029054126,0.012360844155457101,0.002377295450558209,0.013721423624701523,1.6827987279990047e-07,0.021982320072015928,4.377339570811414e-06,,,,,,,,,,,,0.9828418015430455,False,0.9815935382312095,False,0.9806429862619228,False
double_sawtooth,even,3,generic,variational,random,0.0,30.0,26.0,3.0,0.634860208622736,18600.0,12.754201800038572,0.63671875,8.408837746744087e-05,0.00023332504398382303,9.383932926009561e-05,0.0005767849862009511,0.00010112783136874668,0.0006861373746520905,1.5816329346205872e-06,0.029555108678722172,7.366422128223386e-09,16.0,True,CONVERGENCE: RELATIVE REDUCTION OF F <= FACTR*EPSMCH,7.366422128223386e-09,0.18324521627295529,0.2874086827672984,0.18324521627295529,-5.065691803270576,-6.643556356297183,-0.18295878957896491,-2.88091756664744,0.9998184943869307,True,0.9998189376471518,True,0.9998180699880959,True
double_sawtooth,even,3,generic,variational,random,1.0,30.0,26.0,3.0,0.10547173433013768,10385.0,6.8500018999911845,0.63671875,0.0006149509209057115,0.0023284245012813176,0.0006635779390906035,0.0038217471891763832,0.0007007673417579556,0.00425185905893441,2.660556389052692e-07,0.026767594911195465,3.784323137324509e-07,16.0,True,CONVERGENCE: RELATIVE REDUCTION OF F <= FACTR*EPSMCH,3.784323137324509e-07,0.8945282656698623,1.1777866013866687,0.8945282656698623,-8.0,-7.997883198938655,-0.8530501680528179,-5.734417731478847,0.9953304547390034,False,0.9950108355433079,False,0.9947665361202478,False
double_sawtooth,even,3,generic,variational,random,2.0,30.0,26.0,3.0,0.7504369502321941,28768.0,28.954867299995385,0.63671875,9.06123043048498e-05,0.00026921089494605366,9.959170310915295e-05,0.0005997766417992212,0.00010640992906023889,0.0007357703338054522,0.00012096956042784415,0.02961573273249645,8.507956714363944e-09,16.0,True,CONVERGENCE: RELATIVE REDUCTION OF F <= FACTR*EPSMCH,8.507956714363944e-09,0.22682862149499197,0.26327635337343264,0.22682862149499197,-3.6488959423446343,-4.678457591424892,-0.397362827357531,-1.7306923151978562,0.999763339540034,True,0.999770392576959,True,0.9997735720940786,True
double_sawtooth,even,3,generic,variational,random,3.0,30.0,26.0,3.0,0.32899230570436044,15965.0,15.239433499984443,0.63671875,7.050204224655587e-05,0.00021499860485554856,8.110039054138738e-05,0.0005583785013645315,8.886431762650391e-05,0.0006673461074937215,5.951245459212614e-07,0.029563152620504695,5.266175438385656e-09,16.0,True,CONVERGENCE: RELATIVE REDUCTION OF F <= FACTR*EPSMCH,5.266175438385656e-09,0.6710076942956396,0.9523074774316298,0.6710076942956396,-2.9968130606758923,-7.863047303451635,-1.2326952572414804,-4.200934882592482,0.9999333565332529,True,0.9999264432944737,True,0.9999213813175437,True
double_sawtooth,even,3,generic,variational,random,4.0,30.0,26.0,3.0,0.5684123175261764,5053.0,8.381179000018165,0.63671875,0.0006028237898633796,0.002238842835170063,0.0006561077733648373,0.003821579070828557,0.0006965724568101576,0.004275532422218176,6.753263757561952e-08,0.02665390842471008,3.636630613848216e-07,16.0,True,CONVERGENCE: RELATIVE REDUCTION OF F <= FACTR*EPSMCH,3.636630613848216e-07,0.28913922676434056,0.3239939819693631,0.28913922676434056,-8.0,-8.0,-0.6645258954135475,-2.9577190982382784,0.99543298042217,False,0.9950738772942486,False,0.9948018750247369,False
double_sawtooth,even,3,generic,variational,random,5.0,30.0,26.0,3.0,0.24370693644873143,25854.0,43.24420289997943,0.63671875,0.000845344990985049,0.0033215538792170096,0.0009108048184514198,0.005147569761903087,0.000961331583837523,0.005666829430549691,7.278025217766033e-07,0.026205053478761266,7.148702115963252e-07,16.0,True,CONVERGENCE: RELATIVE REDUCTION OF F <= FACTR*EPSMCH,7.148702115963252e-07,0.08271723113965428,0.13773108693496322,0.08271723113965428,-7.287503956599495,-3.4170115478569563,1.630618611274029,-3.6838505648886075,0.9933826478463447,False,0.9929244540724523,False,0.9925714687992823,False
double_sawtooth,even,3,generic,variational,random,6.0,30.0,26.0,3.0,0.5270886148885512,14601.0,16.297286299988627,0.63671875,0.0001434306470471115,0.000524636753448382,0.00015106013202504775,0.0009286523270059244,0.00015717678225435472,0.0010508773348816003,8.002373736317633e-07,0.02965194694578664,2.0868877984184678e-08,16.0,True,CONVERGENCE: RELATIVE REDUCTION OF F <= FACTR*EPSMCH,2.0868877984184678e-08,0.40126306513248255,0.468438015856962,0.40126306513248255,-6.885058543916152,-6.545194519329379,-0.9670612249641893,-2.380398118802283,0.9993168005643706,True,0.9993360434612729,True,0.9993458976766478,True
double_sawtooth,even,3,generic,variational,random,7.0,30.0,26.0,3.0,0.5286564590400735,6975.0,7.391403199988417,0.63671875,7.227417219175886e-05,0.00020764060015387303,8.206195867240857e-05,0.0005048157222574956,8.931649515530521e-05,0.0006134956468916153,3.322719412037176e-05,0.02967173098168349,5.520605547762048e-09,16.0,True,CONVERGENCE: RELATIVE REDUCTION OF F <= FACTR*EPSMCH,5.520605547762048e-09,0.47134354095992653,0.5485196321372148,0.47134354095992653,-3.7900419896021402,-2.7521940851857316,-1.1287528474191002,-2.4816753747561267,0.9999183745203878,True,0.999918328489414,True,0.9999175720453701,True
double_sawtooth,even,3,generic,variational,random,8.0,30.0,26.0,3.0,0.6049875668624043,6665.0,6.731773099978454,0.63671875,8.561465696452527e-05,0.0002609480569847056,9.711532187709692e-05,0.0006804828761899362,0.0001056108711989423,0.0008129872261642968,3.9607276693312836e-05,0.02955622180393081,7.625827777959577e-09,16.0,True,CONVERGENCE: RELATIVE REDUCTION OF F <= FACTR*EPSMCH,7.625827777959577e-09,0.39501243313759565,0.4444272093935626,0.39501243313759565,-2.341680175567796,-2.040394743765642,-0.9502443969483828,-0.8252383525255494,0.9998055908528966,True,0.9997912910970983,True,0.9997803035848807,True
double_sawtooth,even,3,generic,variational,random,9.0,30.0,26.0,3.0,0.5161666952702293,24087.0,21.14061210001819,0.63671875,0.0001245093922861284,0.0004932981496769406,0.0001391200417517805,0.0011021320904037735,0.00015001552849262055,0.0012898696504163587,0.00037303827624529136,0.029746215601832424,1.580378130624179e-08,16.0,True,CONVERGENCE: RELATIVE REDUCTION OF F <= FACTR*EPSMCH,1.580378130624179e-08,0.3522916232944531,0.4729668816812255,0.3522916232944531,-2.0125327370840176,-4.653775444421279,-0.8354916518321689,-3.084704279387415,0.9994767654038671,True,0.9994368075172321,True,0.9994062261161302,True
double_sawtooth,even,3,generic,variational,random,10.0,30.0,26.0,3.0,0.5097508510565675,26908.0,37.239162700017914,0.63671875,0.0001197460756907054,0.0006046573517333731,0.00013775334335515717,0.0012582078769688698,0.00015090767322466776,0.0014576608583805606,0.00033424516524260134,0.02963070813227076,1.463877217629928e-08,16.0,True,CONVERGENCE: RELATIVE REDUCTION OF F <= FACTR*EPSMCH,1.463877217629928e-08,0.4902491489434325,0.661407521589079,0.4902491489434325,-2.1386509028792733,-4.64526378992074,-1.1671454978174474,-3.4677492429064474,0.9995170356282408,True,0.99944834127205,True,0.9993987104350402,True
double_sawtooth,even,3,generic,variational,random,11.0,30.0,26.0,3.0,0.7576975034930953,9734.0,11.23697639995953,0.63671875,0.00018229280143027883,0.00038704162723290914,0.00018721854465940637,0.0007438428428793442,0.00019123680286795857,0.0008580860413906766,3.288050566148728e-07,0.029657710612688834,3.352724584747652e-08,16.0,True,CONVERGENCE: RELATIVE REDUCTION OF F <= FACTR*EPSMCH,3.352724584747652e-08,0.24230249650690466,0.2737378284126415,0.24230249650690466,-5.850126463080708,-4.997513393051402,-0.462111106052546,-0.6955992556351261,0.9989882505624323,False,0.9990308976683441,False,0.9990589663709413,False
double_sawtooth,even,3,generic,variational,random,12.0,30.0,26.0,3.0,0.610442814256037,23684.0,20.79022200003965,0.63671875,0.00017845179887884796,0.0007030283162370865,0.00019954613375129968,0.00144006102292063,0.00021517719082780125,0.0016608598981741052,3.330525896024076e-05,0.028829568758546715,3.213367326327187e-08,16.0,True,CONVERGENCE: RELATIVE REDUCTION OF F <= FACTR*EPSMCH,3.213367326327187e-08,0.38955718574396303,0.4785709302912892,0.38955718574396303,-4.098285155863584,-5.065476209924479,-0.3414838788323336,-3.8205096768146136,0.999020723322004,False,0.9989268634568209,False,0.9988572857303344,False
double_sawtooth,even,3,generic,variational,random,13.0,30.0,26.0,3.0,0.7331902100991343,15097.0,13.832920300017577,0.63671875,8.28382886909068e-05,0.0003504814114362875,9.543431024389069e-05,0.0008567745107692093,0.0001046079590069662,0.0010150268065738377,0.00021724672716303924,0.029680220390261913,7.1611567444122675e-09,16.0,True,CONVERGENCE: RELATIVE REDUCTION OF F <= FACTR*EPSMCH,7.1611567444122675e-09,0.2668097899008656,0.3023106998612433,0.2668097899008656,-1.6616588312854739,-2.834215536283837,-0.5593543359087854,-0.9889550156518786,0.9998290629381722,True,0.9998054773843373,True,0.9997887524025727,True
double_sawtooth,even,3,generic,variational,random,14.0,30.0,26.0,3.0,0.691255131675184,11377.0,13.704855599964503,0.63671875,9.920819204756439e-05,0.00022520243807225282,0.00010632023743979817,0.0005121778438516023,0.00011184444754294789,0.0006100191722436255,1.3774647101897073e-08,0.029587198572880027,1.013813749282169e-08,16.0,True,CONVERGENCE: RELATIVE REDUCTION OF F <= FACTR*EPSMCH,1.013813749282169e-08,0.308744868324816,0.3493864683472998,0.308744868324816,-7.61597572956547,-8.0,-0.7048541853773004,-1.2129069894385969,0.9996906678372077,True,0.9997136095548629,True,0.9997277901639435,True
double_sawtooth,even,3,generic,variational,random,15.0,30.0,26.0,3.0,0.5752397276872507,12648.0,14.749833099951502,0.63671875,0.00010643438090714264,0.0003500197477140088,0.00011413058096874892,0.0006804927095301339,0.0001201247580994893,0.0007852406455182981,2.2509567393007646e-08,0.029554850136719466,1.1623826165549598e-08,16.0,True,CONVERGENCE: RELATIVE REDUCTION OF F <= FACTR*EPSMCH,1.1623826165549598e-08,0.3553890021378947,0.4604006131790854,0.3553890021378947,-7.790557341055511,-8.0,-0.8456767173712759,-3.016271192324916,0.9996295758982376,True,0.9996476969968839,True,0.9996580344715852,True
double_sawtooth,even,3,generic,variational,random,16.0,30.0,26.0,3.0,0.4546768946960231,43710.0,37.687414399988484,0.63671875,9.28954030916368e-05,0.00043473743724364855,0.0001087435485255027,0.0009001536763746376,0.00012015362280341866,0.0010425180283559765,1.1295704641585008e-06,0.029340826128089158,8.922975472543216e-09,16.0,True,CONVERGENCE: RELATIVE REDUCTION OF F <= FACTR*EPSMCH,8.922975472543216e-09,0.5453231053039769,0.681179121324319,0.5453231053039769,-3.550395061635437,-7.741033714185854,-0.6213128760662986,-4.04438424468886,0.9997440376736623,True,0.9996931589009519,True,0.9996577913071055,True
double_sawtooth,even,3,generic,variational,random,17.0,30.0,26.0,3.0,0.6503921266078183,25203.0,21.78276289999485,0.63671875,0.00010500537378260978,0.0004591470891180116,0.00011934933534113471,0.0010244947198656262,0.0001299139705219449,0.0011985731276095701,0.00016854905677544656,0.02958274818122888,1.1323641495605637e-08,16.0,True,CONVERGENCE: RELATIVE REDUCTION OF F <= FACTR*EPSMCH,1.1323641495605637e-08,0.34960787339218163,0.41042584961499223,0.34960787339218163,-2.385672088685199,-2.6058508883687295,-0.8287090861489685,-2.3443429441205135,0.9996416570682342,True,0.999603655214487,True,0.9995755673605378,True
double_sawtooth,even,3,generic,variational,random,18.0,30.0,26.0,3.0,0.5513400612169073,17453.0,22.943705400044564,0.63671875,7.906678032389092e-05,0.00020709689041131796,8.666532826243256e-05,0.000536223624749893,9.247521604458543e-05,0.0006407697503898468,8.490108824754308e-07,0.02966788164250369,6.548243057320284e-09,16.0,True,CONVERGENCE: RELATIVE REDUCTION OF F <= FACTR*EPSMCH,6.548243057320284e-09,0.40958476111628395,0.4626039426476469,0.40958476111628395,-2.827123038213272,-7.323072019908245,-0.9864490992185608,-1.2431321998140796,0.999860948177191,True,0.9998794800234181,True,0.9998909620817591,True
double_sawtooth,even,3,generic,variational,random,19.0,30.0,26.0,3.0,0.593722304742872,43338.0,58.253793599957135,0.63671875,0.00031409384005318006,0.0011452467753943485,0.0003474497640860638,0.002060073720738159,0.0003724028437150981,0.0023287025940284256,6.778919394920094e-07,0.027974677816702355,9.893469391643906e-08,16.0,True,CONVERGENCE: RELATIVE REDUCTION OF F <= FACTR*EPSMCH,9.893469391643906e-08,0.09593546469599432,0.13009909974474312,0.09593546469599432,-1.9118887496814079,-8.0,0.6915867403255583,-2.7568556542589975,0.9978739728755073,False,0.9976786844780604,False,0.9975327720905657,False
double_sawtooth,even,3,equivariant,variational,random,0.0,30.0,18.0,2.0,0.6205242423008626,7378.0,8.412004199984949,0.63671875,0.11754689799009625,0.19063311724571108,0.11779975899613071,0.1971104983407298,0.11804539948783527,0.1989787563231932,0.11033395778625929,0.0,0.013817274330433673,8.0,True,CONVERGENCE: RELATIVE REDUCTION OF F <= FACTR*EPSMCH,0.013817274330433673,0.0,0.0,0.0,-0.695364866435521,-1.3535661293055927,-1.1144314564168347,-0.9449512191324877,0.006759644757033412,False,0.0064825721277039635,False,0.006221963546428521,False
double_sawtooth,even,3,equivariant,variational,random,1.0,30.0,18.0,2.0,0.40461054084717274,20429.0,24.747953600017354,0.63671875,0.1175468979901087,0.19063513641051472,0.11779975957894515,0.1971134549715188,0.11804540045011971,0.19898198709309595,0.11036802828320459,0.0,0.013817274330777304,8.0,True,CONVERGENCE: RELATIVE REDUCTION OF F <= FACTR*EPSMCH,0.013817274330777304,0.0,0.0,0.0,-1.1456338879981662,1.2888060203465,-0.9465892506253473,-0.9456695172443591,0.006759644756928171,False,0.006482567209253177,False,0.006221955439870517,False
double_sawtooth,even,3,equivariant,variational,random,2.0,30.0,18.0,2.0,0.5004197385848347,3193.0,3.9326454999973066,0.63671875,0.11754689799183292,0.19063535028426862,0.11779975997446131,0.197113472292605,0.11804540128864843,0.19898193140364234,0.11034648652568393,0.0,0.013817274330967239,8.0,True,CONVERGENCE: RELATIVE REDUCTION OF F <= FACTR*EPSMCH,0.013817274330967239,0.0,0.0,0.0,-0.905348600404776,-1.711630310160397,-1.4323528667886203,-1.37620785346608,0.006759644742351217,False,0.006482563871438159,False,0.00622194837586598,False
double_sawtooth,even,3,equivariant,variational,random,3.0,30.0,18.0,2.0,0.3147113611147849,5363.0,6.427022699965164,0.63671875,0.1175468979895957,0.19063342415767587,0.1177997593657951,0.1971110793667852,0.11804540019027575,0.19897941637811312,0.11034166442978817,0.0,0.01381727433039306,8.0,True,CONVERGENCE: RELATIVE REDUCTION OF F <= FACTR*EPSMCH,0.01381727433039306,0.0,0.0,0.0,-1.2863786129795862,-1.6952328810365491,-1.060889669769776,-0.7494215996810771,0.006759644761265249,False,0.006482569008055531,False,0.006221957628870026,False
double_sawtooth,even,3,equivariant,variational,random,4.0,30.0,18.0,2.0,0.28162272737838245,4278.0,5.076212799991481,0.63671875,0.11754689799741398,0.19063191799240753,0.11779975809522343,0.19710830221658734,0.11804539780481928,0.1989762738213101,0.11030517729374333,0.0,0.01381727433186622,8.0,True,CONVERGENCE: RELATIVE REDUCTION OF F <= FACTR*EPSMCH,0.01381727433186622,0.0,0.0,0.0,-0.9606762701259773,-2.0749990509189375,-0.8060320381354851,-1.529515010546267,0.0067596446951675646,False,0.006482579730583794,False,0.00622197772463414,False
double_sawtooth,even,3,equivariant,variational,random,5.0,30.0,18.0,2.0,0.47660799474718163,9548.0,11.612962799961679,0.63671875,0.11754689799546608,0.19063087908334048,0.11779975896720124,0.19710727019762822,0.11804539961340359,0.19897525655989418,0.11031672355491906,0.0,0.013817274331523745,8.0,True,CONVERGENCE: RELATIVE REDUCTION OF F <= FACTR*EPSMCH,0.013817274331523745,0.0,0.0,0.0,-1.016989437786348,-1.7430449515279631,-1.2451868390110032,-1.0432888062155081,0.006759644711635582,False,0.00648257237184372,False,0.006221962488605265,False
double_sawtooth,even,3,equivariant,variational,random,6.0,30.0,18.0,2.0,0.3150031953656188,3627.0,4.268720599997323,0.63671875,0.117546897991319,0.1906325779176014,0.11779975814123686,0.19710981131700114,0.11804539782213891,0.19897802638292014,0.11032858511035763,0.0,0.013817274330667404,8.0,True,CONVERGENCE: RELATIVE REDUCTION OF F <= FACTR*EPSMCH,0.013817274330667404,0.0,0.0,0.0,-1.2860146854206018,-1.5017122566018077,-0.9112303992105164,-1.2155470182067178,0.00675964474669604,False,0.0064825793422701675,False,0.006221977578728634,False
double_sawtooth,even,3,equivariant,variational,random,7.0,30.0,18.0,2.0,0.46162127782164775,4123.0,4.973636000009719,0.63671875,0.11754689798879608,0.19063470136212313,0.1177997602102287,0.19711322282473254,0.11804540171535091,0.19898181069049622,0.11037044529383717,0.0,0.013817274330492884,8.0,True,CONVERGENCE: RELATIVE REDUCTION OF F <= FACTR*EPSMCH,0.013817274330492884,0.0,0.0,0.0,-1.0449694190650893,-1.4393591742921512,-1.012125236350268,-0.9716727534991731,0.006759644768025348,False,0.0064825618817648725,False,0.006221944781202877,False
double_sawtooth,even,3,equivariant,variational,random,8.0,30.0,18.0,2.0,0.03535455130090859,17081.0,20.3583775999723,0.63671875,0.11756546122791889,0.19161139649853492,0.1178166658191812,0.1950936954954761,0.11806102264645958,0.19596822842224998,0.0008502787283531644,0.0,0.013821637682236085,8.0,True,CONVERGENCE: RELATIVE REDUCTION OF F <= FACTR*EPSMCH,0.013821637682236085,0.0,0.0,0.0,-3.902759946385914,-0.42813134082816734,-1.45409891536366,-0.6118833580007834,0.00660270667885917,False,0.006339893134081717,False,0.006090349612479671,False
double_sawtooth,even,3,equivariant,variational,random,9.0,30.0,18.0,2.0,0.3215293017429247,18910.0,21.701732499990612,0.63671875,0.11754689798914442,0.19063408007690527,0.11779975976279326,0.19711214394179027,0.11804540090915518,0.1989805972805842,0.11035342618156349,0.0,0.013817274330404587,8.0,True,CONVERGENCE: RELATIVE REDUCTION OF F <= FACTR*EPSMCH,0.013817274330404587,0.0,0.0,0.0,-1.2469640196087812,-2.017665687748333,-0.8080981810616488,-1.2928101012075168,0.006759644765080461,False,0.006482565657733753,False,0.00622195157282516,False
double_sawtooth,even,3,equivariant,variational,random,10.0,30.0,18.0,2.0,0.8506382020819299,15159.0,14.333402200019918,0.63671875,0.11754689803339512,0.1906253975905638,0.11779975342037269,0.1970956214312967,0.11804538956950973,0.19896177887008154,0.11007848702025459,0.0,0.013817274338058258,8.0,True,CONVERGENCE: RELATIVE REDUCTION OF F <= FACTR*EPSMCH,0.013817274338058258,0.0,0.0,0.0,0.9615896316852472,-0.5052897344271021,-0.7540711638763298,-0.8424895123175319,0.006759644390974396,False,0.00648261918228902,False,0.0062220471012251755,False
double_sawtooth,even,3,equivariant,variational,random,11.0,30.0,18.0,2.0,0.4710431578641645,11563.0,15.085206800024025,0.63671875,0.11754689799034838,0.1906332640812969,0.11779975926246077,0.19711062679306687,0.11804540003313124,0.19897887558923993,0.11032978706900633,0.0,0.01381727433045124,8.0,True,CONVERGENCE: RELATIVE REDUCTION OF F <= FACTR*EPSMCH,0.01381727433045124,0.0,0.0,0.0,0.3042164136521759,-1.76882551459995,-1.3731159710157583,-0.9908405432637988,0.006759644754901831,False,0.006482569880108177,False,0.006221958952700058,False
double_sawtooth,even,3,equivariant,variational,random,12.0,30.0,18.0,2.0,0.29831281066203863,2201.0,2.834952200006228,0.63671875,0.11754689799275846,0.19062995103772493,0.1177997582904726,0.1971063792905658,0.11804539830948367,0.19897438016992686,0.11031824475487575,0.0,0.01381727433090241,8.0,True,CONVERGENCE: RELATIVE REDUCTION OF F <= FACTR*EPSMCH,0.01381727433090241,0.0,0.0,0.0,-1.3101388084524737,-1.6522631568944777,-0.8084180535136498,-1.3990215834488584,0.006759644734526501,False,0.006482578082849376,False,0.006221973473197682,False
double_sawtooth,even,3,equivariant,variational,random,13.0,30.0,18.0,2.0,0.34519082503050125,6262.0,8.684786700003315,0.63671875,0.11754689801356237,0.19062666087674165,0.11779975251834232,0.1971015676142218,0.1180453873052373,0.19896913335847585,0.11026994273453218,0.0,0.01381727433531026,8.0,True,CONVERGENCE: RELATIVE REDUCTION OF F <= FACTR*EPSMCH,0.01381727433531026,0.0,0.0,0.0,-0.9818082173304267,-1.982479987698869,-1.2375308804024934,-0.6853454642527468,0.006759644558645206,False,0.006482626794646741,False,0.006222066176100495,False
double_sawtooth,even,3,equivariant,variational,random,14.0,30.0,18.0,2.0,0.3295435377600102,1612.0,1.997226800012868,0.63671875,0.11754689799117558,0.19063341017680002,0.11779975925283125,0.19711103148566392,0.11804540001920076,0.19897935507058695,0.1103372811690061,0.0,0.013817274330720651,8.0,True,CONVERGENCE: RELATIVE REDUCTION OF F <= FACTR*EPSMCH,0.013817274330720651,0.0,0.0,0.0,-1.2645159035792142,-1.4998517570215368,-0.8521861800273112,-1.16838169294333,0.006759644747908488,False,0.0064825699613730095,False,0.0062219590700544015,False
double_sawtooth,even,3,equivariant,variational,random,15.0,30.0,18.0,2.0,0.2588835275898558,2945.0,3.995275599998422,0.63671875,0.11754689799126337,0.19063140185029148,0.1177997583368227,0.19710817168869602,0.11804539831583935,0.19897625830866622,0.11031826932668158,0.0,0.01381727433055117,8.0,True,CONVERGENCE: RELATIVE REDUCTION OF F <= FACTR*EPSMCH,0.01381727433055117,0.0,0.0,0.0,-1.364805839066954,-1.7590473256131094,-0.980556512240459,-1.2032445875050775,0.006759644747166282,False,0.006482577691694503,False,0.006221973419655627,False
double_sawtooth,even,3,equivariant,variational,random,16.0,30.0,18.0,2.0,0.813496091951319,22537.0,14.83910730003845,0.63671875,0.11755283653600043,0.18767157376490806,0.11780383967454305,0.19057988864203979,0.11804801005961187,0.19149985014289503,0.024602490860373936,0.0,0.013818669623684545,8.0,True,CONVERGENCE: RELATIVE REDUCTION OF F <= FACTR*EPSMCH,0.013818669623684545,0.0,0.0,0.0,2.6886450760200753,-1.3530129850380486,-0.7747541191392427,-1.3212753299254159,0.006709438861367136,False,0.006448134724092971,False,0.006199971346922895,False
double_sawtooth,even,3,equivariant,variational,random,17.0,30.0,18.0,2.0,0.2822831609105023,13361.0,12.747311699960846,0.63671875,0.11754689798960619,0.1906330769338537,0.11779975940768055,0.19711065657707205,0.11804540028504382,0.198978974071176,0.11034149606206545,0.0,0.013817274330393843,8.0,True,CONVERGENCE: NORM OF PROJECTED GRADIENT <= PGTOL,0.013817274330393843,0.0,0.0,0.0,-1.3326153493669992,-1.4694499953359164,-0.4934706162695559,-1.5437443434672016,0.006759644761176551,False,0.006482568654578573,False,0.0062219568305168504,False
double_sawtooth,even,3,equivariant,variational,random,18.0,30.0,18.0,2.0,0.5784243975364349,5828.0,3.8757741999579594,0.63671875,0.11754689799536296,0.1906327658592356,0.11779975904794288,0.1971092270058205,0.11804539972656991,0.19897720253860862,0.11028880351230372,0.0,0.013817274331220297,8.0,True,CONVERGENCE: RELATIVE REDUCTION OF F <= FACTR*EPSMCH,0.013817274331220297,0.0,0.0,0.0,-0.5989463201692004,-1.5420832322016595,-1.1646507722555672,-0.8258693017932005,0.006759644712507432,False,0.006482571690454007,False,0.0062219615352599525,False
double_sawtooth,even,3,equivariant,variational,random,19.0,30.0,18.0,2.0,0.5015136844248083,7099.0,8.308554599992931,0.63671875,0.11754689802040229,0.1906256732629727,0.11779975261116343,0.19709858499325655,0.11804538767239138,0.1989655699353135,0.11020686514460888,0.0,0.013817274336287507,8.0,True,CONVERGENCE: RELATIVE REDUCTION OF F <= FACTR*EPSMCH,0.013817274336287507,0.0,0.0,0.0,-0.9687396494411052,-0.49668362216470857,-1.4524780001321766,-1.0733890432868287,0.006759644500818898,False,0.006482626011316674,False,0.006222063083090008,False
double_sawtooth,even,3,sector_mixed,variational,random,0.0,30.0,20.0,3.0,0.24837763108562294,32147.0,35.24447579996195,0.63671875,0.000189110011490301,0.0004272857085019788,0.0001978601134844208,0.0008559861734738494,0.00020467883973124173,0.0009883042677036602,1.6771185877239275e-07,0.029288763012398137,3.6055485753104345e-08,16.0,True,CONVERGENCE: RELATIVE REDUCTION OF F <= FACTR*EPSMCH,3.6055485753104345e-08,0.15712270082793012,0.21597993448190067,0.15712270082793012,-7.998712368126856,-8.0,0.28018792254479374,-2.8129323885621855,0.9989306162286189,False,0.998941092012605,False,0.9989457268273634,False
double_sawtooth,even,3,sector_mixed,variational,random,1.0,30.0,20.0,3.0,0.10896305338992052,11904.0,15.957503799989354,0.63671875,0.0022800023013497084,0.008186590590624043,0.002368799866309629,0.010835921691768419,0.0024422646481601414,0.011546236215772887,1.3155514072169901e-06,0.025813238706272244,5.198668639702543e-06,16.0,True,CONVERGENCE: RELATIVE REDUCTION OF F <= FACTR*EPSMCH,5.198668639702543e-06,0.0042731295120293075,0.005922133268632766,0.0042731295120293075,-8.0,-6.199882497605472,4.363521780079376,-6.415235212952761,0.9812537098195577,False,0.9806202343196674,False,0.9800956672538073,False
double_sawtooth,even,3,sector_mixed,variational,random,2.0,30.0,20.0,3.0,0.7092802965858814,13175.0,15.926649599976372,0.63671875,0.0017316659938786617,0.006644664283828816,0.0018180173289161063,0.009263636771047218,0.0018884127694013704,0.009980118096059448,0.0002300240397992502,0.026114112883212474,2.9989305557250036e-06,16.0,True,CONVERGENCE: RELATIVE REDUCTION OF F <= FACTR*EPSMCH,2.9989305557250036e-06,0.04939212053395809,0.055257160014404685,0.04939212053395809,-2.515465568208057,-4.721356713749235,1.091795522716429,-2.9445940894037497,0.985889476872153,False,0.985268363533852,False,0.9847614730835552,False
double_sawtooth,even,3,sector_mixed,variational,random,3.0,30.0,20.0,3.0,0.5871901829154611,7409.0,5.06121360004181,0.63671875,0.0004714562297409546,0.0017643711875854617,0.0005154307983904732,0.003148022722697985,0.0005486591143411465,0.003547978924354045,6.172646625469615e-06,0.02717015734705309,2.2254273986149256e-07,16.0,True,CONVERGENCE: RELATIVE REDUCTION OF F <= FACTR*EPSMCH,2.2254273986149256e-07,0.302638341935481,0.3340165670070244,0.302638341935481,-3.289557554743207,-6.912619636744614,-0.7054460715294618,-1.3360148454112244,0.9965435933775734,False,0.9962610695393691,False,0.9960479391116478,False
double_sawtooth,even,3,sector_mixed,variational,random,4.0,30.0,20.0,3.0,0.40836913185032664,11904.0,9.712083300051745,0.63671875,0.0006101592443421867,0.002461387302265694,0.0006645399495004076,0.00406260257705221,0.0007058726765057842,0.004521409060799647,9.076159748094284e-08,0.026610099579954548,3.725604053596438e-07,16.0,True,CONVERGENCE: RELATIVE REDUCTION OF F <= FACTR*EPSMCH,3.725604053596438e-07,0.3894760201273013,0.42727002531798747,0.3894760201273013,-8.0,-7.9996758085207595,-0.962640000805609,-1.3448873668640233,0.9953709647253699,False,0.9950027170057971,False,0.9947235273275674,False
double_sawtooth,even,3,sector_mixed,variational,random,5.0,30.0,20.0,3.0,0.37276402284950716,14818.0,9.762438600009773,0.63671875,0.0021413898804091254,0.007560100912698514,0.002229580061258407,0.010054388478122123,0.002302315504652397,0.010725328517233262,7.198868166438379e-07,0.025843573714837247,4.585809062854625e-06,16.0,True,CONVERGENCE: RELATIVE REDUCTION OF F <= FACTR*EPSMCH,4.585809062854625e-06,0.01709858117787081,0.030890879440447796,0.01709858117787081,-7.998104862175679,-2.6535808724128698,2.201206281068269,-6.389536738781399,0.9824255725711607,False,0.9817951293083756,False,0.9812746386623904,False
double_sawtooth,even,3,sector_mixed,variational,random,6.0,30.0,20.0,3.0,0.032604225670294196,24614.0,14.7858622999629,0.63671875,0.0001956792679762768,0.0006602261629804346,0.00020163800964137648,0.0007704007537128188,0.0002067086517251104,0.0008660115458215822,1.8995761925713428e-07,0.02971390953409255,3.858751691064867e-08,16.0,True,CONVERGENCE: RELATIVE REDUCTION OF F <= FACTR*EPSMCH,3.858751691064867e-08,0.9305881138140943,1.0572213810384903,0.9305881138140943,-8.0,-7.8926224643185545,-1.8067186724481894,-2.5060643851263973,0.9988750781539687,False,0.9989092098298865,False,0.9989286271135275,False
double_sawtooth,even,3,sector_mixed,variational,random,7.0,30.0,20.0,3.0,0.7663566295768858,31217.0,20.350889199995436,0.63671875,0.0014204087316255691,0.005486305622519033,0.001535095356199452,0.008527027117321506,0.0016239406752093072,0.00937983238252732,3.0584964200114784e-08,0.02411343005639109,2.017802099484572e-06,16.0,True,CONVERGENCE: RELATIVE REDUCTION OF F <= FACTR*EPSMCH,2.017802099484572e-06,0.08761844530570356,0.15402999946636367,0.08761844530570356,-7.556862020857166,-8.0,0.5002693365092422,-2.4461679216574312,0.9885209206441126,False,0.9876559807828343,False,0.9869894612627276,False
double_sawtooth,even,3,sector_mixed,variational,random,8.0,30.0,20.0,3.0,0.8883788341458382,43090.0,28.643161999993026,0.63671875,0.001533070401558124,0.006600496601675165,0.0016449330747528297,0.009524472568065018,0.0017332520728616878,0.010323060016470764,1.685071300897653e-05,0.025177691730517284,2.3505568015580235e-06,16.0,True,CONVERGENCE: RELATIVE REDUCTION OF F <= FACTR*EPSMCH,2.3505568015580235e-06,0.06267315753372998,0.12065636758641894,0.06267315753372998,-3.7900719354786987,-1.9132394990699682,0.8456483881911455,-3.268327775088766,0.9875684517843129,False,0.9867290452433684,False,0.9860685909434512,False
double_sawtooth,even,3,sector_mixed,variational,random,9.0,30.0,20.0,3.0,0.677117019917214,21452.0,13.924016200006008,0.63671875,0.001768029077054876,0.006855435271332477,0.0018583341143706231,0.009410543212128253,0.0019318057675690185,0.01010136746989923,2.6588757678483925e-05,0.02599476748526877,3.126187030873947e-06,16.0,True,CONVERGENCE: RELATIVE REDUCTION OF F <= FACTR*EPSMCH,3.126187030873947e-06,0.030206303918661682,0.04691747818252749,0.030206303918661682,-3.9464921345595947,-5.6234412257098825,1.807605623833152,-5.787741204218782,0.9855820546193816,False,0.9849281246635713,False,0.9843959181191583,False
double_sawtooth,even,3,sector_mixed,variational,random,10.0,30.0,20.0,3.0,0.008790779127862747,39029.0,26.054149899980985,0.63671875,0.0001367488071919651,0.0004991875476314522,0.0001517467348716031,0.0010622246007689629,0.00016299830349546926,0.0012337222500413136,1.4024067882664559e-05,0.029150066662500924,1.899187717572908e-08,16.0,True,CONVERGENCE: RELATIVE REDUCTION OF F <= FACTR*EPSMCH,1.899187717572908e-08,0.9912092208721373,1.11106365618262,0.9912092208721373,-4.8954149877583095,-6.237985417465568,-1.874649617836941,0.7382181922203728,0.999373290445907,True,0.9993302491258811,True,0.9992968555251512,True
double_sawtooth,even,3,sector_mixed,variational,random,11.0,30.0,20.0,3.0,0.8540818857695531,50220.0,53.14204329997301,0.63671875,0.0010548663072959751,0.004339603232212996,0.0011593496729252594,0.006940193938707984,0.0012388986475113165,0.007672579828142095,7.728328694923647e-06,0.024756655983094,1.1129905701113644e-06,16.0,True,CONVERGENCE: RELATIVE REDUCTION OF F <= FACTR*EPSMCH,1.1129905701113644e-06,0.1459181142304469,0.2814450438804654,0.1459181142304469,-4.036208636434516,-4.370290656796527,0.3671907353752334,-3.5101830308802433,0.991611304235249,False,0.9908269500292373,False,0.9902331648709152,False
double_sawtooth,even,3,sector_mixed,variational,random,12.0,30.0,20.0,3.0,0.8301921471019769,28055.0,31.49605580000207,0.63671875,0.0005448995996445583,0.0026866490206638727,0.0005909459201065877,0.004363182354092082,0.000626206897165282,0.004837836867624817,1.0139495901679295e-05,0.027194021260447003,2.971876153003635e-07,16.0,True,CONVERGENCE: RELATIVE REDUCTION OF F <= FACTR*EPSMCH,2.971876153003635e-07,0.14147091900036668,0.15795258939928958,0.14147091900036668,-4.617497558664514,-3.4501013549197697,0.05762733475251753,-1.6984035874702865,0.9959226854606766,False,0.9956237870920671,False,0.9953946545222812,False
double_sawtooth,even,3,sector_mixed,variational,random,13.0,30.0,20.0,3.0,0.4452213253857995,26629.0,21.95058899995638,0.63671875,0.0018062608302326717,0.006286520791486783,0.0018985284615421591,0.008625044777356233,0.0019737162779866857,0.009260405421731788,2.0252921484243252e-05,0.025948577610954083,3.2628378751381453e-06,16.0,True,CONVERGENCE: RELATIVE REDUCTION OF F <= FACTR*EPSMCH,3.2628378751381453e-06,0.04904103689690853,0.054210393812607345,0.04904103689690853,-5.226706171081027,-3.5651868924534607,1.097630020589566,-4.229738890809428,0.9852588341808847,False,0.9845889190667176,False,0.9840428520534211,False
double_sawtooth,even,3,sector_mixed,variational,random,14.0,30.0,20.0,3.0,0.8158095342053127,22878.0,15.320996299968101,0.63671875,0.0008236263729862809,0.0028710470132963795,0.0008666415734353988,0.003776179933400625,0.0009015827310957229,0.004163755060661856,2.459434362996023e-06,0.027300338751973074,6.786334302603996e-07,16.0,True,CONVERGENCE: RELATIVE REDUCTION OF F <= FACTR*EPSMCH,6.786334302603996e-07,0.046722151946106155,0.05470023323465203,0.046722151946106155,-5.431798702789535,-2.4119875788484233,1.164728518526395,-1.2812305654056984,0.9935662622675946,False,0.9932971537414063,False,0.9930748101368042,False
double_sawtooth,even,3,sector_mixed,variational,random,15.0,30.0,20.0,3.0,0.17138409169190916,21111.0,14.057218300004024,0.63671875,0.00041489556297493845,0.002001599040524271,0.00045807565486544557,0.003215144978606199,0.000490642287416508,0.0035640146268327566,2.698353927684719e-07,0.027549643010262637,1.724138273047477e-07,16.0,True,CONVERGENCE: RELATIVE REDUCTION OF F <= FACTR*EPSMCH,1.724138273047477e-07,0.8286159083080908,0.8606892025463693,0.8286159083080908,-8.0,-4.971095930474324,0.1707067124068694,-5.102663522060618,0.9970217708607971,False,0.9967450974453084,False,0.9965366893708237,False
double_sawtooth,even,3,sector_mixed,variational,random,16.0,30.0,20.0,3.0,0.5499207741232546,25761.0,17.09250119997887,0.63671875,0.000532906743981682,0.0018552427142398964,0.0005799046730847076,0.0033558174298375654,0.0006155728748191773,0.003788824402685409,6.778002524312603e-06,0.026920286709752574,2.842588684282807e-07,16.0,True,CONVERGENCE: RELATIVE REDUCTION OF F <= FACTR*EPSMCH,2.842588684282807e-07,0.45007922587674537,0.49596147087145165,0.45007922587674537,-4.804460204302479,-6.812183647695254,-1.1046941307421088,-2.0571039048172732,0.9960240759474838,False,0.9957169656868103,False,0.9954842385525228,False
double_sawtooth,even,3,sector_mixed,variational,random,17.0,30.0,20.0,3.0,0.09470434191896904,11656.0,7.389618600020185,0.63671875,0.0021317526300353015,0.0078054535198433805,0.002219813111011803,0.010259254429687753,0.002292308478997373,0.0109201975266644,1.2726614867943663e-06,0.025840530018094256,4.54462769368922e-06,16.0,True,CONVERGENCE: RELATIVE REDUCTION OF F <= FACTR*EPSMCH,4.54462769368922e-06,0.08409276998033247,0.09227149221436269,0.08409276998033247,-7.114896863622899,-8.0,0.5602359973299501,-6.037652056370359,0.9825070482041834,False,0.9818775539382297,False,0.9813589406940894,False
double_sawtooth,even,3,sector_mixed,variational,random,18.0,30.0,20.0,3.0,0.3992377836202019,22661.0,12.746362400008366,0.63671875,0.00014406863638092183,0.00037750213316720127,0.000151461917902978,0.0005944849414202813,0.00015733280033456573,0.0006962752688169094,1.0994068290182219e-07,0.029556226245644156,2.1051335350521542e-08,16.0,True,CONVERGENCE: RELATIVE REDUCTION OF F <= FACTR*EPSMCH,2.1051335350521542e-08,0.23274233059320898,0.30603861632088064,0.23274233059320898,-7.8715360145166,-8.0,-0.422271159516247,-2.6494573608308936,0.9993114068490662,True,0.99933265273526,True,0.9993445833359439,True
double_sawtooth,even,3,sector_mixed,variational,random,19.0,30.0,20.0,3.0,0.11428588595156652,18321.0,10.71375990001252,0.63671875,0.00017318865448150058,0.0004210420112395197,0.0001777295641291105,0.0006832018258252359,0.00018138714763026593,0.0007907068244616122,4.6097471770032504e-08,0.0295505509799356,3.028981601188667e-08,16.0,True,CONVERGENCE: RELATIVE REDUCTION OF F <= FACTR*EPSMCH,3.028981601188667e-08,0.8857141140484335,1.0053930702051823,0.8857141140484335,-8.0,-8.0,-1.7589476029439557,-2.506757443881328,0.9990652192108551,False,0.9991109764737188,False,0.9991419426694637,False
